fecha,id_producto,precio,oferta
2026-09-01,1082,26.9,0
2026-09-01,1090,28.0,0
2026-09-01,1104,26.9,0
2026-09-01,1112,26.9,0
2026-09-01,1120,26.9,0
2026-09-01,1139,26.9,0
2026-09-01,1155,26.9,0
2026-09-01,1163,28.0,0
2026-09-01,1609,4.5,0
2026-09-01,1617,4.5,0
2026-09-01,1618,4.5,0
2026-09-01,1624,24.5,0
2026-09-01,1625,24.5,0
2026-09-01,1629,21.5,0
2026-09-01,1642,12.0,0
2026-09-01,1659,15.5,0
2026-09-01,1661,15.5,0
2026-09-01,1717,83.0,0
2026-09-01,1731,13.5,0
2026-09-01,1746,9.0,0
2026-09-01,1747,28.0,0
2026-09-01,1800,82.5,0
2026-09-01,1801,18.0,0
2026-09-01,1825,66.0,0
2026-09-01,1826,37.5,0
2026-09-01,1831,15.5,0
2026-09-01,1832,21.5,0
2026-09-01,1833,22.0,0
2026-09-01,1834,22.0,0
2026-09-01,1849,6.5,0
2026-09-01,1863,8.0,0
2026-09-01,1864,37.5,0
2026-09-01,1867,375.0,0
2026-09-01,1870,37.5,0
2026-09-01,1880,37.5,0
2026-09-01,1883,138.0,0
2026-09-01,1891,138.0,0
2026-09-01,1893,599.0,0
2026-09-01,1904,410.0,0
2026-09-01,1905,410.0,0
2026-09-01,1906,410.0,0
2026-09-01,1908,499.0,0
2026-09-01,1971,19.5,0
2026-09-01,2194,10.0,0
2026-09-01,2585,25.0,0
2026-09-01,2640,105.0,0
2026-09-01,2677,19.5,0
2026-09-01,3265,46.0,0
2026-09-01,3270,67.4,0
2026-09-01,3573,8.4,0
2026-09-01,3705,149.0,0
2026-09-01,3744,112.9,0
2026-09-01,3751,14.5,0
2026-09-01,3757,19.2,0
2026-09-01,3794,16.9,0
2026-09-01,3824,16.9,0
2026-09-01,3871,103.0,0
2026-09-01,3873,103.0,0
2026-09-01,3883,15.0,0
2026-09-01,4795,27.0,0
2026-09-01,4797,29.5,0
2026-09-01,4928,11.0,0
2026-09-01,4944,11.0,0
2026-09-01,5026,21.5,0
2026-09-01,5088,9.5,0
2026-09-01,5118,11.0,0
2026-09-01,5126,6.0,0
2026-09-01,5165,28.0,0
2026-09-01,5167,24.5,0
2026-09-01,5171,30.0,0
2026-09-01,5178,42.0,0
2026-09-01,5180,30.0,0
2026-09-01,5205,21.0,0
2026-09-01,5206,20.0,0
2026-09-01,5213,21.0,0
2026-09-01,5312,16.0,0
2026-09-01,5355,16.0,0
2026-09-01,5363,16.0,0
2026-09-01,5491,21.0,0
2026-09-01,5726,36.0,0
2026-09-01,5727,39.0,0
2026-09-01,5731,33.0,0
2026-09-01,5791,13.0,0
2026-09-01,6720,45.5,0
2026-09-01,6737,40.5,0
2026-09-01,6753,6.0,0
2026-09-01,6754,6.0,0
2026-09-01,6756,6.0,0
2026-09-01,6778,18.5,0
2026-09-01,6878,41.5,0
2026-09-01,7795,93.5,0
2026-09-01,7975,39.9,0
2026-09-01,8176,37.5,0
2026-09-01,8184,56.0,0
2026-09-01,8192,32.9,0
2026-09-01,8206,38.5,0
2026-09-01,8210,6.3,0
2026-09-01,8214,20.0,0
2026-09-01,8222,20.0,0
2026-09-01,8257,20.5,0
2026-09-01,8265,22.5,0
2026-09-01,8354,25.0,0
2026-09-01,8362,26.0,0
2026-09-01,8487,49.0,0
2026-09-01,9040,38.0,0
2026-09-01,9091,62.0,0
2026-09-01,9202,34.5,0
2026-09-01,10219,90.6,0
2026-09-01,10359,56.3,0
2026-09-01,10669,8.1,0
2026-09-01,10971,19.5,0
2026-09-01,10972,35.0,0
2026-09-01,10973,35.0,0
2026-09-01,11053,113.6,0
2026-09-01,11078,14.5,0
2026-09-01,11080,14.5,0
2026-09-01,11096,42.6,0
2026-09-01,11201,27.5,0
2026-09-01,11223,21.9,0
2026-09-01,11339,38.0,0
2026-09-01,11347,38.0,0
2026-09-01,11363,38.0,0
2026-09-01,11507,700.0,0
2026-09-01,11571,44.9,0
2026-09-01,11649,30.0,0
2026-09-01,11671,10.0,0
2026-09-01,11672,10.0,0
2026-09-01,11738,24.5,0
2026-09-01,11784,30.0,0
2026-09-01,11785,30.0,0
2026-09-01,12173,11.5,0
2026-09-01,12174,7.0,0
2026-09-01,12175,4.5,0
2026-09-01,12177,8.5,0
2026-09-01,12183,104.0,0
2026-09-01,12184,96.0,0
2026-09-01,12185,9.5,0
2026-09-01,12191,24.0,0
2026-09-01,12192,77.0,0
2026-09-01,12193,52.0,0
2026-09-01,12194,68.0,0
2026-09-01,12197,135.0,0
2026-09-01,12204,23.0,0
2026-09-01,12331,85.0,0
2026-09-01,12332,85.0,0
2026-09-01,12336,524.0,0
2026-09-01,12338,85.0,0
2026-09-01,12429,11.5,0
2026-09-01,12430,11.5,0
2026-09-01,12561,39.5,0
2026-09-01,12562,39.9,0
2026-09-01,12795,15.0,0
2026-09-01,13200,5.0,0
2026-09-01,13226,8.0,0
2026-09-01,13293,12.5,0
2026-09-01,14013,90.5,0
2026-09-01,14014,42.5,0
2026-09-01,14015,25.0,0
2026-09-01,14020,22.5,0
2026-09-01,14030,15.9,0
2026-09-01,14031,15.9,0
2026-09-01,14032,15.9,0
2026-09-01,14034,33.5,0
2026-09-01,14035,31.0,0
2026-09-01,14041,19.0,0
2026-09-01,14042,16.5,0
2026-09-01,14043,24.0,0
2026-09-01,14045,19.0,0
2026-09-01,14055,16.0,0
2026-09-01,14056,31.0,0
2026-09-01,14057,31.0,0
2026-09-01,14063,58.0,0
2026-09-01,14064,39.0,0
2026-09-01,14072,28.8,0
2026-09-01,14077,20.0,0
2026-09-01,14084,204.0,0
2026-09-01,14102,10.0,0
2026-09-01,14125,2.8,0
2026-09-01,14156,13.5,0
2026-09-01,14160,55.0,0
2026-09-01,14170,11.3,0
2026-09-01,14171,61.5,0
2026-09-01,14189,15.0,0
2026-09-01,14190,15.0,0
2026-09-01,14204,12.5,0
2026-09-01,14205,12.5,0
2026-09-01,14206,12.5,0
2026-09-01,14207,22.0,0
2026-09-01,14208,22.0,0
2026-09-01,14209,25.0,0
2026-09-01,14210,21.5,0
2026-09-01,14220,11.7,0
2026-09-01,14225,197.0,0
2026-09-01,14239,37.5,0
2026-09-01,14240,25.0,0
2026-09-01,14242,25.0,0
2026-09-01,14243,12.5,0
2026-09-01,14248,32.0,0
2026-09-01,14253,25.0,0
2026-09-01,14258,19.5,0
2026-09-01,14274,37.9,0
2026-09-01,14284,47.5,0
2026-09-01,14285,49.9,0
2026-09-01,14286,47.5,0
2026-09-01,14287,52.9,0
2026-09-01,14295,118.5,0
2026-09-01,14296,149.0,0
2026-09-01,14299,49.5,0
2026-09-01,14328,29.5,0
2026-09-01,14355,149.0,0
2026-09-01,14358,6.0,0
2026-09-01,14359,8.0,0
2026-09-01,14361,9.5,0
2026-09-01,14364,78.5,0
2026-09-01,14365,9.5,0
2026-09-01,14381,30.0,0
2026-09-01,14382,8.8,0
2026-09-01,14398,110.0,0
2026-09-01,14424,222.6,0
2026-09-01,14428,4.5,0
2026-09-01,14429,4.5,0
2026-09-01,14438,36.5,0
2026-09-01,14439,33.8,0
2026-09-01,14440,30.0,0
2026-09-01,14441,49.0,0
2026-09-01,14447,33.0,0
2026-09-01,14450,39.5,0
2026-09-01,14465,19.9,0
2026-09-01,14469,94.9,0
2026-09-01,14476,63.0,0
2026-09-01,14477,27.5,0
2026-09-01,14490,13.5,0
2026-09-01,14491,13.5,0
2026-09-01,14499,5.5,0
2026-09-01,14512,28.5,0
2026-09-01,14530,28.5,0
2026-09-01,14532,28.5,0
2026-09-01,14535,6.4,0
2026-09-01,14550,9.0,0
2026-09-01,14555,135.0,0
2026-09-01,14570,41.5,0
2026-09-01,14573,20.4,0
2026-09-01,14574,20.4,0
2026-09-01,14588,59.0,0
2026-09-01,14600,5.0,0
2026-09-01,14605,23.5,0
2026-09-01,14631,26.0,0
2026-09-01,14639,31.0,0
2026-09-01,14649,30.5,0
2026-09-01,14660,19.5,0
2026-09-01,14666,19.9,0
2026-09-01,14667,12.9,0
2026-09-01,14668,10.5,0
2026-09-01,14676,9.0,0
2026-09-01,14679,15.9,0
2026-09-01,14697,18.5,0
2026-09-01,14703,9.0,0
2026-09-01,14713,46.5,0
2026-09-01,14720,28.0,0
2026-09-01,14730,13.8,0
2026-09-01,14731,13.8,0
2026-09-01,14750,52.0,0
2026-09-01,14770,13.5,0
2026-09-01,14775,10.5,0
2026-09-01,14776,10.5,0
2026-09-01,14780,12.5,0
2026-09-01,14788,85.5,0
2026-09-01,14791,27.0,0
2026-09-01,14792,8.0,0
2026-09-01,14796,39.5,0
2026-09-01,15051,16.5,0
2026-09-01,15059,8.5,0
2026-09-01,15067,16.5,0
2026-09-01,15075,16.5,0
2026-09-01,15077,30.5,0
2026-09-01,15078,54.5,0
2026-09-01,15083,16.5,0
2026-09-01,15091,15.0,0
2026-09-01,15250,21.5,0
2026-09-01,15251,21.5,0
2026-09-01,15252,20.5,0
2026-09-01,15255,21.5,0
2026-09-01,15385,18.9,0
2026-09-01,15550,150.0,0
2026-09-01,15553,81.0,0
2026-09-01,15559,113.0,0
2026-09-01,15571,30.5,0
2026-09-01,15578,14.5,0
2026-09-01,15628,17.5,0
2026-09-01,15695,38.5,0
2026-09-01,15782,28.0,0
2026-09-01,15788,23.0,0
2026-09-01,15789,28.0,0
2026-09-01,15790,51.0,0
2026-09-01,15878,84.5,0
2026-09-01,15977,44.0,0
2026-09-01,16033,174.0,0
2026-09-01,16053,13.5,0
2026-09-01,16070,242.5,0
2026-09-01,16078,15.9,0
2026-09-01,16079,15.9,0
2026-09-01,16080,48.5,0
2026-09-01,16081,15.9,0
2026-09-01,16082,15.9,0
2026-09-01,16098,77.0,0
2026-09-01,16102,8.5,0
2026-09-01,16513,39.5,0
2026-09-01,16525,7.5,0
2026-09-01,16526,7.5,0
2026-09-01,16677,10.5,0
2026-09-01,16678,10.5,0
2026-09-01,16684,325.0,0
2026-09-01,16873,28.0,0
2026-09-01,16875,28.0,0
2026-09-01,16876,28.0,0
2026-09-01,16877,28.0,0
2026-09-01,17001,17.9,0
2026-09-01,17002,17.9,0
2026-09-01,17005,13.8,0
2026-09-01,17006,7.5,0
2026-09-01,17007,7.5,0
2026-09-01,17049,15.0,0
2026-09-01,17050,25.0,0
2026-09-01,17058,27.5,0
2026-09-01,17060,11.0,0
2026-09-01,17061,27.5,0
2026-09-01,17065,16.0,0
2026-09-01,17066,20.0,0
2026-09-01,17067,20.0,0
2026-09-01,17100,99.5,0
2026-09-01,17124,9.0,0
2026-09-01,17130,6.0,0
2026-09-01,17152,82.0,0
2026-09-01,17154,10.0,0
2026-09-01,17155,10.0,0
2026-09-01,17156,10.0,0
2026-09-01,17161,51.5,0
2026-09-01,17162,25.9,0
2026-09-01,17178,4.0,0
2026-09-01,17179,6.5,0
2026-09-01,17181,25.0,0
2026-09-01,17187,69.0,0
2026-09-01,17191,39.9,0
2026-09-01,17192,30.0,0
2026-09-01,17221,19.8,0
2026-09-01,17222,19.8,0
2026-09-01,17223,19.5,0
2026-09-01,17232,6.5,0
2026-09-01,17233,15.9,0
2026-09-01,17237,61.0,0
2026-09-01,17241,6.3,0
2026-09-01,17245,165.0,0
2026-09-01,17250,265.0,0
2026-09-01,17251,299.0,0
2026-09-01,17263,45.5,0
2026-09-01,17270,28.0,0
2026-09-01,17281,21.5,0
2026-09-01,17298,21.5,0
2026-09-01,17322,30.9,0
2026-09-01,17331,27.0,0
2026-09-01,17332,47.0,0
2026-09-01,17333,24.0,0
2026-09-01,17335,68.0,0
2026-09-01,17336,33.5,0
2026-09-01,17337,26.5,0
2026-09-01,17338,32.5,0
2026-09-01,17353,19.5,0
2026-09-01,17367,7.5,0
2026-09-01,17372,41.0,0
2026-09-01,17373,24.5,0
2026-09-01,17377,91.0,0
2026-09-01,17379,77.0,0
2026-09-01,17384,19.9,0
2026-09-01,17388,14.0,0
2026-09-01,17389,31.5,0
2026-09-01,17390,31.5,0
2026-09-01,17391,42.0,0
2026-09-01,17393,43.5,0
2026-09-01,17394,7.5,0
2026-09-01,17397,74.9,0
2026-09-01,17398,71.5,0
2026-09-01,17399,69.5,0
2026-09-01,17400,28.9,0
2026-09-01,17401,28.9,0
2026-09-01,17423,113.0,0
2026-09-01,17474,42.0,0
2026-09-01,17476,379.0,0
2026-09-01,17501,7.5,0
2026-09-01,17538,6.9,0
2026-09-01,17553,215.0,0
2026-09-01,17555,290.0,0
2026-09-01,17563,11.8,0
2026-09-01,17575,6.2,0
2026-09-01,17576,8.9,0
2026-09-01,17577,6.2,0
2026-09-01,17578,8.9,0
2026-09-01,17579,6.2,0
2026-09-01,17580,8.9,0
2026-09-01,17590,56.0,0
2026-09-01,17612,8.0,0
2026-09-01,17615,5.5,0
2026-09-01,17616,5.5,0
2026-09-01,17624,28.5,0
2026-09-01,17635,9.5,0
2026-09-01,17636,17.0,0
2026-09-01,17650,8.0,0
2026-09-01,17654,23.5,0
2026-09-01,17676,39.0,0
2026-09-01,17677,44.5,0
2026-09-01,17679,187.0,0
2026-09-01,17680,185.0,0
2026-09-01,17684,97.5,0
2026-09-01,17686,97.5,0
2026-09-01,17688,259.0,0
2026-09-01,17691,43.5,0
2026-09-01,17692,52.5,0
2026-09-01,17697,31.5,0
2026-09-01,17698,30.0,0
2026-09-01,17699,27.0,0
2026-09-01,17700,30.5,0
2026-09-01,17701,215.0,0
2026-09-01,17702,215.0,0
2026-09-01,17704,11.5,0
2026-09-01,17708,11.5,0
2026-09-01,17721,51.5,0
2026-09-01,17722,20.0,0
2026-09-01,17727,161.0,0
2026-09-01,17731,20.0,0
2026-09-01,17732,20.0,0
2026-09-01,17761,11.5,0
2026-09-01,17772,123.5,0
2026-09-01,17773,115.0,0
2026-09-01,17778,8.9,0
2026-09-01,17791,77.5,0
2026-09-01,17792,77.5,0
2026-09-01,17793,6.3,0
2026-09-01,17802,9.5,0
2026-09-01,17820,65.0,0
2026-09-01,17822,429.0,0
2026-09-01,17823,33.5,0
2026-09-01,17831,37.4,0
2026-09-01,17833,20.0,0
2026-09-01,17834,37.4,0
2026-09-01,17837,24.5,0
2026-09-01,17838,24.5,0
2026-09-01,17845,17.5,0
2026-09-01,17847,78.5,0
2026-09-01,17849,61.5,0
2026-09-01,17850,57.0,0
2026-09-01,17851,57.0,0
2026-09-01,17859,210.0,0
2026-09-01,17861,98.0,0
2026-09-01,17883,22.9,0
2026-09-01,17884,26.0,0
2026-09-01,17890,11.0,0
2026-09-01,17904,259.0,0
2026-09-01,17919,11.5,0
2026-09-01,17920,31.0,0
2026-09-01,17921,31.0,0
2026-09-01,17924,128.0,0
2026-09-01,17941,31.0,0
2026-09-01,17942,31.0,0
2026-09-01,17943,31.0,0
2026-09-01,17947,34.0,0
2026-09-01,17950,45.5,0
2026-09-01,17951,105.0,0
2026-09-01,17953,29.5,0
2026-09-01,17954,4.9,0
2026-09-01,17955,4.9,0
2026-09-01,17957,32.0,0
2026-09-01,17958,6.3,0
2026-09-01,17959,6.3,0
2026-09-01,17960,6.3,0
2026-09-01,17966,6.3,0
2026-09-01,17967,6.3,0
2026-09-01,17968,6.3,0
2026-09-01,18017,18.0,0
2026-09-01,18021,38.0,0
2026-09-01,18022,38.0,0
2026-09-01,18023,38.0,0
2026-09-01,18029,12.5,0
2026-09-01,18038,7.6,0
2026-09-01,18042,12.5,0
2026-09-01,18061,8.9,0
2026-09-01,18085,10.5,0
2026-09-01,18113,41.5,0
2026-09-01,18143,29.0,0
2026-09-01,18710,195.0,0
2026-09-01,18717,113.5,0
2026-09-01,19012,15.0,0
2026-09-01,19178,26.0,0
2026-09-01,19785,38.0,0
2026-09-01,19823,44.9,0
2026-09-01,20246,31.0,0
2026-09-01,20487,17.0,0
2026-09-01,20488,299.0,0
2026-09-01,20781,34.8,0
2026-09-01,20856,11.5,0
2026-09-01,20858,11.5,0
2026-09-01,21401,23.0,0
2026-09-01,21402,15.0,0
2026-09-01,21784,7.0,0
2026-09-01,22052,12.5,0
2026-09-01,22195,21.5,0
2026-09-01,22209,35.5,0
2026-09-01,22247,35.0,0
2026-09-01,22342,26.0,0
2026-09-01,22344,24.5,0
2026-09-01,22346,69.9,0
2026-09-01,22347,10.0,0
2026-09-01,22382,7.5,0
2026-09-01,22719,10.5,0
2026-09-01,22750,13.5,0
2026-09-01,22755,18.5,0
2026-09-01,22805,29.5,0
2026-09-01,22806,30.5,0
2026-09-01,23264,78.9,0
2026-09-01,23272,84.9,0
2026-09-01,23477,42.8,0
2026-09-01,23531,83.9,0
2026-09-01,23540,24.0,0
2026-09-01,24001,220.0,0
2026-09-01,24007,24.0,0
2026-09-01,24016,12.0,0
2026-09-01,24017,12.0,0
2026-09-01,24018,10.0,0
2026-09-01,24019,10.0,0
2026-09-01,24029,28.0,0
2026-09-01,24042,20.0,0
2026-09-01,24048,50.0,0
2026-09-01,24049,35.0,0
2026-09-01,24050,35.0,0
2026-09-01,24051,12.0,0
2026-09-01,24052,12.0,0
2026-09-01,24071,37.0,0
2026-09-01,24072,11.5,0
2026-09-01,24073,16.0,0
2026-09-01,24083,7.5,0
2026-09-01,24084,7.5,0
2026-09-01,24085,7.5,0
2026-09-01,24086,7.5,0
2026-09-01,24087,7.5,0
2026-09-01,24088,7.5,0
2026-09-01,24097,16.0,0
2026-09-01,24098,15.0,0
2026-09-01,24099,15.0,0
2026-09-01,24100,15.0,0
2026-09-01,24109,10.0,0
2026-09-01,24111,14.5,0
2026-09-01,24113,14.5,0
2026-09-01,24116,29.5,0
2026-09-01,24117,15.0,0
2026-09-01,24126,17.0,0
2026-09-01,24127,8.6,0
2026-09-01,24132,7.0,0
2026-09-01,24133,7.0,0
2026-09-01,24134,7.0,0
2026-09-01,24135,2.3,0
2026-09-01,24136,2.3,0
2026-09-01,24138,22.0,0
2026-09-01,24140,22.0,0
2026-09-01,24152,78.0,0
2026-09-01,24153,113.5,0
2026-09-01,24161,165.0,0
2026-09-01,24162,165.0,0
2026-09-01,24170,34.0,0
2026-09-01,24172,22.0,0
2026-09-01,24173,35.5,0
2026-09-01,24174,35.5,0
2026-09-01,24175,18.0,0
2026-09-01,24176,18.0,0
2026-09-01,24306,86.0,0
2026-09-01,24401,23.0,0
2026-09-01,24402,41.0,0
2026-09-01,24459,8.8,0
2026-09-01,24463,8.8,0
2026-09-01,24464,8.8,0
2026-09-01,24699,109.0,0
2026-09-01,24887,5.0,0
2026-09-01,24888,14.5,0
2026-09-01,25006,48.5,0
2026-09-01,25008,4.5,0
2026-09-01,25013,345.0,0
2026-09-01,25018,11.8,0
2026-09-01,25019,11.5,0
2026-09-01,25021,14.0,0
2026-09-01,25024,24.0,0
2026-09-01,25025,13.5,0
2026-09-01,25026,10.5,0
2026-09-01,25031,11.0,0
2026-09-01,25035,20.5,0
2026-09-01,25037,137.5,0
2026-09-01,25049,99.0,0
2026-09-01,25050,89.9,0
2026-09-01,25059,9.0,0
2026-09-01,25060,8.6,0
2026-09-01,25061,8.6,0
2026-09-01,25062,47.0,0
2026-09-01,25066,20.5,0
2026-09-01,25071,17.5,0
2026-09-01,25072,17.5,0
2026-09-01,25073,17.5,0
2026-09-01,25075,16.5,0
2026-09-01,25078,5.0,0
2026-09-01,25087,8.6,0
2026-09-01,25088,8.6,0
2026-09-01,25093,9.5,0
2026-09-01,25094,20.0,0
2026-09-01,25098,9.5,0
2026-09-01,25101,11.0,0
2026-09-01,25108,14.5,0
2026-09-01,25109,14.5,0
2026-09-01,25110,14.5,0
2026-09-01,25120,149.0,0
2026-09-01,25121,33.0,0
2026-09-01,25123,33.0,0
2026-09-01,25124,31.5,0
2026-09-01,25131,66.0,0
2026-09-01,25137,5.5,0
2026-09-01,25139,7.0,0
2026-09-01,25141,10.5,0
2026-09-01,25142,10.0,0
2026-09-01,25144,11.0,0
2026-09-01,25145,19.0,0
2026-09-01,25146,13.5,0
2026-09-01,25150,10.0,0
2026-09-01,25151,11.0,0
2026-09-01,25152,11.0,0
2026-09-01,25161,20.0,0
2026-09-01,25162,20.0,0
2026-09-01,25166,13.5,0
2026-09-01,25168,16.4,0
2026-09-01,25173,4.5,0
2026-09-01,25179,7.0,0
2026-09-01,25185,37.9,0
2026-09-01,25188,8.8,0
2026-09-01,25193,22.5,0
2026-09-01,25194,22.5,0
2026-09-01,25196,28.5,0
2026-09-01,25197,9.5,0
2026-09-01,25198,9.5,0
2026-09-01,25199,9.5,0
2026-09-01,25200,10.0,0
2026-09-01,25201,10.0,0
2026-09-01,25203,10.0,0
2026-09-01,25211,2.0,0
2026-09-01,25212,2.0,0
2026-09-01,25213,2.0,0
2026-09-01,25214,2.0,0
2026-09-01,25223,8.9,0
2026-09-01,25239,14.5,0
2026-09-01,25240,63.0,0
2026-09-01,25241,30.0,0
2026-09-01,25243,9.5,0
2026-09-01,25252,23.5,0
2026-09-01,25255,2.5,0
2026-09-01,25257,17.5,0
2026-09-01,25259,42.0,0
2026-09-01,25261,20.5,0
2026-09-01,25269,19.5,0
2026-09-01,25272,16.5,0
2026-09-01,25273,27.9,0
2026-09-01,25278,320.0,0
2026-09-01,25279,24.5,0
2026-09-01,25286,18.5,0
2026-09-01,25287,20.5,0
2026-09-01,25295,249.0,0
2026-09-01,25298,50.0,0
2026-09-01,25299,55.0,0
2026-09-01,25304,29.5,0
2026-09-01,25306,26.9,0
2026-09-01,25313,15.5,0
2026-09-01,25314,22.0,0
2026-09-01,25320,20.0,0
2026-09-01,25323,22.0,0
2026-09-01,25324,14.5,0
2026-09-01,25325,20.0,0
2026-09-01,25326,20.0,0
2026-09-01,25327,20.0,0
2026-09-01,25331,67.0,0
2026-09-01,25332,21.9,0
2026-09-01,25333,18.0,0
2026-09-01,25334,44.5,0
2026-09-01,25338,5.0,0
2026-09-01,25339,8.9,0
2026-09-01,25340,13.5,0
2026-09-01,25341,38.9,0
2026-09-01,25342,16.8,0
2026-09-01,25344,9.9,0
2026-09-01,25345,75.0,0
2026-09-01,25346,75.0,0
2026-09-01,25347,24.5,0
2026-09-01,25349,7.5,0
2026-09-01,25350,7.5,0
2026-09-01,25360,125.0,0
2026-09-01,25365,16.0,0
2026-09-01,25369,17.5,0
2026-09-01,25373,15.5,0
2026-09-01,25374,15.5,0
2026-09-01,25377,155.0,0
2026-09-01,25379,14.0,0
2026-09-01,25386,73.5,0
2026-09-01,25387,72.5,0
2026-09-01,25388,73.5,0
2026-09-01,25391,59.0,0
2026-09-01,25401,17.9,0
2026-09-01,25402,17.9,0
2026-09-01,25403,23.5,0
2026-09-01,25404,12.0,0
2026-09-01,25406,16.0,0
2026-09-01,25408,24.5,0
2026-09-01,25409,29.9,0
2026-09-01,25410,9.2,0
2026-09-01,25416,38.5,0
2026-09-01,25421,72.0,0
2026-09-01,25422,69.0,0
2026-09-01,25424,69.0,0
2026-09-01,25425,72.0,0
2026-09-01,25429,11.5,0
2026-09-01,25431,9.0,0
2026-09-01,25432,9.0,0
2026-09-01,25441,50.0,0
2026-09-01,25461,11.5,0
2026-09-01,25462,11.5,0
2026-09-01,25483,112.5,0
2026-09-01,25485,755.0,0
2026-09-01,25486,16.0,0
2026-09-01,25487,16.0,0
2026-09-01,25488,16.0,0
2026-09-01,25494,7.5,0
2026-09-01,25495,17.5,0
2026-09-01,25640,43.5,0
2026-09-01,25946,16.9,0
2026-09-01,25947,20.5,0
2026-09-01,25948,16.9,0
2026-09-01,25950,48.0,0
2026-09-01,25951,7.0,0
2026-09-01,25954,197.5,0
2026-09-01,25955,11.0,0
2026-09-01,25957,14.5,0
2026-09-01,25958,16.9,0
2026-09-01,25959,20.0,0
2026-09-01,25960,16.9,0
2026-09-01,25961,20.0,0
2026-09-01,25962,16.9,0
2026-09-01,25963,31.5,0
2026-09-01,25968,56.5,0
2026-09-01,25969,56.0,0
2026-09-01,25977,30.0,0
2026-09-01,25978,9.5,0
2026-09-01,25979,9.5,0
2026-09-01,25980,17.5,0
2026-09-01,25981,11.9,0
2026-09-01,25982,104.9,0
2026-09-01,25990,24.0,0
2026-09-01,25994,97.5,0
2026-09-01,25996,47.5,0
2026-09-01,25997,37.5,0
2026-09-01,25998,34.5,0
2026-09-01,25999,12.5,0
2026-09-01,26001,7.6,0
2026-09-01,26002,9.5,0
2026-09-01,26004,10.5,0
2026-09-01,26016,117.0,0
2026-09-01,26022,8.9,0
2026-09-01,26035,37.5,0
2026-09-01,26041,29.0,0
2026-09-01,26042,24.0,0
2026-09-01,26045,103.5,0
2026-09-01,26049,19.0,0
2026-09-01,26050,29.5,0
2026-09-01,26054,69.0,0
2026-09-01,26055,60.0,0
2026-09-01,26056,97.0,0
2026-09-01,26057,60.0,0
2026-09-01,26060,86.0,0
2026-09-01,26062,22.0,0
2026-09-01,26070,39.5,0
2026-09-01,26072,63.0,0
2026-09-01,26073,23.0,0
2026-09-01,26074,23.0,0
2026-09-01,26082,14.0,0
2026-09-01,26090,23.5,0
2026-09-01,26094,33.3,0
2026-09-01,26095,32.0,0
2026-09-01,26106,33.3,0
2026-09-01,26107,33.3,0
2026-09-01,26108,33.3,0
2026-09-01,26110,150.0,0
2026-09-01,26112,75.0,0
2026-09-01,26113,75.0,0
2026-09-01,26114,75.0,0
2026-09-01,26124,30.9,0
2026-09-01,26125,33.3,0
2026-09-01,26129,33.3,0
2026-09-01,26130,33.3,0
2026-09-01,26132,33.3,0
2026-09-01,26133,33.3,0
2026-09-01,26135,30.9,0
2026-09-01,26138,5.5,0
2026-09-01,26139,5.5,0
2026-09-01,26150,30.5,0
2026-09-01,26151,17.5,0
2026-09-01,26162,26.0,0
2026-09-01,26163,25.5,0
2026-09-01,26173,28.5,0
2026-09-01,26174,28.5,0
2026-09-01,26175,13.5,0
2026-09-01,26176,13.5,0
2026-09-01,26177,13.5,0
2026-09-01,26178,13.5,0
2026-09-01,26188,22.0,0
2026-09-01,26189,22.0,0
2026-09-01,26190,22.0,0
2026-09-01,26193,22.0,0
2026-09-01,26216,31.5,0
2026-09-01,26232,28.5,0
2026-09-01,26233,220.0,0
2026-09-01,27001,11.0,0
2026-09-01,27004,15.9,0
2026-09-01,27012,46.5,0
2026-09-01,27015,125.0,0
2026-09-01,27016,12.5,0
2026-09-01,27019,15.5,0
2026-09-01,27024,19.5,0
2026-09-01,27025,30.0,0
2026-09-01,27026,30.0,0
2026-09-01,27027,30.0,0
2026-09-01,27028,30.0,0
2026-09-01,27029,30.0,0
2026-09-01,27030,30.0,0
2026-09-01,27031,30.0,0
2026-09-01,27032,30.0,0
2026-09-01,27033,30.0,0
2026-09-01,27034,56.5,0
2026-09-01,27041,15.5,0
2026-09-01,27042,15.5,0
2026-09-01,27043,20.5,0
2026-09-01,27044,20.5,0
2026-09-01,27048,7.5,0
2026-09-01,27049,7.5,0
2026-09-01,27050,6.9,0
2026-09-01,27051,20.5,0
2026-09-01,27065,10.0,0
2026-09-01,27067,16.9,0
2026-09-01,27068,16.0,0
2026-09-01,27086,49.5,0
2026-09-01,27092,5.0,0
2026-09-01,27093,24.5,0
2026-09-01,27099,93.5,0
2026-09-01,27110,13.5,0
2026-09-01,29001,227.0,0
2026-09-01,29003,15.0,0
2026-09-01,29004,15.0,0
2026-09-01,29005,5.9,0
2026-09-01,29006,31.0,0
2026-09-01,29007,31.0,0
2026-09-01,29010,28.0,0
2026-09-01,29011,99.0,0
2026-09-01,29014,29.0,0
2026-09-01,29015,30.0,0
2026-09-01,29018,27.9,0
2026-09-01,29019,7.5,0
2026-09-01,29022,18.5,0
2026-09-01,29023,8.9,0
2026-09-01,29042,17.5,0
2026-09-01,29044,14.9,0
2026-09-01,29049,14.3,0
2026-09-01,29054,31.5,0
2026-09-01,29055,31.5,0
2026-09-01,29056,31.5,0
2026-09-01,29057,21.5,0
2026-09-01,29064,435.0,0
2026-09-01,29065,103.5,0
2026-09-01,29066,15.0,0
2026-09-01,29069,15.0,0
2026-09-01,29070,20.0,0
2026-09-01,29071,21.0,0
2026-09-01,29072,15.5,0
2026-09-01,29073,25.0,0
2026-09-01,29074,21.0,0
2026-09-01,29080,19.5,0
2026-09-01,29081,19.5,0
2026-09-01,29082,6.0,0
2026-09-01,29088,64.9,0
2026-09-01,29099,40.0,0
2026-09-01,29102,20.5,0
2026-09-01,29103,17.5,0
2026-09-01,29104,10.5,0
2026-09-01,29105,21.0,0
2026-09-01,29107,20.0,0
2026-09-01,29111,15.0,0
2026-09-01,29116,87.0,0
2026-09-01,29117,8.5,0
2026-09-01,29120,6.2,0
2026-09-01,29121,6.2,0
2026-09-01,29125,16.0,0
2026-09-01,29127,58.6,0
2026-09-01,29128,63.4,0
2026-09-01,29129,58.6,0
2026-09-01,29133,9.0,0
2026-09-01,29134,9.0,0
2026-09-01,29135,9.0,0
2026-09-01,29136,18.5,0
2026-09-01,29137,18.5,0
2026-09-01,29138,60.0,0
2026-09-01,29139,60.0,0
2026-09-01,29142,60.0,0
2026-09-01,29144,130.0,0
2026-09-01,29145,85.0,0
2026-09-01,29148,12.5,0
2026-09-01,29150,35.9,0
2026-09-01,29246,8.5,0
2026-09-01,29789,24.0,0
2026-09-01,29790,24.0,0
2026-09-01,30101,14.0,0
2026-09-01,30103,12.0,0
2026-09-01,30122,26.5,0
2026-09-01,30127,4.5,0
2026-09-01,30158,30.0,0
2026-09-01,30159,249.0,0
2026-09-01,30160,88.9,0
2026-09-01,30161,88.9,0
2026-09-01,30162,11.5,0
2026-09-01,30164,31.5,0
2026-09-01,30165,7.5,0
2026-09-01,30173,241.0,0
2026-09-01,30174,4.0,0
2026-09-01,30179,22.0,0
2026-09-01,30180,12.0,0
2026-09-01,30181,12.0,0
2026-09-01,30193,124.9,0
2026-09-01,30194,124.9,0
2026-09-01,30197,5.5,0
2026-09-01,30219,11.0,0
2026-09-01,30220,35.9,0
2026-09-01,30237,11.0,0
2026-09-01,30243,62.5,0
2026-09-01,30246,32.5,0
2026-09-01,30247,48.5,0
2026-09-01,30251,19.5,0
2026-09-01,30265,94.9,0
2026-09-01,30266,59.9,0
2026-09-01,30267,39.9,0
2026-09-01,30275,16.9,0
2026-09-01,30277,56.0,0
2026-09-01,30278,56.0,0
2026-09-01,30280,56.0,0
2026-09-01,30281,45.5,0
2026-09-01,30283,6.0,0
2026-09-01,30285,6.0,0
2026-09-01,30323,40.5,0
2026-09-01,30332,6.0,0
2026-09-01,30334,6.5,0
2026-09-01,30337,13.0,0
2026-09-01,30338,13.0,0
2026-09-01,30339,13.0,0
2026-09-01,30357,745.0,0
2026-09-01,30408,27.5,0
2026-09-01,30409,31.5,0
2026-09-01,30410,39.5,0
2026-09-01,30411,20.0,0
2026-09-01,30412,12.5,0
2026-09-01,30413,20.0,0
2026-09-01,30415,20.0,0
2026-09-01,30416,31.5,0
2026-09-01,30469,19.0,0
2026-09-01,30470,28.0,0
2026-09-01,30471,20.5,0
2026-09-01,30472,12.4,0
2026-09-01,30473,15.5,0
2026-09-01,30474,15.5,0
2026-09-01,30475,23.0,0
2026-09-01,30476,18.0,0
2026-09-01,30477,28.8,0
2026-09-01,30479,33.5,0
2026-09-01,30486,69.9,0
2026-09-01,30487,30.0,0
2026-09-01,30493,82.0,0
2026-09-01,30503,18.9,0
2026-09-01,30504,21.5,0
2026-09-01,30505,18.9,0
2026-09-01,30518,23.5,0
2026-09-01,30519,13.5,0
2026-09-01,30520,13.5,0
2026-09-01,30534,39.0,0
2026-09-01,30535,10.0,0
2026-09-01,30536,10.0,0
2026-09-01,30565,11.0,0
2026-09-01,30569,18.5,0
2026-09-01,30584,177.5,0
2026-09-01,30593,115.0,0
2026-09-01,30597,107.5,0
2026-09-01,30598,52.5,0
2026-09-01,30600,48.8,0
2026-09-01,30602,189.0,0
2026-09-01,30610,8.8,0
2026-09-01,30611,31.5,0
2026-09-01,30614,36.0,0
2026-09-01,30616,29.5,0
2026-09-01,30620,26.0,0
2026-09-01,30622,26.0,0
2026-09-01,30625,24.0,0
2026-09-01,30626,42.0,0
2026-09-01,30630,25.5,0
2026-09-01,30638,142.5,0
2026-09-01,30643,29.0,0
2026-09-01,30644,32.5,0
2026-09-01,30645,32.5,0
2026-09-01,30647,13.5,0
2026-09-01,30648,13.5,0
2026-09-01,30652,13.0,0
2026-09-01,30654,59.5,0
2026-09-01,30656,45.5,0
2026-09-01,30657,71.5,0
2026-09-01,30663,67.5,0
2026-09-01,30664,67.5,0
2026-09-01,30665,67.5,0
2026-09-01,30670,187.0,0
2026-09-01,30671,187.0,0
2026-09-01,30676,5.0,0
2026-09-01,30677,5.0,0
2026-09-01,30699,293.0,0
2026-09-01,30725,44.5,0
2026-09-01,30726,9.5,0
2026-09-01,30738,37.9,0
2026-09-01,30739,37.9,0
2026-09-01,30742,125.0,0
2026-09-01,30743,15.9,0
2026-09-01,30744,15.9,0
2026-09-01,30745,35.0,0
2026-09-01,30746,43.5,0
2026-09-01,30747,62.5,0
2026-09-01,30756,44.5,0
2026-09-01,30758,23.0,0
2026-09-01,30759,23.0,0
2026-09-01,30760,23.0,0
2026-09-01,30763,20.0,0
2026-09-01,30771,125.0,0
2026-09-01,30784,89.0,0
2026-09-01,30789,5.7,0
2026-09-01,30790,5.7,0
2026-09-01,30800,22.5,0
2026-09-01,30801,43.5,0
2026-09-01,30805,9.0,0
2026-09-01,30819,18.0,0
2026-09-01,30825,8.0,0
2026-09-01,30830,5.0,0
2026-09-01,30831,5.0,0
2026-09-01,30835,58.0,0
2026-09-01,30837,3.0,0
2026-09-01,30838,3.0,0
2026-09-01,30840,36.0,0
2026-09-01,30854,11.0,0
2026-09-01,30855,115.0,0
2026-09-01,30863,26.5,0
2026-09-01,30865,43.5,0
2026-09-01,30866,55.9,0
2026-09-01,30867,59.9,0
2026-09-01,30869,14.0,0
2026-09-01,30871,41.0,0
2026-09-01,30872,41.0,0
2026-09-01,30874,21.0,0
2026-09-01,30875,34.5,0
2026-09-01,30882,16.5,0
2026-09-01,30889,41.0,0
2026-09-01,30891,15.8,0
2026-09-01,30893,9.5,0
2026-09-01,30895,6.5,0
2026-09-01,30896,13.0,0
2026-09-01,30897,17.5,0
2026-09-01,30898,9.0,0
2026-09-01,30907,15.3,0
2026-09-01,30909,16.5,0
2026-09-01,30911,16.5,0
2026-09-01,30912,16.5,0
2026-09-01,30917,8.9,0
2026-09-01,30918,21.5,0
2026-09-01,30919,21.5,0
2026-09-01,30920,249.0,0
2026-09-01,30921,249.0,0
2026-09-01,30924,8.0,0
2026-09-01,30935,115.0,0
2026-09-01,30939,5.0,0
2026-09-01,30941,10.5,0
2026-09-01,30945,9.5,0
2026-09-01,30946,9.5,0
2026-09-01,30947,7.0,0
2026-09-01,30950,24.5,0
2026-09-01,30952,11.5,0
2026-09-01,30953,11.5,0
2026-09-01,30962,97.0,0
2026-09-01,30966,15.9,0
2026-09-01,30969,20.5,0
2026-09-01,30970,26.0,0
2026-09-01,30996,17.0,0
2026-09-01,30998,31.5,0
2026-09-01,31007,3.9,0
2026-09-01,31013,83.0,0
2026-09-01,31014,83.0,0
2026-09-01,31028,5.5,0
2026-09-01,31029,8.0,0
2026-09-01,31030,61.0,0
2026-09-01,31031,42.0,0
2026-09-01,31032,26.0,0
2026-09-01,31037,23.5,0
2026-09-01,31039,23.5,0
2026-09-01,31043,12.0,0
2026-09-01,31045,17.5,0
2026-09-01,31046,28.0,0
2026-09-01,31047,29.0,0
2026-09-01,31048,59.5,0
2026-09-01,31050,14.0,0
2026-09-01,31053,64.5,0
2026-09-01,31064,209.0,0
2026-09-01,31065,162.0,0
2026-09-01,31075,209.0,0
2026-09-01,31078,35.9,0
2026-09-01,31093,425.0,0
2026-09-01,31095,22.5,0
2026-09-01,31102,65.0,0
2026-09-01,31108,26.0,0
2026-09-01,31109,26.0,0
2026-09-01,31112,115.0,0
2026-09-01,31120,12.4,0
2026-09-01,31121,42.0,0
2026-09-01,31140,30.9,0
2026-09-01,31143,28.0,0
2026-09-01,31144,19.0,0
2026-09-01,31145,19.0,0
2026-09-01,31146,205.0,0
2026-09-01,31152,12.3,0
2026-09-01,31153,18.0,0
2026-09-01,31155,40.0,0
2026-09-01,31157,18.5,0
2026-09-01,31158,34.5,0
2026-09-01,31166,36.0,0
2026-09-01,31167,34.5,0
2026-09-01,31169,11.5,0
2026-09-01,31170,243.0,0
2026-09-01,31171,385.0,0
2026-09-01,31174,129.0,0
2026-09-01,31185,8.7,0
2026-09-01,31197,18.0,0
2026-09-01,31211,43.5,0
2026-09-01,31218,115.0,0
2026-09-01,31219,120.0,0
2026-09-01,31222,40.0,0
2026-09-01,31227,40.0,0
2026-09-01,31235,4.7,0
2026-09-01,31252,19.5,0
2026-09-01,31258,40.0,0
2026-09-01,31261,20.0,0
2026-09-01,31262,20.0,0
2026-09-01,31263,112.0,0
2026-09-01,31264,112.0,0
2026-09-01,31265,112.0,0
2026-09-01,31268,31.0,0
2026-09-01,31269,31.0,0
2026-09-01,31272,4.7,0
2026-09-01,31296,8.5,0
2026-09-01,31308,100.0,0
2026-09-01,31312,61.0,0
2026-09-01,31339,5.0,0
2026-09-01,31340,4.0,0
2026-09-01,31344,24.0,0
2026-09-01,31345,33.0,0
2026-09-01,31351,37.5,0
2026-09-01,31360,26.0,0
2026-09-01,31361,22.5,0
2026-09-01,31362,21.0,0
2026-09-01,31363,36.0,0
2026-09-01,31364,36.0,0
2026-09-01,31365,20.5,0
2026-09-01,31368,78.5,0
2026-09-01,31373,122.5,0
2026-09-01,31395,19.9,0
2026-09-01,31404,128.0,0
2026-09-01,31413,12.2,0
2026-09-01,31416,359.0,0
2026-09-01,31422,10.3,0
2026-09-01,31425,90.0,0
2026-09-01,31429,15.0,0
2026-09-01,31431,4.8,0
2026-09-01,31432,4.8,0
2026-09-01,31443,13.5,0
2026-09-01,31444,15.0,0
2026-09-01,31463,188.0,0
2026-09-01,31464,21.5,0
2026-09-01,31469,20.0,0
2026-09-01,31472,28.0,0
2026-09-01,31473,42.0,0
2026-09-01,31474,6.0,0
2026-09-01,31475,28.0,0
2026-09-01,31476,42.0,0
2026-09-01,31477,25.0,0
2026-09-01,31478,25.0,0
2026-09-01,31479,19.5,0
2026-09-01,31480,25.0,0
2026-09-01,31482,19.5,0
2026-09-01,31487,21.0,0
2026-09-01,31489,21.0,0
2026-09-01,31495,24.5,0
2026-09-01,31496,24.5,0
2026-09-01,31535,187.5,0
2026-09-01,31538,36.0,0
2026-09-01,31541,16.5,0
2026-09-01,31543,16.5,0
2026-09-01,31553,8.0,0
2026-09-01,31556,180.0,0
2026-09-01,31558,9.8,0
2026-09-01,31561,10.0,0
2026-09-01,31572,16.0,0
2026-09-01,31573,16.0,0
2026-09-01,31576,12.0,0
2026-09-01,31578,12.0,0
2026-09-01,31581,26.5,0
2026-09-01,31582,26.5,0
2026-09-01,31583,26.5,0
2026-09-01,31599,68.0,0
2026-09-01,33687,38.5,0
2026-09-01,33770,28.0,0
2026-09-01,33771,28.0,0
2026-09-01,33773,28.0,0
2026-09-01,33878,15.0,0
2026-09-01,34114,39.5,0
2026-09-01,34115,39.5,0
2026-09-01,34811,35.0,0
2026-09-01,34871,8.7,0
2026-09-01,35070,36.0,0
2026-09-01,35072,205.0,0
2026-09-01,35073,36.5,0
2026-09-01,35075,38.0,0
2026-09-01,35076,73.5,0
2026-09-01,35077,35.0,0
2026-09-01,35078,199.0,0
2026-09-01,35400,33.3,0
2026-09-01,35403,30.9,0
2026-09-01,35445,43.9,0
2026-09-01,35447,43.9,0
2026-09-01,35788,25.5,0
2026-09-01,35789,25.5,0
2026-09-01,35790,25.5,0
2026-09-01,35791,9.8,0
2026-09-01,35792,18.0,0
2026-09-01,35793,8.9,0
2026-09-01,35794,18.9,0
2026-09-01,35795,10.9,0
2026-09-01,35796,24.9,0
2026-09-01,35797,44.9,0
2026-09-01,35798,11.5,0
2026-09-01,35799,26.5,0
2026-09-01,36590,32.5,0
2026-09-01,37345,12.5,0
2026-09-01,37356,60.0,0
2026-09-01,37359,8.0,0
2026-09-01,37369,15.0,0
2026-09-01,37381,7.5,0
2026-09-01,37395,685.0,0
2026-09-01,37396,969.0,0
2026-09-01,37400,21.5,0
2026-09-01,37401,22.5,0
2026-09-01,37402,19.5,0
2026-09-01,37425,17.5,0
2026-09-01,37428,275.0,0
2026-09-01,37431,21.0,0
2026-09-01,37715,8.5,0
2026-09-01,38110,27.0,0
2026-09-01,38111,26.5,0
2026-09-01,38199,179.0,0
2026-09-01,38225,8.0,0
2026-09-01,38296,63.0,0
2026-09-01,38297,198.0,0
2026-09-01,38342,13.0,0
2026-09-01,38350,13.0,0
2026-09-01,38407,4.5,0
2026-09-01,38415,4.5,0
2026-09-01,38425,4.6,0
2026-09-01,38788,12.5,0
2026-09-01,38789,11.3,0
2026-09-01,38882,7.5,0
2026-09-01,38935,4.6,0
2026-09-01,38938,4.3,0
2026-09-01,38946,8.0,0
2026-09-01,38962,3.2,0
2026-09-01,39616,28.5,0
2026-09-01,39878,47.8,0
2026-09-01,40001,20.5,0
2026-09-01,40467,18.5,0
2026-09-01,40470,152.0,0
2026-09-01,41516,125.0,0
2026-09-01,41977,42.0,0
2026-09-01,42056,18.7,0
2026-09-01,42064,18.7,0
2026-09-01,42161,60.6,0
2026-09-01,43354,73.5,0
2026-09-01,44977,17.5,0
2026-09-01,45233,120.0,0
2026-09-01,45314,24.9,0
2026-09-01,45549,22.5,0
2026-09-01,45793,18.5,0
2026-09-01,46106,6.0,0
2026-09-01,46108,5.5,0
2026-09-01,46135,5.5,0
2026-09-01,46351,18.0,0
2026-09-01,46663,35.4,0
2026-09-01,47187,6.3,0
2026-09-01,47392,599.0,0
2026-09-01,47678,649.0,0
2026-09-01,48526,41.5,0
2026-09-01,48658,12.7,0
2026-09-01,48666,16.9,0
2026-09-01,48674,81.9,0
2026-09-01,48704,16.9,0
2026-09-01,48720,81.9,0
2026-09-01,48778,18.5,0
2026-09-01,49701,37.9,0
2026-09-01,49905,132.0,0
2026-09-01,50015,94.0,0
2026-09-01,50032,11.0,0
2026-09-01,50066,84.9,0
2026-09-01,50075,319.0,0
2026-09-01,50106,19.9,0
2026-09-01,50145,79.5,0
2026-09-01,51064,64.5,0
2026-09-01,51284,26.0,0
2026-09-01,51616,134.0,0
2026-09-01,52257,279.0,0
2026-09-01,53937,11.4,0
2026-09-01,54060,11.5,0
2026-09-01,54061,11.0,0
2026-09-01,54062,19.9,0
2026-09-01,56030,120.0,0
2026-09-01,57093,7.0,0
2026-09-01,57117,33.5,0
2026-09-01,57771,33.0,0
2026-09-01,58360,32.9,0
2026-09-01,58408,37.8,0
2026-09-01,58424,18.9,0
2026-09-01,58432,94.5,0
2026-09-01,59041,6.5,0
2026-09-01,59366,10.5,0
2026-09-01,60005,175.0,0
2026-09-01,60013,82.5,0
2026-09-01,60028,26.0,0
2026-09-01,60053,29.5,0
2026-09-01,61719,31.5,0
2026-09-01,61972,199.0,0
2026-09-01,62600,164.0,0
2026-09-01,62618,34.0,0
2026-09-01,62626,19.5,0
2026-09-01,62669,37.5,0
2026-09-01,62779,10.0,0
2026-09-01,62802,5.5,0
2026-09-01,62803,5.5,0
2026-09-01,63102,137.5,0
2026-09-01,63109,137.5,0
2026-09-01,63789,76.0,0
2026-09-01,64190,3.5,0
2026-09-01,64262,8.8,0
2026-09-01,64289,74.5,0
2026-09-01,64297,35.9,0
2026-09-01,64416,34.0,0
2026-09-01,64424,37.0,0
2026-09-01,64710,30.0,0
2026-09-01,64770,53.5,0
2026-09-01,64771,73.9,0
2026-09-01,64866,20.0,0
2026-09-01,65293,15.5,0
2026-09-01,65411,26.5,0
2026-09-01,65416,30.0,0
2026-09-01,65791,41.5,0
2026-09-01,65792,83.0,0
2026-09-01,65793,63.0,0
2026-09-01,66818,29.5,0
2026-09-01,67047,41.9,0
2026-09-01,67096,16.0,0
2026-09-01,67097,16.0,0
2026-09-01,67520,7.7,0
2026-09-01,67580,14.0,0
2026-09-01,67679,14.0,0
2026-09-01,67681,5.5,0
2026-09-01,67683,22.5,0
2026-09-01,67781,29.5,0
2026-09-01,67980,33.5,0
2026-09-01,68110,13.0,0
2026-09-01,68718,12.5,0
2026-09-01,68829,69.0,0
2026-09-01,68837,17.5,0
2026-09-01,68845,27.9,0
2026-09-01,68934,13.5,0
2026-09-01,68977,13.5,0
2026-09-01,69027,13.5,0
2026-09-01,69051,13.5,0
2026-09-01,69094,13.5,0
2026-09-01,69124,13.5,0
2026-09-01,69248,27.5,0
2026-09-01,69256,28.0,0
2026-09-01,69719,23.0,0
2026-09-01,69790,18.5,0
2026-09-01,69850,24.0,0
2026-09-01,69868,42.0,0
2026-09-01,69876,42.0,0
2026-09-01,69877,58.5,0
2026-09-01,69884,53.0,0
2026-09-01,69892,75.0,0
2026-09-01,69906,24.0,0
2026-09-01,69914,41.0,0
2026-09-01,71064,84.0,0
2026-09-01,71072,44.0,0
2026-09-01,71129,84.0,0
2026-09-01,71170,89.9,0
2026-09-01,71173,39.5,0
2026-09-01,71174,47.9,0
2026-09-01,71612,11.0,0
2026-09-01,71650,42.0,0
2026-09-01,71714,42.0,0
2026-09-01,72150,193.0,0
2026-09-01,72172,24.5,0
2026-09-01,72184,193.0,0
2026-09-01,72214,193.0,0
2026-09-01,73326,66.0,0
2026-09-01,73458,24.0,0
2026-09-01,73466,38.0,0
2026-09-01,73490,51.0,0
2026-09-01,73512,22.0,0
2026-09-01,74454,81.0,0
2026-09-01,74941,7.0,0
2026-09-01,75191,10.0,0
2026-09-01,75825,599.0,0
2026-09-01,77178,12.0,0
2026-09-01,82414,12.7,0
2026-09-01,82422,18.0,0
2026-09-01,82430,91.9,0
2026-09-01,82570,41.9,0
2026-09-01,82627,38.9,0
2026-09-01,82643,54.9,0
2026-09-01,83992,169.0,0
2026-09-01,84018,145.0,0
2026-09-01,84025,12.0,0
2026-09-01,84026,145.0,0
2026-09-01,85001,40.9,0
2026-09-01,85002,76.5,0
2026-09-01,85003,76.5,0
2026-09-01,85004,44.5,0
2026-09-01,85005,83.0,0
2026-09-01,85006,44.5,0
2026-09-01,85007,83.0,0
2026-09-01,85091,193.0,0
2026-09-01,85092,177.0,0
2026-09-01,85093,193.0,0
2026-09-01,85094,177.0,0
2026-09-01,86126,125.0,0
2026-09-01,86134,125.0,0
2026-09-01,86667,6.3,0
2026-09-01,87887,125.0,0
2026-09-01,89966,117.0,0
2026-09-01,90018,95.9,0
2026-09-01,90115,43.5,0
2026-09-01,90123,6.7,0
2026-09-01,90131,11.0,0
2026-09-01,90140,12.5,0
2026-09-01,90158,4.5,0
2026-09-01,90166,4.2,0
2026-09-01,90174,5.5,0
2026-09-01,90182,5.5,0
2026-09-01,90239,9.0,0
2026-09-01,90247,11.0,0
2026-09-01,90255,12.0,0
2026-09-01,90263,8.5,0
2026-09-01,90271,4.5,0
2026-09-01,90280,7.5,0
2026-09-01,90298,10.5,0
2026-09-01,90301,7.0,0
2026-09-01,90310,12.0,0
2026-09-01,90387,15.5,0
2026-09-01,90395,24.5,0
2026-09-01,90425,10.5,0
2026-09-01,90433,15.0,0
2026-09-01,90441,15.0,0
2026-09-01,90450,19.5,0
2026-09-01,90492,14.5,0
2026-09-01,90506,12.0,0
2026-09-01,90530,33.0,0
2026-09-01,90549,18.8,0
2026-09-01,90565,14.5,0
2026-09-01,90573,21.0,0
2026-09-01,90590,21.0,0
2026-09-01,93980,22.5,0
2026-09-01,94749,19.9,0
2026-09-01,94757,15.5,0
2026-09-01,95060,12.0,0
2026-09-01,95079,20.5,0
2026-09-01,95087,9.0,0
2026-09-01,95095,8.5,0
2026-09-01,95109,9.5,0
2026-09-01,95117,9.5,0
2026-09-01,95133,27.5,0
2026-09-01,95150,17.5,0
2026-09-01,95486,11.0,0
2026-09-01,96024,6.5,0
2026-09-01,96075,6.0,0
2026-09-01,97079,26.9,0
2026-09-01,97215,44.9,0
2026-09-01,97267,40.9,0
2026-09-01,98719,30.0,0
2026-09-01,98720,30.0,0
2026-09-01,98723,30.0,0
2026-09-01,100037,11.9,0
2026-09-01,100038,15.9,0
2026-09-01,100042,6.3,0
2026-09-01,100043,6.5,0
2026-09-01,100044,81.0,0
2026-09-01,100045,6.3,0
2026-09-01,100049,22.5,0
2026-09-01,100069,137.5,0
2026-09-01,100071,55.6,0
2026-09-01,100081,35.0,0
2026-09-01,100082,35.0,0
2026-09-01,100083,35.0,0
2026-09-01,100084,42.0,0
2026-09-01,100085,42.0,0
2026-09-01,100096,47.9,0
2026-09-01,100098,47.9,0
2026-09-01,100099,21.9,0
2026-09-01,100109,10.0,0
2026-09-01,100124,30.9,0
2026-09-01,100149,47.9,0
2026-09-01,100182,78.9,0
2026-09-01,100189,47.9,0
2026-09-01,100207,27.5,0
2026-09-01,100208,118.0,0
2026-09-01,100209,120.0,0
2026-09-01,100211,115.0,0
2026-09-01,100212,115.0,0
2026-09-01,100219,6.9,0
2026-09-01,100244,63.9,0
2026-09-01,100267,50.5,0
2026-09-01,100297,32.5,0
2026-09-01,100299,32.5,0
2026-09-01,100350,19.8,0
2026-09-01,100356,77.9,0
2026-09-01,100361,174.9,0
2026-09-01,100379,60.5,0
2026-09-01,100384,6.0,0
2026-09-01,100390,13.5,0
2026-09-01,100396,19.5,0
2026-09-01,100424,11.9,0
2026-09-01,100426,11.9,0
2026-09-01,100427,11.9,0
2026-09-01,100428,11.9,0
2026-09-01,100475,33.5,0
2026-09-01,100496,215.0,0
2026-09-01,100504,15.0,0
2026-09-01,100505,30.0,0
2026-09-01,100567,14.5,0
2026-09-01,100576,77.0,0
2026-09-01,100577,77.0,0
2026-09-01,100586,59.5,0
2026-09-01,100589,55.0,0
2026-09-01,100590,13.9,0
2026-09-01,100592,54.0,0
2026-09-01,100593,23.0,0
2026-09-01,100594,20.5,0
2026-09-01,100595,23.0,0
2026-09-01,100596,26.5,0
2026-09-01,100602,18.0,0
2026-09-01,100604,32.5,0
2026-09-01,100606,6.9,0
2026-09-01,100623,155.0,0
2026-09-01,100625,16.5,0
2026-09-01,100628,6.9,0
2026-09-01,100630,5.5,0
2026-09-01,100638,20.0,0
2026-09-01,100642,20.0,0
2026-09-01,100644,320.0,0
2026-09-01,100646,28.0,0
2026-09-01,100647,68.0,0
2026-09-01,100648,68.0,0
2026-09-01,100654,19.5,0
2026-09-01,100675,69.0,0
2026-09-01,100693,25.0,0
2026-09-01,100697,11.0,0
2026-09-01,100723,46.0,0
2026-09-01,100734,34.5,0
2026-09-01,100758,11.0,0
2026-09-01,100761,11.0,0
2026-09-01,100818,33.5,0
2026-09-01,100835,26.5,0
2026-09-01,100836,20.7,0
2026-09-01,100926,17.5,0
2026-09-01,100930,17.5,0
2026-09-01,100966,24.0,0
2026-09-01,100979,112.5,0
2026-09-01,100980,112.5,0
2026-09-01,101064,20.5,0
2026-09-01,101065,23.0,0
2026-09-01,101066,24.5,0
2026-09-01,101070,21.9,0
2026-09-01,101155,111.0,0
2026-09-01,101173,18.1,0
2026-09-01,101176,4.7,0
2026-09-01,101189,19.5,0
2026-09-01,101199,25.5,0
2026-09-01,101204,25.5,0
2026-09-01,101205,12.5,0
2026-09-01,101206,16.0,0
2026-09-01,101207,15.8,0
2026-09-01,101226,43.5,0
2026-09-01,101228,47.0,0
2026-09-01,101229,43.8,0
2026-09-01,101230,43.8,0
2026-09-01,101234,103.5,0
2026-09-01,101235,42.5,0
2026-09-01,101236,42.5,0
2026-09-01,101244,39.0,0
2026-09-01,101245,19.5,0
2026-09-01,101249,43.8,0
2026-09-01,101263,23.9,0
2026-09-01,101270,145.7,0
2026-09-01,101273,13.5,0
2026-09-01,101279,37.1,0
2026-09-01,101281,4.5,0
2026-09-01,101302,24.1,0
2026-09-01,101307,76.5,0
2026-09-01,101308,78.0,0
2026-09-01,101312,42.0,0
2026-09-01,101313,42.0,0
2026-09-01,101319,5.0,0
2026-09-01,101326,28.5,0
2026-09-01,101331,95.9,0
2026-09-01,101348,8.5,0
2026-09-01,101349,5.0,0
2026-09-01,101350,19.0,0
2026-09-01,101351,7.5,0
2026-09-01,101352,7.0,0
2026-09-01,101353,5.0,0
2026-09-01,101355,9.5,0
2026-09-01,101356,50.0,0
2026-09-01,101357,30.0,0
2026-09-01,101358,66.0,0
2026-09-01,101359,7.0,0
2026-09-01,101360,2.9,0
2026-09-01,101375,23.5,0
2026-09-01,101400,25.5,0
2026-09-01,101401,62.0,0
2026-09-01,101403,26.5,0
2026-09-01,101404,26.5,0
2026-09-01,101405,26.5,0
2026-09-01,101406,26.5,0
2026-09-01,101412,360.0,0
2026-09-01,101414,61.5,0
2026-09-01,101415,175.0,0
2026-09-01,101416,24.5,0
2026-09-01,101418,39.9,0
2026-09-01,101423,70.0,0
2026-09-01,101427,16.5,0
2026-09-01,101455,31.8,0
2026-09-01,101475,75.6,0
2026-09-01,101479,42.0,0
2026-09-01,101482,24.5,0
2026-09-01,101484,29.5,0
2026-09-01,101485,29.5,0
2026-09-01,101490,7.5,0
2026-09-01,101491,31.8,0
2026-09-01,101495,10.0,0
2026-09-01,101505,19.5,0
2026-09-01,101506,18.6,0
2026-09-01,101507,16.9,0
2026-09-01,101511,10.5,0
2026-09-01,101531,62.0,0
2026-09-01,101533,20.9,0
2026-09-01,101534,20.9,0
2026-09-01,101535,20.9,0
2026-09-01,101537,17.8,0
2026-09-01,101538,11.0,0
2026-09-01,101548,10.8,0
2026-09-01,101549,9.7,0
2026-09-01,101559,37.1,0
2026-09-01,101561,37.1,0
2026-09-01,101564,20.9,0
2026-09-01,101567,16.0,0
2026-09-01,101569,13.0,0
2026-09-01,101576,25.0,0
2026-09-01,101583,159.0,0
2026-09-01,101585,98.0,0
2026-09-01,101587,24.5,0
2026-09-01,101599,12.0,0
2026-09-01,101620,6.5,0
2026-09-01,101625,165.0,0
2026-09-01,101635,44.5,0
2026-09-01,101643,13.0,0
2026-09-01,101644,14.0,0
2026-09-01,101652,16.0,0
2026-09-01,101653,16.0,0
2026-09-01,101670,61.5,0
2026-09-01,101672,24.5,0
2026-09-01,101682,7.0,0
2026-09-01,101683,122.5,0
2026-09-01,101686,17.5,0
2026-09-01,101692,47.3,0
2026-09-01,101693,41.5,0
2026-09-01,101695,8.0,0
2026-09-01,101700,172.0,0
2026-09-01,101707,19.0,0
2026-09-01,101708,10.5,0
2026-09-01,101709,20.0,0
2026-09-01,101711,16.0,0
2026-09-01,101714,17.0,0
2026-09-01,101715,13.0,0
2026-09-01,101741,15.5,0
2026-09-01,101742,15.5,0
2026-09-01,101763,12.0,0
2026-09-01,101764,29.5,0
2026-09-01,101807,37.5,0
2026-09-01,101831,40.5,0
2026-09-01,101834,45.5,0
2026-09-01,101835,40.5,0
2026-09-01,101836,40.5,0
2026-09-01,101837,40.5,0
2026-09-01,101843,75.5,0
2026-09-01,101848,152.0,0
2026-09-01,101849,74.0,0
2026-09-01,101863,27.5,0
2026-09-01,101865,12.5,0
2026-09-01,101866,11.0,0
2026-09-01,101901,218.0,0
2026-09-01,101902,123.0,0
2026-09-01,101903,69.9,0
2026-09-01,101904,69.9,0
2026-09-01,101905,218.0,0
2026-09-01,101911,23.0,0
2026-09-01,101913,6.5,0
2026-09-01,101914,11.5,0
2026-09-01,101921,44.5,0
2026-09-01,101923,10.0,0
2026-09-01,101925,44.5,0
2026-09-01,101926,46.9,0
2026-09-01,101927,31.0,0
2026-09-01,101928,31.0,0
2026-09-01,101929,48.0,0
2026-09-01,101930,48.9,0
2026-09-01,101931,69.5,0
2026-09-01,101933,70.0,0
2026-09-01,101934,56.0,0
2026-09-01,101935,61.5,0
2026-09-01,101936,72.5,0
2026-09-01,101938,44.0,0
2026-09-01,101939,44.0,0
2026-09-01,101948,70.0,0
2026-09-01,101950,189.0,0
2026-09-01,101964,8.5,0
2026-09-01,101980,28.0,0
2026-09-01,101984,40.9,0
2026-09-01,101994,13.5,0
2026-09-01,101995,148.0,0
2026-09-01,101997,45.0,0
2026-09-01,101998,45.0,0
2026-09-01,101999,45.0,0
2026-09-01,102050,80.3,0
2026-09-01,102057,98.0,0
2026-09-01,102058,62.5,0
2026-09-01,102059,110.0,0
2026-09-01,102065,110.0,0
2026-09-01,102066,110.0,0
2026-09-01,102068,110.0,0
2026-09-01,102069,62.5,0
2026-09-01,102072,62.5,0
2026-09-01,102073,62.5,0
2026-09-01,102091,259.0,0
2026-09-01,102093,63.0,0
2026-09-01,102095,16.5,0
2026-09-01,102096,13.0,0
2026-09-01,102111,35.8,0
2026-09-01,102118,31.0,0
2026-09-01,102124,26.5,0
2026-09-01,102125,6.5,0
2026-09-01,102133,25.5,0
2026-09-01,102134,31.9,0
2026-09-01,102153,32.0,0
2026-09-01,102154,67.0,0
2026-09-01,102157,38.0,0
2026-09-01,102161,10.5,0
2026-09-01,102163,68.0,0
2026-09-01,102165,108.0,0
2026-09-01,102197,1699.0,0
2026-09-01,102201,65.4,0
2026-09-01,102250,125.5,0
2026-09-01,102351,107.0,0
2026-09-01,102505,8.0,0
2026-09-01,102506,8.0,0
2026-09-01,102507,8.0,0
2026-09-01,102508,8.0,0
2026-09-01,102509,21.0,0
2026-09-01,102510,21.0,0
2026-09-01,102511,21.0,0
2026-09-01,102512,21.0,0
2026-09-01,102717,25.0,0
2026-09-01,102775,6.0,0
2026-09-01,103020,95.0,0
2026-09-01,103060,24.0,0
2026-09-01,103905,22.9,0
2026-09-01,103906,22.9,0
2026-09-01,103908,22.9,0
2026-09-01,103909,22.9,0
2026-09-01,104010,16.0,0
2026-09-01,104011,16.2,0
2026-09-01,104012,13.9,0
2026-09-01,104013,16.2,0
2026-09-01,104017,97.4,0
2026-09-01,104019,97.4,0
2026-09-01,104061,188.5,0
2026-09-01,104062,188.5,0
2026-09-01,104063,123.5,0
2026-09-01,104064,123.5,0
2026-09-01,104067,74.7,0
2026-09-01,104071,63.7,0
2026-09-01,104090,43.0,0
2026-09-01,104157,39.0,0
2026-09-01,104210,158.4,0
2026-09-01,104211,14.4,0
2026-09-01,104214,10.4,0
2026-09-01,104215,10.4,0
2026-09-01,104217,9.9,0
2026-09-01,104228,6.1,0
2026-09-01,104229,6.1,0
2026-09-01,104230,6.1,0
2026-09-01,104231,6.1,0
2026-09-01,104260,50.5,0
2026-09-01,104262,32.5,0
2026-09-01,104263,225.0,0
2026-09-01,104550,4.8,0
2026-09-01,104560,30.0,0
2026-09-01,104561,30.0,0
2026-09-01,104563,30.0,0
2026-09-01,104564,30.0,0
2026-09-01,104565,30.0,0
2026-09-01,104567,30.0,0
2026-09-01,104631,99.0,0
2026-09-01,104633,25.0,0
2026-09-01,104634,29.0,0
2026-09-01,104635,13.0,0
2026-09-01,104636,47.5,0
2026-09-01,104638,15.9,0
2026-09-01,104678,29.5,0
2026-09-01,104681,80.0,0
2026-09-01,104683,80.0,0
2026-09-01,104721,30.0,0
2026-09-01,104796,19.0,0
2026-09-01,104797,47.3,0
2026-09-01,104799,50.9,0
2026-09-01,104800,35.9,0
2026-09-01,104808,51.6,0
2026-09-01,104809,74.1,0
2026-09-01,104926,75.0,0
2026-09-01,104927,75.0,0
2026-09-01,104928,83.0,0
2026-09-01,104935,98.0,0
2026-09-01,104936,62.0,0
2026-09-01,104938,62.0,0
2026-09-01,104939,78.0,0
2026-09-01,104987,18.0,0
2026-09-01,104988,87.5,0
2026-09-01,104989,87.5,0
2026-09-01,104990,60.5,0
2026-09-01,104993,47.5,0
2026-09-01,104995,43.8,0
2026-09-01,105010,75.0,0
2026-09-01,105014,30.0,0
2026-09-01,105049,65.9,0
2026-09-01,105050,65.9,0
2026-09-01,105060,40.6,0
2026-09-01,105092,13.2,0
2026-09-01,105097,75.0,0
2026-09-01,105098,75.0,0
2026-09-01,105099,75.0,0
2026-09-01,105260,144.9,0
2026-09-01,105321,21.0,0
2026-09-01,105445,27.5,0
2026-09-01,105452,22.0,0
2026-09-01,105461,28.9,0
2026-09-01,105646,59.0,0
2026-09-01,105647,59.0,0
2026-09-01,105683,132.0,0
2026-09-01,105687,59.0,0
2026-09-01,105711,59.0,0
2026-09-01,105712,59.0,0
2026-09-01,105715,8.9,0
2026-09-01,105730,18.6,0
2026-09-01,105731,18.6,0
2026-09-01,105740,50.0,0
2026-09-01,105762,37.3,0
2026-09-01,105771,7.5,0
2026-09-01,105775,36.0,0
2026-09-01,105778,5.8,0
2026-09-01,105789,11.5,0
2026-09-01,105791,37.3,0
2026-09-01,105810,63.3,0
2026-09-01,105831,10.2,0
2026-09-01,105840,20.9,0
2026-09-01,105842,20.9,0
2026-09-01,105843,20.9,0
2026-09-01,105844,20.9,0
2026-09-01,105847,66.0,0
2026-09-01,105848,65.9,0
2026-09-01,105861,22.0,0
2026-09-01,105862,7.7,0
2026-09-01,105863,10.0,0
2026-09-01,105864,10.0,0
2026-09-01,105865,16.2,0
2026-09-01,105866,18.7,0
2026-09-01,105867,27.5,0
2026-09-01,105868,42.5,0
2026-09-01,105911,42.5,0
2026-09-01,105931,6.9,0
2026-09-01,105960,78.9,0
2026-09-01,106013,109.2,0
2026-09-01,106072,60.5,0
2026-09-01,106074,87.5,0
2026-09-01,106078,60.5,0
2026-09-01,106079,60.5,0
2026-09-01,106083,36.8,0
2026-09-01,106090,20.6,0
2026-09-01,106153,47.9,0
2026-09-01,106277,11.5,0
2026-09-01,106278,11.5,0
2026-09-01,106530,14.0,0
2026-09-01,106532,14.0,0
2026-09-01,106586,53.9,0
2026-09-01,106588,31.4,0
2026-09-01,106592,83.0,0
2026-09-01,106650,32.2,0
2026-09-01,106651,32.2,0
2026-09-01,106678,8.1,0
2026-09-01,106679,13.4,0
2026-09-01,106680,8.1,0
2026-09-01,106681,11.1,0
2026-09-01,106682,13.4,0
2026-09-01,106683,13.4,0
2026-09-01,106684,8.1,0
2026-09-01,106685,31.4,0
2026-09-01,106686,6.5,0
2026-09-01,106687,24.0,0
2026-09-01,106712,132.0,0
2026-09-01,106779,50.0,0
2026-09-01,106831,41.9,0
2026-09-01,106840,35.6,0
2026-09-01,107010,20.9,0
2026-09-01,107012,20.9,0
2026-09-01,107015,29.5,0
2026-09-01,107016,29.5,0
2026-09-01,107025,20.0,0
2026-09-01,107027,20.0,0
2026-09-01,107028,139.0,0
2026-09-01,107029,20.0,0
2026-09-01,107031,89.0,0
2026-09-01,107032,75.0,0
2026-09-01,107033,75.0,0
2026-09-01,107035,75.0,0
2026-09-01,107120,17.0,0
2026-09-01,107190,29.5,0
2026-09-01,107201,28.5,0
2026-09-01,107213,25.0,0
2026-09-01,107492,74.9,0
2026-09-01,107717,18.5,0
2026-09-01,107815,10.0,0
2026-09-01,107817,10.0,0
2026-09-01,107977,81.0,0
2026-09-01,108038,195.0,0
2026-09-01,108039,195.0,0
2026-09-01,108090,31.0,0
2026-09-01,108091,34.5,0
2026-09-01,108120,19.5,0
2026-09-01,108131,236.5,0
2026-09-01,108185,42.5,0
2026-09-01,108186,39.5,0
2026-09-01,108187,10.9,0
2026-09-01,108221,20.0,0
2026-09-01,108222,20.0,0
2026-09-01,108223,20.0,0
2026-09-01,108530,96.0,0
2026-09-01,108531,96.0,0
2026-09-01,108532,89.0,0
2026-09-01,108533,11.0,0
2026-09-01,108534,50.4,0
2026-09-01,108535,9.6,0
2026-09-01,108553,119.0,0
2026-09-01,108554,78.0,0
2026-09-01,108561,94.9,0
2026-09-01,108591,25.0,0
2026-09-01,108592,25.0,0
2026-09-01,108634,20.0,0
2026-09-01,108635,24.0,0
2026-09-01,108637,46.0,0
2026-09-01,108638,26.6,0
2026-09-01,108639,78.7,0
2026-09-01,108655,86.4,0
2026-09-01,108656,96.0,0
2026-09-01,108660,71.5,0
2026-09-01,108661,76.7,0
2026-09-01,108662,76.7,0
2026-09-01,108663,71.5,0
2026-09-01,108664,76.7,0
2026-09-01,108665,76.7,0
2026-09-01,108666,76.7,0
2026-09-01,108667,84.5,0
2026-09-01,108705,47.3,0
2026-09-01,108706,44.0,0
2026-09-01,108720,61.5,0
2026-09-01,108730,41.3,0
2026-09-01,108752,18.0,0
2026-09-01,108753,97.4,0
2026-09-01,108760,127.0,0
2026-09-01,108783,47.5,0
2026-09-01,108785,27.0,0
2026-09-01,108820,13.6,0
2026-09-01,108821,13.6,0
2026-09-01,108863,10.0,0
2026-09-01,108875,62.4,0
2026-09-01,108876,62.4,0
2026-09-01,108890,21.0,0
2026-09-01,108893,21.0,0
2026-09-01,108940,32.7,0
2026-09-01,109021,16.8,0
2026-09-01,109022,27.5,0
2026-09-01,109023,64.5,0
2026-09-01,109038,25.0,0
2026-09-01,109060,83.0,0
2026-09-01,109061,83.0,0
2026-09-01,109062,83.0,0
2026-09-01,109064,13.0,0
2026-09-01,109070,29.0,0
2026-09-01,109071,19.5,0
2026-09-01,109073,19.5,0
2026-09-01,109074,19.5,0
2026-09-01,109076,19.5,0
2026-09-01,109081,18.0,0
2026-09-01,109090,76.7,0
2026-09-01,109091,123.5,0
2026-09-01,109092,76.7,0
2026-09-01,109093,188.5,0
2026-09-01,109095,27.5,0
2026-09-01,109122,25.0,0
2026-09-01,109127,17.0,0
2026-09-01,109213,11.0,0
2026-09-01,109216,25.0,0
2026-09-01,109219,59.0,0
2026-09-01,109230,14.4,0
2026-09-01,109232,14.4,0
2026-09-01,109233,38.8,0
2026-09-01,109234,27.9,0
2026-09-01,109240,29.0,0
2026-09-01,109241,29.3,0
2026-09-01,109242,29.2,0
2026-09-01,109243,29.0,0
2026-09-01,109245,15.0,0
2026-09-01,109246,14.0,0
2026-09-01,109249,18.2,0
2026-09-01,109250,19.0,0
2026-09-01,109251,19.2,0
2026-09-01,109252,19.2,0
2026-09-01,109253,18.2,0
2026-09-01,109254,23.9,0
2026-09-01,109255,23.9,0
2026-09-01,109256,23.9,0
2026-09-01,109257,23.9,0
2026-09-01,109265,14.4,0
2026-09-01,109266,57.5,0
2026-09-01,109267,16.0,0
2026-09-01,109268,20.9,0
2026-09-01,109271,11.7,0
2026-09-01,109272,21.3,0
2026-09-01,109292,42.9,0
2026-09-01,109295,77.4,0
2026-09-01,109296,77.4,0
2026-09-01,109307,5.5,0
2026-09-01,109310,226.9,0
2026-09-01,109311,226.9,0
2026-09-01,109312,226.9,0
2026-09-01,109313,226.9,0
2026-09-01,109314,19.0,0
2026-09-01,109416,71.5,0
2026-09-01,109496,32.3,0
2026-09-01,109519,101.0,0
2026-09-01,109523,33.0,0
2026-09-01,109524,26.0,0
2026-09-01,109526,26.0,0
2026-09-01,109551,75.0,0
2026-09-01,109552,75.0,0
2026-09-01,109553,75.0,0
2026-09-01,109555,187.0,0
2026-09-01,109556,187.0,0
2026-09-01,109558,74.0,0
2026-09-01,109574,122.0,0
2026-09-01,109575,122.0,0
2026-09-01,109578,61.0,0
2026-09-01,109579,61.0,0
2026-09-01,109581,63.0,0
2026-09-01,109582,63.0,0
2026-09-01,109583,75.9,0
2026-09-01,109622,6.2,0
2026-09-01,109624,6.5,0
2026-09-01,109625,25.0,0
2026-09-01,109628,18.6,0
2026-09-01,109642,26.0,0
2026-09-01,109643,33.0,0
2026-09-01,109644,26.0,0
2026-09-01,109645,33.0,0
2026-09-01,109646,33.0,0
2026-09-01,109648,21.0,0
2026-09-01,109649,21.0,0
2026-09-01,109650,33.0,0
2026-09-01,109651,33.0,0
2026-09-01,109653,21.0,0
2026-09-01,109655,26.0,0
2026-09-01,109656,26.0,0
2026-09-01,109658,26.0,0
2026-09-01,109715,57.6,0
2026-09-01,109716,14.4,0
2026-09-01,109717,25.2,0
2026-09-01,109760,29.0,0
2026-09-01,109763,44.0,0
2026-09-01,109769,22.0,0
2026-09-01,109770,33.0,0
2026-09-01,109801,47.5,0
2026-09-01,109805,24.8,0
2026-09-01,109809,90.0,0
2026-09-01,109824,66.0,0
2026-09-01,109956,12.0,0
2026-09-01,109957,45.6,0
2026-09-01,109958,90.0,0
2026-09-01,109959,12.0,0
2026-09-01,109960,45.6,0
2026-09-01,109961,90.0,0
2026-09-01,110022,44.9,0
2026-09-01,110078,27.4,0
2026-09-01,110103,84.9,0
2026-09-01,110151,27.5,0
2026-09-01,110201,82.0,0
2026-09-01,110202,39.5,0
2026-09-01,110204,39.5,0
2026-09-01,110208,39.5,0
2026-09-01,110210,39.5,0
2026-09-01,110215,39.5,0
2026-09-01,110277,105.0,0
2026-09-01,110435,12.5,0
2026-09-01,110577,46.5,0
2026-09-01,110701,30.5,0
2026-09-01,110877,31.5,0
2026-09-01,110879,31.5,0
2026-09-01,110888,61.0,0
2026-09-01,111048,32.7,0
2026-09-01,111054,36.0,0
2026-09-01,111058,36.0,0
2026-09-01,111087,41.0,0
2026-09-01,111214,20.0,0
2026-09-01,111219,85.0,0
2026-09-01,111221,53.9,0
2026-09-01,111222,96.0,0
2026-09-01,111223,96.0,0
2026-09-01,111224,36.9,0
2026-09-01,111226,49.8,0
2026-09-01,111228,22.5,0
2026-09-01,111310,23.0,0
2026-09-01,111374,78.0,0
2026-09-01,111561,4.0,0
2026-09-01,111590,71.9,0
2026-09-01,111591,147.5,0
2026-09-01,111613,101.0,0
2026-09-01,111655,28.6,0
2026-09-01,111656,35.0,0
2026-09-01,111676,8.8,0
2026-09-01,111682,84.9,0
2026-09-01,111685,126.2,0
2026-09-01,111686,106.2,0
2026-09-01,111687,136.3,0
2026-09-01,111690,108.8,0
2026-09-01,111691,103.1,0
2026-09-01,111692,62.5,0
2026-09-01,111696,53.8,0
2026-09-01,111697,31.3,0
2026-09-01,111698,41.3,0
2026-09-01,111699,31.3,0
2026-09-01,111701,43.7,0
2026-09-01,111800,56.0,0
2026-09-01,111831,55.5,0
2026-09-01,111835,43.3,0
2026-09-01,111878,25.0,0
2026-09-01,111912,60.0,0
2026-09-01,111990,94.9,0
2026-09-01,112018,30.3,0
2026-09-01,112189,11.0,0
2026-09-01,112251,42.5,0
2026-09-01,112277,29.0,0
2026-09-01,112292,11.7,0
2026-09-01,112293,11.7,0
2026-09-01,112294,11.7,0
2026-09-01,112297,11.7,0
2026-09-01,112299,11.7,0
2026-09-01,112302,17.0,0
2026-09-01,112303,17.0,0
2026-09-01,112304,17.0,0
2026-09-01,112368,25.2,0
2026-09-01,112369,117.9,0
2026-09-01,112383,99.0,0
2026-09-01,112390,7.9,0
2026-09-01,112391,10.0,0
2026-09-01,112394,90.0,0
2026-09-01,112395,90.0,0
2026-09-01,112396,90.0,0
2026-09-01,112397,90.0,0
2026-09-01,112398,90.0,0
2026-09-01,112407,148.0,0
2026-09-01,112423,42.0,0
2026-09-01,112424,42.0,0
2026-09-01,112431,39.9,0
2026-09-01,112435,7.0,0
2026-09-01,112438,189.7,0
2026-09-01,112540,24.5,0
2026-09-01,112541,27.0,0
2026-09-01,112542,60.0,0
2026-09-01,112545,99.0,0
2026-09-01,112563,178.9,0
2026-09-01,112570,15.4,0
2026-09-01,112572,22.9,0
2026-09-01,112575,310.0,0
2026-09-01,112577,310.0,0
2026-09-01,112578,229.0,0
2026-09-01,112579,13.0,0
2026-09-01,112582,27.5,0
2026-09-01,112586,23.0,0
2026-09-01,112731,102.5,0
2026-09-01,112809,24.9,0
2026-09-01,112810,24.9,0
2026-09-01,112811,24.9,0
2026-09-01,112813,49.7,0
2026-09-01,112814,49.7,0
2026-09-01,112815,49.7,0
2026-09-01,112871,57.3,0
2026-09-01,112894,45.0,0
2026-09-01,112938,14.6,0
2026-09-01,112941,42.0,0
2026-09-01,112967,26.0,0
2026-09-01,112970,26.0,0
2026-09-01,112971,26.0,0
2026-09-01,112973,33.0,0
2026-09-01,112975,33.0,0
2026-09-01,113042,199.7,0
2026-09-01,113102,48.7,0
2026-09-01,113103,48.7,0
2026-09-01,113104,24.1,0
2026-09-01,113105,24.1,0
2026-09-01,113106,24.1,0
2026-09-01,113107,24.1,0
2026-09-01,113225,20.2,0
2026-09-01,113305,60.0,0
2026-09-01,113310,34.8,0
2026-09-01,113311,34.8,0
2026-09-01,113529,79.6,0
2026-09-01,113530,79.6,0
2026-09-01,113531,53.9,0
2026-09-01,113535,53.9,0
2026-09-01,113537,79.6,0
2026-09-01,113538,79.6,0
2026-09-01,113540,195.0,0
2026-09-01,113549,21.0,0
2026-09-01,113550,21.0,0
2026-09-01,113639,14.0,0
2026-09-01,113680,31.0,0
2026-09-01,113814,47.7,0
2026-09-01,113815,23.2,0
2026-09-01,113888,49.9,0
2026-09-01,114021,23.5,0
2026-09-01,114050,20.0,0
2026-09-01,114060,94.9,0
2026-09-01,114064,180.0,0
2026-09-01,114085,44.0,0
2026-09-01,114087,44.0,0
2026-09-01,114089,37.0,0
2026-09-01,114091,55.0,0
2026-09-01,114098,53.0,0
2026-09-01,114134,52.5,0
2026-09-01,114135,52.5,0
2026-09-01,114136,61.5,0
2026-09-01,114155,39.0,0
2026-09-01,114157,39.0,0
2026-09-01,114158,38.0,0
2026-09-01,114159,38.0,0
2026-09-01,114216,24.3,0
2026-09-01,114229,25.0,0
2026-09-01,114231,25.0,0
2026-09-01,114232,25.0,0
2026-09-01,114233,25.0,0
2026-09-01,114236,11.6,0
2026-09-01,114237,11.6,0
2026-09-01,114238,11.6,0
2026-09-01,114240,7.5,0
2026-09-01,114241,7.5,0
2026-09-01,114242,26.7,0
2026-09-01,114246,15.9,0
2026-09-01,114247,43.9,0
2026-09-01,114251,42.0,0
2026-09-01,114252,42.0,0
2026-09-01,114270,25.0,0
2026-09-01,114271,25.0,0
2026-09-01,114277,25.0,0
2026-09-01,114279,25.0,0
2026-09-01,114280,20.0,0
2026-09-01,114281,25.0,0
2026-09-01,114290,266.0,0
2026-09-01,114311,7.5,0
2026-09-01,114318,20.6,0
2026-09-01,114319,20.6,0
2026-09-01,114320,20.6,0
2026-09-01,114321,20.6,0
2026-09-01,114378,59.0,0
2026-09-01,114390,47.1,0
2026-09-01,114455,60.6,0
2026-09-01,114656,28.6,0
2026-09-01,114657,28.6,0
2026-09-01,114700,13.8,0
2026-09-01,114760,57.6,0
2026-09-01,114791,75.0,0
2026-09-01,114792,75.0,0
2026-09-01,114807,1.0,0
2026-09-01,114841,53.0,0
2026-09-01,114894,25.6,0
2026-09-01,114895,12.3,0
2026-09-01,114899,36.9,0
2026-09-01,114900,82.5,0
2026-09-01,114910,38.0,0
2026-09-01,114911,20.9,0
2026-09-01,114912,11.0,0
2026-09-01,114914,3.7,0
2026-09-01,114985,46.9,0
2026-09-01,114995,26.9,0
2026-09-01,115001,20.0,0
2026-09-01,115011,20.0,0
2026-09-01,115017,20.0,0
2026-09-01,115050,151.6,0
2026-09-01,115060,14.0,0
2026-09-01,115110,25.0,0
2026-09-01,115111,25.0,0
2026-09-01,115112,25.0,0
2026-09-01,115113,25.0,0
2026-09-01,115114,25.0,0
2026-09-01,115116,25.0,0
2026-09-01,115117,26.5,0
2026-09-01,115150,66.0,0
2026-09-01,115151,43.0,0
2026-09-01,115250,39.9,0
2026-09-01,115350,194.0,0
2026-09-01,115353,215.0,0
2026-09-01,115357,215.0,0
2026-09-01,115603,15.9,0
2026-09-01,115707,19.0,0
2026-09-01,115800,19.9,0
2026-09-01,115802,19.9,0
2026-09-01,116014,42.0,0
2026-09-01,116016,43.0,0
2026-09-01,116019,94.0,0
2026-09-01,116038,60.6,0
2026-09-01,116040,20.5,0
2026-09-01,116057,10.7,0
2026-09-01,116058,4.5,0
2026-09-01,116059,24.0,0
2026-09-01,116060,9.0,0
2026-09-01,116061,4.0,0
2026-09-01,116062,4.0,0
2026-09-01,116063,14.0,0
2026-09-01,116064,21.0,0
2026-09-01,116065,21.0,0
2026-09-01,116102,47.0,0
2026-09-01,116107,50.0,0
2026-09-01,116108,55.0,0
2026-09-01,116109,25.0,0
2026-09-01,116130,39.1,0
2026-09-01,116302,22.0,0
2026-09-01,116304,41.6,0
2026-09-01,116340,25.0,0
2026-09-01,116347,73.2,0
2026-09-01,116408,10.5,0
2026-09-01,116450,8.0,0
2026-09-01,116451,38.4,0
2026-09-01,116500,103.5,0
2026-09-01,116501,103.5,0
2026-09-01,116620,153.4,0
2026-09-01,116621,74.1,0
2026-09-01,116623,29.0,0
2026-09-01,116624,98.1,0
2026-09-01,116625,100.1,0
2026-09-01,116690,27.0,0
2026-09-01,116696,8.1,0
2026-09-01,116998,12.4,0
2026-09-01,117031,59.0,0
2026-09-01,117072,10.9,0
2026-09-01,117073,10.9,0
2026-09-01,117074,10.9,0
2026-09-01,117077,15.5,0
2026-09-01,117101,4.5,0
2026-09-01,117103,6.0,0
2026-09-01,117140,52.2,0
2026-09-01,117141,52.2,0
2026-09-01,117144,24.0,0
2026-09-01,117151,90.4,0
2026-09-01,117560,79.9,0
2026-09-01,117773,8.8,0
2026-09-01,117977,13.5,0
2026-09-01,117994,8.8,0
2026-09-01,118001,3.0,0
2026-09-01,118026,94.0,0
2026-09-01,118027,94.0,0
2026-09-01,118029,66.0,0
2026-09-01,118035,128.0,0
2026-09-01,118116,32.2,0
2026-09-01,118140,39.1,0
2026-09-01,118141,60.6,0
2026-09-01,118144,13.8,0
2026-09-01,118188,40.5,0
2026-09-01,118400,57.0,0
2026-09-01,118410,50.9,0
2026-09-01,118411,45.2,0
2026-09-01,118800,18.8,0
2026-09-01,118870,81.5,0
2026-09-01,118871,47.9,0
2026-09-01,118874,18.0,0
2026-09-01,118923,18.8,0
2026-09-01,119001,45.0,0
2026-09-01,119008,31.2,0
2026-09-01,119009,8.8,0
2026-09-01,119012,67.1,0
2026-09-01,119013,67.1,0
2026-09-01,119023,44.9,0
2026-09-01,119032,18.8,0
2026-09-01,119040,19.0,0
2026-09-01,119067,20.6,0
2026-09-01,119100,25.0,0
2026-09-01,119148,9.5,0
2026-09-01,119156,3.6,0
2026-09-01,119190,43.0,0
2026-09-01,119229,19.4,0
2026-09-01,119309,21.0,0
2026-09-01,119316,12.5,0
2026-09-01,119325,30.0,0
2026-09-01,119327,35.0,0
2026-09-01,119355,14.0,0
2026-09-01,119356,14.0,0
2026-09-01,119396,30.0,0
2026-09-01,119397,30.0,0
2026-09-01,119398,30.0,0
2026-09-01,119427,50.9,0
2026-09-01,119439,89.7,0
2026-09-01,119441,72.8,0
2026-09-01,119442,29.0,0
2026-09-01,119444,153.4,0
2026-09-01,119491,22.9,0
2026-09-01,119502,94.0,0
2026-09-01,119543,68.0,0
2026-09-01,119545,65.0,0
2026-09-01,119546,65.0,0
2026-09-01,119547,68.0,0
2026-09-01,119570,30.0,0
2026-09-01,119572,30.0,0
2026-09-01,119573,30.0,0
2026-09-01,119576,30.0,0
2026-09-01,119578,20.0,0
2026-09-01,119756,20.0,0
2026-09-01,119758,20.0,0
2026-09-01,119759,20.0,0
2026-09-01,119760,36.8,0
2026-09-01,119785,23.0,0
2026-09-01,119786,20.0,0
2026-09-01,119906,18.0,0
2026-09-01,120045,29.5,0
2026-09-01,120065,14.9,0
2026-09-01,120120,155.0,0
2026-09-01,120121,155.0,0
2026-09-01,120523,31.0,0
2026-09-01,120524,31.0,0
2026-09-01,120525,31.0,0
2026-09-01,120526,31.0,0
2026-09-01,120528,25.0,0
2026-09-01,120541,60.0,0
2026-09-01,120543,60.0,0
2026-09-01,120546,60.0,0
2026-09-01,120548,60.0,0
2026-09-01,120550,36.0,0
2026-09-01,120551,36.0,0
2026-09-01,120552,36.0,0
2026-09-01,120554,36.0,0
2026-09-01,120555,36.0,0
2026-09-01,120556,36.0,0
2026-09-01,120557,36.0,0
2026-09-01,120559,45.0,0
2026-09-01,120560,45.0,0
2026-09-01,120564,45.0,0
2026-09-01,120569,17.0,0
2026-09-01,120573,15.5,0
2026-09-01,120574,159.2,0
2026-09-01,120717,15.5,0
2026-09-01,120718,18.5,0
2026-09-01,120719,25.5,0
2026-09-01,120720,23.5,0
2026-09-01,120726,20.0,0
2026-09-01,121353,34.9,0
2026-09-01,121452,49.0,0
2026-09-01,121538,49.0,0
2026-09-01,121563,57.0,0
2026-09-01,121564,58.0,0
2026-09-01,121821,200.0,0
2026-09-01,121873,22.0,0
2026-09-01,121877,19.9,0
2026-09-01,121880,15.0,0
2026-09-01,121884,22.0,0
2026-09-01,121889,15.0,0
2026-09-01,121891,15.0,0
2026-09-01,121892,15.0,0
2026-09-01,121893,15.0,0
2026-09-01,121894,15.0,0
2026-09-01,121895,15.0,0
2026-09-01,121897,15.0,0
2026-09-01,121899,13.9,0
2026-09-01,121915,31.5,0
2026-09-01,121916,69.9,0
2026-09-01,121930,58.9,0
2026-09-01,122050,74.5,0
2026-09-01,122097,11.5,0
2026-09-01,122157,13.5,0
2026-09-01,122191,54.0,0
2026-09-01,122192,95.0,0
2026-09-01,122301,60.0,0
2026-09-01,122309,19.5,0
2026-09-01,122314,79.0,0
2026-09-01,122316,79.0,0
2026-09-01,122317,79.0,0
2026-09-01,122334,36.0,0
2026-09-01,122740,48.0,0
2026-09-01,122745,139.0,0
2026-09-01,122751,48.0,0
2026-09-01,122815,8.0,0
2026-09-01,122823,29.9,0
2026-09-01,122880,243.0,0
2026-09-01,122881,62.0,0
2026-09-01,122883,98.0,0
2026-09-01,122884,62.0,0
2026-09-01,122885,85.0,0
2026-09-01,122901,36.0,0
2026-09-01,122902,36.0,0
2026-09-01,122903,36.0,0
2026-09-01,122905,36.0,0
2026-09-01,122906,36.0,0
2026-09-01,122915,21.0,0
2026-09-01,122917,19.5,0
2026-09-01,122921,19.5,0
2026-09-01,122922,19.5,0
2026-09-01,122923,19.5,0
2026-09-01,122924,19.5,0
2026-09-01,122927,19.5,0
2026-09-01,122929,19.5,0
2026-09-01,122930,19.5,0
2026-09-01,122933,53.0,0
2026-09-01,122950,19.5,0
2026-09-01,122953,19.5,0
2026-09-01,122958,48.0,0
2026-09-01,122959,48.0,0
2026-09-01,122962,36.0,0
2026-09-01,122963,36.0,0
2026-09-01,122973,40.0,0
2026-09-01,122976,36.0,0
2026-09-01,122979,19.5,0
2026-09-01,122980,21.0,0
2026-09-01,122981,36.0,0
2026-09-01,122982,36.0,0
2026-09-01,122983,29.0,0
2026-09-01,122984,29.0,0
2026-09-01,122985,29.0,0
2026-09-01,122986,29.0,0
2026-09-01,122988,60.0,0
2026-09-01,122990,60.0,0
2026-09-01,123021,142.0,0
2026-09-01,123024,14.3,0
2026-09-01,123059,3.5,0
2026-09-01,123333,46.5,0
2026-09-01,123334,36.5,0
2026-09-01,123617,25.0,0
2026-09-01,125026,6.6,0
2026-09-01,125717,6.0,0
2026-09-01,125719,6.0,0
2026-09-01,126011,19.0,0
2026-09-01,126013,96.9,0
2026-09-01,126024,42.7,0
2026-09-01,126489,11.9,0
2026-09-01,126519,31.5,0
2026-09-01,126587,83.0,0
2026-09-01,126758,99.9,0
2026-09-01,127868,6.5,0
2026-09-01,128317,26.5,0
2026-09-01,128538,75.0,0
2026-09-01,129097,11.0,0
2026-09-01,129240,7.5,0
2026-09-01,129275,37.9,0
2026-09-01,129283,8.0,0
2026-09-01,129348,7.6,0
2026-09-01,129399,8.5,0
2026-09-01,129429,15.3,0
2026-09-01,129437,42.5,0
2026-09-01,129445,23.0,0
2026-09-01,129461,9.2,0
2026-09-01,129470,8.2,0
2026-09-01,129608,20.7,0
2026-09-01,130100,14.9,0
2026-09-01,131131,103.5,0
2026-09-01,131135,103.5,0
2026-09-01,131232,301.0,0
2026-09-01,131241,20.0,0
2026-09-01,131291,108.0,0
2026-09-01,131292,118.0,0
2026-09-01,131423,56.0,0
2026-09-01,131431,56.0,0
2026-09-01,131458,27.0,0
2026-09-01,131466,53.5,0
2026-09-01,131474,12.5,0
2026-09-01,131829,38.9,0
2026-09-01,131830,38.9,0
2026-09-01,131831,43.3,0
2026-09-01,131832,43.3,0
2026-09-01,131857,12.2,0
2026-09-01,131941,50.3,0
2026-09-01,132269,41.5,0
2026-09-01,132270,42.8,0
2026-09-01,132271,36.7,0
2026-09-01,132272,41.5,0
2026-09-01,132273,41.0,0
2026-09-01,132274,41.0,0
2026-09-01,132477,112.0,0
2026-09-01,132478,112.0,0
2026-09-01,132489,81.5,0
2026-09-01,132519,34.0,0
2026-09-01,132527,31.5,0
2026-09-01,132608,6.9,0
2026-09-01,132624,10.0,0
2026-09-01,133566,57.0,0
2026-09-01,133795,195.0,0
2026-09-01,134261,20.9,0
2026-09-01,135135,159.9,0
2026-09-01,135143,179.0,0
2026-09-01,135151,32.5,0
2026-09-01,135623,49.7,0
2026-09-01,136344,62.5,0
2026-09-01,136450,43.5,0
2026-09-01,136501,31.5,0
2026-09-01,136520,46.5,0
2026-09-01,136524,31.5,0
2026-09-01,136576,290.0,0
2026-09-01,136999,10.5,0
2026-09-01,137022,21.5,0
2026-09-01,137677,7.9,0
2026-09-01,137901,19.5,0
2026-09-01,137910,19.5,0
2026-09-01,137928,19.5,0
2026-09-01,137936,19.5,0
2026-09-01,138058,222.6,0
2026-09-01,138215,12.0,0
2026-09-01,138223,13.0,0
2026-09-01,138231,13.0,0
2026-09-01,138614,6.3,0
2026-09-01,138860,9.5,0
2026-09-01,139386,47.5,0
2026-09-01,139521,65.5,0
2026-09-01,139653,76.0,0
2026-09-01,139718,56.1,0
2026-09-01,139807,50.0,0
2026-09-01,139890,74.9,0
2026-09-01,139963,65.5,0
2026-09-01,140376,23.0,0
2026-09-01,140805,19.9,0
2026-09-01,141100,8.9,0
2026-09-01,141414,11.5,0
2026-09-01,141433,9.4,0
2026-09-01,141958,109.0,0
2026-09-01,141959,49.9,0
2026-09-01,142233,21.5,0
2026-09-01,143049,8.0,0
2026-09-01,143804,41.3,0
2026-09-01,143863,102.0,0
2026-09-01,143871,56.8,0
2026-09-01,144460,70.0,0
2026-09-01,144872,103.0,0
2026-09-01,145432,44.2,0
2026-09-01,146064,6.6,0
2026-09-01,146200,27.4,0
2026-09-01,146366,41.0,0
2026-09-01,146455,36.0,0
2026-09-01,146536,45.5,0
2026-09-01,146625,16.0,0
2026-09-01,146633,16.0,0
2026-09-01,146749,49.6,0
2026-09-01,147206,231.0,0
2026-09-01,149101,53.0,0
2026-09-01,149268,42.0,0
2026-09-01,149659,29.5,0
2026-09-01,150006,161.0,0
2026-09-01,150180,18.0,0
2026-09-01,150182,29.5,0
2026-09-01,150187,32.5,0
2026-09-01,150418,14.0,0
2026-09-01,150561,31.5,0
2026-09-01,150681,4.0,0
2026-09-01,150795,20.5,0
2026-09-01,150812,36.2,0
2026-09-01,150816,47.0,0
2026-09-01,150817,68.0,0
2026-09-01,150947,23.3,0
2026-09-01,151031,18.0,0
2026-09-01,151117,80.0,0
2026-09-01,151128,53.8,0
2026-09-01,151131,81.0,0
2026-09-01,151140,9.5,0
2026-09-01,151141,10.5,0
2026-09-01,151199,45.0,0
2026-09-01,151212,14.0,0
2026-09-01,151302,80.0,0
2026-09-01,151395,32.5,0
2026-09-01,151568,95.0,0
2026-09-01,151576,25.9,0
2026-09-01,151594,60.8,0
2026-09-01,151713,14.2,0
2026-09-01,152202,77.4,0
2026-09-01,152204,39.0,0
2026-09-01,152293,2.0,0
2026-09-01,152684,17.0,0
2026-09-01,152816,15.0,0
2026-09-01,152820,45.9,0
2026-09-01,152824,15.0,0
2026-09-01,153110,3.5,0
2026-09-01,153119,15.5,0
2026-09-01,153312,50.0,0
2026-09-01,153535,445.0,0
2026-09-01,153648,33.0,0
2026-09-01,153700,17.0,0
2026-09-01,153702,31.5,0
2026-09-01,153705,10.5,0
2026-09-01,153710,60.0,0
2026-09-01,153821,38.9,0
2026-09-01,153823,38.9,0
2026-09-01,153907,3.5,0
2026-09-01,154717,25.0,0
2026-09-01,155462,39.0,0
2026-09-01,155713,5.0,0
2026-09-01,155750,9.3,0
2026-09-01,155765,86.5,0
2026-09-01,155766,23.0,0
2026-09-01,155768,14.0,0
2026-09-01,155770,13.5,0
2026-09-01,155771,13.5,0
2026-09-01,155787,75.0,0
2026-09-01,155788,75.0,0
2026-09-01,155789,76.0,0
2026-09-01,155790,83.0,0
2026-09-01,155809,205.0,0
2026-09-01,155810,205.0,0
2026-09-01,155812,51.6,0
2026-09-01,155813,80.6,0
2026-09-01,155928,23.0,0
2026-09-01,155930,69.7,0
2026-09-01,155932,30.7,0
2026-09-01,156203,192.6,0
2026-09-01,156204,192.6,0
2026-09-01,156205,92.7,0
2026-09-01,156206,92.7,0
2026-09-01,156207,92.7,0
2026-09-01,156208,92.7,0
2026-09-01,156211,192.6,0
2026-09-01,156213,291.5,0
2026-09-01,156214,243.9,0
2026-09-01,156248,11.5,0
2026-09-01,157147,15.0,0
2026-09-01,157700,23.5,0
2026-09-01,157721,205.0,0
2026-09-01,157722,41.9,0
2026-09-01,157723,41.2,0
2026-09-01,157725,20.5,0
2026-09-01,157732,195.0,0
2026-09-01,158470,8.0,0
2026-09-01,158526,61.7,0
2026-09-01,158747,44.0,0
2026-09-01,158815,32.5,0
2026-09-01,158829,4.5,0
2026-09-01,158830,4.5,0
2026-09-01,158895,79.9,0
2026-09-01,160148,38.6,0
2026-09-01,161169,18.0,0
2026-09-01,161928,49.9,0
2026-09-01,162036,33.6,0
2026-09-01,162042,18.7,0
2026-09-01,162043,33.6,0
2026-09-01,162434,3.5,0
2026-09-01,162450,7.0,0
2026-09-01,162515,83.0,0
2026-09-01,163155,29.5,0
2026-09-01,164216,14.5,0
2026-09-01,164372,6.0,0
2026-09-01,164380,22.5,0
2026-09-01,165182,12.0,0
2026-09-01,165310,19.5,0
2026-09-01,165735,49.5,0
2026-09-01,165743,39.5,0
2026-09-01,165890,24.9,0
2026-09-01,165971,43.0,0
2026-09-01,165972,66.0,0
2026-09-01,166332,12.5,0
2026-09-01,169856,34.9,0
2026-09-01,170712,190.0,0
2026-09-01,172006,48.0,0
2026-09-01,172014,79.0,0
2026-09-01,174645,76.8,0
2026-09-01,174661,34.9,0
2026-09-01,174670,7.0,0
2026-09-01,174700,299.0,0
2026-09-01,174726,205.0,0
2026-09-01,174755,20.4,0
2026-09-01,174756,20.4,0
2026-09-01,174757,20.4,0
2026-09-01,175020,25.0,0
2026-09-01,175021,25.0,0
2026-09-01,175023,20.0,0
2026-09-01,175025,25.0,0
2026-09-01,175026,42.0,0
2026-09-01,175027,42.0,0
2026-09-01,175028,31.0,0
2026-09-01,175029,44.5,0
2026-09-01,175031,25.0,0
2026-09-01,175032,25.0,0
2026-09-01,175033,25.0,0
2026-09-01,175034,25.0,0
2026-09-01,175161,12.2,0
2026-09-01,175756,18.6,0
2026-09-01,175790,17.5,0
2026-09-01,176133,889.0,0
2026-09-01,176508,13.5,0
2026-09-01,176559,13.5,0
2026-09-01,176567,13.5,0
2026-09-01,177113,99.9,0
2026-09-01,177871,16.9,0
2026-09-01,177881,237.5,0
2026-09-01,178047,70.7,0
2026-09-01,178551,14.0,0
2026-09-01,179191,19.6,0
2026-09-01,180092,17.0,0
2026-09-01,180325,108.0,0
2026-09-01,181704,18.0,0
2026-09-01,181710,26.8,0
2026-09-01,181711,68.0,0
2026-09-01,182036,31.9,0
2026-09-01,182287,75.5,0
2026-09-01,183018,61.0,0
2026-09-01,183020,82.2,0
2026-09-01,187818,22.0,0
2026-09-01,187877,81.0,0
2026-09-01,187971,6.5,0
2026-09-01,191630,20.6,0
2026-09-01,192044,56.5,0
2026-09-01,192686,44.0,0
2026-09-01,193224,9.5,0
2026-09-01,193380,16.0,0
2026-09-01,193402,14.5,0
2026-09-01,193410,14.5,0
2026-09-01,193828,33.6,0
2026-09-01,193946,35.5,0
2026-09-01,194175,61.0,0
2026-09-01,194456,34.9,0
2026-09-01,194457,34.9,0
2026-09-01,195447,48.7,0
2026-09-01,195588,27.5,0
2026-09-01,195626,71.5,0
2026-09-01,195634,71.5,0
2026-09-01,197487,102.5,0
2026-09-01,198004,56.0,0
2026-09-01,198005,33.5,0
2026-09-01,198011,9.0,0
2026-09-01,198012,9.0,0
2026-09-01,198480,244.0,0
2026-09-01,198596,52.5,0
2026-09-01,198597,70.0,0
2026-09-01,198600,50.0,0
2026-09-01,199958,90.0,0
2026-09-01,200185,16.5,0
2026-09-01,200326,11.5,0
2026-09-01,200327,6.5,0
2026-09-01,200435,18.0,0
2026-09-01,200496,85.0,0
2026-09-01,200715,58.9,0
2026-09-01,200733,30.0,0
2026-09-01,200753,8.0,0
2026-09-01,201014,18.0,0
2026-09-01,201015,18.0,0
2026-09-01,201047,37.5,0
2026-09-01,201112,25.0,0
2026-09-01,201210,14.8,0
2026-09-01,201269,42.5,0
2026-09-01,201341,16.5,0
2026-09-01,201354,35.9,0
2026-09-01,201383,57.5,0
2026-09-01,201487,285.0,0
2026-09-01,201577,188.0,0
2026-09-01,201778,12.4,0
2026-09-01,201816,78.5,0
2026-09-01,201898,27.0,0
2026-09-01,201971,12.0,0
2026-09-01,201978,44.9,0
2026-09-01,202002,80.0,0
2026-09-01,202088,18.7,0
2026-09-01,202097,82.5,0
2026-09-01,202131,32.0,0
2026-09-01,202132,17.0,0
2026-09-01,202133,45.9,0
2026-09-01,202135,17.0,0
2026-09-01,202136,27.9,0
2026-09-01,202137,27.9,0
2026-09-01,202140,40.9,0
2026-09-01,202155,8.5,0
2026-09-01,202170,30.5,0
2026-09-01,202175,27.9,0
2026-09-01,202273,20.9,0
2026-09-01,202276,104.9,0
2026-09-01,202504,20.0,0
2026-09-01,202618,20.7,0
2026-09-01,202781,41.9,0
2026-09-01,202783,41.9,0
2026-09-01,203080,22.6,0
2026-09-01,203138,45.9,0
2026-09-01,203145,42.0,0
2026-09-01,203149,74.0,0
2026-09-01,203150,61.3,0
2026-09-01,203152,83.0,0
2026-09-01,203227,29.5,0
2026-09-01,203523,75.0,0
2026-09-01,203710,11.5,0
2026-09-01,204015,37.5,0
2026-09-01,204017,234.9,0
2026-09-01,204035,49.0,0
2026-09-01,204109,54.0,0
2026-09-01,204154,39.0,0
2026-09-01,204199,685.0,0
2026-09-01,204310,28.5,0
2026-09-01,204318,28.5,0
2026-09-01,204319,39.0,0
2026-09-01,204322,44.9,0
2026-09-01,204487,32.5,0
2026-09-01,204577,7.5,0
2026-09-01,204817,16.5,0
2026-09-01,205213,221.0,0
2026-09-01,205776,31.5,0
2026-09-01,205871,51.9,0
2026-09-01,205877,51.9,0
2026-09-01,205975,40.0,0
2026-09-01,205976,40.0,0
2026-09-01,205981,8.5,0
2026-09-01,206718,15.5,0
2026-09-01,206879,36.5,0
2026-09-01,207174,19.5,0
2026-09-01,207250,51.3,0
2026-09-01,207365,6.0,0
2026-09-01,207373,6.0,0
2026-09-01,207710,17.5,0
2026-09-01,207795,16.9,0
2026-09-01,207797,21.9,0
2026-09-01,208639,28.8,0
2026-09-01,208717,48.0,0
2026-09-01,208971,103.5,0
2026-09-01,209052,225.0,0
2026-09-01,209054,225.0,0
2026-09-01,209072,18.0,0
2026-09-01,209079,61.2,0
2026-09-01,209080,99.9,0
2026-09-01,209081,135.2,0
2026-09-01,209083,82.5,0
2026-09-01,209084,82.5,0
2026-09-01,209085,198.2,0
2026-09-01,209087,25.0,0
2026-09-01,209088,19.4,0
2026-09-01,209094,138.0,0
2026-09-01,209095,138.0,0
2026-09-01,209120,18.6,0
2026-09-01,209122,77.4,0
2026-09-01,209124,40.3,0
2026-09-01,209126,13.4,0
2026-09-01,209127,8.1,0
2026-09-01,209128,17.0,0
2026-09-01,209273,21.3,0
2026-09-01,209274,22.4,0
2026-09-01,209325,34.5,0
2026-09-01,209533,23.8,0
2026-09-01,209539,89.9,0
2026-09-01,209541,16.7,0
2026-09-01,209542,37.0,0
2026-09-01,209543,68.5,0
2026-09-01,209544,31.0,0
2026-09-01,209545,31.0,0
2026-09-01,209547,31.0,0
2026-09-01,209549,24.2,0
2026-09-01,209552,167.0,0
2026-09-01,209556,108.0,0
2026-09-01,209560,225.0,0
2026-09-01,209678,14.5,0
2026-09-01,209703,15.0,0
2026-09-01,209718,4.5,0
2026-09-01,209730,15.0,0
2026-09-01,209731,15.0,0
2026-09-01,209735,4.5,0
2026-09-01,209736,4.5,0
2026-09-01,209741,8.0,0
2026-09-01,209775,6.5,0
2026-09-01,209777,5.5,0
2026-09-01,209778,150.0,0
2026-09-01,210003,18.5,0
2026-09-01,210018,125.0,0
2026-09-01,210030,14.0,0
2026-09-01,210031,30.0,0
2026-09-01,210032,11.0,0
2026-09-01,210052,35.9,0
2026-09-01,210053,35.9,0
2026-09-01,210054,37.9,0
2026-09-01,210065,14.9,0
2026-09-01,210066,16.9,0
2026-09-01,210067,49.9,0
2026-09-01,210081,10.0,0
2026-09-01,210082,10.0,0
2026-09-01,210083,41.0,0
2026-09-01,210084,75.9,0
2026-09-01,210087,5.0,0
2026-09-01,210153,30.5,0
2026-09-01,210418,20.0,0
2026-09-01,210500,12.0,0
2026-09-01,210502,7.5,0
2026-09-01,210504,5.0,0
2026-09-01,210505,10.4,0
2026-09-01,210987,339.0,0
2026-09-01,211002,95.0,0
2026-09-01,211003,95.0,0
2026-09-01,211005,30.0,0
2026-09-01,211006,30.0,0
2026-09-01,211007,9.0,0
2026-09-01,211008,9.0,0
2026-09-01,211010,75.0,0
2026-09-01,211012,14.5,0
2026-09-01,211346,37.5,0
2026-09-01,211782,56.9,0
2026-09-01,213015,27.4,0
2026-09-01,213611,32.2,0
2026-09-01,213764,125.0,0
2026-09-01,215252,2.7,0
2026-09-01,215414,46.0,0
2026-09-01,215771,35.8,0
2026-09-01,215773,31.0,0
2026-09-01,215777,519.0,0
2026-09-01,215787,9.3,0
2026-09-01,215996,6.7,0
2026-09-01,216046,25.5,0
2026-09-01,216771,21.0,0
2026-09-01,217122,10.0,0
2026-09-01,217125,5.5,0
2026-09-01,217126,5.5,0
2026-09-01,217127,5.5,0
2026-09-01,217133,15.0,0
2026-09-01,217137,15.9,0
2026-09-01,217138,21.0,0
2026-09-01,217171,7.5,0
2026-09-01,217433,42.1,0
2026-09-01,217441,4.5,0
2026-09-01,217735,235.0,0
2026-09-01,217743,18.2,0
2026-09-01,217791,15.5,0
2026-09-01,218480,6.0,0
2026-09-01,218634,25.0,0
2026-09-01,218780,43.0,0
2026-09-01,218781,43.0,0
2026-09-01,218788,8.0,0
2026-09-01,219747,15.0,0
2026-09-01,219748,8.5,0
2026-09-01,219776,12.5,0
2026-09-01,219777,12.5,0
2026-09-01,219979,52.0,0
2026-09-01,220069,14.5,0
2026-09-01,220111,28.6,0
2026-09-01,220130,36.4,0
2026-09-01,220389,28.8,0
2026-09-01,220390,28.8,0
2026-09-01,220411,27.0,0
2026-09-01,220412,19.6,0
2026-09-01,220413,16.8,0
2026-09-01,220414,24.0,0
2026-09-01,220454,19.9,0
2026-09-01,220486,96.5,0
2026-09-01,220517,29.9,0
2026-09-01,220518,29.9,0
2026-09-01,220519,35.4,0
2026-09-01,220520,3.4,0
2026-09-01,220521,7.7,0
2026-09-01,220522,32.4,0
2026-09-01,220524,7.8,0
2026-09-01,220525,6.9,0
2026-09-01,220526,19.0,0
2026-09-01,220571,39.0,0
2026-09-01,220577,23.5,0
2026-09-01,220580,68.0,0
2026-09-01,220581,14.9,0
2026-09-01,220600,25.4,0
2026-09-01,220640,9.5,0
2026-09-01,220661,43.0,0
2026-09-01,220664,48.5,0
2026-09-01,220665,20.5,0
2026-09-01,220666,26.9,0
2026-09-01,220678,14.4,0
2026-09-01,220679,14.4,0
2026-09-01,220700,15.6,0
2026-09-01,220702,15.6,0
2026-09-01,220703,15.6,0
2026-09-01,220704,15.6,0
2026-09-01,220705,15.6,0
2026-09-01,220706,21.0,0
2026-09-01,220707,14.4,0
2026-09-01,220708,20.4,0
2026-09-01,220709,20.4,0
2026-09-01,220711,20.4,0
2026-09-01,220712,20.4,0
2026-09-01,220713,20.4,0
2026-09-01,220714,20.4,0
2026-09-01,220718,77.8,0
2026-09-01,220725,31.5,0
2026-09-01,220727,31.5,0
2026-09-01,220740,13.5,0
2026-09-01,220741,25.5,0
2026-09-01,220742,15.0,0
2026-09-01,220743,15.0,0
2026-09-01,220746,139.4,0
2026-09-01,220761,14.9,0
2026-09-01,220762,18.4,0
2026-09-01,220763,26.8,0
2026-09-01,220792,46.4,0
2026-09-01,220877,130.0,0
2026-09-01,220878,130.0,0
2026-09-01,220907,132.0,0
2026-09-01,220913,23.0,0
2026-09-01,220970,29.9,0
2026-09-01,220971,29.9,0
2026-09-01,220975,29.9,0
2026-09-01,220976,29.9,0
2026-09-01,220977,29.9,0
2026-09-01,221107,109.0,0
2026-09-01,221108,109.0,0
2026-09-01,221109,109.0,0
2026-09-01,221212,99.0,0
2026-09-01,221376,14.5,0
2026-09-01,221505,39.0,0
2026-09-01,221506,37.0,0
2026-09-01,221718,20.0,0
2026-09-01,221871,125.0,0
2026-09-01,221922,107.5,0
2026-09-01,221925,83.7,0
2026-09-01,221926,83.7,0
2026-09-01,222070,25.0,0
2026-09-01,222126,32.0,0
2026-09-01,222130,56.3,0
2026-09-01,222131,17.9,0
2026-09-01,222133,56.3,0
2026-09-01,222137,56.3,0
2026-09-01,222142,140.0,0
2026-09-01,222147,48.0,0
2026-09-01,222156,39.4,0
2026-09-01,222163,24.9,0
2026-09-01,222165,79.6,0
2026-09-01,222168,27.9,0
2026-09-01,222169,38.8,0
2026-09-01,222170,26.4,0
2026-09-01,222188,61.3,0
2026-09-01,222189,61.3,0
2026-09-01,222190,61.3,0
2026-09-01,222191,61.3,0
2026-09-01,222192,61.3,0
2026-09-01,222193,61.3,0
2026-09-01,222198,6.5,0
2026-09-01,222199,4.5,0
2026-09-01,222200,47.0,0
2026-09-01,222201,62.4,0
2026-09-01,222203,249.0,0
2026-09-01,222206,30.8,0
2026-09-01,222207,156.0,0
2026-09-01,222218,185.0,0
2026-09-01,222228,81.0,0
2026-09-01,222229,81.0,0
2026-09-01,222230,81.0,0
2026-09-01,222231,81.0,0
2026-09-01,222233,81.0,0
2026-09-01,222234,81.0,0
2026-09-01,222235,12.0,0
2026-09-01,222236,14.0,0
2026-09-01,222240,25.0,0
2026-09-01,222248,14.2,0
2026-09-01,222252,37.0,0
2026-09-01,222253,37.0,0
2026-09-01,222254,66.0,0
2026-09-01,222261,48.0,0
2026-09-01,222262,48.0,0
2026-09-01,222264,18.5,0
2026-09-01,222265,94.9,0
2026-09-01,222266,94.9,0
2026-09-01,222268,139.0,0
2026-09-01,222277,105.0,0
2026-09-01,222281,105.0,0
2026-09-01,222288,46.0,0
2026-09-01,222305,22.0,0
2026-09-01,222306,23.0,0
2026-09-01,222337,24.8,0
2026-09-01,222338,29.2,0
2026-09-01,222339,29.3,0
2026-09-01,222360,96.0,0
2026-09-01,222361,96.0,0
2026-09-01,222362,96.0,0
2026-09-01,222381,14.6,0
2026-09-01,222382,37.3,0
2026-09-01,222383,44.9,0
2026-09-01,222487,46.5,0
2026-09-01,222505,16.0,0
2026-09-01,222506,25.2,0
2026-09-01,222507,25.2,0
2026-09-01,222508,12.6,0
2026-09-01,222509,25.2,0
2026-09-01,222615,10.5,0
2026-09-01,222757,12.0,0
2026-09-01,222758,12.0,0
2026-09-01,222807,33.0,0
2026-09-01,222813,16.0,0
2026-09-01,222825,12.0,0
2026-09-01,222920,22.0,0
2026-09-01,222927,15.0,0
2026-09-01,222971,26.4,0
2026-09-01,223035,11.0,0
2026-09-01,223036,10.5,0
2026-09-01,223037,8.5,0
2026-09-01,223038,16.0,0
2026-09-01,223093,9.5,0
2026-09-01,223611,15.0,0
2026-09-01,223616,101.0,0
2026-09-01,223617,39.9,0
2026-09-01,223619,96.9,0
2026-09-01,223620,36.9,0
2026-09-01,223622,28.9,0
2026-09-01,223626,10.5,0
2026-09-01,223627,10.5,0
2026-09-01,223628,10.5,0
2026-09-01,223638,48.1,0
2026-09-01,223655,65.9,0
2026-09-01,223658,59.0,0
2026-09-01,223678,22.0,0
2026-09-01,223679,39.0,0
2026-09-01,223681,15.0,0
2026-09-01,223682,15.0,0
2026-09-01,223706,36.0,0
2026-09-01,223707,40.4,0
2026-09-01,223709,7.5,0
2026-09-01,223710,7.5,0
2026-09-01,223711,7.5,0
2026-09-01,223712,7.5,0
2026-09-01,223713,22.0,0
2026-09-01,223719,143.8,0
2026-09-01,223722,42.6,0
2026-09-01,223724,61.0,0
2026-09-01,223725,40.0,0
2026-09-01,223727,13.4,0
2026-09-01,223733,22.0,0
2026-09-01,223734,28.8,0
2026-09-01,223764,14.5,0
2026-09-01,223765,14.5,0
2026-09-01,223766,14.5,0
2026-09-01,223792,151.2,0
2026-09-01,223798,47.0,0
2026-09-01,223805,9.5,0
2026-09-01,223809,31.5,0
2026-09-01,223811,94.0,0
2026-09-01,223812,94.0,0
2026-09-01,223817,17.8,0
2026-09-01,223825,167.0,0
2026-09-01,223839,159.4,0
2026-09-01,223840,159.4,0
2026-09-01,223868,65.0,0
2026-09-01,223870,65.0,0
2026-09-01,223871,65.0,0
2026-09-01,223872,65.0,0
2026-09-01,223873,38.5,0
2026-09-01,223874,65.0,0
2026-09-01,223883,131.0,0
2026-09-01,223885,20.9,0
2026-09-01,223906,33.0,0
2026-09-01,223909,34.9,0
2026-09-01,223910,20.0,0
2026-09-01,223913,47.0,0
2026-09-01,223914,163.0,0
2026-09-01,223917,62.0,0
2026-09-01,223919,62.0,0
2026-09-01,223920,83.0,0
2026-09-01,223921,78.0,0
2026-09-01,223922,9.0,0
2026-09-01,223923,18.0,0
2026-09-01,223953,24.9,0
2026-09-01,223954,108.0,0
2026-09-01,223955,18.6,0
2026-09-01,223956,30.0,0
2026-09-01,223976,309.0,0
2026-09-01,223977,32.0,0
2026-09-01,223979,40.9,0
2026-09-01,223993,116.0,0
2026-09-01,223995,122.0,0
2026-09-01,224021,94.0,0
2026-09-01,224034,22.5,0
2026-09-01,224035,15.5,0
2026-09-01,224036,17.2,0
2026-09-01,224042,33.6,0
2026-09-01,224045,34.0,0
2026-09-01,224047,119.6,0
2026-09-01,224050,123.5,0
2026-09-01,224051,162.5,0
2026-09-01,224075,40.9,0
2026-09-01,224083,129.0,0
2026-09-01,224084,79.0,0
2026-09-01,224085,129.0,0
2026-09-01,224088,219.0,0
2026-09-01,224094,27.2,0
2026-09-01,224095,18.6,0
2026-09-01,224096,161.7,0
2026-09-01,224097,97.0,0
2026-09-01,224098,107.0,0
2026-09-01,224101,64.8,0
2026-09-01,224187,22.5,0
2026-09-01,224477,28.5,0
2026-09-01,224478,58.5,0
2026-09-01,224904,27.0,0
2026-09-01,225031,81.0,0
2026-09-01,225032,81.0,0
2026-09-01,225033,10.0,0
2026-09-01,225034,17.3,0
2026-09-01,225035,20.9,0
2026-09-01,225036,22.0,0
2026-09-01,225038,24.9,0
2026-09-01,225039,46.8,0
2026-09-01,225043,90.0,0
2026-09-01,225044,90.0,0
2026-09-01,225046,90.0,0
2026-09-01,225047,90.0,0
2026-09-01,225049,87.5,0
2026-09-01,225060,90.0,0
2026-09-01,225062,90.0,0
2026-09-01,225063,90.0,0
2026-09-01,225064,29.5,0
2026-09-01,225066,56.0,0
2026-09-01,225067,52.0,0
2026-09-01,225068,52.0,0
2026-09-01,225075,12.9,0
2026-09-01,225076,25.2,0
2026-09-01,225078,57.6,0
2026-09-01,225079,45.0,0
2026-09-01,225081,22.0,0
2026-09-01,225082,20.0,0
2026-09-01,225083,20.0,0
2026-09-01,225084,20.0,0
2026-09-01,225085,21.0,0
2026-09-01,225086,21.0,0
2026-09-01,225087,21.0,0
2026-09-01,225089,25.0,0
2026-09-01,225091,45.0,0
2026-09-01,225094,222.0,0
2026-09-01,225095,222.0,0
2026-09-01,225099,45.0,0
2026-09-01,225101,22.5,0
2026-09-01,225102,22.5,0
2026-09-01,225110,24.2,0
2026-09-01,225114,32.5,0
2026-09-01,225115,32.5,0
2026-09-01,225116,52.0,0
2026-09-01,225117,52.0,0
2026-09-01,225119,52.5,0
2026-09-01,225120,87.5,0
2026-09-01,225124,21.3,0
2026-09-01,225125,27.4,0
2026-09-01,225127,30.7,0
2026-09-01,225128,34.0,0
2026-09-01,225129,91.0,0
2026-09-01,225132,32.0,0
2026-09-01,225133,21.3,0
2026-09-01,225135,20.9,0
2026-09-01,225136,20.9,0
2026-09-01,225137,20.9,0
2026-09-01,225142,7.5,0
2026-09-01,225143,50.0,0
2026-09-01,225144,276.0,0
2026-09-01,225145,276.0,0
2026-09-01,225146,276.0,0
2026-09-01,225154,65.0,0
2026-09-01,225155,98.0,0
2026-09-01,225156,98.0,0
2026-09-01,225157,62.0,0
2026-09-01,225158,62.0,0
2026-09-01,225159,83.0,0
2026-09-01,225163,111.0,0
2026-09-01,225183,6.3,0
2026-09-01,225186,21.3,0
2026-09-01,225195,220.0,0
2026-09-01,225196,36.0,0
2026-09-01,225197,36.0,0
2026-09-01,225199,36.0,0
2026-09-01,225200,36.0,0
2026-09-01,225201,36.0,0
2026-09-01,225202,36.0,0
2026-09-01,225203,36.0,0
2026-09-01,225204,36.0,0
2026-09-01,225205,36.0,0
2026-09-01,225206,36.0,0
2026-09-01,225208,36.0,0
2026-09-01,225209,36.0,0
2026-09-01,225210,36.0,0
2026-09-01,225211,36.0,0
2026-09-01,225212,36.0,0
2026-09-01,225214,36.0,0
2026-09-01,225216,36.0,0
2026-09-01,225217,36.0,0
2026-09-01,225218,36.0,0
2026-09-01,225219,36.0,0
2026-09-01,225220,36.0,0
2026-09-01,225221,36.0,0
2026-09-01,225222,81.0,0
2026-09-01,225225,45.0,0
2026-09-01,225226,81.0,0
2026-09-01,225227,81.0,0
2026-09-01,225228,81.0,0
2026-09-01,225229,81.0,0
2026-09-01,225230,81.0,0
2026-09-01,225401,4.5,0
2026-09-01,225510,35.5,0
2026-09-01,225517,15.5,0
2026-09-01,225557,61.0,0
2026-09-01,225580,19.8,0
2026-09-01,225581,12.4,0
2026-09-01,225585,31.0,0
2026-09-01,225595,33.0,0
2026-09-01,225596,33.0,0
2026-09-01,225597,34.0,0
2026-09-01,225598,48.0,0
2026-09-01,225599,48.0,0
2026-09-01,225789,16.9,0
2026-09-01,226010,12.6,0
2026-09-01,226014,66.0,0
2026-09-01,226018,14.4,0
2026-09-01,226019,14.4,0
2026-09-01,226020,57.6,0
2026-09-01,226021,57.6,0
2026-09-01,226022,27.0,0
2026-09-01,226023,22.8,0
2026-09-01,226024,18.6,0
2026-09-01,226026,15.6,0
2026-09-01,226027,21.6,0
2026-09-01,226477,41.0,0
2026-09-01,227095,18.7,0
2026-09-01,227096,118.4,0
2026-09-01,227100,110.4,0
2026-09-01,227101,76.8,0
2026-09-01,227104,195.0,0
2026-09-01,227105,195.0,0
2026-09-01,227109,158.0,0
2026-09-01,227112,31.0,0
2026-09-01,227113,31.0,0
2026-09-01,227122,29.9,0
2026-09-01,227124,27.0,0
2026-09-01,227135,14.0,0
2026-09-01,227136,14.0,0
2026-09-01,227143,232.0,0
2026-09-01,227146,85.0,0
2026-09-01,227148,179.1,0
2026-09-01,227149,179.1,0
2026-09-01,227150,179.1,0
2026-09-01,227157,60.5,0
2026-09-01,227158,87.5,0
2026-09-01,227160,36.8,0
2026-09-01,227162,43.3,0
2026-09-01,227163,43.3,0
2026-09-01,227164,38.9,0
2026-09-01,227165,38.9,0
2026-09-01,227166,47.5,0
2026-09-01,227167,87.5,0
2026-09-01,227168,87.5,0
2026-09-01,227169,60.5,0
2026-09-01,227174,9.6,0
2026-09-01,227176,50.4,0
2026-09-01,227179,14.4,0
2026-09-01,227182,19.2,0
2026-09-01,227183,90.0,0
2026-09-01,227487,180.0,0
2026-09-01,227712,139.9,0
2026-09-01,227785,63.0,0
2026-09-01,227787,127.0,0
2026-09-01,227791,41.0,0
2026-09-01,227819,10.5,0
2026-09-01,227820,125.0,0
2026-09-01,227838,13.0,0
2026-09-01,227919,8.5,0
2026-09-01,228011,99.0,0
2026-09-01,228012,99.0,0
2026-09-01,228013,99.0,0
2026-09-01,228028,14.0,0
2026-09-01,228032,75.0,0
2026-09-01,228033,75.0,0
2026-09-01,228034,83.0,0
2026-09-01,228035,36.0,0
2026-09-01,228037,36.0,0
2026-09-01,228038,36.0,0
2026-09-01,228039,36.0,0
2026-09-01,228040,36.0,0
2026-09-01,228042,36.0,0
2026-09-01,228043,160.0,0
2026-09-01,228045,160.0,0
2026-09-01,228049,9.7,0
2026-09-01,228056,31.0,0
2026-09-01,228057,21.0,0
2026-09-01,228058,21.0,0
2026-09-01,228059,21.0,0
2026-09-01,228061,21.0,0
2026-09-01,228062,21.0,0
2026-09-01,228063,21.0,0
2026-09-01,228069,19.5,0
2026-09-01,228070,19.5,0
2026-09-01,228083,75.0,0
2026-09-01,228085,15.8,0
2026-09-01,228086,31.0,0
2026-09-01,228088,35.9,0
2026-09-01,228089,21.0,0
2026-09-01,228090,21.0,0
2026-09-01,228091,11.0,0
2026-09-01,228092,66.0,0
2026-09-01,228093,63.0,0
2026-09-01,228094,45.0,0
2026-09-01,228096,63.0,0
2026-09-01,228097,45.0,0
2026-09-01,228099,45.0,0
2026-09-01,228101,36.0,0
2026-09-01,228102,36.0,0
2026-09-01,228107,69.0,0
2026-09-01,228113,18.9,0
2026-09-01,228114,10.9,0
2026-09-01,228115,11.0,0
2026-09-01,228121,19.0,0
2026-09-01,228122,19.0,0
2026-09-01,228131,87.5,0
2026-09-01,228139,14.6,0
2026-09-01,228143,32.0,0
2026-09-01,228145,102.0,0
2026-09-01,228146,7.5,0
2026-09-01,228147,7.5,0
2026-09-01,228148,7.5,0
2026-09-01,228149,34.0,0
2026-09-01,228151,34.0,0
2026-09-01,228152,34.0,0
2026-09-01,228153,21.0,0
2026-09-01,228154,10.5,0
2026-09-01,228156,16.0,0
2026-09-01,228165,10.5,0
2026-09-01,228169,33.0,0
2026-09-01,228175,21.0,0
2026-09-01,228178,98.0,0
2026-09-01,228179,62.0,0
2026-09-01,228180,62.0,0
2026-09-01,228181,98.0,0
2026-09-01,228182,78.0,0
2026-09-01,228183,83.0,0
2026-09-01,228193,63.5,0
2026-09-01,228194,43.0,0
2026-09-01,228197,17.5,0
2026-09-01,228199,44.3,0
2026-09-01,228200,44.3,0
2026-09-01,228201,53.5,0
2026-09-01,228202,68.3,0
2026-09-01,228203,68.3,0
2026-09-01,228204,68.3,0
2026-09-01,228205,68.3,0
2026-09-01,228209,45.0,0
2026-09-01,228210,60.0,0
2026-09-01,228211,60.0,0
2026-09-01,228212,45.0,0
2026-09-01,228213,60.0,0
2026-09-01,228215,45.0,0
2026-09-01,228216,57.0,0
2026-09-01,228217,57.0,0
2026-09-01,228218,57.0,0
2026-09-01,228219,57.0,0
2026-09-01,228220,57.0,0
2026-09-01,228223,27.5,0
2026-09-01,228224,18.2,0
2026-09-01,228225,17.5,0
2026-09-01,228226,7.8,0
2026-09-01,228228,32.5,0
2026-09-01,228229,40.0,0
2026-09-01,228231,61.0,0
2026-09-01,228233,63.8,0
2026-09-01,228239,40.8,0
2026-09-01,228240,40.8,0
2026-09-01,228241,19.3,0
2026-09-01,228242,69.7,0
2026-09-01,228243,91.5,0
2026-09-01,228244,36.5,0
2026-09-01,228245,22.4,0
2026-09-01,228246,22.4,0
2026-09-01,228247,22.4,0
2026-09-01,228248,38.7,0
2026-09-01,228250,38.7,0
2026-09-01,228266,188.0,0
2026-09-01,228268,188.0,0
2026-09-01,228271,188.0,0
2026-09-01,228272,188.0,0
2026-09-01,228273,188.0,0
2026-09-01,228274,188.0,0
2026-09-01,228275,188.0,0
2026-09-01,228276,188.0,0
2026-09-01,228277,188.0,0
2026-09-01,228278,145.0,0
2026-09-01,228279,145.0,0
2026-09-01,228280,143.0,0
2026-09-01,228283,143.0,0
2026-09-01,228284,143.0,0
2026-09-01,228285,143.0,0
2026-09-01,228286,143.0,0
2026-09-01,228288,143.0,0
2026-09-01,228289,143.0,0
2026-09-01,228291,167.0,0
2026-09-01,228296,26.0,0
2026-09-01,228297,21.0,0
2026-09-01,228298,21.0,0
2026-09-01,228299,33.0,0
2026-09-01,228300,26.0,0
2026-09-01,228301,33.0,0
2026-09-01,228304,21.0,0
2026-09-01,228306,69.9,0
2026-09-01,228322,14.8,0
2026-09-01,228323,11.0,0
2026-09-01,228324,14.0,0
2026-09-01,228325,13.5,0
2026-09-01,228326,18.0,0
2026-09-01,228332,105.0,0
2026-09-01,228334,170.0,0
2026-09-01,228336,13.0,0
2026-09-01,228337,226.0,0
2026-09-01,228345,45.0,0
2026-09-01,228347,45.0,0
2026-09-01,228349,45.0,0
2026-09-01,228350,45.0,0
2026-09-01,228352,45.0,0
2026-09-01,228353,45.0,0
2026-09-01,228358,20.9,0
2026-09-01,228359,169.2,0
2026-09-01,228361,36.0,0
2026-09-01,228365,36.0,0
2026-09-01,228367,36.0,0
2026-09-01,228378,2.8,0
2026-09-01,228379,15.5,0
2026-09-01,228380,14.0,0
2026-09-01,228386,10.8,0
2026-09-01,228387,19.5,0
2026-09-01,228391,45.0,0
2026-09-01,228392,30.3,0
2026-09-01,228393,15.4,0
2026-09-01,228394,27.2,0
2026-09-01,228398,60.0,0
2026-09-01,228441,9.0,0
2026-09-01,228450,21.0,0
2026-09-01,228452,21.0,0
2026-09-01,228453,45.0,0
2026-09-01,228457,50.0,0
2026-09-01,228459,49.0,0
2026-09-01,228461,66.0,0
2026-09-01,228540,15.5,0
2026-09-01,228670,28.0,0
2026-09-01,228671,52.0,0
2026-09-01,228771,27.0,0
2026-09-01,228772,44.5,0
2026-09-01,228834,43.9,0
2026-09-01,228975,50.0,0
2026-09-01,228976,17.9,0
2026-09-01,228977,15.5,0
2026-09-01,228978,18.9,0
2026-09-01,228979,31.6,0
2026-09-01,228980,70.6,0
2026-09-01,228981,16.2,0
2026-09-01,228983,23.0,0
2026-09-01,228984,23.0,0
2026-09-01,228985,23.0,0
2026-09-01,228986,23.0,0
2026-09-01,228998,30.3,0
2026-09-01,229000,30.3,0
2026-09-01,229005,32.3,0
2026-09-01,229006,17.0,0
2026-09-01,229013,14.5,0
2026-09-01,229014,5.0,0
2026-09-01,229016,18.0,0
2026-09-01,229017,47.9,0
2026-09-01,229018,100.0,0
2026-09-01,229019,18.0,0
2026-09-01,229025,47.9,0
2026-09-01,229026,100.3,0
2026-09-01,229027,18.0,0
2026-09-01,229028,47.9,0
2026-09-01,229029,100.0,0
2026-09-01,229030,18.0,0
2026-09-01,229031,47.9,0
2026-09-01,229033,100.3,0
2026-09-01,229034,12.0,0
2026-09-01,229044,405.0,0
2026-09-01,229048,207.0,0
2026-09-01,229049,165.0,0
2026-09-01,229073,28.0,0
2026-09-01,229074,27.9,0
2026-09-01,229100,108.0,0
2026-09-01,229101,108.0,0
2026-09-01,229102,108.0,0
2026-09-01,229103,79.0,0
2026-09-01,229104,79.0,0
2026-09-01,229106,79.0,0
2026-09-01,229107,79.0,0
2026-09-01,229115,144.0,0
2026-09-01,229118,53.0,0
2026-09-01,229119,83.0,0
2026-09-01,229124,57.0,0
2026-09-01,229125,57.0,0
2026-09-01,229126,215.9,0
2026-09-01,229127,143.9,0
2026-09-01,229131,30.0,0
2026-09-01,229134,27.0,0
2026-09-01,229149,80.9,0
2026-09-01,229151,105.9,0
2026-09-01,229158,35.9,0
2026-09-01,229159,18.9,0
2026-09-01,229160,50.9,0
2026-09-01,229718,103.5,0
2026-09-01,229874,10.0,0
2026-09-01,230278,252.0,0
2026-09-01,230464,139.0,0
2026-09-01,230488,28.8,0
2026-09-01,230489,56.0,0
2026-09-01,230490,56.0,0
2026-09-01,230491,74.9,0
2026-09-01,230492,74.9,0
2026-09-01,230493,143.8,0
2026-09-01,230494,143.8,0
2026-09-01,230496,168.0,0
2026-09-01,230499,25.6,0
2026-09-01,230500,52.0,0
2026-09-01,230501,52.0,0
2026-09-01,230503,55.0,0
2026-09-01,230514,50.0,0
2026-09-01,230517,179.1,0
2026-09-01,230523,8.0,0
2026-09-01,230524,16.0,0
2026-09-01,230540,35.9,0
2026-09-01,230541,24.9,0
2026-09-01,230542,29.9,0
2026-09-01,230550,45.0,0
2026-09-01,230551,30.3,0
2026-09-01,230554,30.3,0
2026-09-01,230555,26.0,0
2026-09-01,230556,26.0,0
2026-09-01,230558,26.0,0
2026-09-01,230559,33.0,0
2026-09-01,230560,28.0,0
2026-09-01,230580,6.2,0
2026-09-01,230591,9.2,0
2026-09-01,230595,9.2,0
2026-09-01,230597,9.2,0
2026-09-01,230641,57.0,0
2026-09-01,230645,58.5,0
2026-09-01,230646,79.8,0
2026-09-01,230648,16.5,0
2026-09-01,230701,40.8,0
2026-09-01,230811,75.0,0
2026-09-01,230851,8.0,0
2026-09-01,230920,149.5,0
2026-09-01,230921,51.0,0
2026-09-01,230922,22.0,0
2026-09-01,230939,95.0,0
2026-09-01,230942,21.5,0
2026-09-01,231001,25.9,0
2026-09-01,231006,42.9,0
2026-09-01,231008,9.5,0
2026-09-01,231009,10.0,0
2026-09-01,231020,225.0,0
2026-09-01,231215,8.8,0
2026-09-01,231445,27.0,0
2026-09-01,231510,91.0,0
2026-09-01,231511,91.0,0
2026-09-01,231512,91.0,0
2026-09-01,231513,110.0,0
2026-09-01,231514,110.0,0
2026-09-01,231516,14.8,0
2026-09-01,231536,99.0,0
2026-09-01,231538,20.0,0
2026-09-01,231540,25.7,0
2026-09-01,231542,25.7,0
2026-09-01,231552,13.8,0
2026-09-01,231553,13.8,0
2026-09-01,231554,37.5,0
2026-09-01,231555,92.5,0
2026-09-01,231556,37.5,0
2026-09-01,231564,18.6,0
2026-09-01,231569,95.0,0
2026-09-01,231570,95.0,0
2026-09-01,231571,95.0,0
2026-09-01,231572,19.4,0
2026-09-01,231582,201.0,0
2026-09-01,231583,12.0,0
2026-09-01,231585,12.0,0
2026-09-01,231586,12.0,0
2026-09-01,231587,20.0,0
2026-09-01,231599,17.0,0
2026-09-01,231600,5.5,0
2026-09-01,231601,15.0,0
2026-09-01,231602,19.0,0
2026-09-01,231603,21.0,0
2026-09-01,231604,39.0,0
2026-09-01,231607,22.0,0
2026-09-01,231608,19.0,0
2026-09-01,231609,28.0,0
2026-09-01,231611,15.0,0
2026-09-01,231619,59.4,0
2026-09-01,231632,89.9,0
2026-09-01,231633,59.9,0
2026-09-01,231637,89.9,0
2026-09-01,231640,30.0,0
2026-09-01,231647,22.5,0
2026-09-01,231650,29.1,0
2026-09-01,231652,240.0,0
2026-09-01,231653,138.0,0
2026-09-01,231655,45.9,0
2026-09-01,231656,30.9,0
2026-09-01,231658,45.9,0
2026-09-01,231659,45.9,0
2026-09-01,231660,45.9,0
2026-09-01,231662,45.9,0
2026-09-01,231663,45.9,0
2026-09-01,231670,18.0,0
2026-09-01,231671,14.0,0
2026-09-01,231672,53.0,0
2026-09-01,231673,45.5,0
2026-09-01,231674,53.0,0
2026-09-01,231675,80.0,0
2026-09-01,231676,44.0,0
2026-09-01,231677,80.0,0
2026-09-01,231678,44.0,0
2026-09-01,231680,44.0,0
2026-09-01,231691,80.0,0
2026-09-01,231692,53.0,0
2026-09-01,231699,45.9,0
2026-09-01,231701,81.0,0
2026-09-01,231704,81.0,0
2026-09-01,231710,60.0,0
2026-09-01,231714,60.0,0
2026-09-01,231715,190.0,0
2026-09-01,231716,195.0,0
2026-09-01,231717,143.0,0
2026-09-01,231718,143.0,0
2026-09-01,231719,60.0,0
2026-09-01,231721,60.0,0
2026-09-01,231724,46.0,0
2026-09-01,231728,173.0,0
2026-09-01,231730,173.0,0
2026-09-01,231733,128.0,0
2026-09-01,231734,128.0,0
2026-09-01,231735,60.0,0
2026-09-01,231736,26.5,0
2026-09-01,231737,26.5,0
2026-09-01,231739,26.5,0
2026-09-01,231740,65.9,0
2026-09-01,231741,65.9,0
2026-09-01,231742,65.9,0
2026-09-01,231743,65.9,0
2026-09-01,231744,65.9,0
2026-09-01,231748,14.0,0
2026-09-01,231749,28.0,0
2026-09-01,231753,26.7,0
2026-09-01,231755,38.2,0
2026-09-01,231756,27.7,0
2026-09-01,231757,52.5,0
2026-09-01,231758,52.5,0
2026-09-01,231765,44.0,0
2026-09-01,231798,15.9,0
2026-09-01,231799,26.2,0
2026-09-01,231801,26.2,0
2026-09-01,231802,65.9,0
2026-09-01,231803,65.9,0
2026-09-01,231804,15.9,0
2026-09-01,231805,15.9,0
2026-09-01,231818,143.0,0
2026-09-01,231884,36.9,0
2026-09-01,231887,37.5,0
2026-09-01,231893,28.8,0
2026-09-01,231897,34.9,0
2026-09-01,231898,28.8,0
2026-09-01,231899,56.0,0
2026-09-01,231900,26.2,0
2026-09-01,231901,26.2,0
2026-09-01,231903,15.9,0
2026-09-01,231912,27.8,0
2026-09-01,231914,18.2,0
2026-09-01,231915,27.8,0
2026-09-01,231917,18.2,0
2026-09-01,231918,27.8,0
2026-09-01,231919,18.2,0
2026-09-01,231920,12.0,0
2026-09-01,231921,13.0,0
2026-09-01,231922,24.0,0
2026-09-01,231923,23.0,0
2026-09-01,231925,23.0,0
2026-09-01,231926,23.0,0
2026-09-01,231927,18.0,0
2026-09-01,231929,18.0,0
2026-09-01,231930,18.0,0
2026-09-01,231931,26.2,0
2026-09-01,231933,36.0,0
2026-09-01,232006,6.0,0
2026-09-01,232007,6.0,0
2026-09-01,232043,36.0,0
2026-09-01,232047,80.0,0
2026-09-01,232049,80.0,0
2026-09-01,232051,80.0,0
2026-09-01,232052,80.0,0
2026-09-01,232053,80.0,0
2026-09-01,232055,98.0,0
2026-09-01,232056,144.0,0
2026-09-01,232057,83.0,0
2026-09-01,232058,62.0,0
2026-09-01,232059,78.0,0
2026-09-01,232060,98.0,0
2026-09-01,232061,62.0,0
2026-09-01,232062,169.2,0
2026-09-01,232064,49.5,0
2026-09-01,232084,149.5,0
2026-09-01,232234,24.8,0
2026-09-01,232235,29.0,0
2026-09-01,232236,29.3,0
2026-09-01,232427,53.3,0
2026-09-01,232491,27.4,0
2026-09-01,232513,19.5,0
2026-09-01,232750,53.5,0
2026-09-01,232939,27.4,0
2026-09-01,233137,16.5,0
2026-09-01,233471,20.0,0
2026-09-01,234015,45.9,0
2026-09-01,234016,55.0,0
2026-09-01,234017,55.0,0
2026-09-01,234018,63.0,0
2026-09-01,234019,34.9,0
2026-09-01,234020,230.0,0
2026-09-01,234021,9.0,0
2026-09-01,234022,10.5,0
2026-09-01,234023,144.0,0
2026-09-01,234025,118.0,0
2026-09-01,234026,118.0,0
2026-09-01,234043,118.0,0
2026-09-01,234044,118.0,0
2026-09-01,234049,105.0,0
2026-09-01,234053,62.0,0
2026-09-01,234054,72.0,0
2026-09-01,234055,72.0,0
2026-09-01,234058,72.0,0
2026-09-01,234060,83.0,0
2026-09-01,234061,98.0,0
2026-09-01,234062,98.0,0
2026-09-01,234063,62.0,0
2026-09-01,234064,78.0,0
2026-09-01,234067,165.0,0
2026-09-01,234068,115.0,0
2026-09-01,234069,95.0,0
2026-09-01,234070,145.0,0
2026-09-01,234073,105.0,0
2026-09-01,234074,145.0,0
2026-09-01,234076,38.0,0
2026-09-01,234480,27.5,0
2026-09-01,234481,27.5,0
2026-09-01,234923,31.0,0
2026-09-01,234931,31.0,0
2026-09-01,235180,26.0,0
2026-09-01,236896,45.5,0
2026-09-01,236900,54.0,0
2026-09-01,237124,56.0,0
2026-09-01,237171,31.0,0
2026-09-01,237277,35.0,0
2026-09-01,237507,27.4,0
2026-09-01,238406,149.9,0
2026-09-01,238481,43.1,0
2026-09-01,238562,6.0,0
2026-09-01,238570,6.0,0
2026-09-01,238589,6.0,0
2026-09-01,238619,20.0,0
2026-09-01,238871,135.0,0
2026-09-01,238873,115.9,0
2026-09-01,238880,16.8,0
2026-09-01,238945,26.7,0
2026-09-01,239038,23.0,0
2026-09-01,239062,24.0,0
2026-09-01,239240,26.0,0
2026-09-01,239259,24.0,0
2026-09-01,240123,35.9,0
2026-09-01,240535,56.0,0
2026-09-01,240542,18.0,0
2026-09-01,240543,18.0,0
2026-09-01,240544,18.0,0
2026-09-01,240545,12.6,0
2026-09-01,240546,18.6,0
2026-09-01,240547,66.0,0
2026-09-01,240548,20.0,0
2026-09-01,240549,25.0,0
2026-09-01,240550,6.6,0
2026-09-01,240552,6.6,0
2026-09-01,240556,46.9,0
2026-09-01,240558,102.0,0
2026-09-01,240580,97.0,0
2026-09-01,240582,102.0,0
2026-09-01,240584,102.0,0
2026-09-01,240610,65.0,0
2026-09-01,240611,180.0,0
2026-09-01,240615,20.9,0
2026-09-01,240616,26.8,0
2026-09-01,240618,39.9,0
2026-09-01,240624,17.4,0
2026-09-01,240625,17.4,0
2026-09-01,240626,27.4,0
2026-09-01,240627,27.4,0
2026-09-01,240628,20.9,0
2026-09-01,240632,13.9,0
2026-09-01,240633,20.5,0
2026-09-01,240634,20.5,0
2026-09-01,240635,45.9,0
2026-09-01,240639,160.0,0
2026-09-01,240640,99.0,0
2026-09-01,240646,87.5,0
2026-09-01,240647,23.0,0
2026-09-01,240650,65.2,0
2026-09-01,240651,92.4,0
2026-09-01,240653,19.4,0
2026-09-01,240654,11.2,0
2026-09-01,240663,77.9,0
2026-09-01,240674,188.5,0
2026-09-01,240675,201.5,0
2026-09-01,240676,106.6,0
2026-09-01,240677,106.6,0
2026-09-01,240683,18.6,0
2026-09-01,240684,18.6,0
2026-09-01,240685,14.6,0
2026-09-01,240686,99.9,0
2026-09-01,240688,129.0,0
2026-09-01,240689,94.9,0
2026-09-01,240693,19.5,0
2026-09-01,240694,61.0,0
2026-09-01,240695,28.0,0
2026-09-01,240696,90.0,0
2026-09-01,240697,90.0,0
2026-09-01,240698,50.0,0
2026-09-01,240700,78.0,0
2026-09-01,240701,78.0,0
2026-09-01,240703,78.0,0
2026-09-01,240704,78.0,0
2026-09-01,240705,78.0,0
2026-09-01,240706,78.0,0
2026-09-01,240707,78.0,0
2026-09-01,240708,78.0,0
2026-09-01,240718,43.9,0
2026-09-01,240720,28.5,0
2026-09-01,240736,14.0,0
2026-09-01,240739,14.0,0
2026-09-01,240744,6.6,0
2026-09-01,240746,11.2,0
2026-09-01,240747,4.5,0
2026-09-01,240748,4.5,0
2026-09-01,240749,37.9,0
2026-09-01,240750,90.9,0
2026-09-01,240751,90.9,0
2026-09-01,240754,22.0,0
2026-09-01,240755,20.0,0
2026-09-01,240756,20.0,0
2026-09-01,240757,20.0,0
2026-09-01,240769,15.9,0
2026-09-01,240773,25.9,0
2026-09-01,240774,25.9,0
2026-09-01,240775,15.0,0
2026-09-01,240776,14.0,0
2026-09-01,240793,11.7,0
2026-09-01,240794,19.1,0
2026-09-01,240804,38.7,0
2026-09-01,240805,38.7,0
2026-09-01,240806,38.7,0
2026-09-01,240807,17.2,0
2026-09-01,240808,17.2,0
2026-09-01,240809,17.3,0
2026-09-01,240813,45.2,0
2026-09-01,240814,29.4,0
2026-09-01,240838,62.0,0
2026-09-01,240841,39.8,0
2026-09-01,240845,12.1,0
2026-09-01,240846,21.5,0
2026-09-01,240847,39.2,0
2026-09-01,240848,29.0,0
2026-09-01,240849,28.0,0
2026-09-01,240850,6.0,0
2026-09-01,240853,29.3,0
2026-09-01,240863,168.0,0
2026-09-01,240864,168.0,0
2026-09-01,240898,16.2,0
2026-09-01,240900,138.0,0
2026-09-01,240901,199.5,0
2026-09-01,241172,11.1,0
2026-09-01,241806,84.9,0
2026-09-01,241822,63.9,0
2026-09-01,242136,114.9,0
2026-09-01,242164,15.5,0
2026-09-01,242166,75.0,0
2026-09-01,242438,29.9,0
2026-09-01,243010,84.0,0
2026-09-01,243011,38.0,0
2026-09-01,243012,37.5,0
2026-09-01,243540,23.0,0
2026-09-01,243930,16.0,0
2026-09-01,244198,21.0,0
2026-09-01,244201,14.0,0
2026-09-01,244210,7.0,0
2026-09-01,244309,45.3,0
2026-09-01,244376,33.0,0
2026-09-01,244775,4.6,0
2026-09-01,244791,166.0,0
2026-09-01,244953,69.5,0
2026-09-01,244961,89.0,0
2026-09-01,245100,12.9,0
2026-09-01,245790,12.5,0
2026-09-01,245791,12.5,0
2026-09-01,245792,16.0,0
2026-09-01,245793,17.1,0
2026-09-01,245794,37.5,0
2026-09-01,245797,15.0,0
2026-09-01,245799,16.0,0
2026-09-01,248482,48.0,0
2026-09-01,248483,16.7,0
2026-09-01,248780,26.4,0
2026-09-01,248781,21.4,0
2026-09-01,248908,11.0,0
2026-09-01,249002,11.4,0
2026-09-01,249003,8.4,0
2026-09-01,249004,8.0,0
2026-09-01,249012,53.9,0
2026-09-01,249013,20.9,0
2026-09-01,249014,20.9,0
2026-09-01,249015,20.0,0
2026-09-01,249026,243.0,0
2026-09-01,249027,243.0,0
2026-09-01,249029,45.6,0
2026-09-01,249030,77.5,0
2026-09-01,249031,143.3,0
2026-09-01,249032,45.6,0
2026-09-01,249034,7.9,0
2026-09-01,249035,21.0,0
2026-09-01,249038,58.6,0
2026-09-01,249039,58.6,0
2026-09-01,249040,58.6,0
2026-09-01,249049,28.7,0
2026-09-01,249053,77.3,0
2026-09-01,249055,104.0,0
2026-09-01,249064,49.9,0
2026-09-01,249080,23.6,0
2026-09-01,249081,23.6,0
2026-09-01,249082,13.3,0
2026-09-01,249793,65.0,0
2026-09-01,249807,94.0,0
2026-09-01,249971,55.0,0
2026-09-01,250101,29.9,0
2026-09-01,250102,47.9,0
2026-09-01,250103,47.9,0
2026-09-01,250506,14.4,0
2026-09-01,250517,31.2,0
2026-09-01,250524,18.9,0
2026-09-01,250525,18.9,0
2026-09-01,250526,18.9,0
2026-09-01,250550,14.5,0
2026-09-01,250592,11.5,0
2026-09-01,250605,160.4,0
2026-09-01,251055,15.5,0
2026-09-01,251056,15.5,0
2026-09-01,251057,15.5,0
2026-09-01,251060,15.5,0
2026-09-01,251111,18.6,0
2026-09-01,251112,12.6,0
2026-09-01,251113,18.6,0
2026-09-01,251114,12.6,0
2026-09-01,251115,18.6,0
2026-09-01,251116,12.6,0
2026-09-01,251117,8.0,0
2026-09-01,251451,27.5,0
2026-09-01,251770,59.5,0
2026-09-01,251775,6.0,0
2026-09-01,251984,8.0,0
2026-09-01,252013,42.0,0
2026-09-01,252014,42.0,0
2026-09-01,252015,42.0,0
2026-09-01,252016,42.0,0
2026-09-01,252019,42.0,0
2026-09-01,252022,42.0,0
2026-09-01,252024,42.0,0
2026-09-01,252025,42.0,0
2026-09-01,252027,42.0,0
2026-09-01,252031,75.0,0
2026-09-01,252718,63.5,0
2026-09-01,253110,138.0,0
2026-09-01,253634,27.5,0
2026-09-01,253774,24.5,0
2026-09-01,253804,21.5,0
2026-09-01,253871,13.0,0
2026-09-01,253936,13.0,0
2026-09-01,254130,38.5,0
2026-09-01,254131,36.5,0
2026-09-01,254161,5.0,0
2026-09-01,254162,8.6,0
2026-09-01,254163,7.5,0
2026-09-01,254164,7.5,0
2026-09-01,254165,7.5,0
2026-09-01,254166,5.0,0
2026-09-01,255023,79.6,0
2026-09-01,255026,53.9,0
2026-09-01,255224,81.0,0
2026-09-01,255416,110.0,0
2026-09-01,255771,19.2,0
2026-09-01,256099,38.0,0
2026-09-01,256102,21.0,0
2026-09-01,259050,19.0,0
2026-09-01,259306,30.0,0
2026-09-01,259454,10.9,0
2026-09-01,259470,9.5,0
2026-09-01,259667,9.5,0
2026-09-01,259675,61.8,0
2026-09-01,259691,123.4,0
2026-09-01,259705,14.6,0
2026-09-01,260152,18.6,0
2026-09-01,260187,30.0,0
2026-09-01,260230,16.4,0
2026-09-01,260305,225.0,0
2026-09-01,260622,28.8,0
2026-09-01,260711,29.5,0
2026-09-01,260820,77.4,0
2026-09-01,260890,15.9,0
2026-09-01,261963,15.0,0
2026-09-01,262513,159.0,0
2026-09-01,262514,159.0,0
2026-09-01,262515,165.0,0
2026-09-01,262516,165.0,0
2026-09-01,263577,109.0,0
2026-09-01,263578,109.0,0
2026-09-01,263579,109.0,0
2026-09-01,263580,104.0,0
2026-09-01,263581,104.0,0
2026-09-01,263582,104.0,0
2026-09-01,263737,15.9,0
2026-09-01,264970,55.0,0
2026-09-01,266035,20.8,0
2026-09-01,266043,20.8,0
2026-09-01,266051,20.8,0
2026-09-01,266280,50.0,0
2026-09-01,267384,146.0,0
2026-09-01,268160,30.5,0
2026-09-01,268313,3.7,0
2026-09-01,269123,21.5,0
2026-09-01,269877,125.0,0
2026-09-01,269878,78.5,0
2026-09-01,269879,78.5,0
2026-09-01,270107,24.0,0
2026-09-01,270227,9.5,0
2026-09-01,270377,149.0,0
2026-09-01,270450,19.5,0
2026-09-01,270454,23.0,0
2026-09-01,270459,23.0,0
2026-09-01,270474,56.9,0
2026-09-01,270482,10.0,0
2026-09-01,270830,10.0,0
2026-09-01,271616,15.0,0
2026-09-01,271624,13.8,0
2026-09-01,271640,389.0,0
2026-09-01,271781,9.5,0
2026-09-01,274798,29.0,0
2026-09-01,275700,24.5,0
2026-09-01,276162,98.0,0
2026-09-01,276371,55.6,0
2026-09-01,276372,69.0,0
2026-09-01,277810,7.9,0
2026-09-01,277811,7.9,0
2026-09-01,277815,7.9,0
2026-09-01,277971,137.0,0
2026-09-01,279021,132.0,0
2026-09-01,280512,17.9,0
2026-09-01,281077,94.5,0
2026-09-01,282021,55.2,0
2026-09-01,282023,55.2,0
2026-09-01,282024,67.6,0
2026-09-01,282029,55.9,0
2026-09-01,282037,68.9,0
2026-09-01,282039,44.8,0
2026-09-01,282040,26.9,0
2026-09-01,282041,29.0,0
2026-09-01,282043,29.0,0
2026-09-01,282625,77.4,0
2026-09-01,283990,36.9,0
2026-09-01,283991,7.8,0
2026-09-01,284084,17.0,0
2026-09-01,284092,17.0,0
2026-09-01,284107,14.0,0
2026-09-01,286800,61.0,0
2026-09-01,286818,61.0,0
2026-09-01,287245,61.0,0
2026-09-01,287300,61.0,0
2026-09-01,288013,158.4,0
2026-09-01,288046,160.0,0
2026-09-01,288098,14.5,0
2026-09-01,288101,14.5,0
2026-09-01,288144,12.0,0
2026-09-01,288250,6.8,0
2026-09-01,288268,14.8,0
2026-09-01,288349,31.2,0
2026-09-01,288527,11.4,0
2026-09-01,289010,27.4,0
2026-09-01,289051,120.0,0
2026-09-01,289981,52.8,0
2026-09-01,290416,42.0,0
2026-09-01,290874,110.0,0
2026-09-01,291001,90.3,0
2026-09-01,291002,90.3,0
2026-09-01,291324,31.0,0
2026-09-01,291325,31.0,0
2026-09-01,291595,13.5,0
2026-09-01,291641,55.0,0
2026-09-01,291986,12.5,0
2026-09-01,292022,18.6,0
2026-09-01,292176,131.0,0
2026-09-01,292505,36.8,0
2026-09-01,293036,43.3,0
2026-09-01,293038,38.9,0
2026-09-01,293039,38.9,0
2026-09-01,293042,15.5,0
2026-09-01,293050,98.0,0
2026-09-01,293080,19.0,0
2026-09-01,293081,40.0,0
2026-09-01,293082,19.0,0
2026-09-01,293084,40.0,0
2026-09-01,293085,19.0,0
2026-09-01,293090,89.0,0
2026-09-01,293092,89.0,0
2026-09-01,293093,89.0,0
2026-09-01,293094,89.0,0
2026-09-01,293095,169.0,0
2026-09-01,293110,70.9,0
2026-09-01,293111,102.3,0
2026-09-01,293114,59.4,0
2026-09-01,293116,36.8,0
2026-09-01,293140,94.0,0
2026-09-01,293141,89.0,0
2026-09-01,293687,14.5,0
2026-09-01,293695,14.5,0
2026-09-01,294411,36.5,0
2026-09-01,295272,51.9,0
2026-09-01,295388,11.7,0
2026-09-01,295396,11.7,0
2026-09-01,295639,18.5,0
2026-09-01,295640,20.0,0
2026-09-01,295647,18.5,0
2026-09-01,295750,39.5,0
2026-09-01,296122,60.5,0
2026-09-01,296148,191.0,0
2026-09-01,297344,15.0,0
2026-09-01,297451,15.0,0
2026-09-01,298531,13.5,0
2026-09-01,299529,59.4,0
2026-09-01,299693,8.0,0
2026-09-01,299740,8.0,0
2026-09-01,299790,47.9,0
2026-09-01,299812,26.2,0
2026-09-01,299820,26.2,0
2026-09-01,300014,96.0,0
2026-09-01,300140,23.0,0
2026-09-01,300141,37.4,0
2026-09-01,300225,4.5,0
2026-09-01,300536,50.0,0
2026-09-01,301011,6.3,0
2026-09-01,301023,32.5,0
2026-09-01,301026,45.4,0
2026-09-01,301029,85.8,0
2026-09-01,301031,85.8,0
2026-09-01,301032,85.8,0
2026-09-01,301111,132.0,0
2026-09-01,301118,54.0,0
2026-09-01,301420,54.0,0
2026-09-01,301421,54.0,0
2026-09-01,301423,73.0,0
2026-09-01,302173,35.0,0
2026-09-01,302178,35.5,0
2026-09-01,302333,12.5,0
2026-09-01,302515,21.0,0
2026-09-01,302578,21.5,0
2026-09-01,302600,11.0,0
2026-09-01,302710,16.9,0
2026-09-01,302711,31.9,0
2026-09-01,302712,32.5,0
2026-09-01,302713,56.0,0
2026-09-01,302719,20.0,0
2026-09-01,302720,20.0,0
2026-09-01,302852,63.2,0
2026-09-01,303235,10.0,0
2026-09-01,303283,49.5,0
2026-09-01,303523,91.0,0
2026-09-01,303541,84.5,0
2026-09-01,303615,5.0,0
2026-09-01,303704,5.5,0
2026-09-01,303710,18.0,0
2026-09-01,303836,32.5,0
2026-09-01,303879,28.0,0
2026-09-01,304007,20.5,0
2026-09-01,304014,87.5,0
2026-09-01,304110,21.5,0
2026-09-01,304189,25.0,0
2026-09-01,304352,11.9,0
2026-09-01,304504,22.5,0
2026-09-01,304792,63.0,0
2026-09-01,304972,10.0,0
2026-09-01,305110,18.4,0
2026-09-01,305146,31.6,0
2026-09-01,305151,25.5,0
2026-09-01,305152,16.9,0
2026-09-01,305400,34.0,0
2026-09-01,305415,5.0,0
2026-09-01,305526,13.5,0
2026-09-01,305527,27.0,0
2026-09-01,305643,75.0,0
2026-09-01,305710,34.5,0
2026-09-01,305711,5.8,0
2026-09-01,305712,15.5,0
2026-09-01,305716,23.0,0
2026-09-01,305717,4.8,0
2026-09-01,305718,13.8,0
2026-09-01,305722,22.0,0
2026-09-01,305789,81.0,0
2026-09-01,305799,35.7,0
2026-09-01,305815,20.0,0
2026-09-01,305816,20.0,0
2026-09-01,305820,131.0,0
2026-09-01,305878,34.5,0
2026-09-01,305960,14.0,0
2026-09-01,306051,17.5,0
2026-09-01,306197,20.9,0
2026-09-01,306410,105.0,0
2026-09-01,306577,32.5,0
2026-09-01,306701,81.0,0
2026-09-01,306705,81.0,0
2026-09-01,306778,29.5,0
2026-09-01,306787,43.5,0
2026-09-01,307100,10.0,0
2026-09-01,307107,26.5,0
2026-09-01,307114,16.5,0
2026-09-01,307119,44.0,0
2026-09-01,307122,16.5,0
2026-09-01,307130,16.5,0
2026-09-01,307726,14.0,0
2026-09-01,307885,14.9,0
2026-09-01,308048,11.5,0
2026-09-01,308181,25.0,0
2026-09-01,308187,28.0,0
2026-09-01,308579,8.5,0
2026-09-01,309571,11.7,0
2026-09-01,309747,100.0,0
2026-09-01,309971,48.5,0
2026-09-01,309982,20.8,0
2026-09-01,310373,12.5,0
2026-09-01,310386,34.5,0
2026-09-01,310390,199.0,0
2026-09-01,310398,12.5,0
2026-09-01,310399,9.5,0
2026-09-01,310539,14.8,0
2026-09-01,310931,28.0,0
2026-09-01,311077,33.0,0
2026-09-01,311584,15.3,0
2026-09-01,311790,25.6,0
2026-09-01,311804,25.6,0
2026-09-01,312050,59.4,0
2026-09-01,312102,55.0,0
2026-09-01,312103,55.0,0
2026-09-01,312109,18.5,0
2026-09-01,312110,30.0,0
2026-09-01,312111,30.0,0
2026-09-01,312120,8.5,0
2026-09-01,312128,4.0,0
2026-09-01,312135,29.0,0
2026-09-01,312136,29.0,0
2026-09-01,312137,29.0,0
2026-09-01,312138,5.0,0
2026-09-01,312139,5.0,0
2026-09-01,312140,9.9,0
2026-09-01,312144,29.0,0
2026-09-01,312145,29.0,0
2026-09-01,312146,36.0,0
2026-09-01,312147,20.5,0
2026-09-01,312155,150.0,0
2026-09-01,312161,25.0,0
2026-09-01,312164,9.5,0
2026-09-01,312168,115.0,0
2026-09-01,312170,115.0,0
2026-09-01,312175,6.0,0
2026-09-01,312179,132.5,0
2026-09-01,312180,132.5,0
2026-09-01,312184,180.0,0
2026-09-01,312192,45.0,0
2026-09-01,312197,10.0,0
2026-09-01,312203,9.8,0
2026-09-01,312211,173.9,0
2026-09-01,312214,16.9,0
2026-09-01,312227,110.0,0
2026-09-01,312230,13.5,0
2026-09-01,312232,62.0,0
2026-09-01,312233,62.0,0
2026-09-01,312238,99.0,0
2026-09-01,312239,11.5,0
2026-09-01,312241,16.0,0
2026-09-01,312242,16.0,0
2026-09-01,312247,13.0,0
2026-09-01,312248,13.0,0
2026-09-01,312249,22.5,0
2026-09-01,312250,22.5,0
2026-09-01,312252,15.5,0
2026-09-01,312253,118.5,0
2026-09-01,312254,118.5,0
2026-09-01,312255,118.5,0
2026-09-01,312257,47.5,0
2026-09-01,312260,10.0,0
2026-09-01,312261,12.9,0
2026-09-01,312263,12.4,0
2026-09-01,312264,60.9,0
2026-09-01,312283,186.0,0
2026-09-01,312284,10.0,0
2026-09-01,312285,199.9,0
2026-09-01,312295,13.5,0
2026-09-01,312296,14.5,0
2026-09-01,312298,38.0,0
2026-09-01,312308,8.0,0
2026-09-01,312310,17.5,0
2026-09-01,312311,44.0,0
2026-09-01,312711,26.0,0
2026-09-01,313160,47.0,0
2026-09-01,313167,42.5,0
2026-09-01,313236,215.0,0
2026-09-01,313254,75.0,0
2026-09-01,313320,148.0,0
2026-09-01,313370,9.7,0
2026-09-01,313373,19.9,0
2026-09-01,313375,43.3,0
2026-09-01,313511,249.0,0
2026-09-01,313550,16.3,0
2026-09-01,313551,16.3,0
2026-09-01,313639,46.0,0
2026-09-01,313641,128.0,0
2026-09-01,313644,128.0,0
2026-09-01,313647,130.0,0
2026-09-01,313910,23.5,0
2026-09-01,314024,27.4,0
2026-09-01,314028,31.8,0
2026-09-01,314029,31.8,0
2026-09-01,314031,31.8,0
2026-09-01,314033,31.8,0
2026-09-01,314036,17.8,0
2026-09-01,314039,20.9,0
2026-09-01,314040,20.9,0
2026-09-01,314049,20.9,0
2026-09-01,314052,20.9,0
2026-09-01,314055,20.9,0
2026-09-01,314060,35.0,0
2026-09-01,314978,57.5,0
2026-09-01,315509,33.6,0
2026-09-01,315923,55.0,0
2026-09-01,316121,7.5,0
2026-09-01,316331,21.0,0
2026-09-01,316415,65.0,0
2026-09-01,316539,50.6,0
2026-09-01,316778,26.5,0
2026-09-01,316779,26.5,0
2026-09-01,316814,31.0,0
2026-09-01,316822,31.9,0
2026-09-01,316830,24.9,0
2026-09-01,317269,16.3,0
2026-09-01,317659,18.9,0
2026-09-01,317748,23.4,0
2026-09-01,317764,23.4,0
2026-09-01,317810,23.4,0
2026-09-01,317829,23.4,0
2026-09-01,317918,5.0,0
2026-09-01,317926,10.9,0
2026-09-01,318671,20.3,0
2026-09-01,318990,17.5,0
2026-09-01,319503,38.0,0
2026-09-01,320122,24.8,0
2026-09-01,320133,34.9,0
2026-09-01,320140,26.9,0
2026-09-01,320146,30.9,0
2026-09-01,320147,26.9,0
2026-09-01,320152,18.7,0
2026-09-01,320169,21.8,0
2026-09-01,320172,21.8,0
2026-09-01,320186,41.3,0
2026-09-01,320189,41.3,0
2026-09-01,321009,22.0,0
2026-09-01,321011,19.0,0
2026-09-01,321012,73.5,0
2026-09-01,321077,42.0,0
2026-09-01,321078,28.5,0
2026-09-01,321112,42.5,0
2026-09-01,321115,42.5,0
2026-09-01,321176,16.5,0
2026-09-01,321276,7.5,0
2026-09-01,321342,41.5,0
2026-09-01,321348,68.5,0
2026-09-01,321349,137.5,0
2026-09-01,321351,31.0,0
2026-09-01,321352,35.0,0
2026-09-01,321355,35.0,0
2026-09-01,321358,69.9,0
2026-09-01,321364,6.5,0
2026-09-01,321366,25.5,0
2026-09-01,321374,34.5,0
2026-09-01,321375,15.0,0
2026-09-01,321378,65.9,0
2026-09-01,321379,65.9,0
2026-09-01,321383,65.9,0
2026-09-01,321387,43.9,0
2026-09-01,321390,42.0,0
2026-09-01,321391,6.9,0
2026-09-01,321393,6.9,0
2026-09-01,321394,6.9,0
2026-09-01,321395,34.5,0
2026-09-01,321396,16.0,0
2026-09-01,321444,53.5,0
2026-09-01,321450,12.5,0
2026-09-01,321452,81.0,0
2026-09-01,321454,68.5,0
2026-09-01,321455,93.5,0
2026-09-01,321949,15.9,0
2026-09-01,321950,26.2,0
2026-09-01,321973,31.2,0
2026-09-01,321975,31.2,0
2026-09-01,321976,31.2,0
2026-09-01,321977,31.2,0
2026-09-01,321978,9.7,0
2026-09-01,321979,10.9,0
2026-09-01,321980,10.9,0
2026-09-01,321981,13.5,0
2026-09-01,321983,26.5,0
2026-09-01,321984,65.9,0
2026-09-01,321985,180.0,0
2026-09-01,321988,94.9,0
2026-09-01,321989,129.0,0
2026-09-01,322157,46.5,0
2026-09-01,322718,19.5,0
2026-09-01,322720,19.5,0
2026-09-01,323350,24.0,0
2026-09-01,323351,41.0,0
2026-09-01,323535,66.9,0
2026-09-01,323630,68.0,0
2026-09-01,323633,71.0,0
2026-09-01,323766,10.0,0
2026-09-01,323769,37.5,0
2026-09-01,323770,37.5,0
2026-09-01,323771,18.9,0
2026-09-01,324134,205.0,0
2026-09-01,324135,69.0,0
2026-09-01,324230,3.5,0
2026-09-01,324401,9.8,0
2026-09-01,324411,34.0,0
2026-09-01,324434,19.5,0
2026-09-01,324460,419.0,0
2026-09-01,324468,161.0,0
2026-09-01,324507,6.0,0
2026-09-01,324540,6.0,0
2026-09-01,324558,6.2,0
2026-09-01,324871,19.4,0
2026-09-01,324872,23.5,0
2026-09-01,324873,25.5,0
2026-09-01,325023,15.0,0
2026-09-01,325420,29.8,0
2026-09-01,325511,6.0,0
2026-09-01,325589,10.5,0
2026-09-01,325620,10.5,0
2026-09-01,325670,4.5,0
2026-09-01,325672,4.5,0
2026-09-01,325678,4.5,0
2026-09-01,325929,21.5,0
2026-09-01,327181,18.5,0
2026-09-01,327186,18.5,0
2026-09-01,327260,24.5,0
2026-09-01,327468,63.5,0
2026-09-01,327581,27.0,0
2026-09-01,327760,21.0,0
2026-09-01,327786,36.0,0
2026-09-01,327815,17.9,0
2026-09-01,327832,21.0,0
2026-09-01,327867,36.0,0
2026-09-01,327921,20.0,0
2026-09-01,328022,24.0,0
2026-09-01,328057,79.9,0
2026-09-01,328065,138.9,0
2026-09-01,328103,204.9,0
2026-09-01,328120,11.7,0
2026-09-01,328154,185.0,0
2026-09-01,328187,4.0,0
2026-09-01,328336,169.0,0
2026-09-01,328345,54.0,0
2026-09-01,328381,48.4,0
2026-09-01,328409,6.5,0
2026-09-01,328475,100.0,0
2026-09-01,328500,2.8,0
2026-09-01,328552,23.5,0
2026-09-01,328566,35.5,0
2026-09-01,328567,35.5,0
2026-09-01,328568,35.5,0
2026-09-01,328650,41.0,0
2026-09-01,328679,21.5,0
2026-09-01,328740,66.0,0
2026-09-01,328802,99.0,0
2026-09-01,328803,181.0,0
2026-09-01,328839,57.0,0
2026-09-01,328863,45.0,0
2026-09-01,328884,21.0,0
2026-09-01,328920,32.0,0
2026-09-01,329533,11.5,0
2026-09-01,330170,75.0,0
2026-09-01,330199,9.0,0
2026-09-01,330230,38.0,0
2026-09-01,330252,36.6,0
2026-09-01,330563,28.6,0
2026-09-01,330820,65.9,0
2026-09-01,330931,9.0,0
2026-09-01,331013,80.0,0
2026-09-01,331060,66.0,0
2026-09-01,331145,57.9,0
2026-09-01,331151,6.9,0
2026-09-01,331195,92.6,0
2026-09-01,331871,6.5,0
2026-09-01,331875,6.0,0
2026-09-01,331892,19.3,0
2026-09-01,332001,6.5,0
2026-09-01,332086,61.0,0
2026-09-01,332117,7.0,0
2026-09-01,332151,20.9,0
2026-09-01,332171,16.0,0
2026-09-01,332172,15.0,0
2026-09-01,332291,325.0,0
2026-09-01,332507,31.5,0
2026-09-01,332552,47.9,0
2026-09-01,332553,47.9,0
2026-09-01,332554,39.6,0
2026-09-01,332578,14.5,0
2026-09-01,332777,51.6,0
2026-09-01,332778,23.5,0
2026-09-01,332802,22.7,0
2026-09-01,333053,29.4,0
2026-09-01,333143,95.0,0
2026-09-01,333144,95.0,0
2026-09-01,333145,115.0,0
2026-09-01,333160,27.0,0
2026-09-01,333168,32.1,0
2026-09-01,333266,55.0,0
2026-09-01,333287,28.9,0
2026-09-01,333302,31.2,0
2026-09-01,333304,31.2,0
2026-09-01,333305,31.2,0
2026-09-01,333371,6.2,0
2026-09-01,333420,80.0,0
2026-09-01,333451,29.0,0
2026-09-01,333452,29.0,0
2026-09-01,333453,29.0,0
2026-09-01,333454,46.0,0
2026-09-01,333470,20.5,0
2026-09-01,333512,33.0,0
2026-09-01,333513,33.0,0
2026-09-01,333558,37.5,0
2026-09-01,333561,44.9,0
2026-09-01,333565,56.0,0
2026-09-01,333577,7.5,0
2026-09-01,333586,79.0,0
2026-09-01,333644,60.9,0
2026-09-01,333717,95.5,0
2026-09-01,333754,51.0,0
2026-09-01,333755,50.0,0
2026-09-01,333770,32.2,0
2026-09-01,333775,12.0,0
2026-09-01,333796,69.0,0
2026-09-01,333825,28.0,0
2026-09-01,333826,28.0,0
2026-09-01,333956,43.9,0
2026-09-01,333997,26.0,0
2026-09-01,333998,26.0,0
2026-09-01,334065,27.0,0
2026-09-01,334079,8.5,0
2026-09-01,334090,25.0,0
2026-09-01,334103,19.0,0
2026-09-01,334105,28.0,0
2026-09-01,334111,21.5,0
2026-09-01,334120,20.0,0
2026-09-01,334138,30.0,0
2026-09-01,334146,20.5,0
2026-09-01,334260,33.0,0
2026-09-01,334278,61.0,0
2026-09-01,334390,26.5,0
2026-09-01,334535,45.0,0
2026-09-01,334536,45.0,0
2026-09-01,334566,31.5,0
2026-09-01,334578,34.5,0
2026-09-01,334680,105.0,0
2026-09-01,334681,100.0,0
2026-09-01,334908,64.8,0
2026-09-01,335055,74.9,0
2026-09-01,335453,30.5,0
2026-09-01,335573,34.0,0
2026-09-01,335579,28.5,0
2026-09-01,335580,26.6,0
2026-09-01,335582,28.5,0
2026-09-01,335610,13.0,0
2026-09-01,335755,29.5,0
2026-09-01,335756,29.5,0
2026-09-01,335757,29.5,0
2026-09-01,335770,31.2,0
2026-09-01,335781,48.0,0
2026-09-01,335787,8.9,0
2026-09-01,335967,63.0,0
2026-09-01,336066,24.9,0
2026-09-01,336211,50.0,0
2026-09-01,336275,72.0,0
2026-09-01,336341,43.1,0
2026-09-01,336342,43.1,0
2026-09-01,336394,13.5,0
2026-09-01,336513,13.5,0
2026-09-01,336564,13.5,0
2026-09-01,336573,25.5,0
2026-09-01,336599,10.0,0
2026-09-01,336658,20.0,0
2026-09-01,336750,16.5,0
2026-09-01,336830,25.6,0
2026-09-01,336831,47.5,0
2026-09-01,336890,24.0,0
2026-09-01,336939,15.0,0
2026-09-01,337020,39.4,0
2026-09-01,337055,26.7,0
2026-09-01,337090,24.0,0
2026-09-01,337091,25.0,0
2026-09-01,337093,28.6,0
2026-09-01,337187,35.0,0
2026-09-01,337293,27.5,0
2026-09-01,337729,186.5,0
2026-09-01,337733,17.5,0
2026-09-01,337801,10.5,0
2026-09-01,337891,64.8,0
2026-09-01,338048,52.5,0
2026-09-01,338050,43.0,0
2026-09-01,338110,31.9,0
2026-09-01,338111,24.3,0
2026-09-01,338113,55.5,0
2026-09-01,338717,53.0,0
2026-09-01,338740,25.5,0
2026-09-01,338746,23.3,0
2026-09-01,338752,26.9,0
2026-09-01,338781,7.5,0
2026-09-01,338816,134.8,0
2026-09-01,338817,39.0,0
2026-09-01,338819,39.0,0
2026-09-01,338823,16.3,0
2026-09-01,338840,34.1,0
2026-09-01,338844,172.6,0
2026-09-01,338914,76.3,0
2026-09-01,338982,13.5,0
2026-09-01,338989,74.9,0
2026-09-01,338990,15.0,0
2026-09-01,339126,37.5,0
2026-09-01,339128,42.0,0
2026-09-01,339129,35.0,0
2026-09-01,339131,62.5,0
2026-09-01,339134,23.5,0
2026-09-01,339136,8.0,0
2026-09-01,339137,28.5,0
2026-09-01,339141,80.0,0
2026-09-01,339220,80.4,0
2026-09-01,339811,87.5,0
2026-09-01,339813,87.5,0
2026-09-01,340078,15.0,0
2026-09-01,340087,1.5,0
2026-09-01,340088,4.5,0
2026-09-01,340101,20.0,0
2026-09-01,340112,202.0,0
2026-09-01,340137,67.0,0
2026-09-01,340200,23.7,0
2026-09-01,340209,140.0,0
2026-09-01,340234,36.0,0
2026-09-01,340235,23.7,0
2026-09-01,340238,36.0,0
2026-09-01,340243,23.7,0
2026-09-01,340251,23.7,0
2026-09-01,340260,23.7,0
2026-09-01,340272,12.0,0
2026-09-01,340273,12.0,0
2026-09-01,340412,22.5,0
2026-09-01,340413,11.2,0
2026-09-01,340450,32.0,0
2026-09-01,340453,32.0,0
2026-09-01,340457,32.0,0
2026-09-01,340483,8.7,0
2026-09-01,340533,21.0,0
2026-09-01,340618,23.0,0
2026-09-01,340660,21.8,0
2026-09-01,340692,34.0,0
2026-09-01,340702,140.0,0
2026-09-01,340750,63.0,0
2026-09-01,340751,37.0,0
2026-09-01,340752,47.0,0
2026-09-01,340753,47.0,0
2026-09-01,340782,35.5,0
2026-09-01,340811,15.0,0
2026-09-01,340855,35.5,0
2026-09-01,340925,25.5,0
2026-09-01,340956,50.3,0
2026-09-01,341010,51.3,0
2026-09-01,341150,49.9,0
2026-09-01,341243,8.8,0
2026-09-01,341444,6.4,0
2026-09-01,341552,25.0,0
2026-09-01,342084,24.0,0
2026-09-01,342092,30.7,0
2026-09-01,342219,10.5,0
2026-09-01,342234,10.5,0
2026-09-01,342332,11.0,0
2026-09-01,342564,34.1,0
2026-09-01,343285,80.0,0
2026-09-01,343323,80.0,0
2026-09-01,343374,80.0,0
2026-09-01,343803,7.5,0
2026-09-01,344024,11.5,0
2026-09-01,344044,23.0,0
2026-09-01,344233,25.9,0
2026-09-01,344320,71.0,0
2026-09-01,344338,78.0,0
2026-09-01,344346,35.0,0
2026-09-01,344354,86.0,0
2026-09-01,344451,48.8,0
2026-09-01,344583,23.0,0
2026-09-01,345541,23.5,0
2026-09-01,345589,26.0,0
2026-09-01,346544,49.0,0
2026-09-01,349788,4.8,0
2026-09-01,350115,21.0,0
2026-09-01,350200,38.0,0
2026-09-01,350210,38.0,0
2026-09-01,350211,42.6,0
2026-09-01,350417,15.0,0
2026-09-01,350465,15.5,0
2026-09-01,350477,15.5,0
2026-09-01,350479,15.5,0
2026-09-01,350561,24.5,0
2026-09-01,350717,17.1,0
2026-09-01,350787,11.9,0
2026-09-01,350992,36.8,0
2026-09-01,351000,72.4,0
2026-09-01,351001,75.9,0
2026-09-01,351002,82.1,0
2026-09-01,351011,109.0,0
2026-09-01,351020,10.5,0
2026-09-01,351078,39.9,0
2026-09-01,351130,126.0,0
2026-09-01,351135,16.5,0
2026-09-01,351155,129.9,0
2026-09-01,351203,13.5,0
2026-09-01,351214,38.7,0
2026-09-01,351229,34.6,0
2026-09-01,351510,11.5,0
2026-09-01,351558,18.0,0
2026-09-01,351768,62.5,0
2026-09-01,351814,22.5,0
2026-09-01,351830,22.5,0
2026-09-01,351871,27.8,0
2026-09-01,351878,34.0,0
2026-09-01,351890,31.0,0
2026-09-01,352214,12.5,0
2026-09-01,352221,360.0,0
2026-09-01,352462,14.5,0
2026-09-01,352532,36.6,0
2026-09-01,352555,45.9,0
2026-09-01,352558,45.9,0
2026-09-01,352730,33.6,0
2026-09-01,352772,15.0,0
2026-09-01,352837,31.0,0
2026-09-01,352845,10.5,0
2026-09-01,352849,8.0,0
2026-09-01,352850,51.0,0
2026-09-01,352943,15.5,0
2026-09-01,353212,11.0,0
2026-09-01,353280,41.5,0
2026-09-01,353286,21.5,0
2026-09-01,353335,11.7,0
2026-09-01,353338,13.5,0
2026-09-01,353385,98.0,0
2026-09-01,353386,98.0,0
2026-09-01,353387,98.0,0
2026-09-01,353389,98.0,0
2026-09-01,353396,91.0,0
2026-09-01,353573,42.0,0
2026-09-01,353575,37.5,0
2026-09-01,353684,82.5,0
2026-09-01,353685,82.5,0
2026-09-01,353686,82.5,0
2026-09-01,353702,60.5,0
2026-09-01,353720,70.8,0
2026-09-01,353721,38.3,0
2026-09-01,353835,131.0,0
2026-09-01,353836,85.0,0
2026-09-01,353837,243.0,0
2026-09-01,353838,243.0,0
2026-09-01,353934,39.9,0
2026-09-01,353936,39.9,0
2026-09-01,353937,15.0,0
2026-09-01,353950,20.9,0
2026-09-01,353951,20.9,0
2026-09-01,353954,20.9,0
2026-09-01,353982,35.0,0
2026-09-01,353983,34.0,0
2026-09-01,354077,17.9,0
2026-09-01,354083,21.0,0
2026-09-01,354139,14.5,0
2026-09-01,354190,24.0,0
2026-09-01,354228,10.0,0
2026-09-01,354260,42.5,0
2026-09-01,354279,42.5,0
2026-09-01,354287,42.5,0
2026-09-01,354366,43.9,0
2026-09-01,354367,43.9,0
2026-09-01,354370,87.5,0
2026-09-01,354410,27.5,0
2026-09-01,354561,57.5,0
2026-09-01,354563,72.8,0
2026-09-01,354597,7.5,0
2026-09-01,354651,11.5,0
2026-09-01,354694,21.9,0
2026-09-01,354930,16.8,0
2026-09-01,354931,16.8,0
2026-09-01,354932,16.8,0
2026-09-01,355010,62.9,0
2026-09-01,355089,17.5,0
2026-09-01,355110,8.5,0
2026-09-01,355667,59.4,0
2026-09-01,355780,13.9,0
2026-09-01,355781,7.9,0
2026-09-01,355903,33.9,0
2026-09-01,355974,61.3,0
2026-09-01,355975,70.0,0
2026-09-01,355977,70.0,0
2026-09-01,355991,83.0,0
2026-09-01,355993,91.0,0
2026-09-01,355994,91.0,0
2026-09-01,355996,106.0,0
2026-09-01,355998,106.0,0
2026-09-01,356001,27.9,0
2026-09-01,356002,27.9,0
2026-09-01,356004,27.9,0
2026-09-01,356011,27.9,0
2026-09-01,356014,27.9,0
2026-09-01,356016,27.9,0
2026-09-01,356017,27.9,0
2026-09-01,356030,42.0,0
2026-09-01,356031,42.0,0
2026-09-01,356032,42.0,0
2026-09-01,356239,6.3,0
2026-09-01,356654,30.0,0
2026-09-01,356890,18.4,0
2026-09-01,357072,26.8,0
2026-09-01,357308,197.5,0
2026-09-01,357448,41.3,0
2026-09-01,357881,38.0,0
2026-09-01,357910,11.0,0
2026-09-01,358060,47.3,0
2026-09-01,358171,17.5,0
2026-09-01,358178,17.5,0
2026-09-01,358193,399.0,0
2026-09-01,358231,299.0,0
2026-09-01,358258,181.0,0
2026-09-01,358921,62.9,0
2026-09-01,358922,62.9,0
2026-09-01,358967,132.0,0
2026-09-01,358970,79.0,0
2026-09-01,359059,35.6,0
2026-09-01,359062,35.6,0
2026-09-01,359063,35.6,0
2026-09-01,359065,35.6,0
2026-09-01,359069,35.6,0
2026-09-01,359071,35.6,0
2026-09-01,359073,35.6,0
2026-09-01,359541,20.7,0
2026-09-01,359561,20.0,0
2026-09-01,359653,47.0,0
2026-09-01,359936,65.5,0
2026-09-01,359953,62.5,0
2026-09-01,360170,29.0,0
2026-09-01,360211,26.9,0
2026-09-01,360560,43.0,0
2026-09-01,360581,48.0,0
2026-09-01,360583,103.0,0
2026-09-01,360710,31.5,0
2026-09-01,360711,31.5,0
2026-09-01,360725,25.0,0
2026-09-01,360742,95.0,0
2026-09-01,360752,18.0,0
2026-09-01,360753,18.0,0
2026-09-01,360780,9.0,0
2026-09-01,360782,3.0,0
2026-09-01,360801,15.6,0
2026-09-01,360802,15.6,0
2026-09-01,360804,15.6,0
2026-09-01,360831,12.5,0
2026-09-01,360839,35.0,0
2026-09-01,360840,31.8,0
2026-09-01,360899,38.4,0
2026-09-01,360909,32.8,0
2026-09-01,360926,45.9,0
2026-09-01,360927,45.9,0
2026-09-01,360954,29.7,0
2026-09-01,360955,31.5,0
2026-09-01,360956,24.2,0
2026-09-01,360958,64.5,0
2026-09-01,361030,44.0,0
2026-09-01,361205,36.9,0
2026-09-01,361210,28.0,0
2026-09-01,362144,44.4,0
2026-09-01,362770,25.0,0
2026-09-01,362778,9.9,0
2026-09-01,362786,15.9,0
2026-09-01,362910,13.5,0
2026-09-01,363030,155.0,0
2026-09-01,363073,118.0,0
2026-09-01,363090,209.0,0
2026-09-01,363103,209.0,0
2026-09-01,363110,78.0,0
2026-09-01,363111,108.0,0
2026-09-01,363124,99.0,0
2026-09-01,363220,65.6,0
2026-09-01,363278,194.0,0
2026-09-01,363322,65.3,0
2026-09-01,363326,141.0,0
2026-09-01,363327,118.0,0
2026-09-01,363352,105.0,0
2026-09-01,363353,85.0,0
2026-09-01,363354,85.0,0
2026-09-01,363391,75.0,0
2026-09-01,363520,31.5,0
2026-09-01,363532,21.0,0
2026-09-01,363821,26.4,0
2026-09-01,363824,45.0,0
2026-09-01,363825,45.0,0
2026-09-01,363826,14.4,0
2026-09-01,363827,14.4,0
2026-09-01,363851,30.7,0
2026-09-01,363852,46.8,0
2026-09-01,363853,30.7,0
2026-09-01,363854,46.8,0
2026-09-01,363887,22.9,0
2026-09-01,363920,139.0,0
2026-09-01,363921,139.0,0
2026-09-01,364022,49.0,0
2026-09-01,364051,39.9,0
2026-09-01,364355,92.9,0
2026-09-01,364357,3.0,0
2026-09-01,364371,53.9,0
2026-09-01,364541,11.5,0
2026-09-01,364681,22.5,0
2026-09-01,365017,33.5,0
2026-09-01,365020,16.3,0
2026-09-01,365087,5.0,0
2026-09-01,365088,5.0,0
2026-09-01,365089,5.0,0
2026-09-01,365090,118.4,0
2026-09-01,365411,25.5,0
2026-09-01,366242,79.0,0
2026-09-01,366889,57.9,0
2026-09-01,366900,235.0,0
2026-09-01,367036,30.9,0
2026-09-01,367150,58.0,0
2026-09-01,367214,26.0,0
2026-09-01,367222,34.8,0
2026-09-01,367311,3.0,0
2026-09-01,367315,46.5,0
2026-09-01,367316,52.5,0
2026-09-01,367320,3.0,0
2026-09-01,367443,7.0,0
2026-09-01,367702,9.9,0
2026-09-01,367729,94.0,0
2026-09-01,367761,94.5,0
2026-09-01,367971,10.9,0
2026-09-01,368210,116.9,0
2026-09-01,368307,35.5,0
2026-09-01,368326,51.7,0
2026-09-01,368369,99.9,0
2026-09-01,368570,22.0,0
2026-09-01,368572,12.0,0
2026-09-01,368741,7.2,0
2026-09-01,369041,18.5,0
2026-09-01,369042,11.0,0
2026-09-01,370253,14.4,0
2026-09-01,370524,22.9,0
2026-09-01,370688,96.0,0
2026-09-01,370738,5.5,0
2026-09-01,371079,15.9,0
2026-09-01,371205,56.0,0
2026-09-01,371299,44.0,0
2026-09-01,371301,44.0,0
2026-09-01,371302,44.0,0
2026-09-01,371305,37.0,0
2026-09-01,371306,37.0,0
2026-09-01,371307,37.0,0
2026-09-01,372106,21.0,0
2026-09-01,372108,45.0,0
2026-09-01,372109,54.0,0
2026-09-01,372149,353.0,0
2026-09-01,372157,335.0,0
2026-09-01,372282,59.0,0
2026-09-01,372560,35.5,0
2026-09-01,372950,18.0,0
2026-09-01,372951,21.0,0
2026-09-01,372976,15.0,0
2026-09-01,373467,95.0,0
2026-09-01,373516,13.0,0
2026-09-01,373524,13.0,0
2026-09-01,373560,16.2,0
2026-09-01,373561,16.2,0
2026-09-01,373562,16.2,0
2026-09-01,373563,16.2,0
2026-09-01,373815,27.1,0
2026-09-01,373823,64.0,0
2026-09-01,373824,64.0,0
2026-09-01,373827,26.5,0
2026-09-01,373828,13.3,0
2026-09-01,373951,70.0,0
2026-09-01,373955,92.0,0
2026-09-01,373956,75.0,0
2026-09-01,374010,16.5,0
2026-09-01,374012,12.5,0
2026-09-01,374334,22.0,0
2026-09-01,374496,31.0,0
2026-09-01,374750,5.0,0
2026-09-01,375010,34.0,0
2026-09-01,375179,33.6,0
2026-09-01,375373,68.0,0
2026-09-01,375381,54.0,0
2026-09-01,375390,62.0,0
2026-09-01,375403,33.0,0
2026-09-01,376469,70.0,0
2026-09-01,376507,68.8,0
2026-09-01,376710,75.0,0
2026-09-01,377631,68.0,0
2026-09-01,377673,31.0,0
2026-09-01,377688,65.0,0
2026-09-01,377890,72.0,0
2026-09-01,378313,5.0,0
2026-09-01,378453,42.0,0
2026-09-01,378461,45.0,0
2026-09-01,378488,61.0,0
2026-09-01,378712,17.6,0
2026-09-01,378887,52.6,0
2026-09-01,378917,52.6,0
2026-09-01,378925,52.6,0
2026-09-01,380108,13.7,0
2026-09-01,380110,175.0,0
2026-09-01,380122,42.0,0
2026-09-01,380180,28.0,0
2026-09-01,380187,188.0,0
2026-09-01,380221,59.9,0
2026-09-01,380222,62.9,0
2026-09-01,380571,19.0,0
2026-09-01,380643,66.0,0
2026-09-01,380720,38.7,0
2026-09-01,380731,39.9,0
2026-09-01,380819,77.4,0
2026-09-01,380916,10.5,0
2026-09-01,380919,21.0,0
2026-09-01,381014,25.0,0
2026-09-01,381030,22.4,0
2026-09-01,381031,20.0,0
2026-09-01,381033,20.0,0
2026-09-01,381034,17.0,0
2026-09-01,381035,14.0,0
2026-09-01,381037,20.0,0
2026-09-01,381403,35.0,0
2026-09-01,381438,80.0,0
2026-09-01,381454,59.9,0
2026-09-01,381497,154.8,0
2026-09-01,381543,25.0,0
2026-09-01,381558,45.0,0
2026-09-01,381977,81.7,0
2026-09-01,382000,63.4,0
2026-09-01,382035,33.0,0
2026-09-01,382078,26.0,0
2026-09-01,382175,45.0,0
2026-09-01,382191,45.0,0
2026-09-01,382526,9.9,0
2026-09-01,382527,9.9,0
2026-09-01,382528,9.9,0
2026-09-01,382529,9.9,0
2026-09-01,382541,173.9,0
2026-09-01,382542,173.9,0
2026-09-01,382612,55.0,0
2026-09-01,382833,57.5,0
2026-09-01,383997,180.0,0
2026-09-01,384208,61.0,0
2026-09-01,384259,75.0,0
2026-09-01,385352,12.6,0
2026-09-01,385379,57.0,0
2026-09-01,385478,205.0,0
2026-09-01,386081,59.9,0
2026-09-01,386090,61.5,0
2026-09-01,386528,122.0,0
2026-09-01,386774,120.0,0
2026-09-01,386782,120.0,0
2026-09-01,387077,8.0,0
2026-09-01,387401,11.0,0
2026-09-01,387600,12.0,0
2026-09-01,388378,135.0,0
2026-09-01,388711,44.9,0
2026-09-01,388793,57.0,0
2026-09-01,389382,56.8,0
2026-09-01,389404,49.0,0
2026-09-01,390065,226.0,0
2026-09-01,390110,8.5,0
2026-09-01,390174,315.0,0
2026-09-01,390178,6.0,0
2026-09-01,390186,11.0,0
2026-09-01,390431,18.0,0
2026-09-01,390487,27.9,0
2026-09-01,390907,34.4,0
2026-09-01,390908,34.4,0
2026-09-01,390910,34.4,0
2026-09-01,390918,96.9,0
2026-09-01,390919,39.9,0
2026-09-01,390939,18.7,0
2026-09-01,391009,29.9,0
2026-09-01,391013,18.0,0
2026-09-01,391016,18.0,0
2026-09-01,391017,18.0,0
2026-09-01,391019,18.0,0
2026-09-01,391024,21.3,0
2026-09-01,391025,21.3,0
2026-09-01,391027,21.3,0
2026-09-01,391028,21.0,0
2026-09-01,391032,21.3,0
2026-09-01,391033,21.0,0
2026-09-01,391035,21.3,0
2026-09-01,391036,21.0,0
2026-09-01,391038,23.0,0
2026-09-01,391039,23.4,0
2026-09-01,391040,23.4,0
2026-09-01,391041,23.4,0
2026-09-01,391043,23.4,0
2026-09-01,391046,18.0,0
2026-09-01,391047,18.0,0
2026-09-01,391087,7.0,0
2026-09-01,391219,131.0,0
2026-09-01,391221,138.0,0
2026-09-01,391239,49.9,0
2026-09-01,391260,139.0,0
2026-09-01,391261,28.7,0
2026-09-01,391262,24.0,0
2026-09-01,391328,62.9,0
2026-09-01,391704,118.0,0
2026-09-01,392002,21.5,0
2026-09-01,392061,163.5,0
2026-09-01,392383,5.5,0
2026-09-01,392391,5.5,0
2026-09-01,392405,5.5,0
2026-09-01,392421,5.5,0
2026-09-01,392430,5.5,0
2026-09-01,393193,21.9,0
2026-09-01,393207,16.9,0
2026-09-01,393240,19.5,0
2026-09-01,393410,14.5,0
2026-09-01,393495,6.9,0
2026-09-01,393509,7.5,0
2026-09-01,393517,6.9,0
2026-09-01,393541,17.9,0
2026-09-01,393550,4.5,0
2026-09-01,393568,7.0,0
2026-09-01,393763,9.5,0
2026-09-01,393764,9.5,0
2026-09-01,394092,4.0,0
2026-09-01,394106,4.0,0
2026-09-01,394114,4.0,0
2026-09-01,395253,78.0,0
2026-09-01,395254,83.0,0
2026-09-01,395261,61.0,0
2026-09-01,395382,7.5,0
2026-09-01,395528,19.5,0
2026-09-01,395602,21.0,0
2026-09-01,396206,394.9,0
2026-09-01,396220,59.9,0
2026-09-01,396672,6.5,0
2026-09-01,396680,7.9,0
2026-09-01,397181,35.0,0
2026-09-01,397353,31.4,0
2026-09-01,397354,31.4,0
2026-09-01,397355,31.4,0
2026-09-01,397695,75.0,0
2026-09-01,397717,75.0,0
2026-09-01,397750,13.0,0
2026-09-01,397920,65.0,0
2026-09-01,398055,14.0,0
2026-09-01,398070,35.5,0
2026-09-01,398077,35.5,0
2026-09-01,398381,29.0,0
2026-09-01,398403,15.9,0
2026-09-01,398420,15.9,0
2026-09-01,398438,9.9,0
2026-09-01,398717,77.5,0
2026-09-01,398727,280.0,0
2026-09-01,399060,12.9,0
2026-09-01,399260,93.5,0
2026-09-01,399426,95.5,0
2026-09-01,399752,17.0,0
2026-09-01,400226,20.0,0
2026-09-01,400391,45.0,0
2026-09-01,400645,25.0,0
2026-09-01,401013,12.5,0
2026-09-01,401021,12.5,0
2026-09-01,401056,12.5,0
2026-09-01,401091,43.0,0
2026-09-01,401092,45.0,0
2026-09-01,401129,46.0,0
2026-09-01,401170,6.9,0
2026-09-01,401171,469.0,0
2026-09-01,401175,469.0,0
2026-09-01,401196,11.5,0
2026-09-01,401240,16.5,0
2026-09-01,401245,16.5,0
2026-09-01,401255,51.5,0
2026-09-01,401285,21.9,0
2026-09-01,401293,21.9,0
2026-09-01,401518,21.0,0
2026-09-01,401519,28.0,0
2026-09-01,401520,24.0,0
2026-09-01,401597,35.5,0
2026-09-01,402894,113.6,0
2026-09-01,403211,37.5,0
2026-09-01,403232,82.5,0
2026-09-01,403431,7.5,0
2026-09-01,403725,4.5,0
2026-09-01,404011,112.0,0
2026-09-01,404013,102.0,0
2026-09-01,404014,99.0,0
2026-09-01,404015,118.5,0
2026-09-01,404020,9.5,0
2026-09-01,404081,51.2,0
2026-09-01,404210,43.0,0
2026-09-01,404300,125.0,0
2026-09-01,404555,115.0,0
2026-09-01,404861,12.5,0
2026-09-01,405020,27.0,0
2026-09-01,405021,27.0,0
2026-09-01,405022,27.0,0
2026-09-01,405023,27.0,0
2026-09-01,405024,27.0,0
2026-09-01,405025,22.5,0
2026-09-01,405026,22.5,0
2026-09-01,405029,22.5,0
2026-09-01,405030,22.5,0
2026-09-01,405031,22.5,0
2026-09-01,405032,16.2,0
2026-09-01,405036,16.2,0
2026-09-01,405037,16.2,0
2026-09-01,405038,16.2,0
2026-09-01,405039,16.2,0
2026-09-01,405042,17.5,0
2026-09-01,405044,15.0,0
2026-09-01,405048,17.1,0
2026-09-01,405049,14.1,0
2026-09-01,405053,18.5,0
2026-09-01,405054,18.5,0
2026-09-01,405055,18.5,0
2026-09-01,405056,18.5,0
2026-09-01,405057,14.4,0
2026-09-01,405058,42.9,0
2026-09-01,405059,42.9,0
2026-09-01,405061,42.9,0
2026-09-01,405062,42.9,0
2026-09-01,405063,18.0,0
2026-09-01,405064,16.2,0
2026-09-01,405066,16.2,0
2026-09-01,405081,24.9,0
2026-09-01,405093,17.6,0
2026-09-01,405095,15.1,0
2026-09-01,405515,166.0,0
2026-09-01,406070,88.0,0
2026-09-01,406071,88.0,0
2026-09-01,406154,19.5,0
2026-09-01,406171,19.5,0
2026-09-01,406309,43.0,0
2026-09-01,406635,89.4,0
2026-09-01,407030,23.0,0
2026-09-01,407177,41.0,0
2026-09-01,410134,21.2,0
2026-09-01,410138,15.0,0
2026-09-01,410144,7.5,0
2026-09-01,410349,9.5,0
2026-09-01,410357,9.4,0
2026-09-01,410365,11.0,0
2026-09-01,411877,25.5,0
2026-09-01,412112,10.0,0
2026-09-01,412147,10.0,0
2026-09-01,412163,28.0,0
2026-09-01,412210,28.0,0
2026-09-01,412228,28.0,0
2026-09-01,412236,28.0,0
2026-09-01,412244,28.0,0
2026-09-01,412252,28.0,0
2026-09-01,412279,28.0,0
2026-09-01,412287,28.0,0
2026-09-01,412481,48.8,0
2026-09-01,412490,48.8,0
2026-09-01,413224,49.0,0
2026-09-01,413305,11.0,0
2026-09-01,413488,2.1,0
2026-09-01,413690,108.0,0
2026-09-01,414031,27.4,0
2026-09-01,414032,27.4,0
2026-09-01,414035,27.4,0
2026-09-01,414036,27.4,0
2026-09-01,414069,97.5,0
2026-09-01,415987,50.9,0
2026-09-01,416487,70.4,0
2026-09-01,416665,65.0,0
2026-09-01,416835,89.7,0
2026-09-01,417386,38.0,0
2026-09-01,417548,19.5,0
2026-09-01,418048,9.4,0
2026-09-01,418676,12.0,0
2026-09-01,418722,12.0,0
2026-09-01,418730,12.0,0
2026-09-01,418749,5.0,0
2026-09-01,418757,10.0,0
2026-09-01,421045,16.5,0
2026-09-01,421123,54.0,0
2026-09-01,421223,105.0,0
2026-09-01,421557,60.5,0
2026-09-01,421758,120.0,0
2026-09-01,422335,20.0,0
2026-09-01,423025,79.0,0
2026-09-01,423031,8.0,0
2026-09-01,423333,6.5,0
2026-09-01,423564,107.0,0
2026-09-01,423882,7.0,0
2026-09-01,423884,28.6,0
2026-09-01,423890,4.5,0
2026-09-01,423998,146.0,0
2026-09-01,425346,21.0,0
2026-09-01,426113,7.5,0
2026-09-01,426121,49.9,0
2026-09-01,426172,193.0,0
2026-09-01,426571,41.0,0
2026-09-01,426768,69.0,0
2026-09-01,426784,60.0,0
2026-09-01,427349,17.0,0
2026-09-01,427365,18.0,0
2026-09-01,427373,18.0,0
2026-09-01,427381,15.5,0
2026-09-01,427560,5.0,0
2026-09-01,427578,12.0,0
2026-09-01,427900,33.5,0
2026-09-01,427942,23.0,0
2026-09-01,427985,655.0,0
2026-09-01,428060,46.0,0
2026-09-01,428718,19.5,0
2026-09-01,430065,77.5,0
2026-09-01,430200,19.9,0
2026-09-01,430220,39.0,0
2026-09-01,430221,29.0,0
2026-09-01,430222,30.0,0
2026-09-01,430223,18.0,0
2026-09-01,430225,31.0,0
2026-09-01,430227,31.0,0
2026-09-01,430228,20.0,0
2026-09-01,430229,30.0,0
2026-09-01,430230,31.0,0
2026-09-01,430231,30.0,0
2026-09-01,430232,30.0,0
2026-09-01,430233,30.0,0
2026-09-01,430238,30.0,0
2026-09-01,430239,30.0,0
2026-09-01,430240,30.0,0
2026-09-01,430241,30.0,0
2026-09-01,430244,30.0,0
2026-09-01,430245,30.0,0
2026-09-01,430246,30.0,0
2026-09-01,430247,30.0,0
2026-09-01,430248,30.0,0
2026-09-01,430249,30.0,0
2026-09-01,430251,30.0,0
2026-09-01,430252,30.0,0
2026-09-01,430253,30.0,0
2026-09-01,430254,30.0,0
2026-09-01,430285,21.9,0
2026-09-01,430631,96.9,0
2026-09-01,431001,33.5,0
2026-09-01,431028,14.0,0
2026-09-01,431036,10.5,0
2026-09-01,431126,21.6,0
2026-09-01,431354,9.0,0
2026-09-01,431524,32.5,0
2026-09-01,431559,24.0,0
2026-09-01,431567,27.4,0
2026-09-01,431605,51.0,0
2026-09-01,431842,26.0,0
2026-09-01,432035,108.4,0
2026-09-01,432055,30.0,0
2026-09-01,432063,23.0,0
2026-09-01,432064,23.0,0
2026-09-01,432065,24.0,0
2026-09-01,432066,24.0,0
2026-09-01,432070,15.0,0
2026-09-01,432071,15.0,0
2026-09-01,432072,15.0,0
2026-09-01,432073,25.5,0
2026-09-01,432074,25.5,0
2026-09-01,432076,24.0,0
2026-09-01,432077,60.0,0
2026-09-01,432413,10.5,0
2026-09-01,432600,20.9,0
2026-09-01,432811,8.2,0
2026-09-01,432813,8.2,0
2026-09-01,432881,25.0,0
2026-09-01,432903,25.0,0
2026-09-01,432911,25.0,0
2026-09-01,433330,43.9,0
2026-09-01,433357,53.9,0
2026-09-01,433365,32.5,0
2026-09-01,433580,37.0,0
2026-09-01,433720,59.9,0
2026-09-01,433725,105.0,0
2026-09-01,433772,60.0,0
2026-09-01,434078,7.0,0
2026-09-01,434094,6.9,0
2026-09-01,434112,84.9,0
2026-09-01,434122,35.5,0
2026-09-01,434233,12.0,0
2026-09-01,434493,39.9,0
2026-09-01,434590,64.9,0
2026-09-01,435001,76.4,0
2026-09-01,435538,26.8,0
2026-09-01,435546,43.1,0
2026-09-01,435681,6.5,0
2026-09-01,436160,19.5,0
2026-09-01,436224,140.0,0
2026-09-01,436227,29.0,0
2026-09-01,436321,118.8,0
2026-09-01,436330,120.0,0
2026-09-01,436356,210.0,0
2026-09-01,436365,32.3,0
2026-09-01,436402,225.0,0
2026-09-01,436410,217.5,0
2026-09-01,436852,19.5,0
2026-09-01,436860,19.5,0
2026-09-01,437280,38.0,0
2026-09-01,437419,8.5,0
2026-09-01,437859,11.0,0
2026-09-01,437878,589.0,0
2026-09-01,437913,11.0,0
2026-09-01,438120,12.4,0
2026-09-01,438586,45.0,0
2026-09-01,438716,41.3,0
2026-09-01,438790,49.9,0
2026-09-01,439020,20.4,0
2026-09-01,439105,50.3,0
2026-09-01,439106,32.1,0
2026-09-01,439107,57.5,0
2026-09-01,439363,17.9,0
2026-09-01,439533,25.0,0
2026-09-01,439835,21.5,0
2026-09-01,439851,43.1,0
2026-09-01,441350,75.0,0
2026-09-01,441531,70.0,0
2026-09-01,442356,15.6,0
2026-09-01,442801,15.5,0
2026-09-01,442828,6.0,0
2026-09-01,443816,42.9,0
2026-09-01,445127,24.5,0
2026-09-01,445614,15.6,0
2026-09-01,445703,52.0,0
2026-09-01,445711,52.0,0
2026-09-01,445797,9.5,0
2026-09-01,445940,41.3,0
2026-09-01,446114,28.6,0
2026-09-01,446203,19.5,0
2026-09-01,446408,6.5,0
2026-09-01,446416,6.5,0
2026-09-01,446572,53.3,0
2026-09-01,446653,7.3,0
2026-09-01,447668,4.8,0
2026-09-01,447975,72.5,0
2026-09-01,448626,40.0,0
2026-09-01,449512,28.0,0
2026-09-01,449520,28.0,0
2026-09-01,449539,75.5,0
2026-09-01,449547,75.5,0
2026-09-01,449555,67.5,0
2026-09-01,450191,45.3,0
2026-09-01,450405,24.5,0
2026-09-01,450530,2.9,0
2026-09-01,451015,86.5,0
2026-09-01,451510,67.5,0
2026-09-01,451511,48.5,0
2026-09-01,451665,7.7,0
2026-09-01,451894,60.0,0
2026-09-01,452144,39.2,0
2026-09-01,452612,94.9,0
2026-09-01,452614,94.9,0
2026-09-01,452615,94.9,0
2026-09-01,453714,13.1,0
2026-09-01,453929,16.2,0
2026-09-01,453942,16.2,0
2026-09-01,454117,7.0,0
2026-09-01,454118,7.0,0
2026-09-01,454125,7.0,0
2026-09-01,454215,77.4,0
2026-09-01,454317,97.0,0
2026-09-01,454678,94.9,0
2026-09-01,454679,94.9,0
2026-09-01,454705,249.0,0
2026-09-01,455412,249.0,0
2026-09-01,455789,81.6,0
2026-09-01,455791,30.4,0
2026-09-01,455830,9.5,0
2026-09-01,455849,26.0,0
2026-09-01,455962,72.5,0
2026-09-01,455970,34.5,0
2026-09-01,456225,19.9,0
2026-09-01,456799,83.9,0
2026-09-01,456926,51.0,0
2026-09-01,457051,13.5,0
2026-09-01,457078,18.0,0
2026-09-01,457086,18.0,0
2026-09-01,457094,18.0,0
2026-09-01,457345,43.0,0
2026-09-01,457762,23.6,0
2026-09-01,457834,9.5,0
2026-09-01,458063,158.7,0
2026-09-01,458240,199.9,0
2026-09-01,458727,14.0,0
2026-09-01,459025,94.9,0
2026-09-01,459097,16.0,0
2026-09-01,459129,60.7,0
2026-09-01,459133,95.0,0
2026-09-01,459136,90.0,0
2026-09-01,459137,90.0,0
2026-09-01,459138,90.0,0
2026-09-01,459569,21.0,0
2026-09-01,459674,45.0,0
2026-09-01,459818,89.6,0
2026-09-01,460223,98.0,0
2026-09-01,460225,47.5,0
2026-09-01,460226,51.5,0
2026-09-01,460273,26.9,0
2026-09-01,460545,71.0,0
2026-09-01,460699,48.8,0
2026-09-01,460702,10.0,0
2026-09-01,461091,58.5,0
2026-09-01,461100,58.6,0
2026-09-01,461102,58.6,0
2026-09-01,461103,55.0,0
2026-09-01,461207,114.5,0
2026-09-01,461238,17.0,0
2026-09-01,461274,58.5,0
2026-09-01,461276,58.5,0
2026-09-01,461277,58.5,0
2026-09-01,461857,15.9,0
2026-09-01,461865,15.9,0
2026-09-01,462003,13.3,0
2026-09-01,462193,19.4,0
2026-09-01,462194,11.2,0
2026-09-01,462196,19.4,0
2026-09-01,462197,11.2,0
2026-09-01,462199,19.4,0
2026-09-01,462200,4.5,0
2026-09-01,462233,7.5,0
2026-09-01,462250,7.4,0
2026-09-01,462254,18.5,0
2026-09-01,462382,44.8,0
2026-09-01,462383,44.6,0
2026-09-01,462385,44.6,0
2026-09-01,462433,42.1,0
2026-09-01,462436,38.0,0
2026-09-01,462522,19.0,0
2026-09-01,462810,44.9,0
2026-09-01,462845,73.5,0
2026-09-01,463065,52.0,0
2026-09-01,463066,53.0,0
2026-09-01,463068,38.0,0
2026-09-01,463275,176.5,0
2026-09-01,463442,116.9,0
2026-09-01,463512,5.0,0
2026-09-01,464325,10.0,0
2026-09-01,464333,24.0,0
2026-09-01,464350,23.0,0
2026-09-01,464597,4.5,0
2026-09-01,464627,4.5,0
2026-09-01,465271,49.5,0
2026-09-01,465420,56.0,0
2026-09-01,465423,31.5,0
2026-09-01,466474,87.0,0
2026-09-01,466817,150.0,0
2026-09-01,467324,33.9,0
2026-09-01,467600,44.9,0
2026-09-01,467618,9.6,0
2026-09-01,467626,9.6,0
2026-09-01,467634,9.6,0
2026-09-01,467642,9.6,0
2026-09-01,467677,9.6,0
2026-09-01,467685,9.6,0
2026-09-01,467693,9.6,0
2026-09-01,467820,241.0,0
2026-09-01,468978,14.0,0
2026-09-01,469009,16.9,0
2026-09-01,469021,5.3,0
2026-09-01,469344,98.0,0
2026-09-01,469459,44.9,0
2026-09-01,469467,44.9,0
2026-09-01,469475,44.9,0
2026-09-01,469513,56.0,0
2026-09-01,470108,13.5,0
2026-09-01,470121,41.5,0
2026-09-01,470457,15.9,0
2026-09-01,471660,20.5,0
2026-09-01,471810,75.0,0
2026-09-01,472033,15.5,0
2026-09-01,472573,26.0,0
2026-09-01,473766,25.0,0
2026-09-01,473871,36.5,0
2026-09-01,474215,112.8,0
2026-09-01,474363,13.0,0
2026-09-01,475149,6.2,0
2026-09-01,475521,41.5,0
2026-09-01,475530,41.5,0
2026-09-01,476609,39.9,0
2026-09-01,478113,68.8,0
2026-09-01,478687,7.5,0
2026-09-01,479241,22.4,0
2026-09-01,479837,11.5,0
2026-09-01,479845,11.0,0
2026-09-01,479934,12.5,0
2026-09-01,480018,14.0,0
2026-09-01,480021,20.0,0
2026-09-01,480022,12.5,0
2026-09-01,480027,6.9,0
2026-09-01,480032,12.5,0
2026-09-01,480044,25.0,0
2026-09-01,480046,10.0,0
2026-09-01,480047,17.5,0
2026-09-01,480048,23.5,0
2026-09-01,480049,31.0,0
2026-09-01,480051,13.5,0
2026-09-01,480052,15.0,0
2026-09-01,480054,18.5,0
2026-09-01,480059,31.0,0
2026-09-01,480159,10.4,0
2026-09-01,480165,10.0,0
2026-09-01,480166,13.8,0
2026-09-01,480167,21.0,0
2026-09-01,480173,32.3,0
2026-09-01,480178,13.0,0
2026-09-01,480180,14.5,0
2026-09-01,480183,10.5,0
2026-09-01,480187,14.5,0
2026-09-01,480188,42.5,0
2026-09-01,480192,13.0,0
2026-09-01,480194,49.8,0
2026-09-01,480199,32.3,0
2026-09-01,480200,7.4,0
2026-09-01,480206,38.0,0
2026-09-01,480226,70.0,0
2026-09-01,480244,22.5,0
2026-09-01,480248,12.1,0
2026-09-01,480285,27.0,0
2026-09-01,480287,1.9,0
2026-09-01,480294,7.4,0
2026-09-01,480296,61.0,0
2026-09-01,480305,12.7,0
2026-09-01,480326,14.6,0
2026-09-01,480356,17.9,0
2026-09-01,480410,25.0,0
2026-09-01,480466,29.0,0
2026-09-01,480468,7.5,0
2026-09-01,480469,15.3,0
2026-09-01,480470,23.5,0
2026-09-01,480471,18.8,0
2026-09-01,480472,22.9,0
2026-09-01,480473,25.3,0
2026-09-01,480475,11.8,0
2026-09-01,480484,12.6,0
2026-09-01,480500,13.5,0
2026-09-01,480502,7.5,0
2026-09-01,480503,7.5,0
2026-09-01,480504,7.5,0
2026-09-01,480505,7.5,0
2026-09-01,480506,15.5,0
2026-09-01,480507,15.5,0
2026-09-01,480508,6.0,0
2026-09-01,480510,9.5,0
2026-09-01,480513,12.5,0
2026-09-01,480514,24.0,0
2026-09-01,480516,12.5,0
2026-09-01,480519,25.5,0
2026-09-01,480520,15.9,0
2026-09-01,480521,12.5,0
2026-09-01,480523,15.5,0
2026-09-01,480529,12.9,0
2026-09-01,480530,14.2,0
2026-09-01,480531,8.0,0
2026-09-01,480532,8.0,0
2026-09-01,480534,12.0,0
2026-09-01,480536,14.0,0
2026-09-01,480539,13.0,0
2026-09-01,480540,22.0,0
2026-09-01,480542,19.0,0
2026-09-01,480543,11.5,0
2026-09-01,480544,11.0,0
2026-09-01,480545,11.2,0
2026-09-01,480546,11.2,0
2026-09-01,480547,36.0,0
2026-09-01,480548,9.0,0
2026-09-01,480549,9.5,0
2026-09-01,480551,10.5,0
2026-09-01,480552,9.0,0
2026-09-01,480553,4.0,0
2026-09-01,480554,4.0,0
2026-09-01,480555,3.9,0
2026-09-01,480556,2.5,0
2026-09-01,480557,4.5,0
2026-09-01,480559,8.0,0
2026-09-01,480560,8.0,0
2026-09-01,480561,7.5,0
2026-09-01,480562,7.5,0
2026-09-01,480563,2.5,0
2026-09-01,480564,2.5,0
2026-09-01,480565,4.5,0
2026-09-01,480566,4.5,0
2026-09-01,480569,4.5,0
2026-09-01,480570,3.9,0
2026-09-01,480571,4.5,0
2026-09-01,480572,3.0,0
2026-09-01,480573,9.0,0
2026-09-01,480574,9.0,0
2026-09-01,480575,9.0,0
2026-09-01,480577,9.0,0
2026-09-01,480579,15.5,0
2026-09-01,480580,10.5,0
2026-09-01,480600,32.5,0
2026-09-01,480601,12.5,0
2026-09-01,480603,12.5,0
2026-09-01,480604,12.5,0
2026-09-01,480605,12.5,0
2026-09-01,480607,12.5,0
2026-09-01,480608,12.5,0
2026-09-01,480610,12.5,0
2026-09-01,481150,29.5,0
2026-09-01,481151,15.9,0
2026-09-01,481153,10.0,0
2026-09-01,481807,14.0,0
2026-09-01,481874,31.5,0
2026-09-01,481882,25.0,0
2026-09-01,482013,82.0,0
2026-09-01,482057,38.0,0
2026-09-01,482277,45.0,0
2026-09-01,482307,43.0,0
2026-09-01,482315,43.0,0
2026-09-01,482340,89.9,0
2026-09-01,482537,29.0,0
2026-09-01,482540,29.0,0
2026-09-01,483011,48.6,0
2026-09-01,483012,40.0,0
2026-09-01,483013,37.3,0
2026-09-01,483305,27.5,0
2026-09-01,483532,54.0,0
2026-09-01,483563,41.0,0
2026-09-01,483564,41.5,0
2026-09-01,484142,32.9,0
2026-09-01,484598,19.5,0
2026-09-01,484709,39.0,0
2026-09-01,484776,22.0,0
2026-09-01,484807,14.0,0
2026-09-01,484911,46.9,0
2026-09-01,484950,14.5,0
2026-09-01,484952,10.0,0
2026-09-01,485020,55.0,0
2026-09-01,485942,32.9,0
2026-09-01,486104,31.0,0
2026-09-01,486949,15.6,0
2026-09-01,486950,15.6,0
2026-09-01,488011,12.0,0
2026-09-01,488240,19.0,0
2026-09-01,488259,19.0,0
2026-09-01,489590,75.5,0
2026-09-01,489794,56.0,0
2026-09-01,489930,7.5,0
2026-09-01,490114,53.3,0
2026-09-01,490120,24.3,0
2026-09-01,490466,48.4,0
2026-09-01,490551,295.0,0
2026-09-01,490784,25.5,0
2026-09-01,491934,5.9,0
2026-09-01,492026,13.0,0
2026-09-01,492031,10.9,0
2026-09-01,492248,24.9,0
2026-09-01,492400,32.5,0
2026-09-01,492418,18.5,0
2026-09-01,492426,17.5,0
2026-09-01,492515,11.0,0
2026-09-01,492531,11.0,0
2026-09-01,492532,26.0,0
2026-09-01,492533,43.5,0
2026-09-01,492534,82.5,0
2026-09-01,492535,40.0,0
2026-09-01,492538,29.0,0
2026-09-01,492539,29.0,0
2026-09-01,492542,40.5,0
2026-09-01,492544,22.5,0
2026-09-01,492546,22.5,0
2026-09-01,492671,10.0,0
2026-09-01,493279,469.0,0
2026-09-01,493295,239.0,0
2026-09-01,493694,7.5,0
2026-09-01,493716,36.9,0
2026-09-01,493724,7.9,0
2026-09-01,494050,6.5,0
2026-09-01,494051,15.0,0
2026-09-01,494052,36.9,0
2026-09-01,494053,6.5,0
2026-09-01,494055,15.0,0
2026-09-01,494056,42.5,0
2026-09-01,494060,5.0,0
2026-09-01,494850,14.0,0
2026-09-01,494851,14.0,0
2026-09-01,495177,20.0,0
2026-09-01,495178,20.0,0
2026-09-01,495298,31.3,0
2026-09-01,495301,31.5,0
2026-09-01,495573,32.9,0
2026-09-01,495581,32.9,0
2026-09-01,496060,14.0,0
2026-09-01,496138,2.1,0
2026-09-01,496758,104.9,0
2026-09-01,497126,17.0,0
2026-09-01,497320,80.0,0
2026-09-01,499331,14.0,0
2026-09-01,499501,206.0,0
2026-09-01,500262,54.9,0
2026-09-01,500264,49.9,0
2026-09-01,500268,49.9,0
2026-09-01,500278,34.9,0
2026-09-01,500279,34.9,0
2026-09-01,500281,34.9,0
2026-09-01,500282,39.9,0
2026-09-01,500284,48.9,0
2026-09-01,500287,41.9,0
2026-09-01,500288,29.9,0
2026-09-01,500289,53.9,0
2026-09-01,500290,49.9,0
2026-09-01,500292,48.9,0
2026-09-01,500293,35.9,0
2026-09-01,500294,34.9,0
2026-09-01,500295,46.9,0
2026-09-01,500364,72.0,0
2026-09-01,500372,72.0,0
2026-09-01,500771,6.0,0
2026-09-01,501510,125.0,0
2026-09-01,501717,25.0,0
2026-09-01,501718,25.0,0
2026-09-01,501720,35.0,0
2026-09-01,501775,10.5,0
2026-09-01,502415,949.0,0
2026-09-01,502530,53.3,0
2026-09-01,502605,89.0,0
2026-09-01,502630,65.6,0
2026-09-01,502638,45.0,0
2026-09-01,502640,30.3,0
2026-09-01,502648,45.0,0
2026-09-01,502651,24.5,0
2026-09-01,502672,38.6,0
2026-09-01,502673,26.3,0
2026-09-01,503681,6.5,0
2026-09-01,503690,5.0,0
2026-09-01,504396,28.5,0
2026-09-01,504877,24.5,0
2026-09-01,504879,25.0,0
2026-09-01,505560,10.5,0
2026-09-01,505579,11.8,0
2026-09-01,506040,20.8,0
2026-09-01,506061,25.0,0
2026-09-01,506062,12.5,0
2026-09-01,506063,12.5,0
2026-09-01,506065,9.0,0
2026-09-01,506066,9.0,0
2026-09-01,506074,13.0,0
2026-09-01,506075,13.0,0
2026-09-01,506083,4.5,0
2026-09-01,506090,17.0,0
2026-09-01,506982,26.5,0
2026-09-01,507040,20.2,0
2026-09-01,507046,20.8,0
2026-09-01,507870,11.5,0
2026-09-01,507875,11.5,0
2026-09-01,508144,11.0,0
2026-09-01,508225,5.5,0
2026-09-01,508717,299.0,0
2026-09-01,508799,25.9,0
2026-09-01,508802,19.9,0
2026-09-01,508829,21.9,0
2026-09-01,509064,12.0,0
2026-09-01,509083,17.0,0
2026-09-01,509087,73.4,0
2026-09-01,509310,70.7,0
2026-09-01,510254,152.0,0
2026-09-01,510418,16.0,0
2026-09-01,510475,65.0,0
2026-09-01,511166,23.5,0
2026-09-01,511307,19.0,0
2026-09-01,511617,29.9,0
2026-09-01,511870,60.5,0
2026-09-01,513040,23.5,0
2026-09-01,513440,39.0,0
2026-09-01,513458,42.0,0
2026-09-01,513520,29.0,0
2026-09-01,514411,5.0,0
2026-09-01,514817,9.5,0
2026-09-01,516112,21.5,0
2026-09-01,516139,9.6,0
2026-09-01,516211,9.5,0
2026-09-01,516236,13.5,0
2026-09-01,516260,39.9,0
2026-09-01,516287,4.9,0
2026-09-01,516807,25.0,0
2026-09-01,517313,15.5,0
2026-09-01,517321,20.0,0
2026-09-01,517330,12.0,0
2026-09-01,517372,79.9,0
2026-09-01,518004,25.0,0
2026-09-01,518036,81.0,0
2026-09-01,518344,28.5,0
2026-09-01,518711,12.5,0
2026-09-01,518718,125.0,0
2026-09-01,519731,125.0,0
2026-09-01,519758,157.5,0
2026-09-01,519804,55.0,0
2026-09-01,520300,31.3,0
2026-09-01,520302,31.3,0
2026-09-01,520303,48.7,0
2026-09-01,520304,48.7,0
2026-09-01,520305,48.7,0
2026-09-01,520310,39.9,0
2026-09-01,520315,34.4,0
2026-09-01,520374,28.6,0
2026-09-01,521302,31.2,0
2026-09-01,521353,72.2,0
2026-09-01,521663,82.0,0
2026-09-01,521950,41.3,0
2026-09-01,522007,69.9,0
2026-09-01,522538,10.0,0
2026-09-01,522546,21.0,0
2026-09-01,522562,10.9,0
2026-09-01,522600,10.9,0
2026-09-01,523879,23.0,0
2026-09-01,524387,56.9,0
2026-09-01,524395,8.0,0
2026-09-01,524824,18.0,0
2026-09-01,525464,31.0,0
2026-09-01,525847,24.0,0
2026-09-01,527700,114.0,0
2026-09-01,527718,119.0,0
2026-09-01,528510,8.0,0
2026-09-01,528544,7.0,0
2026-09-01,528609,8.0,0
2026-09-01,530110,24.0,0
2026-09-01,530111,24.0,0
2026-09-01,530113,24.0,0
2026-09-01,530252,33.5,0
2026-09-01,530621,13.5,0
2026-09-01,533530,80.8,0
2026-09-01,534617,22.0,0
2026-09-01,534625,21.5,0
2026-09-01,534714,8.5,0
2026-09-01,536210,23.5,0
2026-09-01,536849,19.3,0
2026-09-01,537438,16.5,0
2026-09-01,537803,33.6,0
2026-09-01,538221,28.0,0
2026-09-01,539198,138.3,0
2026-09-01,539260,193.0,0
2026-09-01,539830,24.0,0
2026-09-01,539848,32.5,0
2026-09-01,539970,25.5,0
2026-09-01,540161,72.2,0
2026-09-01,540188,63.4,0
2026-09-01,540196,63.3,0
2026-09-01,540250,13.5,0
2026-09-01,540269,13.5,0
2026-09-01,540439,20.5,0
2026-09-01,540455,24.0,0
2026-09-01,540463,22.5,0
2026-09-01,540498,53.9,0
2026-09-01,540501,48.9,0
2026-09-01,540528,29.0,0
2026-09-01,540544,23.0,0
2026-09-01,540745,23.5,0
2026-09-01,540746,25.0,0
2026-09-01,540749,10.5,0
2026-09-01,540757,10.5,0
2026-09-01,540900,11.9,0
2026-09-01,540919,59.9,0
2026-09-01,540927,14.5,0
2026-09-01,540932,42.5,0
2026-09-01,540935,75.9,0
2026-09-01,541079,13.5,0
2026-09-01,541223,12.0,0
2026-09-01,542115,134.0,0
2026-09-01,542116,134.0,0
2026-09-01,542246,13.5,0
2026-09-01,542320,40.5,0
2026-09-01,543673,20.9,0
2026-09-01,543676,21.9,0
2026-09-01,543677,20.9,0
2026-09-01,543678,20.9,0
2026-09-01,543690,26.9,0
2026-09-01,543692,26.9,0
2026-09-01,543693,26.9,0
2026-09-01,543694,16.2,0
2026-09-01,543695,24.8,0
2026-09-01,543707,22.8,0
2026-09-01,544329,52.5,0
2026-09-01,544337,70.0,0
2026-09-01,544418,52.5,0
2026-09-01,544434,52.5,0
2026-09-01,544450,80.7,0
2026-09-01,544493,61.3,0
2026-09-01,544558,3.6,0
2026-09-01,544647,6.5,0
2026-09-01,544736,59.4,0
2026-09-01,544752,36.8,0
2026-09-01,544760,36.8,0
2026-09-01,545090,19.4,0
2026-09-01,545104,23.1,0
2026-09-01,545201,72.0,0
2026-09-01,545465,52.5,0
2026-09-01,545538,81.3,0
2026-09-01,547743,49.9,0
2026-09-01,547751,49.9,0
2026-09-01,547778,25.2,0
2026-09-01,547999,69.0,0
2026-09-01,550065,189.0,0
2026-09-01,550069,18.9,0
2026-09-01,550070,21.5,0
2026-09-01,550084,23.5,0
2026-09-01,550085,23.5,0
2026-09-01,550087,20.5,0
2026-09-01,550090,229.0,0
2026-09-01,550091,445.0,0
2026-09-01,550093,215.0,0
2026-09-01,550095,259.0,0
2026-09-01,550100,569.0,0
2026-09-01,550104,8.0,0
2026-09-01,550109,27.0,0
2026-09-01,550110,39.0,0
2026-09-01,550111,27.0,0
2026-09-01,550114,21.0,0
2026-09-01,550117,20.5,0
2026-09-01,550118,20.5,0
2026-09-01,550119,7.5,0
2026-09-01,550120,4.0,0
2026-09-01,550121,22.5,0
2026-09-01,550122,10.2,0
2026-09-01,550123,56.5,0
2026-09-01,550125,57.0,0
2026-09-01,550126,18.5,0
2026-09-01,550127,32.5,0
2026-09-01,550129,21.0,0
2026-09-01,550130,9.5,0
2026-09-01,550131,46.5,0
2026-09-01,550133,7.2,0
2026-09-01,550134,22.0,0
2026-09-01,550135,36.8,0
2026-09-01,550137,21.5,0
2026-09-01,550138,21.0,0
2026-09-01,550141,68.5,0
2026-09-01,550142,21.0,0
2026-09-01,550145,18.5,0
2026-09-01,550146,24.0,0
2026-09-01,550147,9.5,0
2026-09-01,550148,23.5,0
2026-09-01,550149,9.5,0
2026-09-01,550150,23.5,0
2026-09-01,550151,34.0,0
2026-09-01,550152,17.0,0
2026-09-01,550153,17.0,0
2026-09-01,550154,17.0,0
2026-09-01,550155,17.0,0
2026-09-01,550156,17.0,0
2026-09-01,550157,24.0,0
2026-09-01,550158,6.0,0
2026-09-01,550160,13.0,0
2026-09-01,550161,5.5,0
2026-09-01,550162,6.6,0
2026-09-01,550163,3.5,0
2026-09-01,550168,10.5,0
2026-09-01,550169,10.5,0
2026-09-01,550171,10.5,0
2026-09-01,550180,39.0,0
2026-09-01,550182,10.0,0
2026-09-01,550190,15.5,0
2026-09-01,550192,15.5,0
2026-09-01,550193,15.5,0
2026-09-01,550194,15.5,0
2026-09-01,550200,45.0,0
2026-09-01,550201,38.5,0
2026-09-01,550204,32.0,0
2026-09-01,550206,51.5,0
2026-09-01,550208,13.9,0
2026-09-01,550209,9.5,0
2026-09-01,550210,22.5,0
2026-09-01,550211,10.9,0
2026-09-01,550212,12.0,0
2026-09-01,550214,20.0,0
2026-09-01,550215,52.5,0
2026-09-01,550216,31.0,0
2026-09-01,550217,13.5,0
2026-09-01,550218,7.9,0
2026-09-01,550219,54.0,0
2026-09-01,550235,7.8,0
2026-09-01,550236,6.7,0
2026-09-01,550237,7.8,0
2026-09-01,550238,6.9,0
2026-09-01,550239,21.5,0
2026-09-01,550240,22.0,0
2026-09-01,550241,8.5,0
2026-09-01,550242,33.0,0
2026-09-01,550243,11.5,0
2026-09-01,550244,5.8,0
2026-09-01,550245,3.0,0
2026-09-01,550246,7.0,0
2026-09-01,550247,25.0,0
2026-09-01,550248,9.8,0
2026-09-01,550249,21.0,0
2026-09-01,550250,56.5,0
2026-09-01,550251,57.0,0
2026-09-01,550252,9.9,0
2026-09-01,550253,10.0,0
2026-09-01,550254,10.0,0
2026-09-01,550255,10.0,0
2026-09-01,550257,10.0,0
2026-09-01,550258,10.0,0
2026-09-01,550259,10.0,0
2026-09-01,550260,14.0,0
2026-09-01,550276,11.0,0
2026-09-01,550277,11.0,0
2026-09-01,550278,36.0,0
2026-09-01,550282,51.9,0
2026-09-01,550283,43.8,0
2026-09-01,550308,35.0,0
2026-09-01,550309,35.0,0
2026-09-01,550311,35.0,0
2026-09-01,550314,102.5,0
2026-09-01,550315,102.5,0
2026-09-01,550317,125.0,0
2026-09-01,550318,55.0,0
2026-09-01,550323,187.5,0
2026-09-01,550348,41.5,0
2026-09-01,550349,40.0,0
2026-09-01,550350,40.5,0
2026-09-01,550351,45.0,0
2026-09-01,550355,147.5,0
2026-09-01,550356,81.0,0
2026-09-01,550357,78.5,0
2026-09-01,550358,62.5,0
2026-09-01,550359,37.5,0
2026-09-01,550360,41.9,0
2026-09-01,550377,21.0,0
2026-09-01,550378,21.0,0
2026-09-01,550379,23.5,0
2026-09-01,550381,22.0,0
2026-09-01,550392,14.0,0
2026-09-01,550393,14.0,0
2026-09-01,550394,49.5,0
2026-09-01,550395,56.0,0
2026-09-01,550397,78.5,0
2026-09-01,550404,5.0,0
2026-09-01,550405,34.5,0
2026-09-01,550412,30.0,0
2026-09-01,550414,6.0,0
2026-09-01,550415,14.0,0
2026-09-01,550425,152.5,0
2026-09-01,550427,15.5,0
2026-09-01,550431,79.5,0
2026-09-01,550433,113.0,0
2026-09-01,550436,32.5,0
2026-09-01,550452,9.5,0
2026-09-01,550459,25.0,0
2026-09-01,550461,97.5,0
2026-09-01,550467,6.2,0
2026-09-01,550468,7.5,0
2026-09-01,550470,5.0,0
2026-09-01,550472,37.5,0
2026-09-01,550473,52.5,0
2026-09-01,550475,8.8,0
2026-09-01,550476,15.5,0
2026-09-01,550478,6.2,0
2026-09-01,550483,32.5,0
2026-09-01,550484,51.0,0
2026-09-01,550486,28.0,0
2026-09-01,550490,29.3,0
2026-09-01,550491,16.5,0
2026-09-01,550492,161.0,0
2026-09-01,550513,15.5,0
2026-09-01,550522,10.5,0
2026-09-01,550524,35.0,0
2026-09-01,550529,55.0,0
2026-09-01,550546,4.0,0
2026-09-01,550551,5.5,0
2026-09-01,550556,10.0,0
2026-09-01,550560,106.0,0
2026-09-01,550561,18.5,0
2026-09-01,550562,18.5,0
2026-09-01,550568,6.9,0
2026-09-01,550569,7.0,0
2026-09-01,550570,6.9,0
2026-09-01,550576,30.5,0
2026-09-01,550577,30.5,0
2026-09-01,550579,34.5,0
2026-09-01,550580,34.5,0
2026-09-01,550581,29.5,0
2026-09-01,550583,29.5,0
2026-09-01,550596,162.5,0
2026-09-01,550603,20.0,0
2026-09-01,550604,68.0,0
2026-09-01,550622,8.0,0
2026-09-01,550623,24.5,0
2026-09-01,550624,24.5,0
2026-09-01,550625,98.0,0
2026-09-01,550626,112.0,0
2026-09-01,550627,114.0,0
2026-09-01,550628,114.0,0
2026-09-01,550629,74.9,0
2026-09-01,550630,30.9,0
2026-09-01,550632,28.8,0
2026-09-01,550643,539.0,0
2026-09-01,550666,24.0,0
2026-09-01,550667,16.0,0
2026-09-01,550668,15.0,0
2026-09-01,550672,27.5,0
2026-09-01,550673,43.8,0
2026-09-01,550674,38.8,0
2026-09-01,550675,38.8,0
2026-09-01,550678,33.0,0
2026-09-01,550679,34.5,0
2026-09-01,550682,38.0,0
2026-09-01,550683,38.0,0
2026-09-01,550684,34.5,0
2026-09-01,550685,33.0,0
2026-09-01,550694,7.5,0
2026-09-01,550709,11.9,0
2026-09-01,550711,11.9,0
2026-09-01,550749,137.5,0
2026-09-01,550750,96.0,0
2026-09-01,550751,65.0,0
2026-09-01,550753,35.0,0
2026-09-01,550754,6.5,0
2026-09-01,550756,42.5,0
2026-09-01,550764,12.5,0
2026-09-01,550766,14.0,0
2026-09-01,550767,14.0,0
2026-09-01,550801,14.5,0
2026-09-01,550803,29.5,0
2026-09-01,550804,29.5,0
2026-09-01,550805,29.5,0
2026-09-01,550806,29.5,0
2026-09-01,550807,29.5,0
2026-09-01,550812,5.8,0
2026-09-01,550813,9.5,0
2026-09-01,550828,16.5,0
2026-09-01,550831,124.0,0
2026-09-01,550832,190.0,0
2026-09-01,550834,165.0,0
2026-09-01,550836,25.0,0
2026-09-01,550838,17.0,0
2026-09-01,550840,67.0,0
2026-09-01,550842,67.0,0
2026-09-01,550843,60.0,0
2026-09-01,550844,24.0,0
2026-09-01,550869,7.5,0
2026-09-01,550871,7.5,0
2026-09-01,550872,7.5,0
2026-09-01,550873,18.9,0
2026-09-01,550881,67.0,0
2026-09-01,550887,24.0,0
2026-09-01,550912,140.0,0
2026-09-01,550913,47.9,0
2026-09-01,550915,12.5,0
2026-09-01,550917,26.5,0
2026-09-01,550931,46.5,0
2026-09-01,550939,35.9,0
2026-09-01,550940,35.9,0
2026-09-01,550941,35.9,0
2026-09-01,550942,35.9,0
2026-09-01,550943,35.9,0
2026-09-01,550944,35.9,0
2026-09-01,550947,90.0,0
2026-09-01,550948,70.0,0
2026-09-01,550959,6.0,0
2026-09-01,550971,14.5,0
2026-09-01,550977,10.0,0
2026-09-01,550984,49.0,0
2026-09-01,550985,49.0,0
2026-09-01,550986,43.0,0
2026-09-01,550989,118.5,0
2026-09-01,550992,12.5,0
2026-09-01,550993,15.0,0
2026-09-01,550994,15.0,0
2026-09-01,550995,15.6,0
2026-09-01,550996,15.6,0
2026-09-01,550997,15.0,0
2026-09-01,550998,13.7,0
2026-09-01,550999,13.7,0
2026-09-01,551000,9.5,0
2026-09-01,551002,19.5,0
2026-09-01,551005,55.0,0
2026-09-01,551008,55.0,0
2026-09-01,551012,55.0,0
2026-09-01,551024,229.0,0
2026-09-01,551027,165.0,0
2026-09-01,551028,165.0,0
2026-09-01,551030,100.0,0
2026-09-01,551032,100.0,0
2026-09-01,551038,32.5,0
2026-09-01,551041,96.5,0
2026-09-01,551042,96.5,0
2026-09-01,551048,43.5,0
2026-09-01,551050,14.0,0
2026-09-01,551051,147.5,0
2026-09-01,551092,7.0,0
2026-09-01,551093,10.0,0
2026-09-01,551094,14.5,0
2026-09-01,551095,13.0,0
2026-09-01,551096,18.5,0
2026-09-01,551099,89.0,0
2026-09-01,551122,320.0,0
2026-09-01,551124,250.0,0
2026-09-01,551128,32.5,0
2026-09-01,551129,10.0,0
2026-09-01,551130,11.0,0
2026-09-01,551131,11.0,0
2026-09-01,551132,11.0,0
2026-09-01,551149,18.0,0
2026-09-01,551150,18.0,0
2026-09-01,551152,5.1,0
2026-09-01,551168,20.0,0
2026-09-01,551169,23.5,0
2026-09-01,551177,35.9,0
2026-09-01,551178,17.5,0
2026-09-01,551181,20.5,0
2026-09-01,551182,20.5,0
2026-09-01,551185,17.5,0
2026-09-01,551187,20.5,0
2026-09-01,551188,24.5,0
2026-09-01,551189,6.3,0
2026-09-01,551215,140.0,0
2026-09-01,551223,87.5,0
2026-09-01,551224,87.5,0
2026-09-01,551230,13.0,0
2026-09-01,551281,14.5,0
2026-09-01,551284,17.0,0
2026-09-01,551285,17.0,0
2026-09-01,551286,17.0,0
2026-09-01,551288,17.0,0
2026-09-01,551323,41.5,0
2026-09-01,551332,14.9,0
2026-09-01,551336,69.9,0
2026-09-01,551337,84.0,0
2026-09-01,551338,179.0,0
2026-09-01,551339,179.0,0
2026-09-01,551340,84.0,0
2026-09-01,551342,179.0,0
2026-09-01,551343,179.0,0
2026-09-01,551344,84.0,0
2026-09-01,551395,470.0,0
2026-09-01,551397,375.0,0
2026-09-01,551398,131.0,0
2026-09-01,551399,300.0,0
2026-09-01,551412,7.5,0
2026-09-01,551413,7.5,0
2026-09-01,551415,18.5,0
2026-09-01,551416,7.5,0
2026-09-01,551417,18.5,0
2026-09-01,551451,17.9,0
2026-09-01,551456,14.9,0
2026-09-01,551458,14.9,0
2026-09-01,551459,14.9,0
2026-09-01,551495,25.0,0
2026-09-01,551496,43.0,0
2026-09-01,551497,50.0,0
2026-09-01,551498,50.0,0
2026-09-01,551510,81.5,0
2026-09-01,551514,28.5,0
2026-09-01,551515,17.5,0
2026-09-01,551531,7.5,0
2026-09-01,551542,81.9,0
2026-09-01,551543,32.5,0
2026-09-01,551544,32.5,0
2026-09-01,551545,32.5,0
2026-09-01,551546,4.5,0
2026-09-01,551553,33.0,0
2026-09-01,551558,22.5,0
2026-09-01,551559,35.9,0
2026-09-01,551560,41.5,0
2026-09-01,551567,25.5,0
2026-09-01,551568,26.0,0
2026-09-01,551569,26.0,0
2026-09-01,551578,22.5,0
2026-09-01,551579,20.0,0
2026-09-01,551580,20.0,0
2026-09-01,551581,20.0,0
2026-09-01,551582,20.0,0
2026-09-01,551586,25.0,0
2026-09-01,551599,8.9,0
2026-09-01,551601,23.5,0
2026-09-01,551602,14.5,0
2026-09-01,551603,6.3,0
2026-09-01,551610,4.0,0
2026-09-01,551611,4.0,0
2026-09-01,551612,4.0,0
2026-09-01,551613,4.0,0
2026-09-01,551614,12.5,0
2026-09-01,551625,223.0,0
2026-09-01,551628,179.0,0
2026-09-01,551630,37.0,0
2026-09-01,551631,40.0,0
2026-09-01,551632,37.0,0
2026-09-01,551633,37.0,0
2026-09-01,551634,37.0,0
2026-09-01,551636,139.9,0
2026-09-01,551687,87.5,0
2026-09-01,551688,168.5,0
2026-09-01,551692,21.0,0
2026-09-01,551693,21.0,0
2026-09-01,551695,21.0,0
2026-09-01,551696,21.0,0
2026-09-01,551697,21.0,0
2026-09-01,551709,212.5,0
2026-09-01,551711,39.5,0
2026-09-01,551712,39.5,0
2026-09-01,551725,31.0,0
2026-09-01,551733,42.5,0
2026-09-01,551734,26.5,0
2026-09-01,551735,44.5,0
2026-09-01,551736,35.5,0
2026-09-01,551737,103.5,0
2026-09-01,551742,12.5,0
2026-09-01,551743,8.8,0
2026-09-01,551751,30.0,0
2026-09-01,551752,31.5,0
2026-09-01,551753,35.9,0
2026-09-01,551756,12.0,0
2026-09-01,551762,8.5,0
2026-09-01,551804,11.9,0
2026-09-01,551817,37.5,0
2026-09-01,551824,49.5,0
2026-09-01,551829,20.0,0
2026-09-01,551831,15.0,0
2026-09-01,551832,20.5,0
2026-09-01,551833,25.0,0
2026-09-01,551834,20.0,0
2026-09-01,551835,20.0,0
2026-09-01,551838,69.9,0
2026-09-01,551853,14.5,0
2026-09-01,551867,39.5,0
2026-09-01,551909,39.9,0
2026-09-01,551911,10.9,0
2026-09-01,551912,11.5,0
2026-09-01,551915,28.5,0
2026-09-01,551916,28.5,0
2026-09-01,551917,28.5,0
2026-09-01,551918,28.5,0
2026-09-01,551920,46.5,0
2026-09-01,551921,46.5,0
2026-09-01,551922,46.5,0
2026-09-01,551950,34.0,0
2026-09-01,551967,15.5,0
2026-09-01,551976,18.5,0
2026-09-01,551985,12.5,0
2026-09-01,551991,15.9,0
2026-09-01,551993,139.9,0
2026-09-01,552058,9.5,0
2026-09-01,552059,3.9,0
2026-09-01,552060,19.0,0
2026-09-01,552061,23.0,0
2026-09-01,552063,18.1,0
2026-09-01,552064,23.0,0
2026-09-01,552075,70.0,0
2026-09-01,552084,30.5,0
2026-09-01,552085,34.5,0
2026-09-01,552086,35.5,0
2026-09-01,552087,39.5,0
2026-09-01,552088,35.5,0
2026-09-01,552090,39.5,0
2026-09-01,552091,28.8,0
2026-09-01,552098,6.4,0
2026-09-01,552099,10.5,0
2026-09-01,552101,10.5,0
2026-09-01,552136,8.0,0
2026-09-01,552146,94.9,0
2026-09-01,552150,58.0,0
2026-09-01,552152,9.9,0
2026-09-01,552182,16.9,0
2026-09-01,552183,16.9,0
2026-09-01,552184,16.9,0
2026-09-01,552198,8.0,0
2026-09-01,552212,42.0,0
2026-09-01,552219,11.0,0
2026-09-01,552220,7.0,0
2026-09-01,552228,8.0,0
2026-09-01,552242,194.0,0
2026-09-01,552245,94.0,0
2026-09-01,552246,94.0,0
2026-09-01,552247,94.0,0
2026-09-01,552251,319.0,0
2026-09-01,552256,33.6,0
2026-09-01,552257,34.2,0
2026-09-01,552258,14.5,0
2026-09-01,552260,16.9,0
2026-09-01,552294,14.9,0
2026-09-01,552295,14.9,0
2026-09-01,552296,14.9,0
2026-09-01,552302,12.5,0
2026-09-01,552307,19.5,0
2026-09-01,552318,5.7,0
2026-09-01,552319,5.7,0
2026-09-01,552320,5.7,0
2026-09-01,552322,5.7,0
2026-09-01,552329,23.4,0
2026-09-01,552331,23.4,0
2026-09-01,552337,12.5,0
2026-09-01,552338,12.5,0
2026-09-01,552340,12.5,0
2026-09-01,552345,47.5,0
2026-09-01,552346,173.9,0
2026-09-01,552367,11.0,0
2026-09-01,552368,11.0,0
2026-09-01,552369,11.0,0
2026-09-01,552373,11.0,0
2026-09-01,552374,47.5,0
2026-09-01,552375,47.5,0
2026-09-01,552387,26.0,0
2026-09-01,552388,46.5,0
2026-09-01,552390,13.0,0
2026-09-01,552391,13.0,0
2026-09-01,552392,13.0,0
2026-09-01,552393,117.5,0
2026-09-01,552397,11.0,0
2026-09-01,552398,18.0,0
2026-09-01,552405,125.0,0
2026-09-01,552409,25.0,0
2026-09-01,552411,15.5,0
2026-09-01,552419,87.5,0
2026-09-01,552424,6.8,0
2026-09-01,552431,9.5,0
2026-09-01,552443,17.0,0
2026-09-01,552446,12.9,0
2026-09-01,552447,17.0,0
2026-09-01,552451,8.9,0
2026-09-01,552454,16.5,0
2026-09-01,552455,43.5,0
2026-09-01,552458,87.5,0
2026-09-01,552459,112.5,0
2026-09-01,552467,109.0,0
2026-09-01,552471,185.0,0
2026-09-01,552483,110.0,0
2026-09-01,552495,6.8,0
2026-09-01,552496,6.8,0
2026-09-01,552497,6.5,0
2026-09-01,552498,6.5,0
2026-09-01,552499,7.3,0
2026-09-01,552500,16.5,0
2026-09-01,552501,6.9,0
2026-09-01,552503,9.0,0
2026-09-01,552512,28.0,0
2026-09-01,552513,125.0,0
2026-09-01,552519,14.9,0
2026-09-01,552520,14.9,0
2026-09-01,552525,67.0,0
2026-09-01,552562,36.9,0
2026-09-01,552671,12.4,0
2026-09-01,552674,12.4,0
2026-09-01,552675,12.0,0
2026-09-01,552676,8.7,0
2026-09-01,552683,48.0,0
2026-09-01,552684,45.0,0
2026-09-01,552686,45.0,0
2026-09-01,552687,45.0,0
2026-09-01,552688,95.0,0
2026-09-01,552707,9.0,0
2026-09-01,552708,9.0,0
2026-09-01,552710,4.9,0
2026-09-01,552712,13.5,0
2026-09-01,552714,8.0,0
2026-09-01,552715,8.0,0
2026-09-01,552716,102.0,0
2026-09-01,552720,28.0,0
2026-09-01,552721,109.9,0
2026-09-01,552722,11.0,0
2026-09-01,552723,11.0,0
2026-09-01,552724,11.0,0
2026-09-01,552725,9.5,0
2026-09-01,552726,9.5,0
2026-09-01,552727,9.5,0
2026-09-01,552728,10.0,0
2026-09-01,552730,3.0,0
2026-09-01,552731,3.0,0
2026-09-01,552732,3.0,0
2026-09-01,552733,3.0,0
2026-09-01,552734,3.0,0
2026-09-01,552735,4.0,0
2026-09-01,552736,2.9,0
2026-09-01,552737,7.5,0
2026-09-01,552738,7.5,0
2026-09-01,552739,7.5,0
2026-09-01,552740,8.5,0
2026-09-01,552741,8.5,0
2026-09-01,552742,8.5,0
2026-09-01,552743,8.5,0
2026-09-01,552744,8.5,0
2026-09-01,552745,8.5,0
2026-09-01,552746,8.5,0
2026-09-01,552747,8.5,0
2026-09-01,552748,8.5,0
2026-09-01,552749,8.5,0
2026-09-01,552750,6.5,0
2026-09-01,552751,3.0,0
2026-09-01,552752,81.0,0
2026-09-01,552753,19.5,0
2026-09-01,552754,36.9,0
2026-09-01,552755,36.9,0
2026-09-01,552756,14.3,0
2026-09-01,552758,9.0,0
2026-09-01,552768,11.5,0
2026-09-01,552781,6.5,0
2026-09-01,552791,17.5,0
2026-09-01,552798,26.5,0
2026-09-01,552814,5.5,0
2026-09-01,552817,209.0,0
2026-09-01,552818,162.0,0
2026-09-01,552857,19.8,0
2026-09-01,552858,174.9,0
2026-09-01,552860,13.9,0
2026-09-01,552862,499.0,0
2026-09-01,552864,13.9,0
2026-09-01,552865,13.9,0
2026-09-01,552876,125.0,0
2026-09-01,552897,93.5,0
2026-09-01,552898,97.5,0
2026-09-01,552902,112.0,0
2026-09-01,552906,21.0,0
2026-09-01,552907,21.0,0
2026-09-01,552908,114.9,0
2026-09-01,552929,62.5,0
2026-09-01,552934,37.5,0
2026-09-01,552935,37.5,0
2026-09-01,552936,46.5,0
2026-09-01,552940,49.5,0
2026-09-01,552941,27.5,0
2026-09-01,552944,18.5,0
2026-09-01,552945,21.0,0
2026-09-01,552946,27.5,0
2026-09-01,552947,89.9,0
2026-09-01,552952,38.0,0
2026-09-01,552953,56.0,0
2026-09-01,552956,187.5,0
2026-09-01,552957,7.5,0
2026-09-01,552958,7.5,0
2026-09-01,552960,7.5,0
2026-09-01,552964,7.5,0
2026-09-01,552965,7.5,0
2026-09-01,552966,4.0,0
2026-09-01,552967,4.0,0
2026-09-01,552968,22.5,0
2026-09-01,552970,21.0,0
2026-09-01,552971,21.0,0
2026-09-01,552972,21.0,0
2026-09-01,552977,22.5,0
2026-09-01,552998,35.0,0
2026-09-01,553004,110.0,0
2026-09-01,553015,22.5,0
2026-09-01,553019,39.0,0
2026-09-01,553022,88.9,0
2026-09-01,553027,26.5,0
2026-09-01,553028,26.5,0
2026-09-01,553033,220.0,0
2026-09-01,553034,220.0,0
2026-09-01,553035,95.0,0
2026-09-01,553036,95.0,0
2026-09-01,553037,95.0,0
2026-09-01,553038,95.0,0
2026-09-01,553043,47.5,0
2026-09-01,553044,47.5,0
2026-09-01,553045,47.5,0
2026-09-01,553047,32.5,0
2026-09-01,553048,32.5,0
2026-09-01,553050,20.5,0
2026-09-01,553052,7.0,0
2026-09-01,553053,4.0,0
2026-09-01,553054,4.0,0
2026-09-01,553055,4.0,0
2026-09-01,553056,4.0,0
2026-09-01,553057,9.0,0
2026-09-01,553059,75.0,0
2026-09-01,553060,10.0,0
2026-09-01,553065,36.0,0
2026-09-01,553066,17.5,0
2026-09-01,553069,19.5,0
2026-09-01,553070,19.5,0
2026-09-01,553074,18.5,0
2026-09-01,553075,31.0,0
2026-09-01,553076,23.5,0
2026-09-01,553077,47.5,0
2026-09-01,553087,50.5,0
2026-09-01,553088,56.9,0
2026-09-01,553090,31.0,0
2026-09-01,553091,65.0,0
2026-09-01,553098,104.9,0
2026-09-01,553099,20.9,0
2026-09-01,553100,165.0,0
2026-09-01,553114,5.5,0
2026-09-01,553119,17.8,0
2026-09-01,553120,17.8,0
2026-09-01,553121,17.8,0
2026-09-01,553122,13.5,0
2026-09-01,553123,13.5,0
2026-09-01,553130,299.0,0
2026-09-01,553132,63.0,0
2026-09-01,553137,173.9,0
2026-09-01,553138,38.5,0
2026-09-01,553139,30.0,0
2026-09-01,553140,104.9,0
2026-09-01,553172,140.0,0
2026-09-01,553173,125.0,0
2026-09-01,553174,225.0,0
2026-09-01,553175,22.0,0
2026-09-01,553177,13.0,0
2026-09-01,553178,12.0,0
2026-09-01,553179,12.0,0
2026-09-01,553180,10.0,0
2026-09-01,553181,12.5,0
2026-09-01,553182,12.5,0
2026-09-01,553183,12.5,0
2026-09-01,553184,22.0,0
2026-09-01,553185,25.0,0
2026-09-01,553187,37.5,0
2026-09-01,553188,37.5,0
2026-09-01,553189,37.5,0
2026-09-01,553192,22.0,0
2026-09-01,553194,25.0,0
2026-09-01,553195,25.0,0
2026-09-01,553196,25.0,0
2026-09-01,553197,32.0,0
2026-09-01,553198,32.0,0
2026-09-01,553199,37.5,0
2026-09-01,553200,37.5,0
2026-09-01,553201,27.5,0
2026-09-01,553202,27.5,0
2026-09-01,553203,27.5,0
2026-09-01,553204,27.5,0
2026-09-01,553205,27.5,0
2026-09-01,553206,27.5,0
2026-09-01,553207,5.5,0
2026-09-01,553208,6.4,0
2026-09-01,553209,10.0,0
2026-09-01,553216,29.5,0
2026-09-01,553217,29.5,0
2026-09-01,553218,11.8,0
2026-09-01,553219,19.5,0
2026-09-01,553222,16.5,0
2026-09-01,553223,16.5,0
2026-09-01,553224,37.5,0
2026-09-01,553225,10.5,0
2026-09-01,553226,24.0,0
2026-09-01,553227,48.0,0
2026-09-01,553230,15.5,0
2026-09-01,553231,18.9,0
2026-09-01,553232,15.5,0
2026-09-01,553233,15.5,0
2026-09-01,553235,49.9,0
2026-09-01,553236,2.9,0
2026-09-01,553237,293.0,0
2026-09-01,553238,17.8,0
2026-09-01,553242,57.5,0
2026-09-01,553243,137.5,0
2026-09-01,553269,13.5,0
2026-09-01,553270,9.0,0
2026-09-01,553271,7.0,0
2026-09-01,553272,7.0,0
2026-09-01,553273,7.0,0
2026-09-01,553274,12.0,0
2026-09-01,553275,8.0,0
2026-09-01,553276,8.0,0
2026-09-01,553277,30.0,0
2026-09-01,553282,23.8,0
2026-09-01,553283,25.0,0
2026-09-01,553284,25.0,0
2026-09-01,553285,9.4,0
2026-09-01,553286,8.8,0
2026-09-01,553287,10.0,0
2026-09-01,553288,8.8,0
2026-09-01,553289,9.4,0
2026-09-01,553290,9.4,0
2026-09-01,553291,9.4,0
2026-09-01,553292,9.4,0
2026-09-01,553293,10.0,0
2026-09-01,553296,2.9,0
2026-09-01,553297,9.5,0
2026-09-01,553298,30.5,0
2026-09-01,553299,30.5,0
2026-09-01,553301,43.5,0
2026-09-01,553303,27.5,0
2026-09-01,553304,22.5,0
2026-09-01,553305,22.5,0
2026-09-01,553306,22.5,0
2026-09-01,553307,22.5,0
2026-09-01,553308,22.5,0
2026-09-01,553309,20.0,0
2026-09-01,553313,10.9,0
2026-09-01,553319,489.0,0
2026-09-01,553322,6.7,0
2026-09-01,553323,15.0,0
2026-09-01,553324,21.5,0
2026-09-01,553325,43.5,0
2026-09-01,553326,62.0,0
2026-09-01,553327,75.0,0
2026-09-01,553328,16.0,0
2026-09-01,553329,16.0,0
2026-09-01,553330,16.0,0
2026-09-01,553331,16.0,0
2026-09-01,553332,16.0,0
2026-09-01,553343,186.0,0
2026-09-01,553344,186.0,0
2026-09-01,553347,8.0,0
2026-09-01,553349,134.9,0
2026-09-01,553352,165.0,0
2026-09-01,553353,125.0,0
2026-09-01,553355,26.5,0
2026-09-01,553357,113.5,0
2026-09-01,553358,101.0,0
2026-09-01,553360,3.0,0
2026-09-01,553362,122.0,0
2026-09-01,553366,22.5,0
2026-09-01,553368,22.5,0
2026-09-01,553373,12.0,0
2026-09-01,553374,12.0,0
2026-09-01,553375,12.0,0
2026-09-01,553380,29.5,0
2026-09-01,553381,17.5,0
2026-09-01,553382,17.5,0
2026-09-01,553383,29.5,0
2026-09-01,553385,39.5,0
2026-09-01,553390,17.5,0
2026-09-01,553409,39.9,0
2026-09-01,553410,84.9,0
2026-09-01,553421,7.8,0
2026-09-01,553432,31.5,0
2026-09-01,553435,2.0,0
2026-09-01,553444,7.5,0
2026-09-01,553445,7.5,0
2026-09-01,553446,40.0,0
2026-09-01,553447,210.0,0
2026-09-01,553448,31.0,0
2026-09-01,553449,38.5,0
2026-09-01,553450,52.0,0
2026-09-01,553463,38.5,0
2026-09-01,553465,6.9,0
2026-09-01,553466,95.0,0
2026-09-01,553467,95.0,0
2026-09-01,553468,95.0,0
2026-09-01,553480,5.5,0
2026-09-01,553593,4.8,0
2026-09-01,553594,4.8,0
2026-09-01,553595,14.5,0
2026-09-01,553596,14.5,0
2026-09-01,553603,12.0,0
2026-09-01,553604,13.0,0
2026-09-01,553605,11.9,0
2026-09-01,553606,14.5,0
2026-09-01,553607,39.5,0
2026-09-01,553608,29.9,0
2026-09-01,553609,7.5,0
2026-09-01,553610,7.5,0
2026-09-01,553611,245.0,0
2026-09-01,553612,72.0,0
2026-09-01,553613,72.0,0
2026-09-01,553614,72.0,0
2026-09-01,553615,72.0,0
2026-09-01,553616,72.0,0
2026-09-01,553617,72.0,0
2026-09-01,553629,32.5,0
2026-09-01,553630,43.5,0
2026-09-01,553631,47.5,0
2026-09-01,553632,118.9,0
2026-09-01,553633,30.0,0
2026-09-01,553636,31.8,0
2026-09-01,553637,31.8,0
2026-09-01,553639,21.0,0
2026-09-01,553641,160.0,0
2026-09-01,553643,160.0,0
2026-09-01,553644,160.0,0
2026-09-01,553645,7.5,0
2026-09-01,553654,77.5,0
2026-09-01,553655,32.5,0
2026-09-01,553656,27.5,0
2026-09-01,553657,4.0,0
2026-09-01,553658,4.0,0
2026-09-01,553659,18.5,0
2026-09-01,553662,13.5,0
2026-09-01,553664,40.5,0
2026-09-01,553665,36.0,0
2026-09-01,553666,13.0,0
2026-09-01,553667,6.5,0
2026-09-01,553668,9.5,0
2026-09-01,553669,13.5,0
2026-09-01,553670,18.0,0
2026-09-01,553671,11.2,0
2026-09-01,553672,7.9,0
2026-09-01,553675,10.0,0
2026-09-01,553676,8.5,0
2026-09-01,553677,28.5,0
2026-09-01,553681,205.0,0
2026-09-01,553682,205.0,0
2026-09-01,553683,200.0,0
2026-09-01,553689,20.0,0
2026-09-01,553690,38.9,0
2026-09-01,553691,122.0,0
2026-09-01,553692,109.0,0
2026-09-01,553703,4.0,0
2026-09-01,553710,344.0,0
2026-09-01,553719,159.9,0
2026-09-01,553727,85.5,0
2026-09-01,553734,375.0,0
2026-09-01,553738,849.0,0
2026-09-01,553739,135.0,0
2026-09-01,553743,240.0,0
2026-09-01,553744,6.9,0
2026-09-01,553746,56.0,0
2026-09-01,553754,16.5,0
2026-09-01,553755,28.5,0
2026-09-01,553756,36.0,0
2026-09-01,553758,210.0,0
2026-09-01,553760,16.5,0
2026-09-01,553761,8.0,0
2026-09-01,553762,8.0,0
2026-09-01,553763,8.0,0
2026-09-01,553764,17.5,0
2026-09-01,553765,579.0,0
2026-09-01,553773,10.5,0
2026-09-01,553774,73.0,0
2026-09-01,553782,28.5,0
2026-09-01,553784,63.5,0
2026-09-01,553785,27.0,0
2026-09-01,553786,62.5,0
2026-09-01,553787,68.5,0
2026-09-01,553788,116.0,0
2026-09-01,553790,115.0,0
2026-09-01,553791,115.0,0
2026-09-01,553792,115.0,0
2026-09-01,553793,115.0,0
2026-09-01,553794,6.5,0
2026-09-01,553795,6.5,0
2026-09-01,553796,6.5,0
2026-09-01,553797,6.5,0
2026-09-01,553798,16.9,0
2026-09-01,553799,16.9,0
2026-09-01,553800,16.9,0
2026-09-01,553803,23.0,0
2026-09-01,553806,6.0,0
2026-09-01,553807,31.5,0
2026-09-01,553808,27.5,0
2026-09-01,553811,19.5,0
2026-09-01,553812,19.5,0
2026-09-01,553813,4.0,0
2026-09-01,553822,149.0,0
2026-09-01,553841,11.5,0
2026-09-01,553842,11.5,0
2026-09-01,553843,25.0,0
2026-09-01,553845,26.5,0
2026-09-01,553846,27.5,0
2026-09-01,553847,24.9,0
2026-09-01,553854,20.0,0
2026-09-01,553860,12.5,0
2026-09-01,553861,10.0,0
2026-09-01,553862,7.0,0
2026-09-01,553863,7.0,0
2026-09-01,553864,17.0,0
2026-09-01,553865,7.0,0
2026-09-01,553866,11.4,0
2026-09-01,553867,7.0,0
2026-09-01,553868,11.4,0
2026-09-01,553873,8.0,0
2026-09-01,553874,16.9,0
2026-09-01,553876,11.5,0
2026-09-01,553878,17.5,0
2026-09-01,553879,17.5,0
2026-09-01,553882,13.0,0
2026-09-01,553884,10.0,0
2026-09-01,553885,9.8,0
2026-09-01,553887,7.8,0
2026-09-01,553891,129.9,0
2026-09-01,553893,21.5,0
2026-09-01,553894,10.0,0
2026-09-01,553895,45.5,0
2026-09-01,553896,55.0,0
2026-09-01,553897,52.5,0
2026-09-01,553899,10.0,0
2026-09-01,553900,11.5,0
2026-09-01,553901,11.5,0
2026-09-01,553908,159.9,0
2026-09-01,553963,65.0,0
2026-09-01,554002,399.0,0
2026-09-01,554004,6.9,0
2026-09-01,554012,140.0,0
2026-09-01,554019,44.9,0
2026-09-01,554020,59.9,0
2026-09-01,554029,14.0,0
2026-09-01,554030,5.0,0
2026-09-01,554031,5.0,0
2026-09-01,554036,5.0,0
2026-09-01,554037,8.5,0
2026-09-01,554038,12.0,0
2026-09-01,554039,15.5,0
2026-09-01,554040,16.5,0
2026-09-01,554041,22.5,0
2026-09-01,554043,60.0,0
2026-09-01,554051,12.5,0
2026-09-01,554052,95.0,0
2026-09-01,554058,17.5,0
2026-09-01,554059,23.9,0
2026-09-01,554067,13.5,0
2026-09-01,554072,21.9,0
2026-09-01,554074,31.5,0
2026-09-01,554075,25.0,0
2026-09-01,554076,27.0,0
2026-09-01,554089,78.0,0
2026-09-01,554090,5.6,0
2026-09-01,554091,5.6,0
2026-09-01,554092,5.6,0
2026-09-01,554096,154.9,0
2026-09-01,554097,184.9,0
2026-09-01,554104,26.9,0
2026-09-01,554105,54.9,0
2026-09-01,554106,60.0,0
2026-09-01,554108,113.9,0
2026-09-01,554109,113.9,0
2026-09-01,554110,113.9,0
2026-09-01,554111,113.9,0
2026-09-01,554112,39.9,0
2026-09-01,554146,8.0,0
2026-09-01,554147,20.5,0
2026-09-01,554466,123.0,0
2026-09-01,554468,101.0,0
2026-09-01,554469,101.0,0
2026-09-01,554470,101.0,0
2026-09-01,555666,60.0,0
2026-09-01,557721,22.0,0
2026-09-01,558960,19.0,0
2026-09-01,559662,732.0,0
2026-09-01,559700,24.0,0
2026-09-01,559742,55.0,0
2026-09-01,559873,47.0,0
2026-09-01,560230,134.0,0
2026-09-01,560340,56.0,0
2026-09-01,560359,50.0,0
2026-09-01,560373,13.7,0
2026-09-01,560430,57.7,0
2026-09-01,560442,25.0,0
2026-09-01,560444,18.0,0
2026-09-01,560446,65.0,0
2026-09-01,560489,179.0,0
2026-09-01,560497,35.0,0
2026-09-01,560510,50.2,0
2026-09-01,560596,55.7,0
2026-09-01,561030,13.5,0
2026-09-01,561380,90.0,0
2026-09-01,561460,95.0,0
2026-09-01,561622,64.5,0
2026-09-01,561789,64.5,0
2026-09-01,561878,20.0,0
2026-09-01,562223,33.5,0
2026-09-01,562224,33.5,0
2026-09-01,562225,33.5,0
2026-09-01,562572,36.9,0
2026-09-01,562653,41.9,0
2026-09-01,563838,52.0,0
2026-09-01,564347,14.9,0
2026-09-01,565245,26.0,0
2026-09-01,565385,62.0,0
2026-09-01,565415,140.0,0
2026-09-01,565490,74.0,0
2026-09-01,565571,10.9,0
2026-09-01,565573,6.5,0
2026-09-01,565575,7.0,0
2026-09-01,565849,35.9,0
2026-09-01,566136,6.0,0
2026-09-01,566373,19.5,0
2026-09-01,566624,39.9,0
2026-09-01,566900,9.8,0
2026-09-01,566977,11.7,0
2026-09-01,566985,9.8,0
2026-09-01,567060,9.8,0
2026-09-01,568591,44.5,0
2026-09-01,568767,20.5,0
2026-09-01,568783,29.9,0
2026-09-01,569011,5.5,0
2026-09-01,569186,24.9,0
2026-09-01,569798,26.5,0
2026-09-01,570044,18.0,0
2026-09-01,570125,29.0,0
2026-09-01,570214,18.0,0
2026-09-01,570281,69.5,0
2026-09-01,570290,33.0,0
2026-09-01,570291,15.0,0
2026-09-01,570370,9.5,0
2026-09-01,570559,22.0,0
2026-09-01,570745,3.0,0
2026-09-01,570826,2.5,0
2026-09-01,570860,53.3,0
2026-09-01,570982,11.0,0
2026-09-01,571200,20.0,0
2026-09-01,571270,36.0,0
2026-09-01,571334,24.0,0
2026-09-01,571415,11.0,0
2026-09-01,572080,81.8,0
2026-09-01,574783,9.0,0
2026-09-01,575100,32.9,0
2026-09-01,575500,41.0,0
2026-09-01,575666,24.0,0
2026-09-01,575690,3.4,0
2026-09-01,575704,40.0,0
2026-09-01,575771,6.8,0
2026-09-01,576069,13.0,0
2026-09-01,576166,75.0,0
2026-09-01,576557,16.0,0
2026-09-01,578568,230.0,0
2026-09-01,579190,75.0,0
2026-09-01,579351,75.0,0
2026-09-01,579599,75.0,0
2026-09-01,579779,15.5,0
2026-09-01,579831,75.0,0
2026-09-01,580016,20.0,0
2026-09-01,580155,75.0,0
2026-09-01,580236,75.0,0
2026-09-01,580392,75.0,0
2026-09-01,580554,75.0,0
2026-09-01,580716,75.0,0
2026-09-01,580909,49.1,0
2026-09-01,581071,41.3,0
2026-09-01,581072,74.8,0
2026-09-01,581075,49.0,0
2026-09-01,581202,33.5,0
2026-09-01,581217,33.5,0
2026-09-01,581306,31.2,0
2026-09-01,581366,37.9,0
2026-09-01,581371,11.8,0
2026-09-01,581386,23.2,0
2026-09-01,581712,89.3,0
2026-09-01,581740,33.4,0
2026-09-01,581798,35.5,0
2026-09-01,581879,47.9,0
2026-09-01,582182,15.0,0
2026-09-01,583723,15.5,0
2026-09-01,584045,26.9,0
2026-09-01,584630,37.5,0
2026-09-01,584959,25.0,0
2026-09-01,585955,50.4,0
2026-09-01,586030,65.0,0
2026-09-01,586110,95.2,0
2026-09-01,586684,11.5,0
2026-09-01,587648,39.0,0
2026-09-01,588130,11.5,0
2026-09-01,588547,13.0,0
2026-09-01,588610,4.0,0
2026-09-01,588776,6.5,0
2026-09-01,589012,23.5,0
2026-09-01,589659,15.5,0
2026-09-01,589756,13.5,0
2026-09-01,589900,335.0,0
2026-09-01,589985,157.5,0
2026-09-01,590000,147.1,0
2026-09-01,590011,13.3,0
2026-09-01,590013,97.0,0
2026-09-01,590043,13.8,0
2026-09-01,590058,17.0,0
2026-09-01,590078,23.0,0
2026-09-01,590083,27.5,0
2026-09-01,590098,24.5,0
2026-09-01,590127,38.5,0
2026-09-01,590150,179.0,0
2026-09-01,590241,19.5,0
2026-09-01,590296,11.7,0
2026-09-01,590325,21.0,0
2026-09-01,590543,5.6,0
2026-09-01,590687,66.9,0
2026-09-01,590851,44.5,0
2026-09-01,590856,53.0,0
2026-09-01,590913,61.0,0
2026-09-01,590920,61.0,0
2026-09-01,590921,61.0,0
2026-09-01,590922,61.0,0
2026-09-01,590992,12.5,0
2026-09-01,591157,6.5,0
2026-09-01,591190,29.9,0
2026-09-01,591238,6.5,0
2026-09-01,591319,7.5,0
2026-09-01,591578,10.9,0
2026-09-01,591991,15.9,0
2026-09-01,592138,30.3,0
2026-09-01,592141,13.4,0
2026-09-01,593347,31.5,0
2026-09-01,593348,140.6,0
2026-09-01,593537,70.5,0
2026-09-01,593538,50.6,0
2026-09-01,593539,52.4,0
2026-09-01,593765,72.0,0
2026-09-01,597007,69.9,0
2026-09-01,597082,125.0,0
2026-09-01,597163,125.0,0
2026-09-01,599409,19.9,0
2026-09-01,600040,10.0,0
2026-09-01,600106,60.5,0
2026-09-01,600138,6.0,0
2026-09-01,600143,6.9,0
2026-09-01,600148,5.0,0
2026-09-01,600153,5.0,0
2026-09-01,600158,13.0,0
2026-09-01,600163,4.5,0
2026-09-01,600168,8.8,0
2026-09-01,600172,159.9,0
2026-09-01,600173,5.0,0
2026-09-01,600177,57.9,0
2026-09-01,600186,84.9,0
2026-09-01,600196,22.2,0
2026-09-01,600212,20.0,0
2026-09-01,600215,5.0,0
2026-09-01,600218,10.0,0
2026-09-01,600222,5.0,0
2026-09-01,600225,5.5,0
2026-09-01,600232,10.0,0
2026-09-01,600235,4.7,0
2026-09-01,600242,5.0,0
2026-09-01,600252,5.0,0
2026-09-01,600262,4.7,0
2026-09-01,600265,10.0,0
2026-09-01,600279,20.0,0
2026-09-01,600300,27.5,0
2026-09-01,600302,6.0,0
2026-09-01,600306,20.0,0
2026-09-01,600307,5.0,0
2026-09-01,600310,15.5,0
2026-09-01,600312,15.0,0
2026-09-01,600315,13.8,0
2026-09-01,600316,18.8,0
2026-09-01,600317,14.0,0
2026-09-01,600320,11.0,0
2026-09-01,600324,25.0,0
2026-09-01,600325,9.5,0
2026-09-01,600328,5.0,0
2026-09-01,600330,12.5,0
2026-09-01,600331,4.5,0
2026-09-01,600332,11.8,0
2026-09-01,600334,10.0,0
2026-09-01,600336,21.0,0
2026-09-01,600337,9.5,0
2026-09-01,600338,27.5,0
2026-09-01,600340,5.2,0
2026-09-01,600345,7.2,0
2026-09-01,600346,27.5,0
2026-09-01,600347,27.0,0
2026-09-01,600358,16.5,0
2026-09-01,600360,11.5,0
2026-09-01,600362,11.9,0
2026-09-01,600471,25.9,0
2026-09-01,600495,115.0,0
2026-09-01,600502,9.9,0
2026-09-01,600645,445.0,0
2026-09-01,600651,143.5,0
2026-09-01,600655,199.0,0
2026-09-01,600661,195.0,0
2026-09-01,600733,12.8,0
2026-09-01,600792,100.0,0
2026-09-01,601023,64.9,0
2026-09-01,601028,45.9,0
2026-09-01,601048,41.9,0
2026-09-01,601053,41.9,0
2026-09-01,601058,41.9,0
2026-09-01,601068,41.9,0
2026-09-01,601073,41.9,0
2026-09-01,601185,52.5,0
2026-09-01,601187,26.5,0
2026-09-01,601515,93.0,0
2026-09-01,601582,48.0,0
2026-09-01,601583,65.5,0
2026-09-01,601871,164.9,0
2026-09-01,602018,13.5,0
2026-09-01,602060,26.0,0
2026-09-01,602070,11.5,0
2026-09-01,602116,13.0,0
2026-09-01,602336,56.0,0
2026-09-01,602338,44.0,0
2026-09-01,602526,18.9,0
2026-09-01,602558,11.0,0
2026-09-01,602871,15.5,0
2026-09-01,602872,15.5,0
2026-09-01,602873,15.5,0
2026-09-01,604004,34.0,0
2026-09-01,604070,26.9,0
2026-09-01,604106,40.0,0
2026-09-01,604107,40.0,0
2026-09-01,604117,27.0,0
2026-09-01,604151,26.9,0
2026-09-01,604212,22.5,0
2026-09-01,604232,26.9,0
2026-09-01,604313,26.9,0
2026-09-01,604518,8.0,0
2026-09-01,604897,9.0,0
2026-09-01,605549,43.8,0
2026-09-01,605557,41.9,0
2026-09-01,606052,18.0,0
2026-09-01,606155,10.0,0
2026-09-01,606199,31.0,0
2026-09-01,606314,185.0,0
2026-09-01,606315,46.5,0
2026-09-01,606332,64.5,0
2026-09-01,606839,30.5,0
2026-09-01,606953,8.0,0
2026-09-01,606973,38.0,0
2026-09-01,607141,24.5,0
2026-09-01,607147,41.0,0
2026-09-01,607195,79.9,0
2026-09-01,607932,484.9,0
2026-09-01,609581,11.0,0
2026-09-01,609699,25.0,0
2026-09-01,609781,28.5,0
2026-09-01,609871,108.5,0
2026-09-01,609991,16.0,0
2026-09-01,610283,28.5,0
2026-09-01,610293,34.9,0
2026-09-01,610305,45.5,0
2026-09-01,610330,3.5,0
2026-09-01,610348,41.0,0
2026-09-01,610359,18.5,0
2026-09-01,610369,20.0,0
2026-09-01,610384,19.5,0
2026-09-01,610394,19.5,0
2026-09-01,610429,12.0,0
2026-09-01,610539,8.4,0
2026-09-01,610754,120.0,0
2026-09-01,610984,55.0,0
2026-09-01,615578,103.7,0
2026-09-01,615594,10.9,0
2026-09-01,615600,25.5,0
2026-09-01,615619,16.0,0
2026-09-01,615620,16.0,0
2026-09-01,615624,16.0,0
2026-09-01,615625,16.0,0
2026-09-01,615626,16.0,0
2026-09-01,615669,27.0,0
2026-09-01,615670,12.5,0
2026-09-01,615691,8.0,0
2026-09-01,615701,53.0,0
2026-09-01,615715,60.5,0
2026-09-01,615716,60.5,0
2026-09-01,615719,20.8,0
2026-09-01,615786,50.0,0
2026-09-01,615792,15.6,0
2026-09-01,615800,24.9,0
2026-09-01,615801,35.9,0
2026-09-01,615812,13.7,0
2026-09-01,615904,22.0,0
2026-09-01,615905,22.0,0
2026-09-01,615907,26.0,0
2026-09-01,615929,72.5,0
2026-09-01,615943,15.5,0
2026-09-01,615980,2.5,0
2026-09-01,616130,163.5,0
2026-09-01,616137,240.0,0
2026-09-01,616139,243.0,0
2026-09-01,616142,243.0,0
2026-09-01,616150,16.9,0
2026-09-01,616151,27.0,0
2026-09-01,616298,7.0,0
2026-09-01,616305,28.6,0
2026-09-01,616346,48.0,0
2026-09-01,616351,35.9,0
2026-09-01,616370,80.0,0
2026-09-01,616422,34.8,0
2026-09-01,616423,34.8,0
2026-09-01,616429,47.9,0
2026-09-01,616431,47.9,0
2026-09-01,616432,47.9,0
2026-09-01,616433,36.9,0
2026-09-01,616434,49.8,0
2026-09-01,616440,23.0,0
2026-09-01,616451,35.0,0
2026-09-01,616452,29.5,0
2026-09-01,616459,70.0,0
2026-09-01,616510,20.5,0
2026-09-01,616511,20.5,0
2026-09-01,616513,20.5,0
2026-09-01,616569,16.5,0
2026-09-01,616746,53.9,0
2026-09-01,616748,29.9,0
2026-09-01,616749,29.9,0
2026-09-01,616751,35.9,0
2026-09-01,616752,24.9,0
2026-09-01,616753,24.9,0
2026-09-01,616805,12.5,0
2026-09-01,616807,13.8,0
2026-09-01,616880,16.3,0
2026-09-01,616993,41.9,0
2026-09-01,617030,23.0,0
2026-09-01,617031,30.9,0
2026-09-01,617036,13.8,0
2026-09-01,617042,65.9,0
2026-09-01,617044,65.9,0
2026-09-01,617050,35.0,0
2026-09-01,617053,18.9,0
2026-09-01,617059,60.0,0
2026-09-01,617096,38.0,0
2026-09-01,617100,35.0,0
2026-09-01,617112,34.0,0
2026-09-01,617117,43.7,0
2026-09-01,617126,12.0,0
2026-09-01,617138,19.5,0
2026-09-01,617147,24.6,0
2026-09-01,617149,6.6,0
2026-09-01,617165,44.9,0
2026-09-01,617166,76.8,0
2026-09-01,617167,70.0,0
2026-09-01,617201,38.1,0
2026-09-01,617278,47.0,0
2026-09-01,617279,47.0,0
2026-09-01,617280,47.0,0
2026-09-01,617319,15.9,0
2026-09-01,617390,84.9,0
2026-09-01,617509,168.0,0
2026-09-01,617515,13.5,0
2026-09-01,617596,91.9,0
2026-09-01,617670,10.5,0
2026-09-01,617733,12.5,0
2026-09-01,617734,22.5,0
2026-09-01,617759,18.5,0
2026-09-01,617760,35.9,0
2026-09-01,617761,35.9,0
2026-09-01,617762,35.9,0
2026-09-01,617763,20.5,0
2026-09-01,617824,20.0,0
2026-09-01,617828,60.5,0
2026-09-01,617829,37.5,0
2026-09-01,617831,75.0,0
2026-09-01,617833,44.5,0
2026-09-01,617838,25.9,0
2026-09-01,617928,35.0,0
2026-09-01,617994,51.0,0
2026-09-01,617995,48.5,0
2026-09-01,617996,27.5,0
2026-09-01,618060,89.9,0
2026-09-01,618114,12.0,0
2026-09-01,618320,159.0,0
2026-09-01,618354,23.4,0
2026-09-01,618399,11.5,0
2026-09-01,618400,11.5,0
2026-09-01,618401,11.5,0
2026-09-01,618402,22.5,0
2026-09-01,618404,11.5,0
2026-09-01,618405,22.5,0
2026-09-01,618507,24.0,0
2026-09-01,618508,28.0,0
2026-09-01,618529,21.0,0
2026-09-01,618530,9.5,0
2026-09-01,618635,16.0,0
2026-09-01,618726,34.5,0
2026-09-01,618727,31.0,0
2026-09-01,618728,34.5,0
2026-09-01,618749,160.0,0
2026-09-01,618767,5.5,0
2026-09-01,618787,14.0,0
2026-09-01,618789,129.0,0
2026-09-01,618792,125.0,0
2026-09-01,618796,12.5,0
2026-09-01,618837,150.0,0
2026-09-01,618854,17.5,0
2026-09-01,618855,17.5,0
2026-09-01,618857,6.9,0
2026-09-01,618858,6.9,0
2026-09-01,618862,16.9,0
2026-09-01,618863,15.5,0
2026-09-01,618933,333.5,0
2026-09-01,618950,36.0,0
2026-09-01,618998,44.9,0
2026-09-01,618999,44.9,0
2026-09-01,619018,177.5,0
2026-09-01,619029,21.5,0
2026-09-01,619050,530.0,0
2026-09-01,619051,305.0,0
2026-09-01,619061,15.0,0
2026-09-01,619083,21.0,0
2026-09-01,619086,21.0,0
2026-09-01,619089,2.8,0
2026-09-01,619091,2.8,0
2026-09-01,619092,2.8,0
2026-09-01,619121,20.5,0
2026-09-01,619126,17.5,0
2026-09-01,619129,27.5,0
2026-09-01,619153,29.5,0
2026-09-01,619156,29.5,0
2026-09-01,619157,29.5,0
2026-09-01,619267,22.5,0
2026-09-01,619269,25.8,0
2026-09-01,619280,12.0,0
2026-09-01,619282,5.0,0
2026-09-01,619283,28.0,0
2026-09-01,619285,19.0,0
2026-09-01,619287,8.9,0
2026-09-01,619298,159.0,0
2026-09-01,619357,32.0,0
2026-09-01,619359,39.5,0
2026-09-01,619368,18.0,0
2026-09-01,619369,18.0,0
2026-09-01,619370,18.0,0
2026-09-01,619396,15.0,0
2026-09-01,619400,22.5,0
2026-09-01,619403,745.0,0
2026-09-01,619414,9.6,0
2026-09-01,619416,5.0,0
2026-09-01,619417,15.5,0
2026-09-01,619418,14.5,0
2026-09-01,619423,150.0,0
2026-09-01,619425,305.0,0
2026-09-01,619667,39.5,0
2026-09-01,619729,99.9,0
2026-09-01,619903,40.0,0
2026-09-01,621761,14.0,0
2026-09-01,623888,9.7,0
2026-09-01,623896,13.8,0
2026-09-01,625050,20.0,0
2026-09-01,625051,34.0,0
2026-09-01,625052,19.5,0
2026-09-01,625053,31.0,0
2026-09-01,625485,14.5,0
2026-09-01,625577,17.5,0
2026-09-01,625601,25.5,0
2026-09-01,629210,91.9,0
2026-09-01,629236,84.9,0
2026-09-01,629250,41.9,0
2026-09-01,629275,24.9,0
2026-09-01,629280,26.9,0
2026-09-01,629298,46.9,0
2026-09-01,629301,79.9,0
2026-09-01,629315,69.9,0
2026-09-01,629316,69.9,0
2026-09-01,629350,45.0,0
2026-09-01,629388,109.9,0
2026-09-01,629399,14.9,0
2026-09-01,629492,31.9,0
2026-09-01,629493,31.9,0
2026-09-01,629494,31.9,0
2026-09-01,629495,129.5,0
2026-09-01,629708,219.0,0
2026-09-01,629725,19.9,0
2026-09-01,629726,28.9,0
2026-09-01,629765,32.0,0
2026-09-01,629766,39.5,0
2026-09-01,629767,39.5,0
2026-09-01,629768,29.0,0
2026-09-01,629769,29.0,0
2026-09-01,629770,29.0,0
2026-09-01,629771,29.0,0
2026-09-01,629772,33.0,0
2026-09-01,629773,33.0,0
2026-09-01,629774,15.0,0
2026-09-01,629775,15.0,0
2026-09-01,629790,89.9,0
2026-09-01,629805,72.5,0
2026-09-01,629832,23.5,0
2026-09-01,629854,41.5,0
2026-09-01,629860,49.9,0
2026-09-01,629867,31.9,0
2026-09-01,629868,54.9,0
2026-09-01,629870,51.5,0
2026-09-01,629876,69.9,0
2026-09-01,629881,34.0,0
2026-09-01,629883,17.5,0
2026-09-01,629884,4.9,0
2026-09-01,629886,41.5,0
2026-09-01,629888,54.9,0
2026-09-01,629901,26.9,0
2026-09-01,629918,49.9,0
2026-09-01,630010,91.0,0
2026-09-01,630251,23.0,0
2026-09-01,630252,1.9,0
2026-09-01,630305,83.0,0
2026-09-01,632028,15.0,0
2026-09-01,632029,20.0,0
2026-09-01,632212,21.0,0
2026-09-01,632333,69.0,0
2026-09-01,632912,17.9,0
2026-09-01,633221,18.1,0
2026-09-01,634561,74.9,0
2026-09-01,634850,129.9,0
2026-09-01,634863,149.0,0
2026-09-01,635153,79.9,0
2026-09-01,635155,159.0,0
2026-09-01,637079,43.4,0
2026-09-01,637147,8.9,0
2026-09-01,637184,16.0,0
2026-09-01,637290,39.0,0
2026-09-01,637320,8.9,0
2026-09-01,637362,22.6,0
2026-09-01,637389,12.3,0
2026-09-01,637478,6.7,0
2026-09-01,637796,5.5,0
2026-09-01,638016,11.9,0
2026-09-01,640366,119.0,0
2026-09-01,640512,50.0,0
2026-09-01,640541,179.0,0
2026-09-01,640688,10.0,0
2026-09-01,640693,10.0,0
2026-09-01,640867,249.0,0
2026-09-01,641015,78.0,0
2026-09-01,641016,62.0,0
2026-09-01,641017,35.0,0
2026-09-01,641031,28.8,0
2026-09-01,641035,46.5,0
2026-09-01,641037,50.0,0
2026-09-01,641041,28.0,0
2026-09-01,641051,18.5,0
2026-09-01,641057,10.0,0
2026-09-01,641090,43.5,0
2026-09-01,641091,28.5,0
2026-09-01,641567,40.0,0
2026-09-01,641572,9.7,0
2026-09-01,641938,29.9,0
2026-09-01,641958,29.9,0
2026-09-01,642079,8.6,0
2026-09-01,642086,12.3,0
2026-09-01,642089,17.0,0
2026-09-01,642099,18.0,0
2026-09-01,642105,35.8,0
2026-09-01,642206,10.0,0
2026-09-01,642334,40.9,0
2026-09-01,642351,6.5,0
2026-09-01,642598,35.3,0
2026-09-01,642882,49.0,0
2026-09-01,643088,34.9,0
2026-09-01,643092,46.9,0
2026-09-01,643095,41.9,0
2026-09-01,643099,41.9,0
2026-09-01,643106,41.9,0
2026-09-01,643111,41.9,0
2026-09-01,643152,10.5,0
2026-09-01,643167,10.5,0
2026-09-01,643172,10.0,0
2026-09-01,643229,8.9,0
2026-09-01,643310,63.0,0
2026-09-01,645727,28.1,0
2026-09-01,645856,5.0,0
2026-09-01,646077,24.0,0
2026-09-01,646111,81.9,0
2026-09-01,646408,14.5,0
2026-09-01,646413,14.5,0
2026-09-01,646448,6.0,0
2026-09-01,646453,10.0,0
2026-09-01,646468,6.0,0
2026-09-01,646473,10.0,0
2026-09-01,646553,6.0,0
2026-09-01,647400,28.0,0
2026-09-01,647402,28.0,0
2026-09-01,647403,28.0,0
2026-09-01,647404,28.0,0
2026-09-01,647405,28.0,0
2026-09-01,647436,5.6,0
2026-09-01,647441,28.0,0
2026-09-01,647583,29.9,0
2026-09-01,647758,68.5,0
2026-09-01,647763,65.0,0
2026-09-01,647768,75.0,0
2026-09-01,647793,90.0,0
2026-09-01,648400,83.0,0
2026-09-01,648421,83.0,0
2026-09-01,648784,61.5,0
2026-09-01,650006,29.5,0
2026-09-01,650008,27.5,0
2026-09-01,650031,27.5,0
2026-09-01,650032,27.5,0
2026-09-01,650060,39.9,0
2026-09-01,650061,40.0,0
2026-09-01,650062,56.0,0
2026-09-01,650063,225.0,0
2026-09-01,650088,10.0,0
2026-09-01,650089,10.0,0
2026-09-01,650091,13.9,0
2026-09-01,650095,8.0,0
2026-09-01,650097,35.5,0
2026-09-01,650098,31.5,0
2026-09-01,650100,51.0,0
2026-09-01,650142,1.9,0
2026-09-01,650231,48.0,0
2026-09-01,650327,6.5,0
2026-09-01,650375,40.5,0
2026-09-01,650376,40.5,0
2026-09-01,650450,11.9,0
2026-09-01,650463,4.5,0
2026-09-01,650464,6.6,0
2026-09-01,650465,9.3,0
2026-09-01,650467,5.5,0
2026-09-01,650468,5.5,0
2026-09-01,650469,5.5,0
2026-09-01,650470,5.5,0
2026-09-01,650473,5.5,0
2026-09-01,650557,120.0,0
2026-09-01,650559,120.0,0
2026-09-01,650664,11.7,0
2026-09-01,650676,115.0,0
2026-09-01,650690,10.0,0
2026-09-01,650700,10.0,0
2026-09-01,650708,98.0,0
2026-09-01,650728,2.2,0
2026-09-01,650735,2.2,0
2026-09-01,650747,2.2,0
2026-09-01,650793,13.5,0
2026-09-01,650819,105.4,0
2026-09-01,650842,40.0,0
2026-09-01,650844,270.0,0
2026-09-01,650850,247.5,0
2026-09-01,650858,261.0,0
2026-09-01,650888,278.8,0
2026-09-01,650999,10.5,0
2026-09-01,651006,15.7,0
2026-09-01,651007,12.7,0
2026-09-01,651008,15.7,0
2026-09-01,651013,15.7,0
2026-09-01,651120,33.0,0
2026-09-01,651129,59.5,0
2026-09-01,651157,13.0,0
2026-09-01,651198,22.5,0
2026-09-01,651311,379.0,0
2026-09-01,651392,16.5,0
2026-09-01,651433,69.5,0
2026-09-01,651503,77.9,0
2026-09-01,651538,9.8,0
2026-09-01,651611,59.5,0
2026-09-01,651620,9.9,0
2026-09-01,651737,142.5,0
2026-09-01,651772,5.0,0
2026-09-01,651784,41.0,0
2026-09-01,651837,9.9,0
2026-09-01,651870,19.5,0
2026-09-01,651935,30.0,0
2026-09-01,651937,43.5,0
2026-09-01,651988,39.9,0
2026-09-01,652001,25.0,0
2026-09-01,652030,26.0,0
2026-09-01,652152,6.3,0
2026-09-01,652155,6.5,0
2026-09-01,652164,29.5,0
2026-09-01,652168,16.0,0
2026-09-01,652170,22.0,0
2026-09-01,652174,15.9,0
2026-09-01,652178,15.9,0
2026-09-01,652182,15.9,0
2026-09-01,652183,15.9,0
2026-09-01,652187,15.9,0
2026-09-01,652199,155.0,0
2026-09-01,652216,179.0,0
2026-09-01,652221,50.5,0
2026-09-01,652227,44.5,0
2026-09-01,652304,7.5,0
2026-09-01,652332,12.0,0
2026-09-01,652354,51.5,0
2026-09-01,652357,11.0,0
2026-09-01,652360,158.0,0
2026-09-01,652376,69.9,0
2026-09-01,652486,21.0,0
2026-09-01,652487,7.0,0
2026-09-01,652496,64.9,0
2026-09-01,652508,68.5,0
2026-09-01,652509,68.5,0
2026-09-01,652530,20.5,0
2026-09-01,652537,20.5,0
2026-09-01,652538,35.0,0
2026-09-01,652540,35.0,0
2026-09-01,652584,22.0,0
2026-09-01,652626,29.0,0
2026-09-01,652682,105.9,0
2026-09-01,652768,49.0,0
2026-09-01,652820,11.5,0
2026-09-01,652848,19.9,0
2026-09-01,652992,26.0,0
2026-09-01,653000,35.0,0
2026-09-01,653001,20.5,0
2026-09-01,653002,35.0,0
2026-09-01,653003,20.5,0
2026-09-01,653046,54.5,0
2026-09-01,653047,39.0,0
2026-09-01,653082,76.0,0
2026-09-01,653122,11.5,0
2026-09-01,653142,9.0,0
2026-09-01,653143,9.0,0
2026-09-01,653164,30.0,0
2026-09-01,653203,11.0,0
2026-09-01,653224,4.5,0
2026-09-01,653225,5.0,0
2026-09-01,653227,5.5,0
2026-09-01,653228,4.5,0
2026-09-01,653229,4.5,0
2026-09-01,653234,23.0,0
2026-09-01,653235,4.5,0
2026-09-01,653240,6.0,0
2026-09-01,653244,6.3,0
2026-09-01,653299,30.0,0
2026-09-01,653312,29.5,0
2026-09-01,653401,49.9,0
2026-09-01,653498,17.5,0
2026-09-01,653531,465.0,0
2026-09-01,653532,153.9,0
2026-09-01,653533,123.0,0
2026-09-01,653535,7.5,0
2026-09-01,653541,18.5,0
2026-09-01,653587,5.0,0
2026-09-01,653592,7.5,0
2026-09-01,653651,178.0,0
2026-09-01,653685,24.8,0
2026-09-01,653686,20.0,0
2026-09-01,653742,42.5,0
2026-09-01,653743,39.9,0
2026-09-01,653752,23.0,0
2026-09-01,653767,37.5,0
2026-09-01,653768,23.0,0
2026-09-01,653769,23.0,0
2026-09-01,653770,23.0,0
2026-09-01,653828,15.0,0
2026-09-01,653841,20.0,0
2026-09-01,653867,3.5,0
2026-09-01,653892,22.0,0
2026-09-01,653893,16.9,0
2026-09-01,653934,20.5,0
2026-09-01,653964,137.0,0
2026-09-01,653967,58.5,0
2026-09-01,653972,12.0,0
2026-09-01,653973,36.0,0
2026-09-01,653974,36.0,0
2026-09-01,653975,32.5,0
2026-09-01,653976,32.5,0
2026-09-01,653979,36.0,0
2026-09-01,653980,40.5,0
2026-09-01,654042,6.0,0
2026-09-01,654047,6.0,0
2026-09-01,654081,34.5,0
2026-09-01,654087,34.5,0
2026-09-01,654116,45.5,0
2026-09-01,654120,134.9,0
2026-09-01,654121,72.0,0
2026-09-01,654125,20.0,0
2026-09-01,654126,20.0,0
2026-09-01,654144,29.5,0
2026-09-01,654150,26.0,0
2026-09-01,654151,30.5,0
2026-09-01,654162,7.5,0
2026-09-01,654163,7.5,0
2026-09-01,654164,7.5,0
2026-09-01,654167,5.0,0
2026-09-01,654169,7.9,0
2026-09-01,654173,10.0,0
2026-09-01,654174,10.9,0
2026-09-01,654175,10.9,0
2026-09-01,654178,10.0,0
2026-09-01,654179,10.0,0
2026-09-01,654181,6.9,0
2026-09-01,654196,41.5,0
2026-09-01,654220,23.5,0
2026-09-01,654224,29.0,0
2026-09-01,654231,46.5,0
2026-09-01,654235,11.9,0
2026-09-01,654236,11.9,0
2026-09-01,654253,15.5,0
2026-09-01,654270,37.9,0
2026-09-01,654278,27.1,0
2026-09-01,654297,11.6,0
2026-09-01,654299,11.6,0
2026-09-01,654330,94.9,0
2026-09-01,654331,94.9,0
2026-09-01,654332,116.0,0
2026-09-01,654334,70.9,0
2026-09-01,654335,24.4,0
2026-09-01,654345,24.4,0
2026-09-01,654354,45.9,0
2026-09-01,654390,16.0,0
2026-09-01,654391,61.5,0
2026-09-01,654399,43.1,0
2026-09-01,654407,59.4,0
2026-09-01,654527,11.9,0
2026-09-01,654530,49.8,0
2026-09-01,654535,1150.0,0
2026-09-01,654545,65.8,0
2026-09-01,654549,40.5,0
2026-09-01,654578,18.6,0
2026-09-01,654619,43.1,0
2026-09-01,654627,35.2,0
2026-09-01,654630,28.2,0
2026-09-01,654631,33.0,0
2026-09-01,654636,33.0,0
2026-09-01,654648,156.0,0
2026-09-01,654701,23.5,0
2026-09-01,654708,13.2,0
2026-09-01,654728,42.6,0
2026-09-01,654742,61.5,0
2026-09-01,654783,13.2,0
2026-09-01,654817,35.9,0
2026-09-01,654831,4.0,0
2026-09-01,654838,4.0,0
2026-09-01,654851,56.9,0
2026-09-01,654911,96.0,0
2026-09-01,654913,106.0,0
2026-09-01,654914,96.0,0
2026-09-01,654922,71.0,0
2026-09-01,654923,71.0,0
2026-09-01,654924,85.5,0
2026-09-01,654925,95.0,0
2026-09-01,654937,305.5,0
2026-09-01,654945,47.5,0
2026-09-01,654946,59.1,0
2026-09-01,654957,19.9,0
2026-09-01,654960,19.9,0
2026-09-01,654961,19.9,0
2026-09-01,654962,19.9,0
2026-09-01,654963,18.9,0
2026-09-01,654964,24.5,0
2026-09-01,654965,16.0,0
2026-09-01,654966,24.5,0
2026-09-01,654967,30.0,0
2026-09-01,654968,30.0,0
2026-09-01,654969,30.0,0
2026-09-01,654970,28.7,0
2026-09-01,654988,47.9,0
2026-09-01,655063,13.0,0
2026-09-01,655064,43.0,0
2026-09-01,655088,20.7,0
2026-09-01,655089,20.7,0
2026-09-01,655133,34.9,0
2026-09-01,655144,32.7,0
2026-09-01,655173,72.0,0
2026-09-01,655189,39.9,0
2026-09-01,655198,22.0,0
2026-09-01,655243,18.3,0
2026-09-01,655244,16.4,0
2026-09-01,655323,15.5,0
2026-09-01,655328,36.0,0
2026-09-01,655329,36.0,0
2026-09-01,655330,33.5,0
2026-09-01,655337,13.0,0
2026-09-01,655364,16.0,0
2026-09-01,655417,15.0,0
2026-09-01,655419,159.0,0
2026-09-01,655426,94.9,0
2026-09-01,655427,44.9,0
2026-09-01,655428,43.9,0
2026-09-01,655435,12.0,0
2026-09-01,655436,3.0,0
2026-09-01,655437,10.0,0
2026-09-01,655475,92.5,0
2026-09-01,655476,96.5,0
2026-09-01,655477,45.0,0
2026-09-01,655487,38.5,0
2026-09-01,655488,38.5,0
2026-09-01,655489,38.5,0
2026-09-01,655490,38.5,0
2026-09-01,655491,38.5,0
2026-09-01,655492,38.5,0
2026-09-01,655536,36.0,0
2026-09-01,655538,33.5,0
2026-09-01,655539,13.5,0
2026-09-01,655540,38.5,0
2026-09-01,655583,31.0,0
2026-09-01,655595,25.0,0
2026-09-01,655600,12.5,0
2026-09-01,655602,11.0,0
2026-09-01,655646,79.9,0
2026-09-01,655677,6.5,0
2026-09-01,655678,15.0,0
2026-09-01,655689,8.0,0
2026-09-01,655721,27.0,0
2026-09-01,655722,24.0,0
2026-09-01,655723,24.0,0
2026-09-01,655738,72.5,0
2026-09-01,655739,6.0,0
2026-09-01,655755,15.5,0
2026-09-01,655765,44.9,0
2026-09-01,655774,6.0,0
2026-09-01,655808,28.0,0
2026-09-01,655809,30.0,0
2026-09-01,655810,17.0,0
2026-09-01,655816,22.5,0
2026-09-01,655819,5.5,0
2026-09-01,655823,18.0,0
2026-09-01,655824,20.0,0
2026-09-01,655864,39.9,0
2026-09-01,655866,26.0,0
2026-09-01,655876,33.3,0
2026-09-01,655879,15.0,0
2026-09-01,655881,17.5,0
2026-09-01,655882,17.5,0
2026-09-01,655883,17.5,0
2026-09-01,655884,17.5,0
2026-09-01,655885,17.5,0
2026-09-01,655886,17.5,0
2026-09-01,655887,17.5,0
2026-09-01,655888,38.5,0
2026-09-01,655891,6.0,0
2026-09-01,655893,24.0,0
2026-09-01,655897,11.0,0
2026-09-01,655902,177.5,0
2026-09-01,655931,46.5,0
2026-09-01,655933,43.0,0
2026-09-01,655952,28.0,0
2026-09-01,655962,235.0,0
2026-09-01,655963,235.0,0
2026-09-01,655972,14.5,0
2026-09-01,655979,21.0,0
2026-09-01,655981,10.5,0
2026-09-01,655985,24.0,0
2026-09-01,655986,51.5,0
2026-09-01,656002,16.0,0
2026-09-01,656015,86.1,0
2026-09-01,656016,2.5,0
2026-09-01,656017,16.0,0
2026-09-01,656039,122.2,0
2026-09-01,656070,57.0,0
2026-09-01,656073,10.0,0
2026-09-01,656088,34.0,0
2026-09-01,656106,22.5,0
2026-09-01,656153,32.7,0
2026-09-01,656154,4.3,0
2026-09-01,656169,33.0,0
2026-09-01,656190,86.0,0
2026-09-01,656255,54.0,0
2026-09-01,656256,39.0,0
2026-09-01,656257,54.0,0
2026-09-01,656259,39.0,0
2026-09-01,656271,60.0,0
2026-09-01,656272,43.0,0
2026-09-01,656274,39.0,0
2026-09-01,656287,6.9,0
2026-09-01,656293,17.9,0
2026-09-01,656309,25.2,0
2026-09-01,656371,45.9,0
2026-09-01,656373,45.9,0
2026-09-01,656392,31.0,0
2026-09-01,656393,30.0,0
2026-09-01,656394,38.0,0
2026-09-01,656410,49.0,0
2026-09-01,656417,16.0,0
2026-09-01,656419,16.8,0
2026-09-01,656423,20.4,0
2026-09-01,656429,7.0,0
2026-09-01,656430,7.0,0
2026-09-01,656437,91.0,0
2026-09-01,656444,4.8,0
2026-09-01,656445,4.8,0
2026-09-01,656446,4.8,0
2026-09-01,656497,68.5,0
2026-09-01,656498,68.5,0
2026-09-01,656508,20.0,0
2026-09-01,656509,17.6,0
2026-09-01,656513,99.9,0
2026-09-01,656532,17.0,0
2026-09-01,656533,28.3,0
2026-09-01,656535,17.0,0
2026-09-01,656536,28.3,0
2026-09-01,656567,2.2,0
2026-09-01,656660,14.5,0
2026-09-01,656661,14.5,0
2026-09-01,656666,12.0,0
2026-09-01,656669,12.5,0
2026-09-01,656757,7.8,0
2026-09-01,656758,13.3,0
2026-09-01,656759,7.8,0
2026-09-01,656760,13.3,0
2026-09-01,656761,104.8,0
2026-09-01,656762,49.9,0
2026-09-01,656783,58.0,0
2026-09-01,656834,53.5,0
2026-09-01,656850,31.0,0
2026-09-01,656851,28.5,0
2026-09-01,656852,28.5,0
2026-09-01,656853,49.0,0
2026-09-01,656854,43.5,0
2026-09-01,656855,43.5,0
2026-09-01,656860,23.0,0
2026-09-01,656885,13.0,0
2026-09-01,656889,28.5,0
2026-09-01,656890,28.5,0
2026-09-01,656892,19.5,0
2026-09-01,656894,21.9,0
2026-09-01,656911,35.0,0
2026-09-01,656921,41.0,0
2026-09-01,656923,40.0,0
2026-09-01,656939,45.5,0
2026-09-01,656942,65.0,0
2026-09-01,656943,65.0,0
2026-09-01,656966,12.5,0
2026-09-01,656967,17.5,0
2026-09-01,656969,19.5,0
2026-09-01,656984,89.0,0
2026-09-01,656991,22.9,0
2026-09-01,657000,13.7,0
2026-09-01,657005,7.3,0
2026-09-01,657021,46.0,0
2026-09-01,657025,53.3,0
2026-09-01,657027,53.3,0
2026-09-01,657028,53.3,0
2026-09-01,657031,59.9,0
2026-09-01,657032,9.9,0
2026-09-01,657033,10.0,0
2026-09-01,657042,56.0,0
2026-09-01,657043,56.0,0
2026-09-01,657044,56.0,0
2026-09-01,657045,56.0,0
2026-09-01,657046,56.0,0
2026-09-01,657091,20.5,0
2026-09-01,657092,20.5,0
2026-09-01,657132,67.5,0
2026-09-01,657139,29.0,0
2026-09-01,657154,20.0,0
2026-09-01,657188,9.5,0
2026-09-01,657209,21.9,0
2026-09-01,657210,21.9,0
2026-09-01,657211,21.9,0
2026-09-01,657212,21.9,0
2026-09-01,657213,21.9,0
2026-09-01,657214,28.5,0
2026-09-01,657215,24.5,0
2026-09-01,657217,25.0,0
2026-09-01,657218,23.5,0
2026-09-01,657219,23.5,0
2026-09-01,657220,23.5,0
2026-09-01,657221,23.5,0
2026-09-01,657222,28.0,0
2026-09-01,657223,28.0,0
2026-09-01,657224,72.0,0
2026-09-01,657225,72.0,0
2026-09-01,657226,72.0,0
2026-09-01,657227,72.0,0
2026-09-01,657228,72.0,0
2026-09-01,657229,72.0,0
2026-09-01,657237,27.5,0
2026-09-01,657245,29.5,0
2026-09-01,657247,31.0,0
2026-09-01,657271,39.5,0
2026-09-01,657273,12.0,0
2026-09-01,657275,39.5,0
2026-09-01,657339,17.5,0
2026-09-01,657361,15.0,0
2026-09-01,657364,94.9,0
2026-09-01,657365,8.5,0
2026-09-01,657366,8.5,0
2026-09-01,657375,39.8,0
2026-09-01,657380,50.0,0
2026-09-01,657386,26.0,0
2026-09-01,657387,174.0,0
2026-09-01,657390,4.8,0
2026-09-01,657391,7.2,0
2026-09-01,657403,32.5,0
2026-09-01,657465,12.5,0
2026-09-01,657466,13.0,0
2026-09-01,657475,34.5,0
2026-09-01,657476,7.8,0
2026-09-01,657477,34.5,0
2026-09-01,657479,68.0,0
2026-09-01,657480,68.0,0
2026-09-01,657481,68.0,0
2026-09-01,657490,11.3,0
2026-09-01,657502,1.5,0
2026-09-01,657504,109.0,0
2026-09-01,657525,97.5,0
2026-09-01,657540,41.0,0
2026-09-01,657542,22.5,0
2026-09-01,657543,22.5,0
2026-09-01,657544,22.5,0
2026-09-01,657547,123.5,0
2026-09-01,657571,59.5,0
2026-09-01,657572,67.0,0
2026-09-01,657573,96.5,0
2026-09-01,657576,5.8,0
2026-09-01,657577,5.5,0
2026-09-01,657578,11.3,0
2026-09-01,657603,30.5,0
2026-09-01,657605,309.0,0
2026-09-01,657607,25.0,0
2026-09-01,657608,7.9,0
2026-09-01,657610,12.5,0
2026-09-01,657632,39.5,0
2026-09-01,657640,18.5,0
2026-09-01,657642,22.5,0
2026-09-01,657644,339.0,0
2026-09-01,657653,19.5,0
2026-09-01,657662,18.0,0
2026-09-01,657663,184.0,0
2026-09-01,657669,35.5,0
2026-09-01,657670,16.5,0
2026-09-01,657677,21.9,0
2026-09-01,657684,24.5,0
2026-09-01,657686,17.5,0
2026-09-01,657687,29.5,0
2026-09-01,657688,29.5,0
2026-09-01,657705,8.5,0
2026-09-01,657758,29.5,0
2026-09-01,657759,26.9,0
2026-09-01,657760,20.0,0
2026-09-01,657780,12.5,0
2026-09-01,657809,9.6,0
2026-09-01,657817,105.0,0
2026-09-01,657835,335.0,0
2026-09-01,657842,18.4,0
2026-09-01,657844,19.0,0
2026-09-01,657845,23.9,0
2026-09-01,657916,35.0,0
2026-09-01,657920,48.0,0
2026-09-01,657951,6.7,0
2026-09-01,657959,46.0,0
2026-09-01,657961,46.0,0
2026-09-01,657975,13.5,0
2026-09-01,658005,15.0,0
2026-09-01,658006,15.0,0
2026-09-01,658012,22.5,0
2026-09-01,658018,20.5,0
2026-09-01,658028,39.5,0
2026-09-01,658029,28.8,0
2026-09-01,658086,24.5,0
2026-09-01,658087,23.0,0
2026-09-01,658088,26.5,0
2026-09-01,658098,198.0,0
2026-09-01,658101,95.0,0
2026-09-01,658107,29.5,0
2026-09-01,658126,14.0,0
2026-09-01,658135,39.9,0
2026-09-01,658136,39.9,0
2026-09-01,658165,29.5,0
2026-09-01,658170,275.9,0
2026-09-01,658184,35.6,0
2026-09-01,658185,99.0,0
2026-09-01,658189,35.6,0
2026-09-01,658190,35.6,0
2026-09-01,658191,26.0,0
2026-09-01,658208,10.0,0
2026-09-01,658211,36.0,0
2026-09-01,658213,53.5,0
2026-09-01,658222,16.5,0
2026-09-01,658223,28.5,0
2026-09-01,658224,28.5,0
2026-09-01,658226,27.5,0
2026-09-01,658227,30.5,0
2026-09-01,658233,38.9,0
2026-09-01,658255,27.5,0
2026-09-01,658268,59.5,0
2026-09-01,658279,39.5,0
2026-09-01,658280,38.0,0
2026-09-01,658288,30.0,0
2026-09-01,658289,16.5,0
2026-09-01,658293,20.0,0
2026-09-01,658316,37.5,0
2026-09-01,658317,23.5,0
2026-09-01,658320,56.0,0
2026-09-01,658343,34.8,0
2026-09-01,658407,20.5,0
2026-09-01,658408,20.5,0
2026-09-01,658409,20.5,0
2026-09-01,658411,18.6,0
2026-09-01,658413,18.6,0
2026-09-01,658414,18.6,0
2026-09-01,658419,16.5,0
2026-09-01,658425,16.5,0
2026-09-01,658426,11.5,0
2026-09-01,658427,21.9,0
2026-09-01,658428,15.5,0
2026-09-01,658430,16.0,0
2026-09-01,658434,5.5,0
2026-09-01,658441,12.5,0
2026-09-01,658444,12.5,0
2026-09-01,658456,6.7,0
2026-09-01,658457,82.5,0
2026-09-01,658458,82.0,0
2026-09-01,658463,6.2,0
2026-09-01,658464,15.5,0
2026-09-01,658465,19.5,0
2026-09-01,658466,10.0,0
2026-09-01,658474,18.5,0
2026-09-01,658475,11.0,0
2026-09-01,658476,9.5,0
2026-09-01,658477,51.5,0
2026-09-01,658485,13.9,0
2026-09-01,658506,8.5,0
2026-09-01,658518,11.9,0
2026-09-01,658527,15.0,0
2026-09-01,658528,14.5,0
2026-09-01,658529,14.5,0
2026-09-01,658530,18.5,0
2026-09-01,658537,18.5,0
2026-09-01,658550,34.4,0
2026-09-01,658551,33.8,0
2026-09-01,658552,25.0,0
2026-09-01,658553,26.0,0
2026-09-01,658588,10.5,0
2026-09-01,658589,24.0,0
2026-09-01,658593,10.0,0
2026-09-01,658594,10.0,0
2026-09-01,658636,65.0,0
2026-09-01,658645,162.5,0
2026-09-01,658654,10.0,0
2026-09-01,658659,37.5,0
2026-09-01,658674,20.5,0
2026-09-01,658687,15.5,0
2026-09-01,658708,8.9,0
2026-09-01,658709,9.0,0
2026-09-01,658731,15.5,0
2026-09-01,658734,11.5,0
2026-09-01,658738,7.5,0
2026-09-01,658741,17.0,0
2026-09-01,658745,29.5,0
2026-09-01,658746,21.9,0
2026-09-01,658747,38.0,0
2026-09-01,658748,24.5,0
2026-09-01,658749,21.9,0
2026-09-01,658757,205.0,0
2026-09-01,658758,205.0,0
2026-09-01,658777,94.0,0
2026-09-01,658780,14.5,0
2026-09-01,658781,27.5,0
2026-09-01,658811,20.9,0
2026-09-01,658812,21.0,0
2026-09-01,658813,16.0,0
2026-09-01,658848,52.5,0
2026-09-01,658861,149.0,0
2026-09-01,658870,199.0,0
2026-09-01,658872,14.5,0
2026-09-01,658873,15.0,0
2026-09-01,658874,16.0,0
2026-09-01,658928,14.5,0
2026-09-01,658935,11.5,0
2026-09-01,658958,38.5,0
2026-09-01,658992,11.5,0
2026-09-01,659006,12.4,0
2026-09-01,659007,6.0,0
2026-09-01,659052,44.5,0
2026-09-01,659062,55.5,0
2026-09-01,659077,70.0,0
2026-09-01,659952,20.0,0
2026-09-01,659963,36.5,0
2026-09-01,659964,31.0,0
2026-09-01,659965,28.5,0
2026-09-01,659966,24.5,0
2026-09-01,659968,29.0,0
2026-09-01,659971,249.9,0
2026-09-01,659989,20.5,0
2026-09-01,659990,20.5,0
2026-09-01,659991,20.5,0
2026-09-01,660002,38.5,0
2026-09-01,660023,25.0,0
2026-09-01,660038,10.0,0
2026-09-01,660039,10.0,0
2026-09-01,660040,10.0,0
2026-09-01,660047,39.5,0
2026-09-01,660048,39.5,0
2026-09-01,660049,22.0,0
2026-09-01,660050,22.0,0
2026-09-01,660060,30.0,0
2026-09-01,660061,22.5,0
2026-09-01,660064,49.9,0
2026-09-01,660065,38.9,0
2026-09-01,660067,23.9,0
2026-09-01,660068,37.0,0
2026-09-01,660069,61.9,0
2026-09-01,660070,61.9,0
2026-09-01,660071,46.9,0
2026-09-01,660081,54.0,0
2026-09-01,660082,54.0,0
2026-09-01,660086,23.0,0
2026-09-01,660091,38.9,0
2026-09-01,660092,31.9,0
2026-09-01,660093,35.5,0
2026-09-01,660109,67.9,0
2026-09-01,660124,44.9,0
2026-09-01,660142,80.9,0
2026-09-01,660143,45.0,0
2026-09-01,660144,35.9,0
2026-09-01,660149,38.0,0
2026-09-01,660151,38.0,0
2026-09-01,660176,62.0,0
2026-09-01,660177,62.5,0
2026-09-01,660180,10.0,0
2026-09-01,660182,62.5,0
2026-09-01,660192,24.0,0
2026-09-01,660193,10.7,0
2026-09-01,660197,105.9,0
2026-09-01,660199,25.9,0
2026-09-01,660207,25.9,0
2026-09-01,660219,53.9,0
2026-09-01,660220,30.9,0
2026-09-01,660221,34.9,0
2026-09-01,660224,27.9,0
2026-09-01,660225,45.9,0
2026-09-01,660229,17.0,0
2026-09-01,660231,37.9,0
2026-09-01,660234,38.9,0
2026-09-01,660235,46.9,0
2026-09-01,660236,20.9,0
2026-09-01,660246,31.5,0
2026-09-01,660247,31.5,0
2026-09-01,660249,6.6,0
2026-09-01,660250,6.6,0
2026-09-01,660251,6.6,0
2026-09-01,660252,6.6,0
2026-09-01,660253,17.5,0
2026-09-01,660254,255.0,0
2026-09-01,660258,62.5,0
2026-09-01,660259,62.5,0
2026-09-01,660260,85.0,0
2026-09-01,660262,62.5,0
2026-09-01,660266,288.0,0
2026-09-01,660282,31.5,0
2026-09-01,660287,22.5,0
2026-09-01,660288,32.0,0
2026-09-01,660289,47.5,0
2026-09-01,660292,20.8,0
2026-09-01,660294,36.0,0
2026-09-01,660295,36.0,0
2026-09-01,660296,48.0,0
2026-09-01,660297,31.5,0
2026-09-01,660298,31.5,0
2026-09-01,660308,42.5,0
2026-09-01,660309,43.8,0
2026-09-01,660310,42.0,0
2026-09-01,660311,18.0,0
2026-09-01,660312,25.0,0
2026-09-01,660314,49.9,0
2026-09-01,660316,135.0,0
2026-09-01,660320,135.0,0
2026-09-01,660321,56.0,0
2026-09-01,660322,40.0,0
2026-09-01,660323,10.0,0
2026-09-01,660324,6.0,0
2026-09-01,660326,64.8,0
2026-09-01,660329,22.1,0
2026-09-01,660331,22.1,0
2026-09-01,660332,27.8,0
2026-09-01,660333,18.2,0
2026-09-01,660334,20.0,0
2026-09-01,660335,11.2,0
2026-09-01,660336,10.2,0
2026-09-01,660337,6.8,0
2026-09-01,660338,8.9,0
2026-09-01,660339,33.9,0
2026-09-01,660340,44.7,0
2026-09-01,660341,29.5,0
2026-09-01,660342,15.3,0
2026-09-01,660343,17.7,0
2026-09-01,660345,23.9,0
2026-09-01,660346,55.0,0
2026-09-01,660347,20.0,0
2026-09-01,660348,20.0,0
2026-09-01,660349,55.0,0
2026-09-01,660359,16.7,0
2026-09-01,660361,30.5,0
2026-09-01,660362,22.7,0
2026-09-01,660363,133.0,0
2026-09-01,660364,42.0,0
2026-09-01,660365,18.2,0
2026-09-01,660366,11.0,0
2026-09-01,660367,21.5,0
2026-09-01,660369,42.5,0
2026-09-01,660370,15.0,0
2026-09-01,660372,39.9,0
2026-09-01,660373,49.9,0
2026-09-01,660374,49.9,0
2026-09-01,660376,32.0,0
2026-09-01,660378,14.5,0
2026-09-01,660379,14.5,0
2026-09-01,660380,8.5,0
2026-09-01,660381,8.5,0
2026-09-01,660382,8.5,0
2026-09-01,660389,94.0,0
2026-09-01,660432,63.0,0
2026-09-01,660446,24.9,0
2026-09-01,660448,24.9,0
2026-09-01,660449,34.5,0
2026-09-01,660451,16.5,0
2026-09-01,660548,58.9,0
2026-09-01,660852,20.0,0
2026-09-01,661151,77.4,0
2026-09-01,661308,159.0,0
2026-09-01,661309,159.0,0
2026-09-01,661310,139.9,0
2026-09-01,661311,95.0,0
2026-09-01,661438,9.9,0
2026-09-01,661453,11.5,0
2026-09-01,661478,44.9,0
2026-09-01,661512,15.0,0
2026-09-01,661653,42.0,0
2026-09-01,661655,22.5,0
2026-09-01,661757,11.0,0
2026-09-01,661771,13.4,0
2026-09-01,661774,30.0,0
2026-09-01,661845,26.0,0
2026-09-01,661852,20.0,0
2026-09-01,661895,39.0,0
2026-09-01,661960,13.0,0
2026-09-01,662022,7.5,0
2026-09-01,662024,7.5,0
2026-09-01,662025,7.5,0
2026-09-01,662027,7.5,0
2026-09-01,662028,7.5,0
2026-09-01,662029,7.5,0
2026-09-01,662140,11.5,0
2026-09-01,662141,11.5,0
2026-09-01,662142,11.5,0
2026-09-01,662145,11.5,0
2026-09-01,664796,89.0,0
2026-09-01,664798,257.0,0
2026-09-01,664799,19.9,0
2026-09-01,664800,19.9,0
2026-09-01,664813,218.0,0
2026-09-01,664814,62.5,0
2026-09-01,664815,62.5,0
2026-09-01,664816,62.5,0
2026-09-01,664817,62.5,0
2026-09-01,664818,62.5,0
2026-09-01,664819,50.0,0
2026-09-01,664820,50.0,0
2026-09-01,664821,50.0,0
2026-09-01,664822,50.0,0
2026-09-01,664825,37.5,0
2026-09-01,664826,14.9,0
2026-09-01,664829,14.9,0
2026-09-01,664894,29.9,0
2026-09-01,664895,29.0,0
2026-09-01,664897,24.9,0
2026-09-01,664898,53.9,0
2026-09-01,664899,73.9,0
2026-09-01,664900,73.9,0
2026-09-01,664902,73.9,0
2026-09-01,664904,66.0,0
2026-09-01,664905,88.0,0
2026-09-01,664906,82.5,0
2026-09-01,665066,29.5,0
2026-09-01,665067,29.5,0
2026-09-01,665068,40.9,0
2026-09-01,665541,30.9,0
2026-09-01,665853,25.9,0
2026-09-01,666101,75.6,0
2026-09-01,666102,57.6,0
2026-09-01,666103,75.0,0
2026-09-01,666104,75.0,0
2026-09-01,666109,42.9,0
2026-09-01,666112,50.0,0
2026-09-01,666127,25.9,0
2026-09-01,666129,25.9,0
2026-09-01,666135,25.0,0
2026-09-01,666137,60.0,0
2026-09-01,666141,51.0,0
2026-09-01,666146,74.8,0
2026-09-01,666154,15.0,0
2026-09-01,666155,35.0,0
2026-09-01,666156,35.0,0
2026-09-01,666157,57.5,0
2026-09-01,666159,17.0,0
2026-09-01,666161,13.7,0
2026-09-01,666163,42.0,0
2026-09-01,666201,57.6,0
2026-09-01,666267,18.1,0
2026-09-01,666290,36.9,0
2026-09-01,666299,84.0,0
2026-09-01,666300,63.0,0
2026-09-01,666302,66.0,0
2026-09-01,666306,19.0,0
2026-09-01,666309,18.3,0
2026-09-01,666321,42.9,0
2026-09-01,666326,43.3,0
2026-09-01,666327,43.3,0
2026-09-01,666331,191.0,0
2026-09-01,666361,22.2,0
2026-09-01,666369,25.5,0
2026-09-01,666370,17.0,0
2026-09-01,666386,34.0,0
2026-09-01,666387,34.0,0
2026-09-01,666390,43.0,0
2026-09-01,666436,33.0,0
2026-09-01,666437,28.0,0
2026-09-01,666447,96.0,0
2026-09-01,666449,28.7,0
2026-09-01,666451,38.9,0
2026-09-01,666468,22.0,0
2026-09-01,666481,25.0,0
2026-09-01,666488,5.4,0
2026-09-01,666489,11.3,0
2026-09-01,666490,19.8,0
2026-09-01,666491,27.6,0
2026-09-01,666492,7.0,0
2026-09-01,666505,29.9,0
2026-09-01,666513,75.0,0
2026-09-01,666533,35.5,0
2026-09-01,666542,35.5,0
2026-09-01,666546,35.5,0
2026-09-01,666549,35.5,0
2026-09-01,666596,46.9,0
2026-09-01,666597,46.9,0
2026-09-01,666599,46.9,0
2026-09-01,666600,46.9,0
2026-09-01,666602,46.9,0
2026-09-01,666603,46.9,0
2026-09-01,666604,46.9,0
2026-09-01,666607,46.9,0
2026-09-01,666608,46.9,0
2026-09-01,666610,46.9,0
2026-09-01,666611,46.9,0
2026-09-01,666612,46.9,0
2026-09-01,666615,46.9,0
2026-09-01,666617,21.5,0
2026-09-01,666633,55.9,0
2026-09-01,666654,127.0,0
2026-09-01,666666,106.0,0
2026-09-01,666667,123.0,0
2026-09-01,666690,42.0,0
2026-09-01,666692,87.5,0
2026-09-01,666697,268.2,0
2026-09-01,666735,13.5,0
2026-09-01,666772,87.5,0
2026-09-01,666773,87.5,0
2026-09-01,666787,31.3,0
2026-09-01,666799,37.1,0
2026-09-01,666800,25.0,0
2026-09-01,666813,79.3,0
2026-09-01,666818,20.9,0
2026-09-01,666840,39.0,0
2026-09-01,666841,39.0,0
2026-09-01,666842,39.0,0
2026-09-01,666852,8.0,0
2026-09-01,666866,8.0,0
2026-09-01,666867,8.0,0
2026-09-01,666909,17.5,0
2026-09-01,666919,17.5,0
2026-09-01,666925,17.5,0
2026-09-01,666948,52.6,0
2026-09-01,666953,25.9,0
2026-09-01,667101,19.3,0
2026-09-01,667110,39.9,0
2026-09-01,667111,36.0,0
2026-09-01,667112,77.0,0
2026-09-01,667113,77.0,0
2026-09-01,667117,23.9,0
2026-09-01,667129,12.0,0
2026-09-01,667142,18.0,0
2026-09-01,667161,15.0,0
2026-09-01,667174,128.0,0
2026-09-01,667197,79.9,0
2026-09-01,667215,24.0,0
2026-09-01,667216,13.0,0
2026-09-01,667217,59.4,0
2026-09-01,667224,38.0,0
2026-09-01,667226,25.0,0
2026-09-01,667247,12.5,0
2026-09-01,667248,12.5,0
2026-09-01,667249,12.5,0
2026-09-01,667261,76.3,0
2026-09-01,667267,76.3,0
2026-09-01,667268,76.3,0
2026-09-01,667270,76.3,0
2026-09-01,667271,76.3,0
2026-09-01,667272,76.3,0
2026-09-01,667274,76.3,0
2026-09-01,667304,15.5,0
2026-09-01,667332,123.0,0
2026-09-01,667340,25.9,0
2026-09-01,667371,24.5,0
2026-09-01,667374,10.5,0
2026-09-01,667384,45.5,0
2026-09-01,667385,45.5,0
2026-09-01,667387,45.5,0
2026-09-01,667388,38.0,0
2026-09-01,667394,86.0,0
2026-09-01,667396,25.0,0
2026-09-01,667397,25.0,0
2026-09-01,667398,25.0,0
2026-09-01,667399,25.0,0
2026-09-01,667400,25.0,0
2026-09-01,667455,15.9,0
2026-09-01,667479,28.7,0
2026-09-01,667492,15.0,0
2026-09-01,667493,14.5,0
2026-09-01,667495,10.5,0
2026-09-01,667503,9.6,0
2026-09-01,667504,19.0,0
2026-09-01,667506,25.9,0
2026-09-01,667520,55.2,0
2026-09-01,667529,43.3,0
2026-09-01,667531,153.4,0
2026-09-01,667532,153.4,0
2026-09-01,667533,153.4,0
2026-09-01,667541,98.1,0
2026-09-01,667547,39.7,0
2026-09-01,667563,58.0,0
2026-09-01,667566,139.9,0
2026-09-01,667568,18.5,0
2026-09-01,667570,23.5,0
2026-09-01,667571,22.5,0
2026-09-01,667572,23.5,0
2026-09-01,667573,22.5,0
2026-09-01,667574,18.5,0
2026-09-01,667575,20.9,0
2026-09-01,667578,7.5,0
2026-09-01,667583,30.0,0
2026-09-01,667584,30.0,0
2026-09-01,667587,26.0,0
2026-09-01,667602,77.0,0
2026-09-01,667617,19.9,0
2026-09-01,667618,98.0,0
2026-09-01,667620,12.0,0
2026-09-01,667631,27.0,0
2026-09-01,667632,29.0,0
2026-09-01,667648,67.6,0
2026-09-01,667662,52.0,0
2026-09-01,667672,37.9,0
2026-09-01,667674,99.0,0
2026-09-01,667675,38.8,0
2026-09-01,667684,18.0,0
2026-09-01,667722,65.0,0
2026-09-01,667724,14.0,0
2026-09-01,667725,266.0,0
2026-09-01,667740,66.0,0
2026-09-01,667741,66.0,0
2026-09-01,667742,66.0,0
2026-09-01,667745,43.0,0
2026-09-01,667747,43.0,0
2026-09-01,667749,66.0,0
2026-09-01,667750,66.0,0
2026-09-01,667751,61.0,0
2026-09-01,667752,85.0,0
2026-09-01,667755,85.0,0
2026-09-01,667756,61.0,0
2026-09-01,667757,85.0,0
2026-09-01,667758,53.9,0
2026-09-01,667759,14.4,0
2026-09-01,667760,25.2,0
2026-09-01,667761,57.6,0
2026-09-01,667769,14.4,0
2026-09-01,667772,1.0,0
2026-09-01,667774,14.4,0
2026-09-01,667775,25.2,0
2026-09-01,667776,57.6,0
2026-09-01,667780,29.0,0
2026-09-01,667784,74.5,0
2026-09-01,667788,13.5,0
2026-09-01,667794,85.0,0
2026-09-01,667795,27.5,0
2026-09-01,667804,186.2,0
2026-09-01,667806,159.2,0
2026-09-01,667807,159.2,0
2026-09-01,667808,159.2,0
2026-09-01,667809,134.8,0
2026-09-01,667811,71.5,0
2026-09-01,667817,134.8,0
2026-09-01,667874,56.0,0
2026-09-01,667881,99.0,0
2026-09-01,667885,85.0,0
2026-09-01,667890,86.0,0
2026-09-01,667892,159.2,0
2026-09-01,667893,159.2,0
2026-09-01,667899,20.2,0
2026-09-01,667904,51.6,0
2026-09-01,667907,43.8,0
2026-09-01,667908,39.0,0
2026-09-01,667909,17.0,0
2026-09-01,667910,17.0,0
2026-09-01,667911,25.0,0
2026-09-01,667912,25.0,0
2026-09-01,667913,25.0,0
2026-09-01,667914,25.0,0
2026-09-01,667915,38.0,0
2026-09-01,667945,62.4,0
2026-09-01,667970,51.7,0
2026-09-01,667971,40.0,0
2026-09-01,667988,308.2,0
2026-09-01,667996,11.1,0
2026-09-01,667998,11.1,0
2026-09-01,668003,11.1,0
2026-09-01,668004,11.1,0
2026-09-01,668009,11.1,0
2026-09-01,668010,11.1,0
2026-09-01,668011,11.1,0
2026-09-01,668012,11.1,0
2026-09-01,668013,11.1,0
2026-09-01,668014,11.1,0
2026-09-01,668018,11.1,0
2026-09-01,668020,11.1,0
2026-09-01,668021,11.1,0
2026-09-01,668022,11.1,0
2026-09-01,668024,11.1,0
2026-09-01,668026,11.1,0
2026-09-01,668027,11.1,0
2026-09-01,668029,11.1,0
2026-09-01,668031,11.1,0
2026-09-01,668033,11.1,0
2026-09-01,668034,11.1,0
2026-09-01,668035,11.1,0
2026-09-01,668036,11.1,0
2026-09-01,668037,11.1,0
2026-09-01,668038,11.1,0
2026-09-01,668039,11.1,0
2026-09-01,668040,11.1,0
2026-09-01,668041,11.1,0
2026-09-01,668042,11.1,0
2026-09-01,668045,11.1,0
2026-09-01,668047,11.1,0
2026-09-01,668049,11.1,0
2026-09-01,668050,11.1,0
2026-09-01,668051,11.1,0
2026-09-01,668052,11.1,0
2026-09-01,668053,11.1,0
2026-09-01,668055,11.1,0
2026-09-01,668057,35.6,0
2026-09-01,668059,35.6,0
2026-09-01,668065,61.5,0
2026-09-01,668066,15.5,0
2026-09-01,668073,134.8,0
2026-09-01,668077,57.0,0
2026-09-01,668081,46.6,0
2026-09-01,668082,46.6,0
2026-09-01,668091,60.8,0
2026-09-01,668092,62.0,0
2026-09-01,668094,39.0,0
2026-09-01,668096,52.0,0
2026-09-01,668100,26.3,0
2026-09-01,668101,26.3,0
2026-09-01,668120,49.5,0
2026-09-01,668124,99.0,0
2026-09-01,668125,19.9,0
2026-09-01,668130,29.9,0
2026-09-01,668164,31.2,0
2026-09-01,668166,33.0,0
2026-09-01,668167,26.5,0
2026-09-01,668168,40.0,0
2026-09-01,668169,53.5,0
2026-09-01,668173,73.1,0
2026-09-01,668174,59.4,0
2026-09-01,668175,73.1,0
2026-09-01,668176,30.0,0
2026-09-01,668179,67.1,0
2026-09-01,668182,16.2,0
2026-09-01,668184,16.2,0
2026-09-01,668187,11.6,0
2026-09-01,668188,7.5,0
2026-09-01,668189,139.0,0
2026-09-01,668237,31.0,0
2026-09-01,668238,34.0,0
2026-09-01,668239,45.0,0
2026-09-01,668241,12.0,0
2026-09-01,668242,30.0,0
2026-09-01,668243,19.9,0
2026-09-01,668253,105.0,0
2026-09-01,668254,140.0,0
2026-09-01,668257,140.0,0
2026-09-01,668270,51.9,0
2026-09-01,668272,51.9,0
2026-09-01,668278,19.9,0
2026-09-01,668279,22.9,0
2026-09-01,668281,25.0,0
2026-09-01,668283,26.3,0
2026-09-01,668300,42.9,0
2026-09-01,668403,21.9,0
2026-09-01,668440,8.5,0
2026-09-01,668486,34.6,0
2026-09-01,668488,29.0,0
2026-09-01,668501,27.0,0
2026-09-01,668503,27.0,0
2026-09-01,668504,22.8,0
2026-09-01,668505,75.1,0
2026-09-01,668506,75.1,0
2026-09-01,668508,34.4,0
2026-09-01,668509,72.5,0
2026-09-01,668517,29.0,0
2026-09-01,668526,191.0,0
2026-09-01,668527,142.0,0
2026-09-01,668532,18.0,0
2026-09-01,668533,77.5,0
2026-09-01,668534,38.0,0
2026-09-01,668535,45.5,0
2026-09-01,668536,45.5,0
2026-09-01,668537,45.5,0
2026-09-01,668538,45.5,0
2026-09-01,668539,45.5,0
2026-09-01,668540,45.5,0
2026-09-01,668541,45.5,0
2026-09-01,668546,26.0,0
2026-09-01,668547,13.7,0
2026-09-01,668548,13.7,0
2026-09-01,668549,17.0,0
2026-09-01,668550,9.8,0
2026-09-01,668551,3.6,0
2026-09-01,668552,24.7,0
2026-09-01,668554,31.2,0
2026-09-01,668555,15.6,0
2026-09-01,668556,24.0,0
2026-09-01,668557,50.4,0
2026-09-01,668559,8.4,0
2026-09-01,668566,68.0,0
2026-09-01,668567,23.6,0
2026-09-01,668568,23.6,0
2026-09-01,668575,132.0,0
2026-09-01,668576,12.1,0
2026-09-01,668583,50.9,0
2026-09-01,668618,65.0,0
2026-09-01,668622,7.0,0
2026-09-01,668624,137.5,0
2026-09-01,668630,35.9,0
2026-09-01,668632,36.9,0
2026-09-01,668633,39.9,0
2026-09-01,668634,29.7,0
2026-09-01,668635,19.8,0
2026-09-01,668636,21.3,0
2026-09-01,668637,21.3,0
2026-09-01,668638,21.3,0
2026-09-01,668639,21.3,0
2026-09-01,668645,53.5,0
2026-09-01,668670,21.5,0
2026-09-01,668675,31.0,0
2026-09-01,668677,45.5,0
2026-09-01,668678,45.5,0
2026-09-01,668679,45.5,0
2026-09-01,668680,45.5,0
2026-09-01,668681,45.5,0
2026-09-01,668682,45.5,0
2026-09-01,668683,45.5,0
2026-09-01,668684,45.5,0
2026-09-01,668685,54.0,0
2026-09-01,668686,45.5,0
2026-09-01,668688,154.9,0
2026-09-01,668690,53.5,0
2026-09-01,668693,16.3,0
2026-09-01,668694,48.0,0
2026-09-01,668695,59.7,0
2026-09-01,668696,36.5,0
2026-09-01,668697,36.5,0
2026-09-01,668700,40.6,0
2026-09-01,668715,38.9,0
2026-09-01,668718,43.3,0
2026-09-01,668720,47.5,0
2026-09-01,668721,87.5,0
2026-09-01,668722,47.0,0
2026-09-01,668723,47.0,0
2026-09-01,668725,85.1,0
2026-09-01,668726,73.8,0
2026-09-01,668731,26.7,0
2026-09-01,668733,79.0,0
2026-09-01,668737,81.0,0
2026-09-01,668738,38.0,0
2026-09-01,668741,32.5,0
2026-09-01,668742,34.4,0
2026-09-01,668743,40.3,0
2026-09-01,668744,24.3,0
2026-09-01,668747,49.0,0
2026-09-01,668748,49.0,0
2026-09-01,668754,44.0,0
2026-09-01,668766,81.0,0
2026-09-01,668771,157.6,0
2026-09-01,668775,22.6,0
2026-09-01,668776,22.6,0
2026-09-01,668777,22.6,0
2026-09-01,668778,13.5,0
2026-09-01,668779,13.5,0
2026-09-01,668780,13.5,0
2026-09-01,668781,13.5,0
2026-09-01,668782,22.6,0
2026-09-01,668785,4.0,0
2026-09-01,668801,31.1,0
2026-09-01,668804,44.9,0
2026-09-01,668805,44.9,0
2026-09-01,668807,34.9,0
2026-09-01,668808,34.9,0
2026-09-01,668820,28.8,0
2026-09-01,668821,28.8,0
2026-09-01,668823,11.1,0
2026-09-01,668825,229.9,0
2026-09-01,668827,91.6,0
2026-09-01,668829,229.5,0
2026-09-01,668833,72.5,0
2026-09-01,668834,98.0,0
2026-09-01,668835,65.0,0
2026-09-01,668836,61.3,0
2026-09-01,668838,61.3,0
2026-09-01,668840,71.5,0
2026-09-01,668898,245.0,0
2026-09-01,668912,26.9,0
2026-09-01,668922,15.0,0
2026-09-01,668924,17.5,0
2026-09-01,668925,12.0,0
2026-09-01,668926,12.5,0
2026-09-01,668927,16.5,0
2026-09-01,668928,19.5,0
2026-09-01,668929,230.4,0
2026-09-01,668931,21.0,0
2026-09-01,668932,191.1,0
2026-09-01,668933,229.9,0
2026-09-01,668934,34.9,0
2026-09-01,668935,87.5,0
2026-09-01,668936,87.5,0
2026-09-01,668937,87.5,0
2026-09-01,668938,59.4,0
2026-09-01,668939,87.5,0
2026-09-01,668990,35.6,0
2026-09-01,668997,31.7,0
2026-09-01,668998,27.1,0
2026-09-01,668999,10.1,0
2026-09-01,669000,52.0,0
2026-09-01,669001,38.0,0
2026-09-01,669002,60.0,0
2026-09-01,669005,62.0,0
2026-09-01,669008,45.0,0
2026-09-01,669035,33.5,0
2026-09-01,669036,74.9,0
2026-09-01,669037,19.5,0
2026-09-01,669038,33.5,0
2026-09-01,669039,19.5,0
2026-09-01,669040,74.9,0
2026-09-01,669041,33.5,0
2026-09-01,669042,38.7,0
2026-09-01,669044,25.0,0
2026-09-01,669045,38.7,0
2026-09-01,669046,38.7,0
2026-09-01,669047,38.7,0
2026-09-01,669065,195.0,0
2026-09-01,669067,70.0,0
2026-09-01,669068,54.2,0
2026-09-01,669069,40.3,0
2026-09-01,669070,40.3,0
2026-09-01,669071,28.8,0
2026-09-01,669089,87.5,0
2026-09-01,669095,14.0,0
2026-09-01,669097,43.8,0
2026-09-01,669099,56.8,0
2026-09-01,669100,56.8,0
2026-09-01,669101,47.0,0
2026-09-01,669102,42.5,0
2026-09-01,669126,87.5,0
2026-09-01,669127,148.7,0
2026-09-01,669132,14.9,0
2026-09-01,669133,37.9,0
2026-09-01,669134,90.9,0
2026-09-01,669135,14.9,0
2026-09-01,669138,52.5,0
2026-09-01,669139,36.5,0
2026-09-01,669140,11.0,0
2026-09-01,669141,17.2,0
2026-09-01,669143,47.5,0
2026-09-01,669144,33.9,0
2026-09-01,669146,20.3,0
2026-09-01,669147,14.9,0
2026-09-01,669148,37.9,0
2026-09-01,669149,25.9,0
2026-09-01,669150,14.5,0
2026-09-01,669152,14.5,0
2026-09-01,669155,78.5,0
2026-09-01,669156,24.9,0
2026-09-01,669159,43.0,0
2026-09-01,669160,159.4,0
2026-09-01,669161,48.0,0
2026-09-01,669162,48.0,0
2026-09-01,669163,51.0,0
2026-09-01,669164,50.4,0
2026-09-01,669166,166.0,0
2026-09-01,669212,72.0,0
2026-09-01,669236,42.5,0
2026-09-01,669275,10.8,0
2026-09-01,669276,12.0,0
2026-09-01,669294,31.0,0
2026-09-01,669295,96.9,0
2026-09-01,669296,87.2,0
2026-09-01,669297,96.9,0
2026-09-01,669299,25.0,0
2026-09-01,669300,38.0,0
2026-09-01,669314,36.0,0
2026-09-01,669315,36.0,0
2026-09-01,669322,34.4,0
2026-09-01,669324,405.0,0
2026-09-01,669325,430.0,0
2026-09-01,669327,14.4,0
2026-09-01,669328,25.2,0
2026-09-01,669329,57.6,0
2026-09-01,669333,104.0,0
2026-09-01,669334,104.0,0
2026-09-01,669335,6.0,0
2026-09-01,669336,17.0,0
2026-09-01,669337,17.0,0
2026-09-01,669338,13.5,0
2026-09-01,669341,13.5,0
2026-09-01,669343,13.0,0
2026-09-01,669344,21.0,0
2026-09-01,669345,13.5,0
2026-09-01,669346,11.0,0
2026-09-01,669347,30.0,0
2026-09-01,669351,180.0,0
2026-09-01,669352,180.0,0
2026-09-01,669356,72.0,0
2026-09-01,669358,45.6,0
2026-09-01,669359,65.8,0
2026-09-01,669361,32.1,0
2026-09-01,669362,47.0,0
2026-09-01,669363,38.0,0
2026-09-01,669364,130.0,0
2026-09-01,669365,130.0,0
2026-09-01,669366,65.0,0
2026-09-01,669367,23.3,0
2026-09-01,669368,23.3,0
2026-09-01,669369,21.1,0
2026-09-01,669375,42.9,0
2026-09-01,669377,21.0,0
2026-09-01,669378,18.6,0
2026-09-01,669386,45.0,0
2026-09-01,669387,25.5,0
2026-09-01,669388,22.9,0
2026-09-01,669389,22.5,0
2026-09-01,669390,25.5,0
2026-09-01,669391,22.9,0
2026-09-01,669392,20.9,0
2026-09-01,669394,38.9,0
2026-09-01,669395,38.9,0
2026-09-01,669398,102.3,0
2026-09-01,669399,103.5,0
2026-09-01,669400,103.5,0
2026-09-01,669500,340.0,0
2026-09-01,669503,299.0,0
2026-09-01,669505,340.0,0
2026-09-01,669506,390.0,0
2026-09-01,669507,17.9,0
2026-09-01,669508,89.6,0
2026-09-01,669509,42.9,0
2026-09-01,669510,17.9,0
2026-09-01,669511,180.0,0
2026-09-01,669513,180.0,0
2026-09-01,669577,102.0,0
2026-09-01,669579,60.0,0
2026-09-01,669580,60.0,0
2026-09-01,669581,25.5,0
2026-09-01,669597,9.9,0
2026-09-01,669599,25.9,0
2026-09-01,669600,25.9,0
2026-09-01,669602,29.9,0
2026-09-01,669603,11.5,0
2026-09-01,669625,24.0,0
2026-09-01,669626,24.0,0
2026-09-01,669627,26.0,0
2026-09-01,669628,24.0,0
2026-09-01,669629,14.9,0
2026-09-01,669630,27.0,0
2026-09-01,669631,22.9,0
2026-09-01,669632,180.0,0
2026-09-01,669633,7.2,0
2026-09-01,669670,168.0,0
2026-09-01,669671,168.0,0
2026-09-01,669672,93.0,0
2026-09-01,669708,24.9,0
2026-09-01,669711,14.9,0
2026-09-01,669712,72.0,0
2026-09-01,669713,12.5,0
2026-09-01,669714,25.0,0
2026-09-01,669715,18.9,0
2026-09-01,669717,15.0,0
2026-09-01,669718,18.5,0
2026-09-01,669721,13.9,0
2026-09-01,669722,18.9,0
2026-09-01,669723,19.9,0
2026-09-01,669724,15.9,0
2026-09-01,669725,45.9,0
2026-09-01,669726,45.9,0
2026-09-01,669738,160.0,0
2026-09-01,669739,20.5,0
2026-09-01,669740,20.5,0
2026-09-01,669741,31.5,0
2026-09-01,669742,31.5,0
2026-09-01,669747,47.5,0
2026-09-01,669748,28.4,0
2026-09-01,669751,72.0,0
2026-09-01,669752,72.0,0
2026-09-01,669753,26.5,0
2026-09-01,669754,25.0,0
2026-09-01,669757,13.5,0
2026-09-01,669759,26.5,0
2026-09-01,669760,16.5,0
2026-09-01,669817,73.0,0
2026-09-01,669819,102.6,0
2026-09-01,669820,49.8,0
2026-09-01,669824,55.2,0
2026-09-01,669827,24.9,0
2026-09-01,669828,39.5,0
2026-09-01,669830,46.8,0
2026-09-01,669831,34.9,0
2026-09-01,669832,63.0,0
2026-09-01,669833,77.9,0
2026-09-01,669834,73.9,0
2026-09-01,669835,73.9,0
2026-09-01,669837,130.0,0
2026-09-01,669838,110.0,0
2026-09-01,669839,110.0,0
2026-09-01,669840,85.0,0
2026-09-01,669841,95.0,0
2026-09-01,669842,36.0,0
2026-09-01,669850,115.0,0
2026-09-01,669851,105.0,0
2026-09-01,669852,128.0,0
2026-09-01,669853,135.0,0
2026-09-01,669856,165.0,0
2026-09-01,669857,165.0,0
2026-09-01,669862,81.8,0
2026-09-01,669901,49.9,0
2026-09-01,669902,49.9,0
2026-09-01,669903,49.9,0
2026-09-01,669906,28.5,0
2026-09-01,669909,27.5,0
2026-09-01,669912,28.5,0
2026-09-01,669913,27.5,0
2026-09-01,669916,24.9,0
2026-09-01,669917,24.9,0
2026-09-01,669918,19.9,0
2026-09-01,669924,10.1,0
2026-09-01,669925,10.1,0
2026-09-01,669991,39.0,0
2026-09-01,670002,17.9,0
2026-09-01,670004,16.9,0
2026-09-01,670006,17.5,0
2026-09-01,670007,17.5,0
2026-09-01,670013,23.9,0
2026-09-01,670018,49.5,0
2026-09-01,670045,10.0,0
2026-09-01,670048,93.0,0
2026-09-01,670056,37.5,0
2026-09-01,670062,107.5,0
2026-09-01,670063,26.0,0
2026-09-01,670068,50.3,0
2026-09-01,670072,64.0,0
2026-09-01,670073,69.0,0
2026-09-01,670087,98.0,0
2026-09-01,670116,94.7,0
2026-09-01,670188,13.5,0
2026-09-01,670203,17.7,0
2026-09-01,670212,133.2,0
2026-09-01,670213,152.0,0
2026-09-01,670220,21.3,0
2026-09-01,670221,18.8,0
2026-09-01,670222,16.3,0
2026-09-01,670233,75.9,0
2026-09-01,670255,33.5,0
2026-09-01,670270,55.3,0
2026-09-01,670291,23.5,0
2026-09-01,670307,23.8,0
2026-09-01,670308,23.8,0
2026-09-01,670309,23.8,0
2026-09-01,670313,23.8,0
2026-09-01,670316,20.0,0
2026-09-01,670317,22.5,0
2026-09-01,670416,39.4,0
2026-09-01,670419,21.0,0
2026-09-01,670420,37.5,0
2026-09-01,670468,19.5,0
2026-09-01,670469,36.0,0
2026-09-01,670522,130.5,0
2026-09-01,670547,5.0,0
2026-09-01,670593,27.0,0
2026-09-01,670594,16.5,0
2026-09-01,670604,32.5,0
2026-09-01,670611,14.4,0
2026-09-01,670613,6.0,0
2026-09-01,670641,39.9,0
2026-09-01,670642,39.5,0
2026-09-01,670658,34.8,0
2026-09-01,670665,13.5,0
2026-09-01,670666,13.5,0
2026-09-01,670709,11.9,0
2026-09-01,670710,20.6,0
2026-09-01,670720,25.0,0
2026-09-01,670721,27.5,0
2026-09-01,670828,30.0,0
2026-09-01,670830,22.5,0
2026-09-01,670833,9.4,0
2026-09-01,670834,9.4,0
2026-09-01,670889,5.4,0
2026-09-01,670909,43.5,0
2026-09-01,670915,9.8,0
2026-09-01,670939,37.0,0
2026-09-01,670953,81.0,0
2026-09-01,670960,15.0,0
2026-09-01,670976,29.9,0
2026-09-01,670977,29.9,0
2026-09-01,670978,17.5,0
2026-09-01,670979,17.5,0
2026-09-01,670980,22.5,0
2026-09-01,670981,22.5,0
2026-09-01,670985,31.5,0
2026-09-01,671003,33.5,0
2026-09-01,671012,81.9,0
2026-09-01,671034,50.0,0
2026-09-01,671035,11.3,0
2026-09-01,671040,107.5,0
2026-09-01,671054,26.5,0
2026-09-01,671061,31.5,0
2026-09-01,671076,23.0,0
2026-09-01,671080,17.5,0
2026-09-01,671082,17.5,0
2026-09-01,671087,44.7,0
2026-09-01,671088,2.5,0
2026-09-01,671089,2.5,0
2026-09-01,671117,22.5,0
2026-09-01,671119,20.0,0
2026-09-01,671123,88.9,0
2026-09-01,671126,87.5,0
2026-09-01,671127,86.2,0
2026-09-01,671129,87.0,0
2026-09-01,671130,100.0,0
2026-09-01,671131,134.9,0
2026-09-01,671132,86.2,0
2026-09-01,671145,3.5,0
2026-09-01,671196,5.0,0
2026-09-01,671208,19.0,0
2026-09-01,671226,22.5,0
2026-09-01,671227,24.5,0
2026-09-01,671228,24.5,0
2026-09-01,671230,40.0,0
2026-09-01,671231,40.0,0
2026-09-01,671232,51.0,0
2026-09-01,671234,33.8,0
2026-09-01,671235,33.8,0
2026-09-01,671236,37.5,0
2026-09-01,671237,37.5,0
2026-09-01,671239,37.5,0
2026-09-01,671240,37.5,0
2026-09-01,671243,21.0,0
2026-09-01,671245,51.0,0
2026-09-01,671246,57.5,0
2026-09-01,671247,57.5,0
2026-09-01,671285,237.5,0
2026-09-01,671315,32.5,0
2026-09-01,671340,9.5,0
2026-09-01,671341,9.5,0
2026-09-01,671342,9.5,0
2026-09-01,671363,35.9,0
2026-09-01,671402,9.4,0
2026-09-01,671407,130.8,0
2026-09-01,671408,132.0,0
2026-09-01,671412,12.5,0
2026-09-01,671413,12.5,0
2026-09-01,671414,10.5,0
2026-09-01,671416,10.5,0
2026-09-01,671427,15.2,0
2026-09-01,671428,15.2,0
2026-09-01,671429,15.2,0
2026-09-01,671430,15.2,0
2026-09-01,671433,14.8,0
2026-09-01,671450,68.0,0
2026-09-01,671451,60.8,0
2026-09-01,671452,38.2,0
2026-09-01,671472,105.0,0
2026-09-01,671473,54.0,0
2026-09-01,671479,18.3,0
2026-09-01,671520,3.8,0
2026-09-01,671537,31.0,0
2026-09-01,671538,28.8,0
2026-09-01,671540,28.8,0
2026-09-01,671544,35.5,0
2026-09-01,671549,18.9,0
2026-09-01,671578,237.5,0
2026-09-01,671579,237.5,0
2026-09-01,671584,39.0,0
2026-09-01,671668,59.9,0
2026-09-01,671675,10.5,0
2026-09-01,671676,14.0,0
2026-09-01,671699,28.8,0
2026-09-01,671724,27.8,0
2026-09-01,671725,31.6,0
2026-09-01,671732,21.2,0
2026-09-01,671775,45.5,0
2026-09-01,671776,104.0,0
2026-09-01,671787,17.5,0
2026-09-01,671788,17.5,0
2026-09-01,671789,25.5,0
2026-09-01,671828,114.0,0
2026-09-01,671865,2.5,0
2026-09-01,671896,31.0,0
2026-09-01,671897,35.0,0
2026-09-01,671898,22.0,0
2026-09-01,671899,111.0,0
2026-09-01,671900,86.0,0
2026-09-01,671930,11.4,0
2026-09-01,671939,26.3,0
2026-09-01,671940,27.5,0
2026-09-01,671947,25.2,0
2026-09-01,671949,29.0,0
2026-09-01,671950,20.0,0
2026-09-01,671952,19.9,0
2026-09-01,671956,22.8,0
2026-09-01,671960,15.9,0
2026-09-01,671976,12.5,0
2026-09-01,671979,38.0,0
2026-09-01,671994,7.5,0
2026-09-01,672009,18.8,0
2026-09-01,672013,12.9,0
2026-09-01,672039,15.2,0
2026-09-01,672040,15.2,0
2026-09-01,672043,11.2,0
2026-09-01,672055,16.2,0
2026-09-01,672057,11.2,0
2026-09-01,672065,15.2,0
2026-09-01,672070,14.0,0
2026-09-01,672072,10.6,0
2026-09-01,672073,8.5,0
2026-09-01,672074,8.5,0
2026-09-01,672115,23.0,0
2026-09-01,672117,31.6,0
2026-09-01,672155,46.5,0
2026-09-01,672156,28.4,0
2026-09-01,672185,15.7,0
2026-09-01,672202,22.4,0
2026-09-01,672217,11.5,0
2026-09-01,672219,12.5,0
2026-09-01,672220,14.0,0
2026-09-01,672221,14.4,0
2026-09-01,672227,46.3,0
2026-09-01,672229,96.3,0
2026-09-01,672230,69.9,0
2026-09-01,672272,78.8,0
2026-09-01,672273,77.0,0
2026-09-01,672275,64.0,0
2026-09-01,672289,12.0,0
2026-09-01,672290,116.6,0
2026-09-01,672298,18.2,0
2026-09-01,672300,17.0,0
2026-09-01,672301,15.7,0
2026-09-01,672302,17.5,0
2026-09-01,672304,9.9,0
2026-09-01,672307,4.5,0
2026-09-01,672308,30.0,0
2026-09-01,672309,30.5,0
2026-09-01,672310,30.5,0
2026-09-01,672312,30.5,0
2026-09-01,672320,15.0,0
2026-09-01,672321,15.0,0
2026-09-01,672341,13.5,0
2026-09-01,672342,13.5,0
2026-09-01,672343,27.0,0
2026-09-01,672345,47.0,0
2026-09-01,672350,17.6,0
2026-09-01,672351,10.5,0
2026-09-01,672352,10.6,0
2026-09-01,672355,35.0,0
2026-09-01,672383,25.6,0
2026-09-01,672396,40.0,0
2026-09-01,672397,99.8,0
2026-09-01,672419,4.0,0
2026-09-01,672434,15.5,0
2026-09-01,672435,15.5,0
2026-09-01,672442,67.7,0
2026-09-01,672506,32.5,0
2026-09-01,672507,18.5,0
2026-09-01,672509,50.0,0
2026-09-01,672510,37.5,0
2026-09-01,672511,37.5,0
2026-09-01,672513,30.0,0
2026-09-01,672514,30.0,0
2026-09-01,672515,22.0,0
2026-09-01,672518,22.0,0
2026-09-01,672520,29.5,0
2026-09-01,672521,30.5,0
2026-09-01,672522,29.5,0
2026-09-01,672523,30.5,0
2026-09-01,672524,30.5,0
2026-09-01,672525,28.0,0
2026-09-01,672552,26.8,0
2026-09-01,672560,31.9,0
2026-09-01,672565,13.8,0
2026-09-01,672566,13.8,0
2026-09-01,672568,13.8,0
2026-09-01,672569,13.8,0
2026-09-01,672570,13.8,0
2026-09-01,672571,13.8,0
2026-09-01,672572,130.0,0
2026-09-01,672573,130.0,0
2026-09-01,672574,130.0,0
2026-09-01,672575,130.0,0
2026-09-01,672576,99.9,0
2026-09-01,672653,34.0,0
2026-09-01,672660,2.5,0
2026-09-01,672671,30.0,0
2026-09-01,672682,16.1,0
2026-09-01,672695,51.0,0
2026-09-01,672699,28.0,0
2026-09-01,672700,28.0,0
2026-09-01,672701,28.0,0
2026-09-01,672702,28.0,0
2026-09-01,672703,28.0,0
2026-09-01,672704,28.0,0
2026-09-01,672705,28.0,0
2026-09-01,672715,32.9,0
2026-09-01,672719,10.0,0
2026-09-01,672720,11.8,0
2026-09-01,672737,68.8,0
2026-09-01,672743,100.0,0
2026-09-01,672744,106.0,0
2026-09-01,672745,99.0,0
2026-09-01,672754,18.8,0
2026-09-01,672793,32.5,0
2026-09-01,672794,8.0,0
2026-09-01,672795,29.0,0
2026-09-01,672801,14.4,0
2026-09-01,672824,40.0,0
2026-09-01,672826,99.8,0
2026-09-01,672828,24.5,0
2026-09-01,672903,26.7,0
2026-09-01,672904,20.0,0
2026-09-01,672925,22.5,0
2026-09-01,672926,22.5,0
2026-09-01,672927,22.5,0
2026-09-01,672931,20.0,0
2026-09-01,672963,23.5,0
2026-09-01,672970,16.0,0
2026-09-01,672971,14.0,0
2026-09-01,673012,16.5,0
2026-09-01,673013,17.7,0
2026-09-01,673014,18.8,0
2026-09-01,673015,20.0,0
2026-09-01,673016,16.8,0
2026-09-01,673018,18.6,0
2026-09-01,673025,60.0,0
2026-09-01,673026,41.0,0
2026-09-01,673043,58.6,0
2026-09-01,673051,23.0,0
2026-09-01,673052,27.8,0
2026-09-01,673079,13.5,0
2026-09-01,673080,21.5,0
2026-09-01,673096,3.0,0
2026-09-01,673100,7.9,0
2026-09-01,673112,45.0,0
2026-09-01,673113,45.0,0
2026-09-01,673120,75.0,0
2026-09-01,673124,125.0,0
2026-09-01,673136,12.5,0
2026-09-01,673137,12.5,0
2026-09-01,673138,13.0,0
2026-09-01,673139,15.6,0
2026-09-01,673140,16.9,0
2026-09-01,673154,45.9,0
2026-09-01,673163,17.0,0
2026-09-01,673164,15.8,0
2026-09-01,673168,27.5,0
2026-09-01,673182,75.0,0
2026-09-01,673186,43.5,0
2026-09-01,673187,27.5,0
2026-09-01,673188,27.5,0
2026-09-01,673189,27.5,0
2026-09-01,673190,27.5,0
2026-09-01,673191,27.5,0
2026-09-01,673192,27.5,0
2026-09-01,673193,7.9,0
2026-09-01,673194,7.9,0
2026-09-01,673195,7.9,0
2026-09-01,673196,7.9,0
2026-09-01,673197,7.9,0
2026-09-01,673198,7.9,0
2026-09-01,673221,33.5,0
2026-09-01,673224,19.8,0
2026-09-01,673229,12.5,0
2026-09-01,673230,10.6,0
2026-09-01,673231,15.5,0
2026-09-01,673232,16.0,0
2026-09-01,673233,11.0,0
2026-09-01,673241,16.0,0
2026-09-01,673246,5.6,0
2026-09-01,673247,5.6,0
2026-09-01,673248,5.6,0
2026-09-01,673290,10.3,0
2026-09-01,673335,39.4,0
2026-09-01,673352,13.8,0
2026-09-01,673381,6.3,0
2026-09-01,673385,71.3,0
2026-09-01,673405,11.6,0
2026-09-01,673406,6.6,0
2026-09-01,673407,11.6,0
2026-09-01,673408,6.6,0
2026-09-01,673409,22.8,0
2026-09-01,673410,11.6,0
2026-09-01,673422,33.5,0
2026-09-01,673428,35.0,0
2026-09-01,673432,11.8,0
2026-09-01,673445,102.0,0
2026-09-01,673452,31.0,0
2026-09-01,673453,38.0,0
2026-09-01,673488,39.9,0
2026-09-01,673489,7.4,0
2026-09-01,673490,7.7,0
2026-09-01,673491,7.7,0
2026-09-01,673494,23.0,0
2026-09-01,673495,23.0,0
2026-09-01,673525,1.5,0
2026-09-01,673526,1.5,0
2026-09-01,673527,1.5,0
2026-09-01,673528,1.5,0
2026-09-01,673532,9.5,0
2026-09-01,673549,34.3,0
2026-09-01,673552,67.6,0
2026-09-01,673555,11.5,0
2026-09-01,673591,69.0,0
2026-09-01,673592,69.0,0
2026-09-01,673593,69.0,0
2026-09-01,673594,69.0,0
2026-09-01,673603,30.6,0
2026-09-01,673604,11.5,0
2026-09-01,673605,11.5,0
2026-09-01,673619,16.9,0
2026-09-01,673620,18.8,0
2026-09-01,673623,18.8,0
2026-09-01,673624,18.8,0
2026-09-01,673625,18.8,0
2026-09-01,673628,57.5,0
2026-09-01,673629,95.0,0
2026-09-01,673630,107.5,0
2026-09-01,673631,113.8,0
2026-09-01,673633,45.0,0
2026-09-01,673634,70.0,0
2026-09-01,673635,51.3,0
2026-09-01,673637,237.5,0
2026-09-01,673638,113.8,0
2026-09-01,673640,126.0,0
2026-09-01,673642,231.0,0
2026-09-01,673643,156.0,0
2026-09-01,673644,24.0,0
2026-09-01,673645,29.5,0
2026-09-01,673646,24.3,0
2026-09-01,673650,14.5,0
2026-09-01,673654,85.0,0
2026-09-01,673656,12.4,0
2026-09-01,673658,15.3,0
2026-09-01,673659,10.0,0
2026-09-01,673660,10.0,0
2026-09-01,673661,10.0,0
2026-09-01,673664,10.6,0
2026-09-01,673665,9.4,0
2026-09-01,673669,22.5,0
2026-09-01,673670,14.2,0
2026-09-01,673671,15.3,0
2026-09-01,673672,20.5,0
2026-09-01,673673,16.0,0
2026-09-01,673674,16.0,0
2026-09-01,673675,18.8,0
2026-09-01,673676,18.8,0
2026-09-01,673677,18.8,0
2026-09-01,673714,83.0,0
2026-09-01,673750,12.8,0
2026-09-01,673762,32.7,0
2026-09-01,673800,32.8,0
2026-09-01,673802,32.8,0
2026-09-01,673803,40.5,0
2026-09-01,673804,40.5,0
2026-09-01,673805,32.6,0
2026-09-01,673806,30.4,0
2026-09-01,673807,28.2,0
2026-09-01,673811,31.5,0
2026-09-01,673812,21.0,0
2026-09-01,673822,75.0,0
2026-09-01,673873,15.0,0
2026-09-01,673874,13.0,0
2026-09-01,673880,16.3,0
2026-09-01,673899,16.9,0
2026-09-01,673907,3.0,0
2026-09-01,673908,3.0,0
2026-09-01,673909,3.0,0
2026-09-01,673913,10.0,0
2026-09-01,673924,13.8,0
2026-09-01,673944,2.5,0
2026-09-01,673947,99.8,0
2026-09-01,673962,20.0,0
2026-09-01,673963,20.0,0
2026-09-01,673967,16.9,0
2026-09-01,673970,42.9,0
2026-09-01,673971,102.0,0
2026-09-01,674007,69.0,0
2026-09-01,674008,69.0,0
2026-09-01,674009,1.5,0
2026-09-01,674042,22.5,0
2026-09-01,674043,22.5,0
2026-09-01,674044,22.5,0
2026-09-01,674045,22.5,0
2026-09-01,674046,22.5,0
2026-09-01,674047,22.5,0
2026-09-01,674048,22.5,0
2026-09-01,674054,144.6,0
2026-09-01,674073,252.0,0
2026-09-01,674075,32.5,0
2026-09-01,674076,12.5,0
2026-09-01,674082,7.5,0
2026-09-01,674083,18.0,0
2026-09-01,674086,3.5,0
2026-09-01,674107,45.3,0
2026-09-01,674113,21.9,0
2026-09-01,674114,15.0,0
2026-09-01,674121,22.5,0
2026-09-01,674125,7.0,0
2026-09-01,674126,3.0,0
2026-09-01,674127,64.0,0
2026-09-01,674136,21.5,0
2026-09-01,674147,82.5,0
2026-09-01,674162,72.5,0
2026-09-01,674180,19.0,0
2026-09-01,674203,71.0,0
2026-09-01,674206,2.3,0
2026-09-01,674214,99.8,0
2026-09-01,674215,105.0,0
2026-09-01,674244,12.0,0
2026-09-01,674245,12.0,0
2026-09-01,674252,26.5,0
2026-09-01,674260,51.5,0
2026-09-01,674297,3.0,0
2026-09-01,674301,29.0,0
2026-09-01,674302,50.0,0
2026-09-01,674317,11.9,0
2026-09-01,674318,45.2,0
2026-09-01,674329,42.5,0
2026-09-01,674330,1.5,0
2026-09-01,674354,25.0,0
2026-09-01,674355,25.0,0
2026-09-01,674356,25.0,0
2026-09-01,674358,25.0,0
2026-09-01,674359,27.5,0
2026-09-01,674363,6.9,0
2026-09-01,674364,16.8,0
2026-09-01,674366,240.0,0
2026-09-01,674383,11.0,0
2026-09-01,674384,11.0,0
2026-09-01,674385,28.8,0
2026-09-01,674398,9.4,0
2026-09-01,674401,15.0,0
2026-09-01,674402,15.0,0
2026-09-01,674409,16.9,0
2026-09-01,674424,42.7,0
2026-09-01,674425,19.4,0
2026-09-01,674432,18.8,0
2026-09-01,674467,58.0,0
2026-09-01,674468,50.0,0
2026-09-01,674469,5.8,0
2026-09-01,674472,24.0,0
2026-09-01,674473,24.5,0
2026-09-01,674474,24.0,0
2026-09-01,674475,8.0,0
2026-09-01,674492,43.8,0
2026-09-01,674504,8.2,0
2026-09-01,674505,11.6,0
2026-09-01,674508,3.0,0
2026-09-01,674509,11.2,0
2026-09-01,674525,1.3,0
2026-09-01,674537,121.0,0
2026-09-01,674538,120.0,0
2026-09-01,674544,39.4,0
2026-09-01,674547,7.7,0
2026-09-01,674552,21.3,0
2026-09-01,674553,21.3,0
2026-09-01,674555,23.5,0
2026-09-01,674561,7.7,0
2026-09-01,674575,23.0,0
2026-09-01,674576,15.0,0
2026-09-01,674577,15.0,0
2026-09-01,674578,11.2,0
2026-09-01,674586,1.5,0
2026-09-01,674587,1.5,0
2026-09-01,674588,1.5,0
2026-09-01,674589,1.5,0
2026-09-01,674590,1.5,0
2026-09-01,674591,1.5,0
2026-09-01,674592,33.4,0
2026-09-01,674593,33.4,0
2026-09-01,674594,16.9,0
2026-09-01,674598,44.8,0
2026-09-01,674600,29.0,0
2026-09-01,674601,87.5,0
2026-09-01,674604,11.9,0
2026-09-01,674606,30.0,0
2026-09-01,674610,64.0,0
2026-09-01,674614,106.0,0
2026-09-01,674615,40.0,0
2026-09-01,674616,22.5,0
2026-09-01,674622,22.3,0
2026-09-01,674663,42.5,0
2026-09-01,674665,33.8,0
2026-09-01,674669,12.0,0
2026-09-01,674670,12.0,0
2026-09-01,674671,2.6,0
2026-09-01,674672,2.6,0
2026-09-01,674673,23.0,0
2026-09-01,674682,18.8,0
2026-09-01,674683,18.8,0
2026-09-01,674684,18.8,0
2026-09-01,674685,18.8,0
2026-09-01,674686,18.8,0
2026-09-01,674687,30.0,0
2026-09-01,674697,14.0,0
2026-09-01,674699,16.4,0
2026-09-01,674700,16.4,0
2026-09-01,674706,26.9,0
2026-09-01,674707,26.9,0
2026-09-01,674708,23.9,0
2026-09-01,674710,23.9,0
2026-09-01,674716,65.0,0
2026-09-01,674722,20.0,0
2026-09-01,674723,20.0,0
2026-09-01,674724,20.0,0
2026-09-01,674729,25.5,0
2026-09-01,674731,21.3,0
2026-09-01,674732,21.3,0
2026-09-01,674733,21.3,0
2026-09-01,674746,40.0,0
2026-09-01,674748,17.5,0
2026-09-01,674749,17.5,0
2026-09-01,674750,17.5,0
2026-09-01,674751,10.9,0
2026-09-01,674752,61.0,0
2026-09-01,674753,97.2,0
2026-09-01,674754,100.2,0
2026-09-01,674755,87.0,0
2026-09-01,674756,94.9,0
2026-09-01,674757,81.8,0
2026-09-01,674758,57.1,0
2026-09-01,674759,86.9,0
2026-09-01,674761,31.6,0
2026-09-01,674762,28.9,0
2026-09-01,674765,11.5,0
2026-09-01,674766,12.2,0
2026-09-01,674767,8.2,0
2026-09-01,674768,12.2,0
2026-09-01,674769,8.2,0
2026-09-01,674776,9.5,0
2026-09-01,674802,61.0,0
2026-09-01,674806,24.7,0
2026-09-01,674807,39.9,0
2026-09-01,674808,37.0,0
2026-09-01,674809,11.9,0
2026-09-01,674810,11.0,0
2026-09-01,674814,1.5,0
2026-09-01,674815,1.5,0
2026-09-01,674835,56.0,0
2026-09-01,674838,1.3,0
2026-09-01,674843,39.5,0
2026-09-01,674844,58.8,0
2026-09-01,674856,61.5,0
2026-09-01,674863,68.8,0
2026-09-01,674866,21.3,0
2026-09-01,674868,13.0,0
2026-09-01,674869,151.0,0
2026-09-01,674871,171.0,0
2026-09-01,674872,171.0,0
2026-09-01,674873,168.8,0
2026-09-01,674874,157.5,0
2026-09-01,674876,85.0,0
2026-09-01,674877,85.0,0
2026-09-01,674932,14.5,0
2026-09-01,674938,32.0,0
2026-09-01,674939,32.0,0
2026-09-01,674940,32.0,0
2026-09-01,674941,32.0,0
2026-09-01,674942,16.5,0
2026-09-01,674943,16.5,0
2026-09-01,674944,16.5,0
2026-09-01,674945,16.5,0
2026-09-01,674946,23.0,0
2026-09-01,674947,23.0,0
2026-09-01,674950,17.5,0
2026-09-01,674952,80.0,0
2026-09-01,674953,47.0,0
2026-09-01,674954,35.0,0
2026-09-01,674955,53.8,0
2026-09-01,674956,2.5,0
2026-09-01,674957,2.5,0
2026-09-01,674959,27.0,0
2026-09-01,674962,15.0,0
2026-09-01,674964,22.5,0
2026-09-01,674965,15.0,0
2026-09-01,676564,18.8,0
2026-09-01,676565,18.8,0
2026-09-01,676609,23.5,0
2026-09-01,676615,36.0,0
2026-09-01,676616,36.0,0
2026-09-01,676639,9.4,0
2026-09-01,676650,16.5,0
2026-09-01,676652,12.5,0
2026-09-01,676653,13.0,0
2026-09-01,676654,13.5,0
2026-09-01,676658,26.3,0
2026-09-01,676681,24.7,0
2026-09-01,676692,8.0,0
2026-09-01,676704,89.5,0
2026-09-01,676759,51.9,0
2026-09-01,676760,31.9,0
2026-09-01,676779,49.9,0
2026-09-01,676781,15.0,0
2026-09-01,676782,15.8,0
2026-09-01,676783,15.8,0
2026-09-01,676784,16.3,0
2026-09-01,676786,11.2,0
2026-09-01,676790,120.0,0
2026-09-01,676792,11.9,0
2026-09-01,676793,10.9,0
2026-09-01,676836,25.5,0
2026-09-01,676897,86.0,0
2026-09-01,676970,14.5,0
2026-09-01,676976,17.9,0
2026-09-01,677070,120.0,0
2026-09-01,677143,22.5,0
2026-09-01,677184,81.0,0
2026-09-01,677214,160.0,0
2026-09-01,677215,144.9,0
2026-09-01,677238,35.3,0
2026-09-01,677275,43.2,0
2026-09-01,677276,36.0,0
2026-09-01,677317,7.4,0
2026-09-01,677363,20.4,0
2026-09-01,677431,10.0,0
2026-09-01,677432,27.4,0
2026-09-01,677473,8.5,0
2026-09-01,677563,40.5,0
2026-09-01,677566,3.5,0
2026-09-01,677567,3.5,0
2026-09-01,677568,3.5,0
2026-09-01,677569,33.5,0
2026-09-01,677598,20.5,0
2026-09-01,677603,225.0,0
2026-09-01,677604,385.0,0
2026-09-01,677671,85.9,0
2026-09-01,677673,43.6,0
2026-09-01,677708,21.0,0
2026-09-01,677718,49.0,0
2026-09-01,677742,16.2,0
2026-09-01,677758,118.0,0
2026-09-01,677768,19.0,0
2026-09-01,677859,25.0,0
2026-09-01,677860,18.8,0
2026-09-01,677861,17.5,0
2026-09-01,677863,21.9,0
2026-09-01,677864,18.8,0
2026-09-01,677865,18.8,0
2026-09-01,677869,7.3,0
2026-09-01,677871,12.5,0
2026-09-01,677883,160.3,0
2026-09-01,677900,20.0,0
2026-09-01,677902,7.7,0
2026-09-01,677907,47.5,0
2026-09-01,677911,47.8,0
2026-09-01,677912,51.3,0
2026-09-01,677921,45.0,0
2026-09-01,677927,43.5,0
2026-09-01,677929,56.5,0
2026-09-01,677934,60.0,0
2026-09-01,677936,68.0,0
2026-09-01,677947,48.8,0
2026-09-01,677954,96.6,0
2026-09-01,677996,37.4,0
2026-09-01,677997,32.4,0
2026-09-01,677998,32.4,0
2026-09-01,677999,41.9,0
2026-09-01,678000,37.4,0
2026-09-01,678001,28.6,0
2026-09-01,678082,7.0,0
2026-09-01,678108,16.9,0
2026-09-01,678109,22.0,0
2026-09-01,678111,8.0,0
2026-09-01,678112,9.5,0
2026-09-01,678167,11.2,0
2026-09-01,678168,19.0,0
2026-09-01,678169,11.2,0
2026-09-01,678175,99.9,0
2026-09-01,678176,26.0,0
2026-09-01,678236,29.5,0
2026-09-01,678241,8.8,0
2026-09-01,678243,8.7,0
2026-09-01,678244,8.7,0
2026-09-01,678246,8.7,0
2026-09-01,678247,15.0,0
2026-09-01,678248,15.0,0
2026-09-01,678265,12.9,0
2026-09-01,678266,12.5,0
2026-09-01,678348,25.4,0
2026-09-01,678353,14.0,0
2026-09-01,678355,2.5,0
2026-09-01,678361,83.8,0
2026-09-01,678370,292.8,0
2026-09-01,678398,25.0,0
2026-09-01,678429,13.5,0
2026-09-01,678450,89.0,0
2026-09-01,678459,16.8,0
2026-09-01,678472,75.0,0
2026-09-01,678521,17.9,0
2026-09-01,678522,29.6,0
2026-09-01,678644,8.0,0
2026-09-01,678652,7.5,0
2026-09-01,678653,20.0,0
2026-09-01,678659,18.8,0
2026-09-01,678672,114.3,0
2026-09-01,678673,169.0,0
2026-09-01,678683,13.0,0
2026-09-01,678684,13.0,0
2026-09-01,678710,11.5,0
2026-09-01,678711,11.5,0
2026-09-01,678712,10.5,0
2026-09-01,678722,33.4,0
2026-09-01,678723,33.4,0
2026-09-01,678732,22.9,0
2026-09-01,678748,3.7,0
2026-09-01,678753,13.0,0
2026-09-01,678755,13.0,0
2026-09-01,678776,93.5,0
2026-09-01,678786,16.0,0
2026-09-01,678787,16.0,0
2026-09-01,678788,16.0,0
2026-09-01,678790,16.0,0
2026-09-01,678794,16.0,0
2026-09-01,678795,16.0,0
2026-09-01,678803,18.5,0
2026-09-01,678804,18.5,0
2026-09-01,678805,22.5,0
2026-09-01,678811,3.9,0
2026-09-01,678812,6.3,0
2026-09-01,678816,27.0,0
2026-09-01,678817,27.0,0
2026-09-01,678818,27.0,0
2026-09-01,678819,36.0,0
2026-09-01,678821,35.5,0
2026-09-01,678822,27.0,0
2026-09-01,678824,27.0,0
2026-09-01,678826,35.5,0
2026-09-01,678829,35.5,0
2026-09-01,678830,20.0,0
2026-09-01,678840,19.5,0
2026-09-01,678848,36.0,0
2026-09-01,678849,19.9,0
2026-09-01,678850,40.0,0
2026-09-01,678851,39.0,0
2026-09-01,678858,27.5,0
2026-09-01,678919,44.9,0
2026-09-01,678943,31.3,0
2026-09-01,678961,107.0,0
2026-09-01,678972,66.0,0
2026-09-01,678984,1.9,0
2026-09-01,678995,16.7,0
2026-09-01,678996,14.0,0
2026-09-01,678997,20.3,0
2026-09-01,678998,21.8,0
2026-09-01,678999,25.5,0
2026-09-01,679000,49.6,0
2026-09-01,679024,36.3,0
2026-09-01,679025,36.3,0
2026-09-01,679026,32.5,0
2026-09-01,679027,83.8,0
2026-09-01,679028,90.0,0
2026-09-01,679032,133.8,0
2026-09-01,679035,132.5,0
2026-09-01,679036,232.5,0
2026-09-01,679039,32.5,0
2026-09-01,679040,27.5,0
2026-09-01,679041,32.5,0
2026-09-01,679043,17.5,0
2026-09-01,679045,23.0,0
2026-09-01,679129,22.0,0
2026-09-01,679130,47.5,0
2026-09-01,679131,11.5,0
2026-09-01,679132,22.5,0
2026-09-01,679133,62.5,0
2026-09-01,679134,125.0,0
2026-09-01,679153,6.5,0
2026-09-01,679165,19.0,0
2026-09-01,679182,13.0,0
2026-09-01,679186,14.5,0
2026-09-01,679187,9.3,0
2026-09-01,679188,9.3,0
2026-09-01,679189,10.8,0
2026-09-01,679190,10.5,0
2026-09-01,679191,9.5,0
2026-09-01,679192,10.0,0
2026-09-01,679198,67.0,0
2026-09-01,679199,133.5,0
2026-09-01,679203,131.4,0
2026-09-01,679205,176.6,0
2026-09-01,679207,109.4,0
2026-09-01,679211,143.2,0
2026-09-01,679237,36.0,0
2026-09-01,679255,1.5,0
2026-09-01,679261,15.5,0
2026-09-01,679262,15.5,0
2026-09-01,679263,15.8,0
2026-09-01,679285,60.5,0
2026-09-01,679322,2.0,0
2026-09-01,679366,43.0,0
2026-09-01,679372,22.8,0
2026-09-01,679373,10.0,0
2026-09-01,679374,48.8,0
2026-09-01,679376,50.0,0
2026-09-01,679377,23.7,0
2026-09-01,679388,10.0,0
2026-09-01,679429,1.9,0
2026-09-01,679435,2.5,0
2026-09-01,679436,2.5,0
2026-09-01,679437,2.5,0
2026-09-01,679438,4.5,0
2026-09-01,679451,6.8,0
2026-09-01,679455,3.5,0
2026-09-01,679457,3.5,0
2026-09-01,679463,50.6,0
2026-09-01,679464,50.6,0
2026-09-01,679465,50.6,0
2026-09-01,679466,50.6,0
2026-09-01,679574,1.1,0
2026-09-01,679583,92.9,0
2026-09-01,679597,78.8,0
2026-09-01,679624,9.9,0
2026-09-01,679716,13.0,0
2026-09-01,679766,52.9,0
2026-09-01,679789,98.8,0
2026-09-01,679792,3.0,0
2026-09-01,679793,3.0,0
2026-09-01,679878,14.0,0
2026-09-01,679945,25.9,0
2026-09-01,679980,25.0,0
2026-09-01,679981,25.0,0
2026-09-01,679985,19.5,0
2026-09-01,679986,19.5,0
2026-09-01,681000,30.5,0
2026-09-01,681002,31.5,0
2026-09-01,681003,18.5,0
2026-09-01,681004,35.0,0
2026-09-01,681005,109.9,0
2026-09-01,685452,15.5,0
2026-09-01,687017,15.0,0
2026-09-01,687068,33.3,0
2026-09-01,687187,18.0,0
2026-09-01,687696,6.8,0
2026-09-01,687700,19.9,0
2026-09-01,687718,13.5,0
2026-09-01,687777,7.9,0
2026-09-01,687785,9.9,0
2026-09-01,687793,14.9,0
2026-09-01,687823,9.8,0
2026-09-01,687858,11.2,0
2026-09-01,687920,12.8,0
2026-09-01,687971,9.3,0
2026-09-01,688013,21.5,0
2026-09-01,688269,13.3,0
2026-09-01,688277,10.9,0
2026-09-01,688285,10.0,0
2026-09-01,688315,6.7,0
2026-09-01,688366,13.0,0
2026-09-01,688404,9.9,0
2026-09-01,688412,11.5,0
2026-09-01,688420,44.1,0
2026-09-01,688439,7.5,0
2026-09-01,688463,10.1,0
2026-09-01,688480,13.9,0
2026-09-01,688498,5.8,0
2026-09-01,688552,5.8,0
2026-09-01,688625,13.9,0
2026-09-01,689991,17.9,0
2026-09-01,690488,46.5,0
2026-09-01,690495,46.5,0
2026-09-01,690496,46.5,0
2026-09-01,690497,48.0,0
2026-09-01,690498,46.5,0
2026-09-01,690544,60.9,0
2026-09-01,690559,96.0,0
2026-09-01,690608,57.5,0
2026-09-01,690956,105.0,0
2026-09-01,691285,14.9,0
2026-09-01,691871,12.5,0
2026-09-01,692125,30.0,0
2026-09-01,692135,7.6,0
2026-09-01,692138,15.9,0
2026-09-01,692155,14.0,0
2026-09-01,692158,17.6,0
2026-09-01,692323,22.4,0
2026-09-01,693013,29.5,0
2026-09-01,693058,64.9,0
2026-09-01,693083,335.0,0
2026-09-01,693150,30.0,0
2026-09-01,693538,114.5,0
2026-09-01,694868,13.5,0
2026-09-01,695574,3.9,0
2026-09-01,695589,3.9,0
2026-09-01,695594,30.0,0
2026-09-01,695603,1.3,0
2026-09-01,695618,1.3,0
2026-09-01,695638,1.3,0
2026-09-01,695643,1.3,0
2026-09-01,695658,1.3,0
2026-09-01,695661,140.0,0
2026-09-01,695677,69.0,0
2026-09-01,695737,70.0,0
2026-09-01,695738,70.0,0
2026-09-01,695739,70.0,0
2026-09-01,695754,70.0,0
2026-09-01,695819,44.6,0
2026-09-01,695822,177.4,0
2026-09-01,695825,177.4,0
2026-09-01,695856,19.5,0
2026-09-01,695905,19.5,0
2026-09-01,696537,30.0,0
2026-09-01,696602,60.5,0
2026-09-01,696646,60.5,0
2026-09-01,696686,23.5,0
2026-09-01,696691,29.9,0
2026-09-01,696700,23.5,0
2026-09-01,696715,23.5,0
2026-09-01,697258,6.2,0
2026-09-01,697327,8.5,0
2026-09-01,697456,22.0,0
2026-09-01,697783,91.5,0
2026-09-01,697798,58.9,0
2026-09-01,697807,47.0,0
2026-09-01,697812,38.0,0
2026-09-01,698350,19.9,0
2026-09-01,698351,19.9,0
2026-09-01,698352,19.9,0
2026-09-01,699185,46.5,0
2026-09-01,699269,6.5,0
2026-09-01,699274,3.5,0
2026-09-01,699294,55.5,0
2026-09-01,699501,299.0,0
2026-09-01,699536,102.0,0
2026-09-01,701139,31.2,0
2026-09-01,701491,51.0,0
2026-09-01,718718,36.5,0
2026-09-01,724221,184.0,0
2026-09-01,724350,46.0,0
2026-09-01,724583,82.0,0
2026-09-01,724969,7.8,0
2026-09-01,725011,2.1,0
2026-09-01,725615,20.0,0
2026-09-01,725759,132.0,0
2026-09-01,725833,13.0,0
2026-09-01,725893,6.6,0
2026-09-01,726069,61.0,0
2026-09-01,726232,18.0,0
2026-09-01,726410,2.0,0
2026-09-01,726594,4.9,0
2026-09-01,726603,4.9,0
2026-09-01,726604,4.9,0
2026-09-01,726605,4.9,0
2026-09-01,726623,20.4,0
2026-09-01,726638,20.4,0
2026-09-01,726752,17.9,0
2026-09-01,726856,29.0,0
2026-09-01,726881,19.5,0
2026-09-01,727131,18.0,0
2026-09-01,727146,15.5,0
2026-09-01,727151,14.9,0
2026-09-01,727686,61.3,0
2026-09-01,727691,61.3,0
2026-09-01,727700,61.3,0
2026-09-01,727740,46.5,0
2026-09-01,729033,40.6,0
2026-09-01,729053,40.6,0
2026-09-01,729419,50.0,0
2026-09-01,729424,36.3,0
2026-09-01,729439,61.3,0
2026-09-01,729766,21.8,0
2026-09-01,729791,14.5,0
2026-09-01,729800,14.5,0
2026-09-01,729835,18.0,0
2026-09-01,729840,16.0,0
2026-09-01,729880,30.2,0
2026-09-01,729895,30.2,0
2026-09-01,729999,14.0,0
2026-09-01,730003,14.0,0
2026-09-01,731241,255.0,0
2026-09-01,735411,255.0,0
2026-09-01,740123,37.5,0
2026-09-01,741231,37.5,0
2026-09-01,742345,37.5,0
2026-09-01,743523,50.0,0
2026-09-01,743534,50.0,0
2026-09-01,743546,50.0,0
2026-09-01,743558,50.0,0
2026-09-01,743652,37.5,0
2026-09-01,744567,37.5,0
2026-09-01,746870,37.5,0
2026-09-01,746982,27.5,0
2026-09-01,749125,25.0,0
2026-09-01,749148,25.0,0
2026-09-01,761062,71.0,0
2026-09-01,761328,23.9,0
2026-09-01,761419,8.3,0
2026-09-01,761420,16.5,0
2026-09-01,761422,8.3,0
2026-09-01,761430,25.0,0
2026-09-01,761431,8.3,0
2026-09-01,761437,7.7,0
2026-09-01,761457,8.0,0
2026-09-01,761528,20.5,0
2026-09-01,761536,21.9,0
2026-09-01,761548,43.6,0
2026-09-01,761587,17.8,0
2026-09-01,761634,78.9,0
2026-09-01,761892,137.0,0
2026-09-01,761937,129.0,0
2026-09-01,761954,20.5,0
2026-09-01,762417,10.0,0
2026-09-01,762457,32.5,0
2026-09-01,762542,24.7,0
2026-09-01,762581,33.4,0
2026-09-01,762927,30.9,0
2026-09-01,762972,233.5,0
2026-09-01,763219,95.0,0
2026-09-01,763514,8.5,0
2026-09-01,763543,41.0,0
2026-09-01,763648,21.0,0
2026-09-01,763739,56.0,0
2026-09-01,763741,56.0,0
2026-09-01,763752,28.8,0
2026-09-01,763789,45.0,0
2026-09-01,764219,21.5,0
2026-09-01,764527,30.0,0
2026-09-01,764729,29.8,0
2026-09-01,764783,22.8,0
2026-09-01,764830,44.0,0
2026-09-01,764833,29.8,0
2026-09-01,765734,13.7,0
2026-09-01,765872,13.7,0
2026-09-01,765883,63.8,0
2026-09-01,765885,87.5,0
2026-09-01,765963,13.7,0
2026-09-01,765985,13.7,0
2026-09-01,766141,37.5,0
2026-09-01,766210,7.0,0
2026-09-01,766225,38.3,0
2026-09-01,766438,15.0,0
2026-09-01,766601,89.9,0
2026-09-01,766616,84.9,0
2026-09-01,766809,19.5,0
2026-09-01,766998,15.5,0
2026-09-01,768330,74.0,0
2026-09-01,768517,18.0,0
2026-09-01,768724,57.5,0
2026-09-01,768957,83.0,0
2026-09-01,768969,299.0,0
2026-09-01,769817,10.5,0
2026-09-01,770110,6.3,0
2026-09-01,770125,6.3,0
2026-09-01,770567,18.5,0
2026-09-01,770838,30.0,0
2026-09-01,770898,27.0,0
2026-09-01,770912,93.0,0
2026-09-01,770947,19.9,0
2026-09-01,770952,49.0,0
2026-09-01,770967,49.0,0
2026-09-01,771044,99.0,0
2026-09-01,771064,99.0,0
2026-09-01,771099,35.0,0
2026-09-01,772809,69.0,0
2026-09-01,772814,69.0,0
2026-09-01,772829,69.0,0
2026-09-01,772983,71.9,0
2026-09-01,773000,71.9,0
2026-09-01,773075,58.0,0
2026-09-01,774647,23.0,0
2026-09-01,774672,23.0,0
2026-09-01,774716,3.7,0
2026-09-01,774736,22.5,0
2026-09-01,774741,25.0,0
2026-09-01,774761,39.0,0
2026-09-01,774776,36.5,0
2026-09-01,774796,36.5,0
2026-09-01,774810,10.9,0
2026-09-01,774845,9.5,0
2026-09-01,774949,19.5,0
2026-09-01,775180,28.5,0
2026-09-01,775980,23.5,0
2026-09-01,778154,48.9,0
2026-09-01,780390,10.5,0
2026-09-01,780893,15.3,0
2026-09-01,780897,15.0,0
2026-09-01,780989,26.4,0
2026-09-01,781066,27.4,0
2026-09-01,781342,99.9,0
2026-09-01,781433,5.0,0
2026-09-01,781534,112.5,0
2026-09-01,781544,38.0,0
2026-09-01,781601,11.0,0
2026-09-01,781611,20.0,0
2026-09-01,781622,20.0,0
2026-09-01,781637,99.0,0
2026-09-01,781738,115.0,0
2026-09-01,781743,369.0,0
2026-09-01,781839,92.0,0
2026-09-01,782024,87.5,0
2026-09-01,782057,66.0,0
2026-09-01,782079,68.8,0
2026-09-01,782080,99.0,0
2026-09-01,782153,5.0,0
2026-09-01,782171,5.0,0
2026-09-01,782186,13.5,0
2026-09-01,782338,24.8,0
2026-09-01,782431,74.8,0
2026-09-01,782433,21.8,0
2026-09-01,782471,18.0,0
2026-09-01,782677,12.5,0
2026-09-01,782697,18.8,0
2026-09-01,782709,106.0,0
2026-09-01,782726,3.2,0
2026-09-01,782741,193.8,0
2026-09-01,782769,3.2,0
2026-09-01,782775,106.0,0
2026-09-01,782785,20.0,0
2026-09-01,782788,86.0,0
2026-09-01,782790,159.9,0
2026-09-01,782799,16.9,0
2026-09-01,782838,43.8,0
2026-09-01,782896,52.9,0
2026-09-01,783011,99.0,0
2026-09-01,783064,77.5,0
2026-09-01,783067,68.8,0
2026-09-01,783108,21.9,0
2026-09-01,783196,23.8,0
2026-09-01,783302,24.0,0
2026-09-01,783323,30.0,0
2026-09-01,783346,35.0,0
2026-09-01,783355,32.0,0
2026-09-01,783359,34.0,0
2026-09-01,783374,32.5,0
2026-09-01,783457,9.9,0
2026-09-01,783463,30.9,0
2026-09-01,783624,23.5,0
2026-09-01,783635,23.5,0
2026-09-01,783647,23.5,0
2026-09-01,783653,23.5,0
2026-09-01,783654,39.9,0
2026-09-01,783700,48.9,0
2026-09-01,783716,18.5,0
2026-09-01,783749,18.5,0
2026-09-01,783814,33.6,0
2026-09-01,783858,10.5,0
2026-09-01,784013,22.8,0
2026-09-01,784079,22.8,0
2026-09-01,784127,21.3,0
2026-09-01,784133,41.3,0
2026-09-01,784158,17.5,0
2026-09-01,784219,10.0,0
2026-09-01,784235,52.2,0
2026-09-01,784259,33.6,0
2026-09-01,784263,37.0,0
2026-09-01,784516,25.5,0
2026-09-01,784518,49.9,0
2026-09-01,784522,21.3,0
2026-09-01,784529,21.3,0
2026-09-01,784548,21.3,0
2026-09-01,784613,25.5,0
2026-09-01,784717,25.2,0
2026-09-01,784721,25.2,0
2026-09-01,784732,25.2,0
2026-09-01,784748,10.0,0
2026-09-01,784750,25.2,0
2026-09-01,784765,25.2,0
2026-09-01,784821,27.0,0
2026-09-01,784829,17.5,0
2026-09-01,784834,23.3,0
2026-09-01,784854,16.3,0
2026-09-01,784876,36.6,0
2026-09-01,784879,17.5,0
2026-09-01,784885,3.5,0
2026-09-01,784970,21.3,0
2026-09-01,784973,41.3,0
2026-09-01,785013,38.0,0
2026-09-01,785026,87.5,0
2026-09-01,785033,38.0,0
2026-09-01,785126,31.3,0
2026-09-01,785137,41.0,0
2026-09-01,785142,49.0,0
2026-09-01,785157,7.0,0
2026-09-01,785162,7.0,0
2026-09-01,785177,7.0,0
2026-09-01,785211,30.0,0
2026-09-01,785214,57.0,0
2026-09-01,785267,24.0,0
2026-09-01,785413,16.4,0
2026-09-01,785437,31.5,0
2026-09-01,785447,47.5,0
2026-09-01,785457,126.0,0
2026-09-01,785473,20.0,0
2026-09-01,785629,45.4,0
2026-09-01,785671,215.0,0
2026-09-01,785747,21.0,0
2026-09-01,785823,48.8,0
2026-09-01,785862,14.0,0
2026-09-01,785926,41.3,0
2026-09-01,785929,41.3,0
2026-09-01,785931,41.3,0
2026-09-01,785948,69.0,0
2026-09-01,786024,9.7,0
2026-09-01,786217,159.0,0
2026-09-01,786236,31.0,0
2026-09-01,786331,66.4,0
2026-09-01,786357,20.0,0
2026-09-01,786495,11.1,0
2026-09-01,786726,49.9,0
2026-09-01,786748,28.0,0
2026-09-01,786795,31.5,0
2026-09-01,786842,21.2,0
2026-09-01,786936,39.5,0
2026-09-01,786938,79.0,0
2026-09-01,786975,21.2,0
2026-09-01,787039,25.0,0
2026-09-01,787044,33.0,0
2026-09-01,787067,102.5,0
2026-09-01,787074,17.9,0
2026-09-01,787079,5.0,0
2026-09-01,787084,5.0,0
2026-09-01,787328,21.8,0
2026-09-01,787458,13.0,0
2026-09-01,787475,18.5,0
2026-09-01,787517,94.4,0
2026-09-01,787634,21.9,0
2026-09-01,787764,21.5,0
2026-09-01,788136,14.0,0
2026-09-01,788205,72.9,0
2026-09-01,788369,32.5,0
2026-09-01,788389,24.0,0
2026-09-01,788572,8.0,0
2026-09-01,788592,4.0,0
2026-09-01,788676,4.0,0
2026-09-01,788790,25.0,0
2026-09-01,788874,15.0,0
2026-09-01,789037,42.0,0
2026-09-01,789227,6.3,0
2026-09-01,789327,28.7,0
2026-09-01,789329,81.0,0
2026-09-01,789368,49.9,0
2026-09-01,789432,18.0,0
2026-09-01,789434,27.5,0
2026-09-01,789474,65.0,0
2026-09-01,789587,23.8,0
2026-09-01,789627,218.0,0
2026-09-01,789639,81.0,0
2026-09-01,789673,30.8,0
2026-09-01,789678,58.9,0
2026-09-01,789715,16.9,0
2026-09-01,789718,130.0,0
2026-09-01,789719,65.0,0
2026-09-01,789741,140.0,0
2026-09-01,789759,37.5,0
2026-09-01,789826,7.9,0
2026-09-01,789846,11.2,0
2026-09-01,789848,155.7,0
2026-09-01,790961,14.0,0
2026-09-01,790966,23.5,0
2026-09-01,790976,17.0,0
2026-09-01,790981,16.0,0
2026-09-01,791033,22.0,0
2026-09-01,791048,46.0,0
2026-09-01,791053,25.9,0
2026-09-01,791068,23.9,0
2026-09-01,791073,21.0,0
2026-09-01,791102,30.0,0
2026-09-01,791117,30.0,0
2026-09-01,791137,55.0,0
2026-09-01,791142,45.0,0
2026-09-01,791177,29.9,0
2026-09-01,791182,25.9,0
2026-09-01,791197,19.0,0
2026-09-01,791226,25.0,0
2026-09-01,791246,47.5,0
2026-09-01,791271,49.0,0
2026-09-01,791286,26.9,0
2026-09-01,791291,29.9,0
2026-09-01,791300,47.0,0
2026-09-01,791478,125.0,0
2026-09-01,791587,15.3,0
2026-09-01,791596,15.3,0
2026-09-01,791697,149.0,0
2026-09-01,791979,11.9,0
2026-09-01,792209,9.9,0
2026-09-01,792214,49.5,0
2026-09-01,792383,22.9,0
2026-09-01,792398,33.5,0
2026-09-01,792693,36.9,0
2026-09-01,792709,14.5,0
2026-09-01,792714,5.0,0
2026-09-01,792898,35.5,0
2026-09-01,792932,219.0,0
2026-09-01,792947,159.0,0
2026-09-01,792952,165.0,0
2026-09-01,793148,3949.0,0
2026-09-01,793737,22.4,0
2026-09-01,793960,39.6,0
2026-09-01,795160,28.0,0
2026-09-01,795161,26.0,0
2026-09-01,795162,21.0,0
2026-09-01,795163,26.0,0
2026-09-01,795164,26.0,0
2026-09-01,795192,6.5,0
2026-09-01,795451,43.5,0
2026-09-01,795580,17.5,0
2026-09-01,795748,22.5,0
2026-09-01,795832,30.0,0
2026-09-01,796321,22.0,0
2026-09-01,796483,17.8,0
2026-09-01,796513,24.0,0
2026-09-01,796581,38.0,0
2026-09-01,796761,24.5,0
2026-09-01,796826,103.0,0
2026-09-01,797213,91.0,0
2026-09-01,797223,91.0,0
2026-09-01,797233,91.0,0
2026-09-01,797243,91.0,0
2026-09-01,797253,91.0,0
2026-09-01,797635,83.9,0
2026-09-01,797837,42.0,0
2026-09-01,798311,84.0,0
2026-09-01,798321,28.5,0
2026-09-01,798322,15.3,0
2026-09-01,798338,38.0,0
2026-09-01,798342,15.3,0
2026-09-01,798346,28.5,0
2026-09-01,798349,28.0,0
2026-09-01,798350,28.5,0
2026-09-01,798352,15.3,0
2026-09-01,798362,15.3,0
2026-09-01,798372,15.3,0
2026-09-01,798459,33.8,0
2026-09-01,798564,10.5,0
2026-09-01,798634,38.0,0
2026-09-01,798768,67.0,0
2026-09-01,798823,42.0,0
2026-09-01,799186,14.0,0
2026-09-01,799287,40.5,0
2026-09-01,800028,32.0,0
2026-09-01,800101,25.0,0
2026-09-01,800103,30.0,0
2026-09-01,800122,116.9,0
2026-09-01,800142,8.0,0
2026-09-01,800279,12.5,0
2026-09-01,800664,33.0,0
2026-09-01,800772,76.0,0
2026-09-01,800897,36.0,0
2026-09-01,800898,30.0,0
2026-09-01,800995,34.0,0
2026-09-01,801338,4.0,0
2026-09-01,801832,40.0,0
2026-09-01,801834,25.0,0
2026-09-01,801956,16.0,0
2026-09-01,801957,12.0,0
2026-09-01,801966,37.0,0
2026-09-01,802236,44.0,0
2026-09-01,802254,34.0,0
2026-09-01,802255,50.0,0
2026-09-01,802256,30.0,0
2026-09-01,802365,37.0,0
2026-09-01,802401,18.5,0
2026-09-01,802402,10.0,0
2026-09-01,802403,18.0,0
2026-09-01,802404,13.0,0
2026-09-01,802433,35.0,0
2026-09-01,802438,70.0,0
2026-09-01,802452,36.0,0
2026-09-01,802481,32.0,0
2026-09-01,802490,32.0,0
2026-09-01,802561,30.0,0
2026-09-01,802693,44.0,0
2026-09-01,802721,21.0,0
2026-09-01,802938,17.0,0
2026-09-01,802992,40.0,0
2026-09-01,803051,15.0,0
2026-09-01,803053,24.0,0
2026-09-01,803054,15.0,0
2026-09-01,803132,75.0,0
2026-09-01,803187,9.0,0
2026-09-01,803190,23.0,0
2026-09-01,803305,20.0,0
2026-09-01,803472,36.0,0
2026-09-01,803598,50.0,0
2026-09-01,803654,13.0,0
2026-09-01,803755,105.0,0
2026-09-01,803871,11.0,0
2026-09-01,803872,11.0,0
2026-09-01,803873,11.0,0
2026-09-01,803882,4.0,0
2026-09-01,803883,4.0,0
2026-09-01,803929,265.0,0
2026-09-01,803933,199.0,0
2026-09-01,804028,31.0,0
2026-09-01,804082,15.0,0
2026-09-01,804089,65.0,0
2026-09-01,804092,50.0,0
2026-09-01,804097,27.0,0
2026-09-01,804876,42.0,0
2026-09-01,804917,27.0,0
2026-09-01,804921,58.0,0
2026-09-01,804922,55.0,0
2026-09-01,804924,29.9,0
2026-09-01,805537,47.0,0
2026-09-01,805543,6.0,0
2026-09-01,805692,47.0,0
2026-09-01,805701,29.5,0
2026-09-01,805776,6.3,0
2026-09-01,805830,19.9,0
2026-09-01,805979,48.0,0
2026-09-01,806246,52.0,0
2026-09-01,806247,52.0,0
2026-09-01,807388,17.0,0
2026-09-01,807389,290.0,0
2026-09-01,807390,14.0,0
2026-09-01,807391,14.0,0
2026-09-01,807392,90.0,0
2026-09-01,807393,15.0,0
2026-09-01,807394,15.0,0
2026-09-01,807395,19.0,0
2026-09-01,807397,15.0,0
2026-09-01,807398,15.0,0
2026-09-01,807435,15.0,0
2026-09-01,807436,199.0,0
2026-09-01,807438,15.0,0
2026-09-01,807441,22.0,0
2026-09-01,807442,22.0,0
2026-09-01,807446,26.0,0
2026-09-01,807447,23.0,0
2026-09-01,807452,47.0,0
2026-09-01,807453,40.0,0
2026-09-01,807454,40.0,0
2026-09-01,807456,40.0,0
2026-09-01,807457,40.0,0
2026-09-01,807459,30.0,0
2026-09-01,807460,31.0,0
2026-09-01,807461,40.0,0
2026-09-01,807462,35.0,0
2026-09-01,807463,30.0,0
2026-09-01,807486,16.0,0
2026-09-01,807487,20.0,0
2026-09-01,807488,20.0,0
2026-09-01,807489,16.0,0
2026-09-01,807492,16.0,0
2026-09-01,807495,28.0,0
2026-09-01,807496,27.0,0
2026-09-01,807497,15.0,0
2026-09-01,807498,44.0,0
2026-09-01,807561,17.0,0
2026-09-01,807562,61.0,0
2026-09-01,807564,50.0,0
2026-09-01,807573,30.0,0
2026-09-01,807586,26.0,0
2026-09-01,807587,30.0,0
2026-09-01,807790,12.0,0
2026-09-01,807799,30.0,0
2026-09-01,807832,74.0,0
2026-09-01,807844,57.0,0
2026-09-01,807932,22.0,0
2026-09-01,808054,23.0,0
2026-09-01,808101,599.0,0
2026-09-01,808126,80.0,0
2026-09-01,808131,59.0,0
2026-09-01,808146,28.5,0
2026-09-01,808165,23.0,0
2026-09-01,808166,23.0,0
2026-09-01,808168,135.0,0
2026-09-01,808294,190.0,0
2026-09-01,808302,220.0,0
2026-09-01,808484,43.0,0
2026-09-01,808486,95.0,0
2026-09-01,808591,79.0,0
2026-09-01,808625,79.0,0
2026-09-01,808626,262.0,0
2026-09-01,808695,79.0,0
2026-09-01,808702,79.0,0
2026-09-01,809041,410.0,0
2026-09-01,809093,410.0,0
2026-09-01,809162,65.0,0
2026-09-01,809171,25.0,0
2026-09-01,809172,25.0,0
2026-09-01,809173,25.0,0
2026-09-01,809177,25.0,0
2026-09-01,809179,18.0,0
2026-09-01,809183,120.0,0
2026-09-01,809184,99.0,0
2026-09-01,809185,99.0,0
2026-09-01,809196,75.0,0
2026-09-01,809203,43.0,0
2026-09-01,809427,155.0,0
2026-09-01,809428,125.0,0
2026-09-01,809429,155.0,0
2026-09-01,809450,72.0,0
2026-09-01,809451,72.0,0
2026-09-01,809459,34.0,0
2026-09-01,809460,43.0,0
2026-09-01,809462,53.0,0
2026-09-01,809463,49.0,0
2026-09-01,809464,60.0,0
2026-09-01,809465,34.0,0
2026-09-01,809466,49.0,0
2026-09-01,809467,43.0,0
2026-09-01,809468,53.0,0
2026-09-01,809469,60.0,0
2026-09-01,809472,42.0,0
2026-09-01,809486,29.0,0
2026-09-01,809487,20.0,0
2026-09-01,809488,30.0,0
2026-09-01,809490,40.0,0
2026-09-01,809491,29.0,0
2026-09-01,809492,30.0,0
2026-09-01,809495,20.0,0
2026-09-01,809497,33.0,0
2026-09-01,809507,25.0,0
2026-09-01,809508,40.0,0
2026-09-01,809509,33.0,0
2026-09-01,809512,25.0,0
2026-09-01,809513,40.0,0
2026-09-01,809515,33.0,0
2026-09-01,809516,25.0,0
2026-09-01,809517,30.0,0
2026-09-01,809523,160.0,0
2026-09-01,809524,190.0,0
2026-09-01,809527,26.0,0
2026-09-01,809528,26.0,0
2026-09-01,809557,106.0,0
2026-09-01,809581,10.0,0
2026-09-01,809590,115.0,0
2026-09-01,809622,19.0,0
2026-09-01,809626,59.0,0
2026-09-01,809637,130.0,0
2026-09-01,809643,130.0,0
2026-09-01,809659,60.0,0
2026-09-01,809660,85.0,0
2026-09-01,809661,85.0,0
2026-09-01,809662,85.0,0
2026-09-01,809663,85.0,0
2026-09-01,809664,85.0,0
2026-09-01,809665,85.0,0
2026-09-01,809666,69.0,0
2026-09-01,809667,69.0,0
2026-09-01,809668,69.0,0
2026-09-01,809670,69.0,0
2026-09-01,809671,69.0,0
2026-09-01,809672,69.0,0
2026-09-01,809673,75.0,0
2026-09-01,809675,75.0,0
2026-09-01,809676,75.0,0
2026-09-01,809677,75.0,0
2026-09-01,809678,75.0,0
2026-09-01,809679,75.0,0
2026-09-01,809685,22.0,0
2026-09-01,809686,19.0,0
2026-09-01,809690,60.0,0
2026-09-01,809692,29.0,0
2026-09-01,809700,22.0,0
2026-09-01,809709,107.0,0
2026-09-01,809714,44.0,0
2026-09-01,809730,30.0,0
2026-09-01,809732,52.0,0
2026-09-01,809818,119.0,0
2026-09-01,809819,119.0,0
2026-09-01,809821,115.0,0
2026-09-01,809822,86.0,0
2026-09-01,809823,86.0,0
2026-09-01,809831,26.0,0
2026-09-01,809833,49.0,0
2026-09-01,809834,49.0,0
2026-09-01,809896,115.0,0
2026-09-01,809906,60.0,0
2026-09-01,809911,16.0,0
2026-09-01,809913,16.0,0
2026-09-01,809927,121.0,0
2026-09-01,809928,115.0,0
2026-09-01,809929,115.0,0
2026-09-01,809930,115.0,0
2026-09-01,809949,36.0,0
2026-09-01,809956,36.9,0
2026-09-01,809980,37.0,0
2026-09-01,809984,18.0,0
2026-09-01,810053,67.0,0
2026-09-01,810060,86.0,0
2026-09-01,810174,30.0,0
2026-09-01,810178,15.0,0
2026-09-01,810182,22.0,0
2026-09-01,810183,26.0,0
2026-09-01,810242,9.0,0
2026-09-01,810251,69.0,0
2026-09-01,810258,18.0,0
2026-09-01,810338,75.0,0
2026-09-01,810339,39.0,0
2026-09-01,810340,79.0,0
2026-09-01,810358,5.9,0
2026-09-01,810359,5.9,0
2026-09-01,810361,8.0,0
2026-09-01,810363,5.9,0
2026-09-01,810365,5.9,0
2026-09-01,810366,8.0,0
2026-09-01,810367,8.0,0
2026-09-01,810368,8.0,0
2026-09-01,810522,43.0,0
2026-09-01,810524,35.0,0
2026-09-01,810525,37.0,0
2026-09-01,810526,37.0,0
2026-09-01,810528,45.0,0
2026-09-01,810530,43.0,0
2026-09-01,810531,45.0,0
2026-09-01,810532,45.0,0
2026-09-01,810870,35.0,0
2026-09-01,810871,35.0,0
2026-09-01,810900,12.0,0
2026-09-01,810901,10.0,0
2026-09-01,810902,14.0,0
2026-09-01,810903,16.0,0
2026-09-01,810904,7.0,0
2026-09-01,810907,9.0,0
2026-09-01,810909,17.0,0
2026-09-01,810912,11.0,0
2026-09-01,810915,12.0,0
2026-09-01,810918,10.0,0
2026-09-01,810919,8.0,0
2026-09-01,810921,3.0,0
2026-09-01,810922,3.0,0
2026-09-01,810924,5.0,0
2026-09-01,810925,5.0,0
2026-09-01,810936,10.0,0
2026-09-01,810937,10.0,0
2026-09-01,811739,8.0,0
2026-09-01,811773,8.0,0
2026-09-01,811880,8.0,0
2026-09-01,811883,8.0,0
2026-09-01,811884,8.0,0
2026-09-01,811888,8.0,0
2026-09-01,811958,8.0,0
2026-09-01,811982,40.0,0
2026-09-01,812660,61.0,0
2026-09-01,812764,131.5,0
2026-09-01,813158,10.0,0
2026-09-01,813223,8.0,0
2026-09-01,813487,35.0,0
2026-09-01,813488,35.0,0
2026-09-01,813494,35.0,0
2026-09-01,813496,42.0,0
2026-09-01,813497,25.0,0
2026-09-01,813498,28.0,0
2026-09-01,813607,28.0,0
2026-09-01,813624,95.0,0
2026-09-01,814032,32.0,0
2026-09-01,814324,19.5,0
2026-09-01,814593,32.0,0
2026-09-01,814623,37.0,0
2026-09-01,814853,64.0,0
2026-09-01,814944,64.0,0
2026-09-01,814945,58.0,0
2026-09-01,815548,66.0,0
2026-09-01,816328,69.0,0
2026-09-01,816356,219.0,0
2026-09-01,816361,189.0,0
2026-09-01,816362,162.0,0
2026-09-01,816363,122.0,0
2026-09-01,816364,122.0,0
2026-09-01,816365,122.0,0
2026-09-01,816367,205.0,0
2026-09-01,816368,205.0,0
2026-09-01,816369,217.0,0
2026-09-01,816371,135.0,0
2026-09-01,816376,117.0,0
2026-09-01,816377,298.0,0
2026-09-01,816379,333.0,0
2026-09-01,816385,180.0,0
2026-09-01,816419,10.5,0
2026-09-01,816427,109.0,0
2026-09-01,816428,109.0,0
2026-09-01,816429,109.0,0
2026-09-01,816430,109.0,0
2026-09-01,816502,49.0,0
2026-09-01,816503,1099.0,0
2026-09-01,816509,515.0,0
2026-09-01,816510,299.0,0
2026-09-01,816570,73.0,0
2026-09-01,816590,14.0,0
2026-09-01,816594,22.0,0
2026-09-01,816595,20.0,0
2026-09-01,816599,28.0,0
2026-09-01,816617,16.5,0
2026-09-01,816756,53.0,0
2026-09-01,816758,37.0,0
2026-09-01,816760,31.9,0
2026-09-01,816761,30.0,0
2026-09-01,816762,99.0,0
2026-09-01,816763,92.0,0
2026-09-01,816806,95.0,0
2026-09-01,816825,20.0,0
2026-09-01,816858,9.0,0
2026-09-01,816859,16.0,0
2026-09-01,816864,7.0,0
2026-09-01,816866,37.0,0
2026-09-01,816867,27.0,0
2026-09-01,816868,27.0,0
2026-09-01,816871,11.0,0
2026-09-01,816873,10.0,0
2026-09-01,816877,58.0,0
2026-09-01,816878,48.0,0
2026-09-01,816881,54.0,0
2026-09-01,816882,56.0,0
2026-09-01,816888,120.0,0
2026-09-01,816889,66.0,0
2026-09-01,816891,145.0,0
2026-09-01,816892,45.0,0
2026-09-01,816893,45.0,0
2026-09-01,816894,35.0,0
2026-09-01,816896,35.0,0
2026-09-01,816899,38.0,0
2026-09-01,816913,38.0,0
2026-09-01,816920,38.0,0
2026-09-01,816921,47.0,0
2026-09-01,816934,17.0,0
2026-09-01,816972,29.0,0
2026-09-01,816982,114.0,0
2026-09-01,816989,32.0,0
2026-09-01,816990,30.0,0
2026-09-01,816991,9.0,0
2026-09-01,816993,9.0,0
2026-09-01,816994,9.0,0
2026-09-01,817057,9.0,0
2026-09-01,817069,34.0,0
2026-09-01,817070,97.0,0
2026-09-01,817071,142.0,0
2026-09-01,817072,153.0,0
2026-09-01,817073,231.0,0
2026-09-01,817075,122.0,0
2026-09-01,817076,59.0,0
2026-09-01,817079,197.0,0
2026-09-01,817080,287.0,0
2026-09-01,817082,120.0,0
2026-09-01,817083,112.0,0
2026-09-01,817084,112.0,0
2026-09-01,817085,112.0,0
2026-09-01,817088,106.0,0
2026-09-01,817089,176.0,0
2026-09-01,817093,112.0,0
2026-09-01,817095,180.0,0
2026-09-01,817096,459.0,0
2026-09-01,817098,203.0,0
2026-09-01,817099,337.0,0
2026-09-01,817100,182.0,0
2026-09-01,817102,142.0,0
2026-09-01,817247,122.0,0
2026-09-01,817272,83.0,0
2026-09-01,817291,139.0,0
2026-09-01,817292,439.0,0
2026-09-01,817293,64.0,0
2026-09-01,817301,97.0,0
2026-09-01,817302,142.0,0
2026-09-01,817303,142.0,0
2026-09-01,817304,304.0,0
2026-09-01,817305,162.0,0
2026-09-01,817306,98.0,0
2026-09-01,817307,98.0,0
2026-09-01,817308,66.0,0
2026-09-01,817318,57.0,0
2026-09-01,817321,33.0,0
2026-09-01,817375,15.0,0
2026-09-01,817380,40.0,0
2026-09-01,817393,24.0,0
2026-09-01,817395,38.0,0
2026-09-01,817419,475.0,0
2026-09-01,817463,15.0,0
2026-09-01,817465,23.0,0
2026-09-01,817466,23.0,0
2026-09-01,817467,23.0,0
2026-09-01,817468,40.0,0
2026-09-01,817469,29.0,0
2026-09-01,817470,22.0,0
2026-09-01,817471,22.0,0
2026-09-01,817484,49.0,0
2026-09-01,817492,35.0,0
2026-09-01,817508,16.0,0
2026-09-01,817513,14.0,0
2026-09-01,817516,15.0,0
2026-09-01,817518,13.0,0
2026-09-01,817519,14.0,0
2026-09-01,817525,8.0,0
2026-09-01,817536,23.0,0
2026-09-01,817539,6.5,0
2026-09-01,817546,15.0,0
2026-09-01,817547,15.0,0
2026-09-01,817548,31.0,0
2026-09-01,817553,36.0,0
2026-09-01,817556,57.0,0
2026-09-01,817559,10.0,0
2026-09-01,817560,10.0,0
2026-09-01,817561,11.0,0
2026-09-01,817564,17.0,0
2026-09-01,817568,32.0,0
2026-09-01,817572,23.0,0
2026-09-01,817573,31.0,0
2026-09-01,817575,10.0,0
2026-09-01,817576,16.0,0
2026-09-01,817577,33.0,0
2026-09-01,817580,27.0,0
2026-09-01,817596,15.0,0
2026-09-01,817615,9.0,0
2026-09-01,817619,18.0,0
2026-09-01,817620,23.0,0
2026-09-01,817621,18.0,0
2026-09-01,817629,69.0,0
2026-09-01,817632,11.0,0
2026-09-01,817633,9.0,0
2026-09-01,817635,125.0,0
2026-09-01,817641,32.0,0
2026-09-01,817658,332.0,0
2026-09-01,817663,165.0,0
2026-09-01,817679,21.0,0
2026-09-01,817680,24.0,0
2026-09-01,817681,26.0,0
2026-09-01,817707,7.0,0
2026-09-01,817708,9.0,0
2026-09-01,817710,9.0,0
2026-09-01,817712,9.0,0
2026-09-01,817716,7.0,0
2026-09-01,817717,9.0,0
2026-09-01,817718,9.0,0
2026-09-01,817719,9.0,0
2026-09-01,817720,9.0,0
2026-09-01,817721,9.0,0
2026-09-01,817722,7.0,0
2026-09-01,817723,7.0,0
2026-09-01,817725,7.0,0
2026-09-01,817727,8.0,0
2026-09-01,817728,17.0,0
2026-09-01,817731,96.0,0
2026-09-01,817738,34.0,0
2026-09-01,817741,108.0,0
2026-09-01,817744,108.0,0
2026-09-01,817787,46.0,0
2026-09-01,817817,12.0,0
2026-09-01,817828,125.0,0
2026-09-01,817829,109.0,0
2026-09-01,817830,109.0,0
2026-09-01,817839,109.0,0
2026-09-01,817842,109.0,0
2026-09-01,817845,109.0,0
2026-09-01,817851,109.0,0
2026-09-01,817889,358.0,0
2026-09-01,817892,253.0,0
2026-09-01,818468,3.1,0
2026-09-01,818512,19.0,0
2026-09-01,818516,25.0,0
2026-09-01,818532,40.0,0
2026-09-01,818535,25.0,0
2026-09-01,818541,24.0,0
2026-09-01,818551,24.0,0
2026-09-01,818669,38.3,0
2026-09-01,818724,49.0,0
2026-09-01,818827,77.0,0
2026-09-01,818849,34.0,0
2026-09-01,818850,40.0,0
2026-09-01,818854,51.0,0
2026-09-01,818860,54.0,0
2026-09-01,818863,89.0,0
2026-09-01,819066,22.0,0
2026-09-01,819083,19.0,0
2026-09-01,819094,5.0,0
2026-09-01,819220,52.0,0
2026-09-01,819403,95.0,0
2026-09-01,819418,110.0,0
2026-09-01,819423,199.0,0
2026-09-01,819563,150.0,0
2026-09-01,819564,147.0,0
2026-09-01,819645,18.0,0
2026-09-01,819647,15.0,0
2026-09-01,819656,174.0,0
2026-09-01,819658,31.0,0
2026-09-01,819661,20.5,0
2026-09-01,819663,46.0,0
2026-09-01,819675,20.0,0
2026-09-01,819676,10.6,0
2026-09-01,819677,13.0,0
2026-09-01,819681,29.5,0
2026-09-01,819690,68.0,0
2026-09-01,819761,25.0,0
2026-09-01,819763,41.0,0
2026-09-01,819764,19.0,0
2026-09-01,819768,17.0,0
2026-09-01,819779,32.0,0
2026-09-01,819866,41.0,0
2026-09-01,819870,14.0,0
2026-09-01,819884,6.0,0
2026-09-01,819886,7.0,0
2026-09-01,819958,3.0,0
2026-09-01,820002,12.0,0
2026-09-01,820146,21.9,0
2026-09-01,820295,125.0,0
2026-09-01,820319,23.5,0
2026-09-01,820339,99.0,0
2026-09-01,820408,210.0,0
2026-09-01,820416,58.0,0
2026-09-01,820428,26.5,0
2026-09-01,820453,61.5,0
2026-09-01,820468,65.5,0
2026-09-01,820519,63.0,0
2026-09-01,820611,25.9,0
2026-09-01,821014,4.0,0
2026-09-01,821181,23.0,0
2026-09-01,821185,44.0,0
2026-09-01,821186,29.0,0
2026-09-01,821188,29.0,0
2026-09-01,821198,13.0,0
2026-09-01,821205,10.0,0
2026-09-01,821226,31.0,0
2026-09-01,821227,51.0,0
2026-09-01,821229,71.0,0
2026-09-01,821230,71.0,0
2026-09-01,821279,52.0,0
2026-09-01,821372,15.9,0
2026-09-01,821422,31.0,0
2026-09-01,821445,8.0,0
2026-09-01,821451,14.5,0
2026-09-01,821452,14.5,0
2026-09-01,821462,16.0,0
2026-09-01,821468,76.0,0
2026-09-01,821472,18.0,0
2026-09-01,821530,77.4,0
2026-09-01,822062,20.0,0
2026-09-01,822593,31.5,0
2026-09-01,822622,23.5,0
2026-09-01,822637,61.9,0
2026-09-01,823185,25.0,0
2026-09-01,823670,5.0,0
2026-09-01,825641,5.5,0
2026-09-01,825661,5.5,0
2026-09-01,825676,5.5,0
2026-09-01,825705,8.9,0
2026-09-01,825894,125.0,0
2026-09-01,825903,90.5,0
2026-09-01,826126,87.0,0
2026-09-01,826127,99.0,0
2026-09-01,826135,299.0,0
2026-09-01,826142,24.0,0
2026-09-01,826143,29.0,0
2026-09-01,826145,29.0,0
2026-09-01,826148,55.0,0
2026-09-01,826342,14.5,0
2026-09-01,826426,1290.0,0
2026-09-01,826431,102.0,0
2026-09-01,826446,72.0,0
2026-09-01,826684,2549.0,0
2026-09-01,826699,30.5,0
2026-09-01,826706,237.0,0
2026-09-01,826708,10.0,0
2026-09-01,826869,120.0,0
2026-09-01,827396,4.0,0
2026-09-01,827510,87.0,0
2026-09-01,827512,87.0,0
2026-09-01,827513,87.0,0
2026-09-01,827524,160.0,0
2026-09-01,827529,285.0,0
2026-09-01,827687,27.4,0
2026-09-01,827692,27.4,0
2026-09-01,827701,27.4,0
2026-09-01,827736,27.4,0
2026-09-01,827916,16.3,0
2026-09-01,828600,30.0,0
2026-09-01,828675,13.5,0
2026-09-01,828724,33.5,0
2026-09-01,829163,14.0,0
2026-09-01,830004,21.0,0
2026-09-01,830400,3.9,0
2026-09-01,830415,3.9,0
2026-09-01,830420,3.9,0
2026-09-01,830435,3.9,0
2026-09-01,830440,1.3,0
2026-09-01,830455,1.3,0
2026-09-01,830460,1.3,0
2026-09-01,830475,1.3,0
2026-09-01,830519,26.0,0
2026-09-01,830564,49.0,0
2026-09-01,830702,38.5,0
2026-09-01,831256,34.5,0
2026-09-01,831285,3.9,0
2026-09-01,831542,37.0,0
2026-09-01,831544,17.5,0
2026-09-01,831644,13.5,0
2026-09-01,831923,17.5,0
2026-09-01,832248,8.0,0
2026-09-01,832493,14.0,0
2026-09-01,832530,12.0,0
2026-09-01,832713,4.9,0
2026-09-01,832716,16.0,0
2026-09-01,832717,11.0,0
2026-09-01,832801,43.0,0
2026-09-01,832902,8.0,0
2026-09-01,832906,55.0,0
2026-09-01,832918,10.9,0
2026-09-01,832921,50.0,0
2026-09-01,833261,3.0,0
2026-09-01,833716,44.9,0
2026-09-01,833735,5.0,0
2026-09-01,834243,4.0,0
2026-09-01,834259,80.0,0
2026-09-01,834308,7.2,0
2026-09-01,834313,7.2,0
2026-09-01,834328,7.2,0
2026-09-01,834333,25.0,0
2026-09-01,834353,12.5,0
2026-09-01,834393,125.0,0
2026-09-01,834437,95.0,0
2026-09-01,834457,22.5,0
2026-09-01,834497,1.3,0
2026-09-01,835212,85.0,0
2026-09-01,835247,88.5,0
2026-09-01,835267,70.0,0
2026-09-01,835361,53.0,0
2026-09-01,835404,94.0,0
2026-09-01,835410,75.5,0
2026-09-01,835427,89.0,0
2026-09-01,835430,63.0,0
2026-09-01,835435,85.0,0
2026-09-01,835439,96.5,0
2026-09-01,835451,83.5,0
2026-09-01,835468,128.0,0
2026-09-01,835470,66.5,0
2026-09-01,835490,72.5,0
2026-09-01,835509,73.5,0
2026-09-01,835514,59.0,0
2026-09-01,835549,64.0,0
2026-09-01,835623,72.0,0
2026-09-01,835658,97.5,0
2026-09-01,835690,105.0,0
2026-09-01,835691,105.0,0
2026-09-01,835692,145.0,0
2026-09-01,835694,98.0,0
2026-09-01,835695,105.0,0
2026-09-01,835697,105.0,0
2026-09-01,835700,105.0,0
2026-09-01,835732,68.5,0
2026-09-01,835750,106.0,0
2026-09-01,835751,83.0,0
2026-09-01,835755,85.0,0
2026-09-01,835756,92.0,0
2026-09-01,835757,105.0,0
2026-09-01,835758,110.0,0
2026-09-01,835759,105.0,0
2026-09-01,835767,54.5,0
2026-09-01,835896,64.0,0
2026-09-01,835905,73.5,0
2026-09-01,836359,121.0,0
2026-09-01,836646,22.4,0
2026-09-01,836651,23.0,0
2026-09-01,836666,22.4,0
2026-09-01,836671,23.0,0
2026-09-01,836686,22.4,0
2026-09-01,836860,56.0,0
2026-09-01,836861,56.0,0
2026-09-01,837149,13.0,0
2026-09-01,837150,34.0,0
2026-09-01,837151,14.0,0
2026-09-01,837152,22.0,0
2026-09-01,837292,27.0,0
2026-09-01,837675,3.0,0
2026-09-01,837891,35.0,0
2026-09-01,837892,24.0,0
2026-09-01,837894,40.0,0
2026-09-01,837970,21.0,0
2026-09-01,837971,13.0,0
2026-09-01,837976,17.0,0
2026-09-01,837977,38.0,0
2026-09-01,837978,30.0,0
2026-09-01,837979,28.0,0
2026-09-01,837999,29.0,0
2026-09-01,838080,40.0,0
2026-09-01,838081,47.0,0
2026-09-01,838244,50.0,0
2026-09-01,838298,31.0,0
2026-09-01,838300,39.9,0
2026-09-01,838309,19.0,0
2026-09-01,838439,5.0,0
2026-09-01,838444,7.2,0
2026-09-01,838459,6.5,0
2026-09-01,838513,19.5,0
2026-09-01,838518,155.0,0
2026-09-01,838519,155.0,0
2026-09-01,838528,13.9,0
2026-09-01,838533,12.0,0
2026-09-01,838573,132.0,0
2026-09-01,838617,28.0,0
2026-09-01,838622,28.0,0
2026-09-01,838644,28.0,0
2026-09-01,838676,3.0,0
2026-09-01,838692,28.0,0
2026-09-01,838696,22.0,0
2026-09-01,838700,28.0,0
2026-09-01,838767,16.0,0
2026-09-01,838772,32.0,0
2026-09-01,838894,70.0,0
2026-09-01,839028,18.0,0
2026-09-01,839081,11.0,0
2026-09-01,839254,14.5,0
2026-09-01,839317,18.2,0
2026-09-01,839338,3.8,0
2026-09-01,839343,27.5,0
2026-09-01,839354,106.0,0
2026-09-01,839358,27.5,0
2026-09-01,839360,14.0,0
2026-09-01,839635,71.0,0
2026-09-01,839737,16.0,0
2026-09-01,839770,28.0,0
2026-09-01,839800,141.0,0
2026-09-01,839810,39.0,0
2026-09-01,839895,43.0,0
2026-09-01,839896,43.0,0
2026-09-01,839902,43.0,0
2026-09-01,840100,15.0,0
2026-09-01,840115,16.9,0
2026-09-01,840381,19.0,0
2026-09-01,840402,79.9,0
2026-09-01,840615,56.0,0
2026-09-01,840620,56.0,0
2026-09-01,840635,58.5,0
2026-09-01,840655,90.0,0
2026-09-01,841123,4.9,0
2026-09-01,841162,39.9,0
2026-09-01,841164,70.0,0
2026-09-01,841321,102.5,0
2026-09-01,841447,8.9,0
2026-09-01,841616,102.0,0
2026-09-01,841658,33.5,0
2026-09-01,841663,33.5,0
2026-09-01,841842,74.9,0
2026-09-01,841915,41.0,0
2026-09-01,841949,9.9,0
2026-09-01,842111,29.5,0
2026-09-01,842139,27.0,0
2026-09-01,842145,21.0,0
2026-09-01,842147,18.0,0
2026-09-01,842225,43.5,0
2026-09-01,842228,39.0,0
2026-09-01,842229,5.5,0
2026-09-01,842300,41.4,0
2026-09-01,842383,24.0,0
2026-09-01,842527,55.0,0
2026-09-01,843491,74.0,0
2026-09-01,843608,55.0,0
2026-09-01,843633,17.0,0
2026-09-01,843635,9.0,0
2026-09-01,843636,6.0,0
2026-09-01,843637,24.0,0
2026-09-01,843747,50.0,0
2026-09-01,844619,124.0,0
2026-09-01,844621,70.0,0
2026-09-01,844623,620.0,0
2026-09-01,844624,534.0,0
2026-09-01,844712,26.0,0
2026-09-01,844833,14.0,0
2026-09-01,844834,17.0,0
2026-09-01,844838,50.0,0
2026-09-01,844845,151.0,0
2026-09-01,844847,26.0,0
2026-09-01,845159,21.0,0
2026-09-01,845234,69.9,0
2026-09-01,845257,137.0,0
2026-09-01,845487,27.5,0
2026-09-01,845945,45.0,0
2026-09-01,846059,26.0,0
2026-09-01,846186,42.9,0
2026-09-01,846347,57.0,0
2026-09-01,846348,87.0,0
2026-09-01,846349,118.0,0
2026-09-01,846357,84.0,0
2026-09-01,846423,19.9,0
2026-09-01,846425,35.0,0
2026-09-01,846427,24.9,0
2026-09-01,846428,38.0,0
2026-09-01,846429,25.0,0
2026-09-01,846432,59.9,0
2026-09-01,846460,79.0,0
2026-09-01,846475,99.9,0
2026-09-01,846480,58.0,0
2026-09-01,846495,42.9,0
2026-09-01,846533,49.0,0
2026-09-01,846534,48.0,0
2026-09-01,846554,12.0,0
2026-09-01,846620,12.0,0
2026-09-01,846623,27.0,0
2026-09-01,846642,37.0,0
2026-09-01,846643,30.0,0
2026-09-01,846644,20.9,0
2026-09-01,846645,34.9,0
2026-09-01,846646,46.0,0
2026-09-01,846647,29.9,0
2026-09-01,846649,36.0,0
2026-09-01,846650,15.0,0
2026-09-01,846651,50.0,0
2026-09-01,846672,91.0,0
2026-09-01,846686,68.0,0
2026-09-01,846687,60.0,0
2026-09-01,846689,30.0,0
2026-09-01,846690,89.0,0
2026-09-01,846780,29.9,0
2026-09-01,846794,99.0,0
2026-09-01,846796,21.0,0
2026-09-01,846802,32.0,0
2026-09-01,846804,28.0,0
2026-09-01,846808,17.0,0
2026-09-01,846811,16.0,0
2026-09-01,846837,16.0,0
2026-09-01,846853,29.9,0
2026-09-01,846856,20.0,0
2026-09-01,846857,18.9,0
2026-09-01,846858,34.0,0
2026-09-01,846861,25.0,0
2026-09-01,846862,24.9,0
2026-09-01,846874,25.9,0
2026-09-01,846891,26.5,0
2026-09-01,847052,24.0,0
2026-09-01,847058,24.5,0
2026-09-01,847059,24.5,0
2026-09-01,847061,21.0,0
2026-09-01,847092,26.0,0
2026-09-01,847101,26.0,0
2026-09-01,847283,36.0,0
2026-09-01,847291,20.0,0
2026-09-01,847334,11.5,0
2026-09-01,847369,56.0,0
2026-09-01,847397,31.9,0
2026-09-01,847399,25.5,0
2026-09-01,847446,6.0,0
2026-09-01,847521,18.0,0
2026-09-01,847784,131.0,0
2026-09-01,847934,51.0,0
2026-09-01,848237,188.0,0
2026-09-01,848399,100.0,0
2026-09-01,848531,93.0,0
2026-09-01,848708,13.9,0
2026-09-01,848712,82.0,0
2026-09-01,848737,18.0,0
2026-09-01,848740,18.0,0
2026-09-01,848741,17.0,0
2026-09-01,848742,18.9,0
2026-09-01,848746,19.0,0
2026-09-01,848749,14.0,0
2026-09-01,848755,12.0,0
2026-09-01,848756,13.0,0
2026-09-01,848757,26.0,0
2026-09-01,848758,20.0,0
2026-09-01,848759,14.5,0
2026-09-01,848762,14.0,0
2026-09-01,848765,21.0,0
2026-09-01,848769,18.5,0
2026-09-01,848770,21.8,0
2026-09-01,848772,19.0,0
2026-09-01,848774,22.0,0
2026-09-01,848775,20.0,0
2026-09-01,848826,55.0,0
2026-09-01,848925,5.0,0
2026-09-01,848944,31.9,0
2026-09-01,849209,10.0,0
2026-09-01,849390,21.0,0
2026-09-01,849414,21.0,0
2026-09-01,849846,74.9,0
2026-09-01,849969,42.0,0
2026-09-01,850022,10.0,0
2026-09-01,850048,102.0,0
2026-09-01,850197,24.0,0
2026-09-01,850475,34.9,0
2026-09-01,850636,14.9,0
2026-09-01,850638,20.9,0
2026-09-01,851335,5.5,0
2026-09-01,851337,26.0,0
2026-09-01,851398,63.0,0
2026-09-01,851502,20.0,0
2026-09-01,851505,21.0,0
2026-09-01,851506,20.0,0
2026-09-01,852046,14.0,0
2026-09-01,852084,20.7,0
2026-09-01,852273,17.0,0
2026-09-01,852364,40.0,0
2026-09-01,852432,60.0,0
2026-09-01,852441,31.0,0
2026-09-01,852822,18.0,0
2026-09-01,852840,14.0,0
2026-09-01,852853,15.0,0
2026-09-01,852913,99.0,0
2026-09-01,852928,44.0,0
2026-09-01,853007,4.0,0
2026-09-01,853010,238.0,0
2026-09-01,853017,148.0,0
2026-09-01,853022,258.0,0
2026-09-01,853032,4.0,0
2026-09-01,853041,193.0,0
2026-09-01,853043,144.0,0
2026-09-01,853125,12.0,0
2026-09-01,853208,349.0,0
2026-09-01,853282,26.0,0
2026-09-01,853283,23.0,0
2026-09-01,853288,26.0,0
2026-09-01,853289,34.0,0
2026-09-01,853309,7.2,0
2026-09-01,853314,7.2,0
2026-09-01,853475,19.0,0
2026-09-01,853476,19.0,0
2026-09-01,853790,15.5,0
2026-09-01,853894,28.5,0
2026-09-01,853961,31.0,0
2026-09-01,853965,205.0,0
2026-09-01,853969,205.0,0
2026-09-01,853971,166.0,0
2026-09-01,854000,112.5,0
2026-09-01,854055,13.9,0
2026-09-01,854060,10.5,0
2026-09-01,854075,11.0,0
2026-09-01,854085,14.0,0
2026-09-01,854086,23.0,0
2026-09-01,854087,77.0,0
2026-09-01,854089,18.0,0
2026-09-01,854090,23.0,0
2026-09-01,854104,13.9,0
2026-09-01,854134,50.0,0
2026-09-01,854144,19.5,0
2026-09-01,854159,19.5,0
2026-09-01,854317,19.5,0
2026-09-01,854337,23.0,0
2026-09-01,854342,23.0,0
2026-09-01,854357,23.0,0
2026-09-01,854382,21.0,0
2026-09-01,854446,42.0,0
2026-09-01,854462,78.0,0
2026-09-01,854465,182.0,0
2026-09-01,854468,140.0,0
2026-09-01,854615,10.0,0
2026-09-01,854622,185.0,0
2026-09-01,854715,86.0,0
2026-09-01,854727,15.0,0
2026-09-01,854748,23.0,0
2026-09-01,854753,22.3,0
2026-09-01,854788,33.5,0
2026-09-01,854791,32.0,0
2026-09-01,854842,43.5,0
2026-09-01,854877,33.9,0
2026-09-01,854911,142.5,0
2026-09-01,855003,51.0,0
2026-09-01,855011,25.0,0
2026-09-01,855014,18.0,0
2026-09-01,855018,52.5,0
2026-09-01,855019,19.0,0
2026-09-01,855021,17.0,0
2026-09-01,855022,18.0,0
2026-09-01,855023,51.0,0
2026-09-01,855024,25.0,0
2026-09-01,855025,24.0,0
2026-09-01,855027,27.0,0
2026-09-01,855028,10.0,0
2026-09-01,855029,17.0,0
2026-09-01,855032,30.0,0
2026-09-01,855033,17.0,0
2026-09-01,855036,16.0,0
2026-09-01,855098,160.0,0
2026-09-01,855107,295.0,0
2026-09-01,855112,16.0,0
2026-09-01,855132,27.5,0
2026-09-01,855147,14.5,0
2026-09-01,855186,14.0,0
2026-09-01,855187,42.0,0
2026-09-01,855201,55.5,0
2026-09-01,855261,8.0,0
2026-09-01,855310,339.0,0
2026-09-01,855365,17.5,0
2026-09-01,855370,26.0,0
2026-09-01,855529,19.0,0
2026-09-01,855534,30.0,0
2026-09-01,855627,166.5,0
2026-09-01,855629,27.0,0
2026-09-01,855642,56.0,0
2026-09-01,855651,56.0,0
2026-09-01,855655,78.0,0
2026-09-01,855658,10.0,0
2026-09-01,855784,120.0,0
2026-09-01,855789,490.0,0
2026-09-01,855790,155.0,0
2026-09-01,855857,128.0,0
2026-09-01,856054,20.0,0
2026-09-01,856065,25.0,0
2026-09-01,856072,35.0,0
2026-09-01,856109,104.0,0
2026-09-01,856135,64.9,0
2026-09-01,856150,30.0,0
2026-09-01,856161,18.0,0
2026-09-01,856162,11.0,0
2026-09-01,856165,30.0,0
2026-09-01,856194,13.0,0
2026-09-01,856336,33.0,0
2026-09-01,856337,21.0,0
2026-09-01,856339,26.0,0
2026-09-01,856385,43.0,0
2026-09-01,856396,20.0,0
2026-09-01,856397,22.0,0
2026-09-01,856398,29.0,0
2026-09-01,856399,54.0,0
2026-09-01,856405,65.0,0
2026-09-01,856429,52.0,0
2026-09-01,856463,25.0,0
2026-09-01,856468,206.0,0
2026-09-01,856513,28.0,0
2026-09-01,856518,42.0,0
2026-09-01,856519,42.0,0
2026-09-01,856520,42.0,0
2026-09-01,856521,42.0,0
2026-09-01,856522,26.0,0
2026-09-01,856524,26.0,0
2026-09-01,856526,19.5,0
2026-09-01,856527,57.0,0
2026-09-01,856540,21.0,0
2026-09-01,856557,15.0,0
2026-09-01,856563,25.0,0
2026-09-01,856582,22.0,0
2026-09-01,856612,49.0,0
2026-09-01,856636,14.0,0
2026-09-01,856652,20.0,0
2026-09-01,856653,60.0,0
2026-09-01,856654,70.0,0
2026-09-01,856656,96.0,0
2026-09-01,856657,18.0,0
2026-09-01,856658,20.0,0
2026-09-01,856659,16.0,0
2026-09-01,856661,13.0,0
2026-09-01,856662,24.0,0
2026-09-01,856704,2.8,0
2026-09-01,856784,13.9,0
2026-09-01,856982,38.0,0
2026-09-01,857020,29.9,0
2026-09-01,857021,27.0,0
2026-09-01,857054,45.9,0
2026-09-01,857066,72.0,0
2026-09-01,857113,120.0,0
2026-09-01,857129,6.0,0
2026-09-01,857387,32.0,0
2026-09-01,857574,13.5,0
2026-09-01,857589,23.8,0
2026-09-01,857598,12.0,0
2026-09-01,857979,41.7,0
2026-09-01,858020,41.7,0
2026-09-01,858039,7.0,0
2026-09-01,858040,9.0,0
2026-09-01,858041,232.9,0
2026-09-01,858043,8.0,0
2026-09-01,858083,162.7,0
2026-09-01,858084,226.3,0
2026-09-01,858193,43.0,0
2026-09-01,858194,59.0,0
2026-09-01,858202,13.0,0
2026-09-01,858235,59.0,0
2026-09-01,858319,7.0,0
2026-09-01,858324,19.5,0
2026-09-01,858327,11.0,0
2026-09-01,858335,120.7,0
2026-09-01,858358,91.5,0
2026-09-01,858364,69.9,0
2026-09-01,858379,69.9,0
2026-09-01,858380,65.9,0
2026-09-01,858417,60.0,0
2026-09-01,858444,169.0,0
2026-09-01,858454,19.0,0
2026-09-01,858455,29.0,0
2026-09-01,858458,60.0,0
2026-09-01,858459,59.9,0
2026-09-01,858467,42.0,0
2026-09-01,858472,72.0,0
2026-09-01,858474,49.0,0
2026-09-01,858479,38.0,0
2026-09-01,858480,19.0,0
2026-09-01,858481,13.0,0
2026-09-01,858513,8.0,0
2026-09-01,858524,49.0,0
2026-09-01,858525,90.0,0
2026-09-01,858527,32.0,0
2026-09-01,858538,13.0,0
2026-09-01,858539,44.0,0
2026-09-01,858544,16.0,0
2026-09-01,858547,33.0,0
2026-09-01,858561,16.0,0
2026-09-01,858565,47.0,0
2026-09-01,858566,169.0,0
2026-09-01,858568,34.0,0
2026-09-01,858659,40.0,0
2026-09-01,858668,187.0,0
2026-09-01,858669,170.0,0
2026-09-01,858674,311.0,0
2026-09-01,858676,213.0,0
2026-09-01,858699,228.0,0
2026-09-01,858715,12.0,0
2026-09-01,858727,104.0,0
2026-09-01,858885,69.0,0
2026-09-01,858896,29.9,0
2026-09-01,858897,79.9,0
2026-09-01,859023,3.0,0
2026-09-01,859026,4.0,0
2026-09-01,859088,52.0,0
2026-09-01,859089,22.0,0
2026-09-01,859091,50.0,0
2026-09-01,859092,29.0,0
2026-09-01,859094,30.0,0
2026-09-01,859129,12.8,0
2026-09-01,859149,10.9,0
2026-09-01,859154,30.0,0
2026-09-01,859211,42.9,0
2026-09-01,859213,42.9,0
2026-09-01,859264,21.0,0
2026-09-01,859586,19.0,0
2026-09-01,859587,23.0,0
2026-09-01,859764,259.0,0
2026-09-01,860001,17.0,0
2026-09-01,860233,65.0,0
2026-09-01,860259,47.0,0
2026-09-01,860260,56.0,0
2026-09-01,860296,77.8,0
2026-09-01,860297,72.0,0
2026-09-01,860795,19.0,0
2026-09-01,860990,72.0,0
2026-09-01,861058,228.9,0
2026-09-01,861127,24.5,0
2026-09-01,861198,28.0,0
2026-09-01,861264,65.0,0
2026-09-01,861266,96.0,0
2026-09-01,861335,50.0,0
2026-09-01,861339,54.0,0
2026-09-01,861341,83.0,0
2026-09-01,861346,54.0,0
2026-09-01,861347,83.0,0
2026-09-01,861384,64.0,0
2026-09-01,861386,57.0,0
2026-09-01,861389,82.0,0
2026-09-01,861446,8.0,0
2026-09-01,861447,20.0,0
2026-09-01,861455,45.0,0
2026-09-01,861501,2.5,0
2026-09-01,861616,15.0,0
2026-09-01,861617,14.0,0
2026-09-01,861800,12.0,0
2026-09-01,862221,23.5,0
2026-09-01,862437,21.5,0
2026-09-01,862442,21.5,0
2026-09-01,862957,136.9,0
2026-09-01,862962,136.9,0
2026-09-01,862977,125.0,0
2026-09-01,863029,208.0,0
2026-09-01,863093,3.5,0
2026-09-01,863142,79.0,0
2026-09-01,863323,25.0,0
2026-09-01,863325,15.0,0
2026-09-01,863327,25.0,0
2026-09-01,863328,25.0,0
2026-09-01,863430,20.0,0
2026-09-01,863445,20.0,0
2026-09-01,863450,20.0,0
2026-09-01,863492,45.0,0
2026-09-01,863638,8.0,0
2026-09-01,863643,8.0,0
2026-09-01,863889,59.0,0
2026-09-01,863899,65.0,0
2026-09-01,863956,49.0,0
2026-09-01,863957,16.5,0
2026-09-01,863958,13.0,0
2026-09-01,863959,31.0,0
2026-09-01,863960,43.0,0
2026-09-01,864030,99.0,0
2026-09-01,864081,78.0,0
2026-09-01,864258,28.0,0
2026-09-01,864261,42.5,0
2026-09-01,864475,147.0,0
2026-09-01,864487,181.0,0
2026-09-01,864502,26.7,0
2026-09-01,864819,83.0,0
2026-09-01,865287,35.0,0
2026-09-01,865288,59.0,0
2026-09-01,865812,13.7,0
2026-09-01,865827,13.7,0
2026-09-01,866253,78.0,0
2026-09-01,866731,18.0,0
2026-09-01,866978,48.0,0
2026-09-01,867056,16.8,0
2026-09-01,867276,40.0,0
2026-09-01,867358,17.0,0
2026-09-01,867363,17.0,0
2026-09-01,867405,32.0,0
2026-09-01,867408,40.0,0
2026-09-01,867409,31.0,0
2026-09-01,867410,98.0,0
2026-09-01,867414,42.0,0
2026-09-01,867415,33.0,0
2026-09-01,868190,46.0,0
2026-09-01,868191,23.0,0
2026-09-01,868192,80.0,0
2026-09-01,868300,6.5,0
2026-09-01,868435,93.0,0
2026-09-01,868438,21.0,0
2026-09-01,868450,34.0,0
2026-09-01,868451,41.0,0
2026-09-01,868452,18.0,0
2026-09-01,868453,17.0,0
2026-09-01,868454,108.0,0
2026-09-01,868455,235.0,0
2026-09-01,868456,102.0,0
2026-09-01,868457,86.0,0
2026-09-01,868459,299.0,0
2026-09-01,868460,13.0,0
2026-09-01,868461,179.0,0
2026-09-01,868462,15.0,0
2026-09-01,868469,31.0,0
2026-09-01,868472,16.0,0
2026-09-01,868475,39.0,0
2026-09-01,868502,10.0,0
2026-09-01,868521,30.0,0
2026-09-01,868525,14.9,0
2026-09-01,868526,12.9,0
2026-09-01,868527,7.0,0
2026-09-01,868528,12.9,0
2026-09-01,868529,12.9,0
2026-09-01,868530,12.9,0
2026-09-01,868531,12.9,0
2026-09-01,868538,60.0,0
2026-09-01,868546,36.0,0
2026-09-01,868547,40.0,0
2026-09-01,868663,27.0,0
2026-09-01,868664,190.0,0
2026-09-01,868687,62.9,0
2026-09-01,868865,13.0,0
2026-09-01,869009,99.0,0
2026-09-01,869605,10.0,0
2026-09-01,870604,79.0,0
2026-09-01,870919,26.0,0
2026-09-01,870920,70.0,0
2026-09-01,871035,12.0,0
2026-09-01,871046,29.0,0
2026-09-01,871047,22.0,0
2026-09-01,871090,5.0,0
2026-09-01,871439,14.0,0
2026-09-01,871445,19.0,0
2026-09-01,871446,33.0,0
2026-09-01,871447,29.0,0
2026-09-01,871448,14.0,0
2026-09-01,871832,30.0,0
2026-09-01,871880,9.0,0
2026-09-01,871982,17.0,0
2026-09-01,871983,17.0,0
2026-09-01,872209,17.5,0
2026-09-01,872210,17.5,0
2026-09-01,872460,153.0,0
2026-09-01,872662,31.0,0
2026-09-01,872701,109.0,0
2026-09-01,872923,17.0,0
2026-09-01,873483,12.0,0
2026-09-01,873534,16.0,0
2026-09-01,873828,28.0,0
2026-09-01,873842,11.0,0
2026-09-01,873938,19.0,0
2026-09-01,873940,29.9,0
2026-09-01,873945,44.0,0
2026-09-01,873946,47.0,0
2026-09-01,874199,58.0,0
2026-09-01,874544,28.7,0
2026-09-01,874584,17.9,0
2026-09-01,874599,17.9,0
2026-09-01,874608,17.9,0
2026-09-01,874856,14.0,0
2026-09-01,874857,19.0,0
2026-09-01,874866,74.9,0
2026-09-01,875438,32.5,0
2026-09-01,875760,61.0,0
2026-09-01,875831,18.5,0
2026-09-01,875832,16.0,0
2026-09-01,876092,26.0,0
2026-09-01,876098,17.0,0
2026-09-01,876184,9.5,0
2026-09-01,876357,49.9,0
2026-09-01,876702,20.0,0
2026-09-01,877411,20.0,0
2026-09-01,877449,99.0,0
2026-09-01,877830,108.0,0
2026-09-01,878068,20.0,0
2026-09-01,878069,15.0,0
2026-09-01,878070,15.0,0
2026-09-01,878482,56.0,0
2026-09-01,878526,62.5,0
2026-09-01,878629,15.5,0
2026-09-01,878630,15.5,0
2026-09-01,878740,10.0,0
2026-09-01,878784,6.3,0
2026-09-01,879148,21.0,0
2026-09-01,879156,9.0,0
2026-09-01,879157,23.0,0
2026-09-01,879163,23.4,0
2026-09-01,879167,30.0,0
2026-09-01,879168,29.0,0
2026-09-01,879250,39.0,0
2026-09-01,879280,26.0,0
2026-09-01,879283,66.0,0
2026-09-01,879361,16.9,0
2026-09-01,879534,15.9,0
2026-09-01,879553,55.0,0
2026-09-01,879560,14.0,0
2026-09-01,879603,30.0,0
2026-09-01,879725,72.0,0
2026-09-01,879749,72.0,0
2026-09-01,879859,273.0,0
2026-09-01,879864,123.0,0
2026-09-01,881124,34.0,0
2026-09-01,881918,50.6,0
2026-09-01,881923,50.6,0
2026-09-01,881938,39.0,0
2026-09-01,882000,16.0,0
2026-09-01,882054,7.5,0
2026-09-01,882659,6.5,0
2026-09-01,882664,7.5,0
2026-09-01,882674,7.5,0
2026-09-01,883147,149.0,0
2026-09-01,883251,3.2,0
2026-09-01,883327,27.0,0
2026-09-01,883416,36.0,0
2026-09-01,883629,7.0,0
2026-09-01,883695,21.5,0
2026-09-01,883698,21.5,0
2026-09-01,883699,21.5,0
2026-09-01,883756,20.0,0
2026-09-01,883761,19.0,0
2026-09-01,883776,27.0,0
2026-09-01,883865,21.0,0
2026-09-01,883942,20.0,0
2026-09-01,884011,20.0,0
2026-09-01,884419,299.0,0
2026-09-01,884530,132.0,0
2026-09-01,884828,118.0,0
2026-09-01,884930,30.0,0
2026-09-01,884931,35.0,0
2026-09-01,884938,67.0,0
2026-09-01,885331,41.0,0
2026-09-01,885332,34.0,0
2026-09-01,885410,36.0,0
2026-09-01,886901,63.0,0
2026-09-01,886902,25.0,0
2026-09-01,886903,17.0,0
2026-09-01,886948,26.0,0
2026-09-01,887045,27.4,0
2026-09-01,887050,25.4,0
2026-09-01,887065,19.8,0
2026-09-01,887070,18.3,0
2026-09-01,887211,97.0,0
2026-09-01,887252,58.0,0
2026-09-01,887619,4.0,0
2026-09-01,887646,13.0,0
2026-09-01,887647,30.0,0
2026-09-01,887763,74.0,0
2026-09-01,887854,192.0,0
2026-09-01,889138,26.5,0
2026-09-01,889140,43.0,0
2026-09-01,889146,12.0,0
2026-09-01,889147,18.0,0
2026-09-01,889160,36.0,0
2026-09-01,889352,199.0,0
2026-09-01,889471,89.0,0
2026-09-01,890097,37.0,0
2026-09-01,890586,32.5,0
2026-09-01,890591,32.5,0
2026-09-01,890829,66.3,0
2026-09-01,891184,75.0,0
2026-09-01,891272,35.5,0
2026-09-01,891287,38.5,0
2026-09-01,891301,9.5,0
2026-09-01,891303,130.0,0
2026-09-01,891306,130.0,0
2026-09-01,891309,159.0,0
2026-09-01,891310,219.0,0
2026-09-01,891312,91.0,0
2026-09-01,891313,258.0,0
2026-09-01,891314,110.0,0
2026-09-01,891376,10.5,0
2026-09-01,891416,14.0,0
2026-09-01,891421,50.0,0
2026-09-01,891425,197.5,0
2026-09-01,891433,20.0,0
2026-09-01,891440,21.0,0
2026-09-01,891442,26.0,0
2026-09-01,891816,9.0,0
2026-09-01,891821,45.5,0
2026-09-01,891856,31.5,0
2026-09-01,891950,21.5,0
2026-09-01,891990,4.5,0
2026-09-01,892017,4.5,0
2026-09-01,892022,4.5,0
2026-09-01,892082,10.0,0
2026-09-01,892260,11.0,0
2026-09-01,892606,323.0,0
2026-09-01,892735,11.7,0
2026-09-01,892755,64.5,0
2026-09-01,893829,59.0,0
2026-09-01,893837,87.0,0
2026-09-01,893840,20.0,0
2026-09-01,893842,53.0,0
2026-09-01,893848,125.0,0
2026-09-01,893864,29.0,0
2026-09-01,893870,73.0,0
2026-09-01,893874,60.0,0
2026-09-01,893889,108.0,0
2026-09-01,894411,92.0,0
2026-09-01,896217,94.5,0
2026-09-01,896346,177.0,0
2026-09-01,896540,17.5,0
2026-09-01,896737,289.0,0
2026-09-01,896782,92.0,0
2026-09-01,897394,5.4,0
2026-09-01,898228,44.0,0
2026-09-01,898274,45.0,0
2026-09-01,898406,72.0,0
2026-09-01,898595,50.8,0
2026-09-01,898920,8.5,0
2026-09-01,899402,50.0,0
2026-09-01,900040,8.9,0
2026-09-01,900101,99.0,0
2026-09-01,900103,96.0,0
2026-09-01,900104,99.0,0
2026-09-01,900808,14.0,0
2026-09-01,901218,225.0,0
2026-09-01,901630,5.0,0
2026-09-01,901971,42.0,0
2026-09-01,901973,24.0,0
2026-09-01,901976,33.0,0
2026-09-01,901999,40.6,0
2026-09-01,902019,33.5,0
2026-09-01,902466,48.0,0
2026-09-01,902470,18.5,0
2026-09-01,902523,39.0,0
2026-09-01,902620,34.5,0
2026-09-01,903486,40.0,0
2026-09-01,903906,3.5,0
2026-09-01,904083,10.9,0
2026-09-01,905451,60.0,0
2026-09-01,905453,105.0,0
2026-09-01,905454,69.0,0
2026-09-01,905458,14.0,0
2026-09-01,905650,8.0,0
2026-09-01,905652,70.0,0
2026-09-01,905708,72.0,0
2026-09-01,905709,96.0,0
2026-09-01,905710,98.0,0
2026-09-01,905711,130.0,0
2026-09-01,905766,83.0,0
2026-09-01,906023,90.0,0
2026-09-01,906096,15.0,0
2026-09-01,906097,28.9,0
2026-09-01,906403,70.0,0
2026-09-01,906405,55.0,0
2026-09-01,906421,15.0,0
2026-09-01,906422,92.0,0
2026-09-01,906424,12.0,0
2026-09-01,906426,14.0,0
2026-09-01,906427,97.0,0
2026-09-01,906428,16.0,0
2026-09-01,906429,9.0,0
2026-09-01,906437,148.0,0
2026-09-01,906458,23.0,0
2026-09-01,906471,10.0,0
2026-09-01,906483,13.0,0
2026-09-01,906489,9.0,0
2026-09-01,906496,37.0,0
2026-09-01,906616,22.0,0
2026-09-01,906636,17.0,0
2026-09-01,906642,16.0,0
2026-09-01,906649,11.5,0
2026-09-01,906651,17.0,0
2026-09-01,906799,8.5,0
2026-09-01,907138,56.0,0
2026-09-01,907213,51.0,0
2026-09-01,907214,74.0,0
2026-09-01,907685,7.5,0
2026-09-01,908057,138.0,0
2026-09-01,908584,135.0,0
2026-09-01,908588,265.0,0
2026-09-01,908602,30.0,0
2026-09-01,908604,30.0,0
2026-09-01,908724,28.0,0
2026-09-01,908733,20.0,0
2026-09-01,908734,64.0,0
2026-09-01,908771,9.0,0
2026-09-01,908773,15.0,0
2026-09-01,909389,52.0,0
2026-09-01,909437,35.0,0
2026-09-01,909816,72.0,0
2026-09-01,910019,55.0,0
2026-09-01,910065,108.0,0
2026-09-01,910194,28.0,0
2026-09-01,910206,110.0,0
2026-09-01,910368,9.6,0
2026-09-01,910978,26.0,0
2026-09-01,910980,28.0,0
2026-09-01,911905,148.0,0
2026-09-01,914024,35.0,0
2026-09-01,915400,9.9,0
2026-09-01,915464,52.0,0
2026-09-01,915794,24.5,0
2026-09-01,915798,34.0,0
2026-09-01,915799,22.0,0
2026-09-01,915800,13.0,0
2026-09-01,915802,18.0,0
2026-09-01,915804,15.0,0
2026-09-01,915805,19.0,0
2026-09-01,915814,12.0,0
2026-09-01,916647,49.0,0
2026-09-01,917089,8.9,0
2026-09-01,920081,89.0,0
2026-09-01,920086,99.0,0
2026-09-01,920099,18.0,0
2026-09-01,920120,61.0,0
2026-09-01,920126,19.0,0
2026-09-01,920127,18.5,0
2026-09-01,920147,8.0,0
2026-09-01,920822,14.5,0
2026-09-01,920823,11.0,0
2026-09-01,920826,13.5,0
2026-09-01,920859,13.0,0
2026-09-01,920863,18.5,0
2026-09-01,920867,64.0,0
2026-09-01,920868,90.0,0
2026-09-01,921093,15.5,0
2026-09-01,921228,7.9,0
2026-09-01,921339,60.0,0
2026-09-01,921346,21.0,0
2026-09-01,921527,47.0,0
2026-09-01,921532,93.0,0
2026-09-01,921533,63.0,0
2026-09-01,921534,96.0,0
2026-09-01,921535,99.0,0
2026-09-01,921684,10.0,0
2026-09-01,921808,34.0,0
2026-09-01,921813,24.0,0
2026-09-01,921814,12.5,0
2026-09-01,921815,12.0,0
2026-09-01,921816,23.0,0
2026-09-01,921818,29.0,0
2026-09-01,921819,17.0,0
2026-09-01,921820,20.0,0
2026-09-01,921860,14.0,0
2026-09-01,921887,289.0,0
2026-09-01,924734,82.0,0
2026-09-01,924809,4.0,0
2026-09-01,924811,4.0,0
2026-09-01,925638,17.0,0
2026-09-01,927339,17.0,0
2026-09-01,927442,48.0,0
2026-09-01,927609,20.0,0
2026-09-01,928001,125.0,0
2026-09-01,928584,55.0,0
2026-09-01,928970,10.5,0
2026-09-01,928971,72.0,0
2026-09-01,929022,18.0,0
2026-09-01,929023,13.0,0
2026-09-01,929382,129.0,0
2026-09-01,929672,11.5,0
2026-09-01,929677,82.0,0
2026-09-01,929790,180.0,0
2026-09-01,929797,10.0,0
2026-09-01,929849,7.0,0
2026-09-01,930099,128.9,0
2026-09-01,930132,46.0,0
2026-09-01,930295,8.0,0
2026-09-01,930306,89.0,0
2026-09-01,931488,25.5,0
2026-09-01,931489,22.5,0
2026-09-01,931491,99.0,0
2026-09-01,931510,14.0,0
2026-09-01,932021,15.5,0
2026-09-01,932032,6.5,0
2026-09-01,932755,5.0,0
2026-09-01,937847,27.0,0
2026-09-01,938659,24.0,0
2026-09-01,938670,34.0,0
2026-09-01,938671,23.0,0
2026-09-01,938876,24.0,0
2026-09-01,939581,3.0,0
2026-09-01,940047,10.5,0
2026-09-01,942359,20.5,0
2026-09-01,945966,23.0,0
2026-09-01,947236,26.0,0
2026-09-01,947238,22.0,0
2026-09-01,947239,22.0,0
2026-09-01,947244,18.0,0
2026-09-01,947245,28.0,0
2026-09-01,947248,28.0,0
2026-09-01,947355,72.0,0
2026-09-01,947364,125.0,0
2026-09-01,947365,110.0,0
2026-09-01,947366,115.0,0
2026-09-01,947368,150.0,0
2026-09-01,947369,162.0,0
2026-09-01,947375,320.0,0
2026-09-01,947378,215.0,0
2026-09-01,947385,216.0,0
2026-09-01,947387,320.0,0
2026-09-01,947529,20.0,0
2026-09-01,947531,17.0,0
2026-09-01,947532,21.5,0
2026-09-01,947536,16.0,0
2026-09-01,947537,23.0,0
2026-09-01,947538,17.5,0
2026-09-01,947541,24.5,0
2026-09-01,947632,28.0,0
2026-09-01,947633,34.0,0
2026-09-01,948326,79.0,0
2026-09-01,948327,78.0,0
2026-09-01,948948,6.5,0
2026-09-01,950520,121.0,0
2026-09-01,951157,224.0,0
2026-09-01,951167,56.0,0
2026-09-01,951546,35.0,0
2026-09-01,951556,48.0,0
2026-09-01,951557,43.0,0
2026-09-01,952694,21.0,0
2026-09-01,956809,41.0,0
2026-09-01,957048,41.0,0
2026-09-01,957049,50.0,0
2026-09-01,957074,5.0,0
2026-09-01,957708,23.0,0
2026-09-01,959621,22.0,0
2026-09-01,959622,26.0,0
2026-09-01,959632,49.0,0
2026-09-01,960021,9.9,0
2026-09-01,960146,274.9,0
2026-09-01,960272,84.9,0
2026-09-01,960631,44.9,0
2026-09-01,960670,26.0,0
2026-09-01,960952,30.0,0
2026-09-01,963518,39.0,0
2026-09-01,964764,114.0,0
2026-09-01,964780,12.0,0
2026-09-01,964786,56.0,0
2026-09-01,969636,31.0,0
2026-09-01,970541,9.5,0
2026-09-01,970543,8.0,0
2026-09-01,971345,5.5,0
2026-09-01,971501,14.0,0
2026-09-01,974249,11.0,0
2026-09-01,974255,12.0,0
2026-09-01,976416,3.0,0
2026-09-01,976418,2.0,0
2026-09-01,979964,250.0,0
2026-09-01,979996,49.0,0
2026-09-01,979999,110.0,0
2026-09-01,980105,11.0,0
2026-09-01,980323,20.0,0
2026-09-01,980598,8.0,0
2026-09-01,980651,60.0,0
2026-09-01,981637,26.0,0
2026-09-01,981638,26.0,0
2026-09-01,981639,31.0,0
2026-09-01,981640,46.0,0
2026-09-01,981642,19.0,0
2026-09-01,981643,26.0,0
2026-09-01,981758,14.0,0
2026-09-01,981766,10.0,0
2026-09-01,981767,18.2,0
2026-09-01,982228,20.0,0
2026-09-01,982236,24.0,0
2026-09-01,982551,71.0,0
2026-09-01,982552,45.0,0
2026-09-01,983256,16.0,0
2026-09-01,983262,22.0,0
2026-09-01,983267,15.0,0
2026-09-01,983685,26.0,0
2026-09-01,983686,41.0,0
2026-09-01,983687,41.0,0
2026-09-01,983709,43.0,0
2026-09-01,983710,43.0,0
2026-09-01,984248,50.0,0
2026-09-01,984400,36.0,0
2026-09-01,984930,69.0,0
2026-09-01,984931,55.0,0
2026-09-01,984993,16.0,0
2026-09-01,986390,57.0,0
2026-09-01,986406,44.0,0
2026-09-01,986708,226.0,0
2026-09-01,987976,110.0,0
2026-09-01,989728,24.0,0
2026-09-01,989915,267.0,0
2026-09-01,989971,7.0,0
2026-09-01,990364,35.0,0
2026-09-01,990548,99.0,0
2026-09-01,990682,21.0,0
2026-09-01,990685,18.0,0
2026-09-01,991502,31.5,0
2026-09-01,991503,43.0,0
2026-09-01,991504,79.0,0
2026-09-01,992564,80.0,0
2026-09-01,993290,24.0,0
2026-09-01,993291,31.0,0
2026-09-01,993293,89.0,0
2026-09-01,993381,39.0,0
2026-09-01,993460,20.0,0
2026-09-01,993519,16.5,0
2026-09-01,993675,99.0,0
2026-09-01,993944,8.5,0
2026-09-01,993945,14.0,0
2026-09-01,993947,19.0,0
2026-09-01,993948,21.5,0
2026-09-01,993949,8.5,0
2026-09-01,993954,17.0,0
2026-09-01,993959,36.0,0
2026-09-01,993978,12.0,0
2026-09-01,993979,10.0,0
2026-09-01,995047,112.0,0
2026-09-01,995109,11.5,0
2026-09-01,995207,32.0,0
2026-09-01,995277,19.0,0
2026-09-01,995278,36.0,0
2026-09-01,995280,7.0,0
2026-09-01,995281,12.6,0
2026-09-01,995328,31.0,0
2026-09-01,995762,21.0,0
2026-09-01,995832,20.0,0
2026-09-01,996297,5.0,0
2026-09-01,996304,40.0,0
2026-09-01,996470,39.0,0
2026-09-01,996471,42.0,0
2026-09-01,996473,10.0,0
2026-09-01,996474,14.0,0
2026-09-01,996702,17.0,0
2026-09-01,996703,17.5,0
2026-09-01,996942,39.0,0
2026-09-01,999259,48.0,0
2026-09-01,999271,24.5,0
2026-09-01,999273,40.0,0
2026-09-01,999953,11.0,0
