fecha,id_producto,precio,oferta
2026-09-01,1007,15.0,0
2026-09-01,1015,15.5,0
2026-09-01,1023,15.0,0
2026-09-01,1031,15.0,0
2026-09-01,1040,15.0,0
2026-09-01,1058,15.0,0
2026-09-01,1074,15.0,0
2026-09-01,1082,27.0,0
2026-09-01,1090,28.0,0
2026-09-01,1104,27.0,0
2026-09-01,1112,27.0,0
2026-09-01,1120,27.0,0
2026-09-01,1139,27.0,0
2026-09-01,1155,27.0,0
2026-09-01,1163,28.0,0
2026-09-01,1629,21.0,0
2026-09-01,1656,9.0,0
2026-09-01,1659,15.0,0
2026-09-01,1661,15.0,0
2026-09-01,1673,12.5,0
2026-09-01,1674,12.5,0
2026-09-01,1675,12.5,0
2026-09-01,1718,81.5,0
2026-09-01,1731,13.2,0
2026-09-01,1743,145.0,0
2026-09-01,1746,9.0,0
2026-09-01,1747,26.5,0
2026-09-01,1779,22.5,0
2026-09-01,1801,18.0,0
2026-09-01,1825,64.0,0
2026-09-01,1863,8.0,0
2026-09-01,1867,355.0,0
2026-09-01,1883,130.0,0
2026-09-01,1899,56.0,0
2026-09-01,1971,19.0,0
2026-09-01,2194,9.5,0
2026-09-01,2585,24.5,0
2026-09-01,2640,90.0,0
2026-09-01,2677,20.0,0
2026-09-01,3265,43.5,0
2026-09-01,3270,62.5,0
2026-09-01,3718,33.5,0
2026-09-01,3744,109.0,0
2026-09-01,3746,34.0,0
2026-09-01,3751,12.9,0
2026-09-01,3757,18.8,0
2026-09-01,3794,16.0,0
2026-09-01,3824,16.5,0
2026-09-01,3871,99.0,0
2026-09-01,3873,99.0,0
2026-09-01,3883,12.8,0
2026-09-01,4795,25.5,0
2026-09-01,4797,28.0,0
2026-09-01,4928,11.0,0
2026-09-01,4944,11.0,0
2026-09-01,5007,59.0,0
2026-09-01,5008,4.5,0
2026-09-01,5011,21.0,0
2026-09-01,5012,10.0,0
2026-09-01,5014,62.0,0
2026-09-01,5015,8.0,0
2026-09-01,5016,32.0,0
2026-09-01,5017,15.0,0
2026-09-01,5021,38.0,0
2026-09-01,5023,15.0,0
2026-09-01,5025,7.5,0
2026-09-01,5026,21.5,0
2026-09-01,5028,40.0,0
2026-09-01,5030,6.0,0
2026-09-01,5031,7.0,0
2026-09-01,5032,12.0,0
2026-09-01,5036,10.0,0
2026-09-01,5038,5.5,0
2026-09-01,5039,22.9,0
2026-09-01,5040,29.0,0
2026-09-01,5044,12.5,0
2026-09-01,5046,20.0,0
2026-09-01,5047,15.5,0
2026-09-01,5048,95.0,0
2026-09-01,5049,117.0,0
2026-09-01,5050,39.0,0
2026-09-01,5051,40.0,0
2026-09-01,5054,11.0,0
2026-09-01,5055,28.0,0
2026-09-01,5056,12.5,0
2026-09-01,5057,27.0,0
2026-09-01,5059,7.5,0
2026-09-01,5060,12.0,0
2026-09-01,5062,20.0,0
2026-09-01,5063,12.0,0
2026-09-01,5064,13.0,0
2026-09-01,5065,19.0,0
2026-09-01,5067,19.0,0
2026-09-01,5068,65.0,0
2026-09-01,5069,40.0,0
2026-09-01,5071,18.0,0
2026-09-01,5072,13.0,0
2026-09-01,5073,50.0,0
2026-09-01,5075,27.0,0
2026-09-01,5077,12.0,0
2026-09-01,5078,12.0,0
2026-09-01,5080,16.0,0
2026-09-01,5081,20.0,0
2026-09-01,5082,10.0,0
2026-09-01,5083,15.0,0
2026-09-01,5085,39.0,0
2026-09-01,5087,14.0,0
2026-09-01,5089,15.0,0
2026-09-01,5090,19.0,0
2026-09-01,5091,19.0,0
2026-09-01,5093,7.0,0
2026-09-01,5094,21.0,0
2026-09-01,5095,33.0,0
2026-09-01,5097,27.0,0
2026-09-01,5098,9.0,0
2026-09-01,5099,40.0,0
2026-09-01,5101,12.0,0
2026-09-01,5102,13.0,0
2026-09-01,5103,8.0,0
2026-09-01,5104,21.0,0
2026-09-01,5105,12.0,0
2026-09-01,5106,21.0,0
2026-09-01,5107,10.5,0
2026-09-01,5108,10.0,0
2026-09-01,5109,7.5,0
2026-09-01,5110,5.5,0
2026-09-01,5111,7.0,0
2026-09-01,5113,15.0,0
2026-09-01,5115,9.0,0
2026-09-01,5118,11.0,0
2026-09-01,5119,89.0,0
2026-09-01,5121,45.0,0
2026-09-01,5126,6.2,0
2026-09-01,5127,28.0,0
2026-09-01,5129,41.0,0
2026-09-01,5134,38.0,0
2026-09-01,5151,27.0,0
2026-09-01,5165,28.0,0
2026-09-01,5167,24.5,0
2026-09-01,5171,30.0,0
2026-09-01,5173,39.0,0
2026-09-01,5175,21.0,0
2026-09-01,5177,12.0,0
2026-09-01,5178,42.0,0
2026-09-01,5179,14.0,0
2026-09-01,5180,30.0,0
2026-09-01,5181,6.0,0
2026-09-01,5183,13.0,0
2026-09-01,5184,23.5,0
2026-09-01,5187,36.0,0
2026-09-01,5188,26.0,0
2026-09-01,5192,17.0,0
2026-09-01,5195,15.0,0
2026-09-01,5196,33.0,0
2026-09-01,5199,65.0,0
2026-09-01,5203,34.0,0
2026-09-01,5205,21.0,0
2026-09-01,5206,20.0,0
2026-09-01,5207,97.0,0
2026-09-01,5208,22.0,0
2026-09-01,5209,53.0,0
2026-09-01,5212,25.0,0
2026-09-01,5213,21.0,0
2026-09-01,5216,28.5,0
2026-09-01,5217,30.0,0
2026-09-01,5226,13.0,0
2026-09-01,5228,99.0,0
2026-09-01,5230,30.0,0
2026-09-01,5231,18.0,0
2026-09-01,5235,30.0,0
2026-09-01,5237,19.0,0
2026-09-01,5267,23.0,0
2026-09-01,5268,36.0,0
2026-09-01,5270,23.0,0
2026-09-01,5271,23.0,0
2026-09-01,5272,23.0,0
2026-09-01,5294,31.5,0
2026-09-01,5298,21.6,0
2026-09-01,5312,15.5,0
2026-09-01,5314,21.3,0
2026-09-01,5343,25.4,0
2026-09-01,5355,15.5,0
2026-09-01,5356,30.0,0
2026-09-01,5398,11.7,0
2026-09-01,5409,24.0,0
2026-09-01,5412,19.7,0
2026-09-01,5418,18.0,0
2026-09-01,5419,16.3,0
2026-09-01,5438,18.0,0
2026-09-01,5451,23.1,0
2026-09-01,5491,21.0,0
2026-09-01,5521,19.5,0
2026-09-01,5523,18.3,0
2026-09-01,5561,65.0,0
2026-09-01,5563,65.0,0
2026-09-01,5573,7.5,0
2026-09-01,5605,27.9,0
2026-09-01,5632,7.5,0
2026-09-01,5633,7.5,0
2026-09-01,5642,12.9,0
2026-09-01,5726,36.0,0
2026-09-01,5727,39.0,0
2026-09-01,5731,33.0,0
2026-09-01,5758,34.0,0
2026-09-01,5791,13.0,0
2026-09-01,6716,45.5,0
2026-09-01,6717,45.5,0
2026-09-01,6720,45.5,0
2026-09-01,6729,47.0,0
2026-09-01,6735,18.5,0
2026-09-01,6736,36.0,0
2026-09-01,6737,39.5,0
2026-09-01,6753,6.0,0
2026-09-01,6754,6.0,0
2026-09-01,6756,6.0,0
2026-09-01,6788,25.0,0
2026-09-01,8176,36.0,0
2026-09-01,8184,54.0,0
2026-09-01,8192,35.0,0
2026-09-01,8206,37.5,0
2026-09-01,8210,6.3,0
2026-09-01,8214,16.0,0
2026-09-01,8222,19.5,0
2026-09-01,8257,20.0,0
2026-09-01,8265,21.8,0
2026-09-01,8354,26.0,0
2026-09-01,8362,26.5,0
2026-09-01,8487,46.5,0
2026-09-01,9008,77.0,0
2026-09-01,9032,60.0,0
2026-09-01,9040,42.5,0
2026-09-01,9202,35.0,0
2026-09-01,9822,160.0,0
2026-09-01,10187,75.0,0
2026-09-01,10669,8.1,0
2026-09-01,10971,21.0,0
2026-09-01,10972,34.5,0
2026-09-01,10973,35.5,0
2026-09-01,11078,14.5,0
2026-09-01,11080,14.5,0
2026-09-01,11096,42.6,0
2026-09-01,11201,26.0,0
2026-09-01,11339,38.3,0
2026-09-01,11363,38.3,0
2026-09-01,11501,699.0,0
2026-09-01,11502,658.0,0
2026-09-01,11506,719.0,0
2026-09-01,11507,729.0,0
2026-09-01,11649,30.0,0
2026-09-01,11671,8.5,0
2026-09-01,11672,8.5,0
2026-09-01,11738,24.5,0
2026-09-01,11784,29.5,0
2026-09-01,11785,29.5,0
2026-09-01,12175,4.5,0
2026-09-01,12177,7.5,0
2026-09-01,12180,7.5,0
2026-09-01,12192,75.0,0
2026-09-01,12194,68.0,0
2026-09-01,12197,125.0,0
2026-09-01,12331,82.0,0
2026-09-01,12332,82.0,0
2026-09-01,12336,510.0,0
2026-09-01,12338,82.0,0
2026-09-01,12429,11.5,0
2026-09-01,12430,11.5,0
2026-09-01,12551,95.0,0
2026-09-01,12562,48.5,0
2026-09-01,13200,5.0,0
2026-09-01,13570,30.0,0
2026-09-01,13573,29.0,0
2026-09-01,13574,42.5,0
2026-09-01,13749,21.0,0
2026-09-01,13757,11.9,0
2026-09-01,14002,12.7,0
2026-09-01,14003,12.7,0
2026-09-01,14013,87.5,0
2026-09-01,14014,40.5,0
2026-09-01,14015,24.0,0
2026-09-01,14020,22.0,0
2026-09-01,14030,15.5,0
2026-09-01,14034,33.0,0
2026-09-01,14041,18.7,0
2026-09-01,14042,19.0,0
2026-09-01,14043,19.5,0
2026-09-01,14045,18.7,0
2026-09-01,14051,24.5,0
2026-09-01,14053,24.5,0
2026-09-01,14055,16.0,0
2026-09-01,14056,30.5,0
2026-09-01,14057,30.5,0
2026-09-01,14063,57.0,0
2026-09-01,14064,38.0,0
2026-09-01,14084,196.0,0
2026-09-01,14106,7.3,0
2026-09-01,14132,45.5,0
2026-09-01,14144,45.0,0
2026-09-01,14154,17.0,0
2026-09-01,14155,31.0,0
2026-09-01,14156,13.5,0
2026-09-01,14159,60.0,0
2026-09-01,14160,60.0,0
2026-09-01,14170,11.5,0
2026-09-01,14171,49.5,0
2026-09-01,14172,38.0,0
2026-09-01,14173,29.5,0
2026-09-01,14177,31.0,0
2026-09-01,14189,15.0,0
2026-09-01,14190,15.0,0
2026-09-01,14204,12.0,0
2026-09-01,14206,12.0,0
2026-09-01,14207,21.5,0
2026-09-01,14208,21.0,0
2026-09-01,14209,24.0,0
2026-09-01,14211,36.5,0
2026-09-01,14217,11.5,0
2026-09-01,14226,352.0,0
2026-09-01,14230,65.0,0
2026-09-01,14234,25.0,0
2026-09-01,14239,36.5,0
2026-09-01,14240,24.0,0
2026-09-01,14242,24.0,0
2026-09-01,14243,12.0,0
2026-09-01,14255,2145.0,0
2026-09-01,14262,195.0,0
2026-09-01,14264,126.0,0
2026-09-01,14278,37.5,0
2026-09-01,14284,46.0,0
2026-09-01,14285,49.0,0
2026-09-01,14286,45.0,0
2026-09-01,14287,51.5,0
2026-09-01,14295,115.0,0
2026-09-01,14296,143.0,0
2026-09-01,14299,48.0,0
2026-09-01,14322,66.5,0
2026-09-01,14324,550.0,0
2026-09-01,14328,28.5,0
2026-09-01,14340,498.0,0
2026-09-01,14350,21.5,0
2026-09-01,14355,143.0,0
2026-09-01,14358,6.0,0
2026-09-01,14359,8.0,0
2026-09-01,14361,9.2,0
2026-09-01,14364,76.0,0
2026-09-01,14365,9.2,0
2026-09-01,14375,49.0,0
2026-09-01,14381,29.0,0
2026-09-01,14388,13.8,0
2026-09-01,14395,228.0,0
2026-09-01,14398,105.0,0
2026-09-01,14404,80.0,0
2026-09-01,14424,135.0,0
2026-09-01,14428,5.0,0
2026-09-01,14429,5.0,0
2026-09-01,14430,4.3,0
2026-09-01,14433,4.3,0
2026-09-01,14434,4.3,0
2026-09-01,14440,29.3,0
2026-09-01,14441,47.5,0
2026-09-01,14450,36.5,0
2026-09-01,14465,22.5,0
2026-09-01,14469,94.9,0
2026-09-01,14476,62.5,0
2026-09-01,14477,26.0,0
2026-09-01,14490,13.0,0
2026-09-01,14491,13.0,0
2026-09-01,14499,5.0,0
2026-09-01,14512,27.5,0
2026-09-01,14530,27.5,0
2026-09-01,14532,27.5,0
2026-09-01,14534,790.0,0
2026-09-01,14535,6.3,0
2026-09-01,14536,4.8,0
2026-09-01,14555,130.0,0
2026-09-01,14570,40.0,0
2026-09-01,14588,58.0,0
2026-09-01,14600,5.3,0
2026-09-01,14625,115.0,0
2026-09-01,14626,119.0,0
2026-09-01,14627,36.5,0
2026-09-01,14628,37.5,0
2026-09-01,14631,30.0,0
2026-09-01,14639,30.0,0
2026-09-01,14649,32.5,0
2026-09-01,14660,22.2,0
2026-09-01,14666,23.5,0
2026-09-01,14668,13.0,0
2026-09-01,14676,13.0,0
2026-09-01,14679,14.8,0
2026-09-01,14691,14.9,0
2026-09-01,14697,22.0,0
2026-09-01,14710,24.5,0
2026-09-01,14720,27.5,0
2026-09-01,14730,13.5,0
2026-09-01,14731,13.5,0
2026-09-01,14750,50.5,0
2026-09-01,14770,10.9,0
2026-09-01,14775,10.0,0
2026-09-01,14776,10.0,0
2026-09-01,14780,11.9,0
2026-09-01,14782,32.5,0
2026-09-01,14788,83.5,0
2026-09-01,14791,26.3,0
2026-09-01,14792,8.0,0
2026-09-01,14794,303.0,0
2026-09-01,14798,47.5,0
2026-09-01,14903,3.5,0
2026-09-01,14952,3.5,0
2026-09-01,15054,76.0,0
2026-09-01,15059,8.3,0
2026-09-01,15063,16.3,0
2026-09-01,15067,16.0,0
2026-09-01,15069,36.5,0
2026-09-01,15075,16.0,0
2026-09-01,15077,30.5,0
2026-09-01,15078,54.5,0
2026-09-01,15083,16.0,0
2026-09-01,15252,19.7,0
2026-09-01,15255,20.8,0
2026-09-01,15385,24.0,0
2026-09-01,15550,143.0,0
2026-09-01,15553,78.5,0
2026-09-01,15554,26.5,0
2026-09-01,15556,42.5,0
2026-09-01,15559,109.0,0
2026-09-01,15560,12.5,0
2026-09-01,15578,13.2,0
2026-09-01,15628,19.0,0
2026-09-01,15695,40.0,0
2026-09-01,15782,28.2,0
2026-09-01,15789,27.5,0
2026-09-01,15790,46.5,0
2026-09-01,15878,78.5,0
2026-09-01,16001,16.0,0
2026-09-01,16005,43.0,0
2026-09-01,16033,169.0,0
2026-09-01,16037,99.0,0
2026-09-01,16040,788.0,0
2026-09-01,16042,99.0,0
2026-09-01,16053,10.5,0
2026-09-01,16070,205.0,0
2026-09-01,16072,205.0,0
2026-09-01,16080,45.5,0
2026-09-01,16081,16.5,0
2026-09-01,16087,22.0,0
2026-09-01,16099,57.5,0
2026-09-01,16102,8.2,0
2026-09-01,16513,32.0,0
2026-09-01,16525,7.3,0
2026-09-01,16635,7.5,0
2026-09-01,16684,318.0,0
2026-09-01,16873,27.5,0
2026-09-01,16875,27.5,0
2026-09-01,16876,27.5,0
2026-09-01,16877,27.5,0
2026-09-01,17001,18.0,0
2026-09-01,17002,18.0,0
2026-09-01,17004,13.8,0
2026-09-01,17005,13.8,0
2026-09-01,17006,7.5,0
2026-09-01,17007,7.5,0
2026-09-01,17037,76.0,0
2026-09-01,17049,14.7,0
2026-09-01,17050,24.5,0
2026-09-01,17060,10.0,0
2026-09-01,17065,15.5,0
2026-09-01,17066,19.5,0
2026-09-01,17067,19.5,0
2026-09-01,17073,44.0,0
2026-09-01,17091,271.0,0
2026-09-01,17098,28.5,0
2026-09-01,17100,87.5,0
2026-09-01,17124,11.8,0
2026-09-01,17130,6.6,0
2026-09-01,17152,79.5,0
2026-09-01,17154,10.0,0
2026-09-01,17155,10.0,0
2026-09-01,17156,10.0,0
2026-09-01,17162,24.5,0
2026-09-01,17169,505.0,0
2026-09-01,17172,263.0,0
2026-09-01,17177,115.0,0
2026-09-01,17178,3.5,0
2026-09-01,17179,6.5,0
2026-09-01,17181,24.0,0
2026-09-01,17187,60.5,0
2026-09-01,17189,40.0,0
2026-09-01,17220,135.0,0
2026-09-01,17221,21.0,0
2026-09-01,17223,19.0,0
2026-09-01,17225,9.8,0
2026-09-01,17226,9.8,0
2026-09-01,17227,9.8,0
2026-09-01,17231,35.0,0
2026-09-01,17237,59.5,0
2026-09-01,17241,6.3,0
2026-09-01,17243,4.0,0
2026-09-01,17245,158.0,0
2026-09-01,17251,275.0,0
2026-09-01,17263,45.5,0
2026-09-01,17280,46.0,0
2026-09-01,17281,21.0,0
2026-09-01,17283,91.0,0
2026-09-01,17284,74.0,0
2026-09-01,17296,198.0,0
2026-09-01,17297,236.0,0
2026-09-01,17298,21.0,0
2026-09-01,17299,45.0,0
2026-09-01,17301,44.5,0
2026-09-01,17302,44.0,0
2026-09-01,17304,909.0,0
2026-09-01,17305,200.0,0
2026-09-01,17306,377.0,0
2026-09-01,17316,145.0,0
2026-09-01,17318,145.0,0
2026-09-01,17322,38.0,0
2026-09-01,17353,19.2,0
2026-09-01,17373,28.0,0
2026-09-01,17377,68.0,0
2026-09-01,17384,20.5,0
2026-09-01,17388,14.2,0
2026-09-01,17389,29.0,0
2026-09-01,17390,29.5,0
2026-09-01,17391,41.0,0
2026-09-01,17392,42.5,0
2026-09-01,17393,42.5,0
2026-09-01,17400,35.0,0
2026-09-01,17401,35.0,0
2026-09-01,17432,95.0,0
2026-09-01,17465,117.0,0
2026-09-01,17466,117.0,0
2026-09-01,17474,41.0,0
2026-09-01,17476,355.0,0
2026-09-01,17481,13.0,0
2026-09-01,17490,29.5,0
2026-09-01,17501,7.5,0
2026-09-01,17533,56.0,0
2026-09-01,17536,11.0,0
2026-09-01,17538,6.7,0
2026-09-01,17541,47.0,0
2026-09-01,17563,11.5,0
2026-09-01,17575,6.0,0
2026-09-01,17576,8.6,0
2026-09-01,17577,6.0,0
2026-09-01,17579,6.0,0
2026-09-01,17580,8.6,0
2026-09-01,17590,52.0,0
2026-09-01,17615,5.5,0
2026-09-01,17624,28.0,0
2026-09-01,17635,9.0,0
2026-09-01,17636,16.5,0
2026-09-01,17641,20.0,0
2026-09-01,17642,130.0,0
2026-09-01,17650,8.0,0
2026-09-01,17667,126.0,0
2026-09-01,17676,38.0,0
2026-09-01,17677,44.0,0
2026-09-01,17680,196.0,0
2026-09-01,17684,95.0,0
2026-09-01,17685,95.0,0
2026-09-01,17686,95.0,0
2026-09-01,17688,260.0,0
2026-09-01,17691,52.0,0
2026-09-01,17692,51.0,0
2026-09-01,17697,30.0,0
2026-09-01,17698,29.0,0
2026-09-01,17699,28.5,0
2026-09-01,17700,29.5,0
2026-09-01,17701,211.0,0
2026-09-01,17702,211.0,0
2026-09-01,17704,10.5,0
2026-09-01,17709,38.0,0
2026-09-01,17722,19.5,0
2026-09-01,17727,155.0,0
2026-09-01,17731,19.5,0
2026-09-01,17732,19.5,0
2026-09-01,17740,52.0,0
2026-09-01,17753,9.8,0
2026-09-01,17757,10.8,0
2026-09-01,17772,119.0,0
2026-09-01,17773,111.0,0
2026-09-01,17774,84.0,0
2026-09-01,17791,74.0,0
2026-09-01,17792,74.0,0
2026-09-01,17793,6.3,0
2026-09-01,17819,19.5,0
2026-09-01,17820,59.0,0
2026-09-01,17822,510.0,0
2026-09-01,17831,36.0,0
2026-09-01,17832,19.5,0
2026-09-01,17834,36.0,0
2026-09-01,17837,25.0,0
2026-09-01,17838,25.0,0
2026-09-01,17840,12.0,0
2026-09-01,17845,16.5,0
2026-09-01,17848,179.0,0
2026-09-01,17849,58.5,0
2026-09-01,17850,44.0,0
2026-09-01,17851,54.5,0
2026-09-01,17858,11.5,0
2026-09-01,17861,94.0,0
2026-09-01,17873,15.5,0
2026-09-01,17874,6.7,0
2026-09-01,17875,98.0,0
2026-09-01,17879,135.0,0
2026-09-01,17883,21.5,0
2026-09-01,17884,25.0,0
2026-09-01,17885,70.5,0
2026-09-01,17890,10.8,0
2026-09-01,17900,13.8,0
2026-09-01,17904,207.0,0
2026-09-01,17919,11.5,0
2026-09-01,17920,30.5,0
2026-09-01,17921,30.5,0
2026-09-01,17924,153.0,0
2026-09-01,17925,245.0,0
2026-09-01,17941,30.5,0
2026-09-01,17942,30.5,0
2026-09-01,17943,30.0,0
2026-09-01,17947,33.5,0
2026-09-01,17950,41.2,0
2026-09-01,17951,103.0,0
2026-09-01,17953,28.5,0
2026-09-01,17957,31.0,0
2026-09-01,17958,6.2,0
2026-09-01,17959,6.2,0
2026-09-01,17960,6.2,0
2026-09-01,17966,6.2,0
2026-09-01,17968,6.2,0
2026-09-01,17971,13.0,0
2026-09-01,18001,10.3,0
2026-09-01,18017,17.5,0
2026-09-01,18069,13.0,0
2026-09-01,18087,75.0,0
2026-09-01,18710,188.0,0
2026-09-01,18717,107.0,0
2026-09-01,19014,16.5,0
2026-09-01,19029,165.0,0
2026-09-01,19178,26.0,0
2026-09-01,19785,37.0,0
2026-09-01,20246,30.5,0
2026-09-01,20487,16.8,0
2026-09-01,20488,287.0,0
2026-09-01,20679,8.9,0
2026-09-01,20781,32.5,0
2026-09-01,20798,49.0,0
2026-09-01,20856,11.5,0
2026-09-01,20858,10.5,0
2026-09-01,21401,20.5,0
2026-09-01,21402,12.8,0
2026-09-01,22052,12.0,0
2026-09-01,22195,21.0,0
2026-09-01,22209,35.0,0
2026-09-01,22247,34.0,0
2026-09-01,22342,25.5,0
2026-09-01,22343,21.0,0
2026-09-01,22344,24.0,0
2026-09-01,22346,67.5,0
2026-09-01,22347,10.0,0
2026-09-01,22382,12.7,0
2026-09-01,22701,29.5,0
2026-09-01,22755,18.0,0
2026-09-01,22757,35.0,0
2026-09-01,22780,62.0,0
2026-09-01,22785,16.0,0
2026-09-01,22787,9.5,0
2026-09-01,22799,56.0,0
2026-09-01,22806,29.5,0
2026-09-01,22829,59.5,0
2026-09-01,22853,59.5,0
2026-09-01,23264,78.9,0
2026-09-01,23272,84.9,0
2026-09-01,23329,34.9,0
2026-09-01,23477,46.5,0
2026-09-01,23523,12.1,0
2026-09-01,23531,82.0,0
2026-09-01,23540,23.0,0
2026-09-01,24001,230.0,0
2026-09-01,24007,19.0,0
2026-09-01,24016,12.0,0
2026-09-01,24017,12.0,0
2026-09-01,24018,8.5,0
2026-09-01,24019,8.5,0
2026-09-01,24020,102.0,0
2026-09-01,24021,6.5,0
2026-09-01,24027,10.8,0
2026-09-01,24028,10.8,0
2026-09-01,24034,50.0,0
2026-09-01,24043,19.5,0
2026-09-01,24045,26.0,0
2026-09-01,24046,26.0,0
2026-09-01,24048,48.0,0
2026-09-01,24049,34.0,0
2026-09-01,24050,34.0,0
2026-09-01,24052,12.0,0
2026-09-01,24070,18.5,0
2026-09-01,24071,37.0,0
2026-09-01,24072,11.7,0
2026-09-01,24073,16.0,0
2026-09-01,24080,269.0,0
2026-09-01,24081,255.0,0
2026-09-01,24083,7.5,0
2026-09-01,24085,7.5,0
2026-09-01,24087,7.5,0
2026-09-01,24088,7.5,0
2026-09-01,24089,47.0,0
2026-09-01,24091,220.0,0
2026-09-01,24092,399.0,0
2026-09-01,24097,15.5,0
2026-09-01,24098,16.0,0
2026-09-01,24099,16.0,0
2026-09-01,24100,16.0,0
2026-09-01,24109,8.5,0
2026-09-01,24111,14.0,0
2026-09-01,24113,14.0,0
2026-09-01,24116,29.0,0
2026-09-01,24117,16.0,0
2026-09-01,24118,9.5,0
2026-09-01,24119,9.5,0
2026-09-01,24121,24.5,0
2026-09-01,24124,30.5,0
2026-09-01,24126,16.5,0
2026-09-01,24127,8.4,0
2026-09-01,24130,29.0,0
2026-09-01,24131,29.0,0
2026-09-01,24132,7.5,0
2026-09-01,24133,7.5,0
2026-09-01,24134,7.5,0
2026-09-01,24135,2.7,0
2026-09-01,24136,2.7,0
2026-09-01,24137,2.7,0
2026-09-01,24145,43.0,0
2026-09-01,24148,6.5,0
2026-09-01,24149,6.5,0
2026-09-01,24150,6.5,0
2026-09-01,24151,34.5,0
2026-09-01,24152,71.0,0
2026-09-01,24153,103.0,0
2026-09-01,24161,165.0,0
2026-09-01,24162,165.0,0
2026-09-01,24170,33.0,0
2026-09-01,24172,21.5,0
2026-09-01,24173,34.0,0
2026-09-01,24174,34.0,0
2026-09-01,24175,16.5,0
2026-09-01,24176,16.5,0
2026-09-01,24306,84.0,0
2026-09-01,24402,40.0,0
2026-09-01,24699,106.5,0
2026-09-01,24887,5.3,0
2026-09-01,24888,14.0,0
2026-09-01,25003,225.0,0
2026-09-01,25006,47.5,0
2026-09-01,25011,16.0,0
2026-09-01,25013,355.0,0
2026-09-01,25018,10.8,0
2026-09-01,25019,11.0,0
2026-09-01,25020,11.0,0
2026-09-01,25021,14.0,0
2026-09-01,25023,55.0,0
2026-09-01,25025,13.0,0
2026-09-01,25026,10.4,0
2026-09-01,25031,9.8,0
2026-09-01,25034,6.2,0
2026-09-01,25035,21.5,0
2026-09-01,25036,116.0,0
2026-09-01,25037,133.0,0
2026-09-01,25040,30.5,0
2026-09-01,25041,30.5,0
2026-09-01,25042,5.0,0
2026-09-01,25048,6.5,0
2026-09-01,25049,96.0,0
2026-09-01,25050,80.0,0
2026-09-01,25051,38.5,0
2026-09-01,25062,44.0,0
2026-09-01,25065,23.0,0
2026-09-01,25066,19.2,0
2026-09-01,25071,17.0,0
2026-09-01,25072,17.0,0
2026-09-01,25073,17.0,0
2026-09-01,25074,18.0,0
2026-09-01,25075,16.5,0
2026-09-01,25076,16.5,0
2026-09-01,25078,5.0,0
2026-09-01,25081,113.0,0
2026-09-01,25082,113.0,0
2026-09-01,25087,8.4,0
2026-09-01,25088,8.4,0
2026-09-01,25089,63.5,0
2026-09-01,25090,63.5,0
2026-09-01,25091,14.8,0
2026-09-01,25094,19.5,0
2026-09-01,25100,23.0,0
2026-09-01,25101,10.8,0
2026-09-01,25104,23.0,0
2026-09-01,25108,14.2,0
2026-09-01,25109,14.2,0
2026-09-01,25110,14.2,0
2026-09-01,25112,8.5,0
2026-09-01,25114,8.5,0
2026-09-01,25115,6.5,0
2026-09-01,25116,67.5,0
2026-09-01,25117,13.0,0
2026-09-01,25118,13.5,0
2026-09-01,25120,145.0,0
2026-09-01,25121,33.0,0
2026-09-01,25122,33.0,0
2026-09-01,25123,33.0,0
2026-09-01,25124,30.5,0
2026-09-01,25125,10.5,0
2026-09-01,25126,30.5,0
2026-09-01,25127,18.0,0
2026-09-01,25128,18.0,0
2026-09-01,25129,62.5,0
2026-09-01,25131,66.0,0
2026-09-01,25132,66.0,0
2026-09-01,25137,5.5,0
2026-09-01,25139,7.0,0
2026-09-01,25141,10.5,0
2026-09-01,25142,9.8,0
2026-09-01,25144,11.0,0
2026-09-01,25145,19.5,0
2026-09-01,25146,12.8,0
2026-09-01,25149,10.0,0
2026-09-01,25150,10.0,0
2026-09-01,25151,10.5,0
2026-09-01,25152,10.5,0
2026-09-01,25159,11.5,0
2026-09-01,25160,101.0,0
2026-09-01,25161,19.5,0
2026-09-01,25162,19.5,0
2026-09-01,25166,13.0,0
2026-09-01,25173,4.3,0
2026-09-01,25179,7.0,0
2026-09-01,25180,20.0,0
2026-09-01,25183,12.5,0
2026-09-01,25184,13.7,0
2026-09-01,25185,45.5,0
2026-09-01,25196,27.5,0
2026-09-01,25197,10.0,0
2026-09-01,25198,10.0,0
2026-09-01,25199,10.0,0
2026-09-01,25201,10.0,0
2026-09-01,25202,10.0,0
2026-09-01,25203,10.0,0
2026-09-01,25209,357.0,0
2026-09-01,25221,85.0,0
2026-09-01,25222,65.0,0
2026-09-01,25224,13.0,0
2026-09-01,25225,24.5,0
2026-09-01,25226,19.5,0
2026-09-01,25227,16.0,0
2026-09-01,25228,14.7,0
2026-09-01,25229,29.5,0
2026-09-01,25230,3.8,0
2026-09-01,25231,6.3,0
2026-09-01,25232,3.8,0
2026-09-01,25233,3.8,0
2026-09-01,25234,3.8,0
2026-09-01,25235,24.0,0
2026-09-01,25236,20.5,0
2026-09-01,25237,15.5,0
2026-09-01,25239,15.0,0
2026-09-01,25240,62.0,0
2026-09-01,25241,29.5,0
2026-09-01,25242,23.0,0
2026-09-01,25243,9.7,0
2026-09-01,25244,9.7,0
2026-09-01,25245,13.5,0
2026-09-01,25246,78.0,0
2026-09-01,25247,84.0,0
2026-09-01,25252,23.0,0
2026-09-01,25253,13.0,0
2026-09-01,25256,18.0,0
2026-09-01,25257,17.2,0
2026-09-01,25259,41.0,0
2026-09-01,25261,20.0,0
2026-09-01,25265,9.0,0
2026-09-01,25266,13.6,0
2026-09-01,25267,35.7,0
2026-09-01,25275,40.0,0
2026-09-01,25276,34.5,0
2026-09-01,25277,6.0,0
2026-09-01,25278,298.0,0
2026-09-01,25282,43.0,0
2026-09-01,25283,12.5,0
2026-09-01,25284,14.8,0
2026-09-01,25285,18.5,0
2026-09-01,25292,18.3,0
2026-09-01,25293,119.0,0
2026-09-01,25294,66.0,0
2026-09-01,25295,207.0,0
2026-09-01,25307,102.0,0
2026-09-01,25313,15.0,0
2026-09-01,25314,22.0,0
2026-09-01,25316,18.2,0
2026-09-01,25320,20.0,0
2026-09-01,25323,22.0,0
2026-09-01,25324,14.5,0
2026-09-01,25325,20.0,0
2026-09-01,25326,20.0,0
2026-09-01,25327,20.0,0
2026-09-01,25331,67.0,0
2026-09-01,25333,18.0,0
2026-09-01,25334,43.0,0
2026-09-01,25335,12.8,0
2026-09-01,25336,21.5,0
2026-09-01,25337,16.0,0
2026-09-01,25338,5.0,0
2026-09-01,25339,8.7,0
2026-09-01,25341,38.5,0
2026-09-01,25342,16.7,0
2026-09-01,25344,10.2,0
2026-09-01,25350,7.5,0
2026-09-01,25360,119.0,0
2026-09-01,25362,12.0,0
2026-09-01,25363,285.0,0
2026-09-01,25365,16.0,0
2026-09-01,25367,28.0,0
2026-09-01,25368,9.2,0
2026-09-01,25369,17.2,0
2026-09-01,25370,37.0,0
2026-09-01,25371,37.0,0
2026-09-01,25373,15.0,0
2026-09-01,25374,15.0,0
2026-09-01,25375,15.5,0
2026-09-01,25376,27.5,0
2026-09-01,25377,149.0,0
2026-09-01,25379,13.8,0
2026-09-01,25384,130.0,0
2026-09-01,25385,118.0,0
2026-09-01,25386,70.0,0
2026-09-01,25387,69.0,0
2026-09-01,25388,70.0,0
2026-09-01,25391,57.0,0
2026-09-01,25392,25.5,0
2026-09-01,25402,16.5,0
2026-09-01,25403,23.0,0
2026-09-01,25404,12.0,0
2026-09-01,25406,16.2,0
2026-09-01,25410,8.9,0
2026-09-01,25411,8.5,0
2026-09-01,25413,21.0,0
2026-09-01,25421,74.0,0
2026-09-01,25422,66.0,0
2026-09-01,25423,228.0,0
2026-09-01,25424,66.0,0
2026-09-01,25425,74.0,0
2026-09-01,25429,11.0,0
2026-09-01,25430,9.0,0
2026-09-01,25431,8.3,0
2026-09-01,25432,8.3,0
2026-09-01,25433,8.3,0
2026-09-01,25435,8.0,0
2026-09-01,25441,47.5,0
2026-09-01,25442,23.5,0
2026-09-01,25444,23.5,0
2026-09-01,25445,15.0,0
2026-09-01,25446,15.0,0
2026-09-01,25447,17.5,0
2026-09-01,25457,35.0,0
2026-09-01,25458,12.5,0
2026-09-01,25459,12.5,0
2026-09-01,25460,12.5,0
2026-09-01,25461,11.0,0
2026-09-01,25462,11.0,0
2026-09-01,25463,21.0,0
2026-09-01,25472,36.5,0
2026-09-01,25473,36.5,0
2026-09-01,25474,73.0,0
2026-09-01,25475,73.0,0
2026-09-01,25477,5.0,0
2026-09-01,25478,13.3,0
2026-09-01,25479,15.7,0
2026-09-01,25480,13.2,0
2026-09-01,25481,27.5,0
2026-09-01,25482,19.5,0
2026-09-01,25483,108.0,0
2026-09-01,25485,755.0,0
2026-09-01,25486,15.5,0
2026-09-01,25487,15.5,0
2026-09-01,25488,15.5,0
2026-09-01,25489,14.2,0
2026-09-01,25491,14.2,0
2026-09-01,25493,11.5,0
2026-09-01,25494,10.3,0
2026-09-01,25495,16.0,0
2026-09-01,25569,35.0,0
2026-09-01,25585,45.0,0
2026-09-01,25640,61.0,0
2026-09-01,25771,12.9,0
2026-09-01,25946,16.0,0
2026-09-01,25947,20.0,0
2026-09-01,25948,16.0,0
2026-09-01,25950,39.0,0
2026-09-01,25951,7.0,0
2026-09-01,25953,115.0,0
2026-09-01,25954,179.0,0
2026-09-01,25955,11.0,0
2026-09-01,25957,13.3,0
2026-09-01,25958,16.0,0
2026-09-01,25959,19.0,0
2026-09-01,25960,15.5,0
2026-09-01,25961,19.0,0
2026-09-01,25962,16.0,0
2026-09-01,25963,31.5,0
2026-09-01,25964,24.0,0
2026-09-01,25965,28.0,0
2026-09-01,25970,18.0,0
2026-09-01,25974,7.5,0
2026-09-01,25977,29.5,0
2026-09-01,25978,9.7,0
2026-09-01,25979,9.7,0
2026-09-01,25981,9.5,0
2026-09-01,25982,103.0,0
2026-09-01,25989,31.5,0
2026-09-01,25991,42.0,0
2026-09-01,25993,94.0,0
2026-09-01,25994,94.0,0
2026-09-01,25996,40.0,0
2026-09-01,25997,28.5,0
2026-09-01,25998,26.0,0
2026-09-01,25999,10.5,0
2026-09-01,26000,9.2,0
2026-09-01,26001,7.4,0
2026-09-01,26002,9.4,0
2026-09-01,26004,10.0,0
2026-09-01,26008,74.0,0
2026-09-01,26009,74.0,0
2026-09-01,26010,21.5,0
2026-09-01,26015,55.5,0
2026-09-01,26018,9.2,0
2026-09-01,26021,55.5,0
2026-09-01,26022,11.5,0
2026-09-01,26030,74.0,0
2026-09-01,26031,12.7,0
2026-09-01,26035,36.0,0
2026-09-01,26036,36.5,0
2026-09-01,26043,30.5,0
2026-09-01,26044,19.0,0
2026-09-01,26045,126.0,0
2026-09-01,26046,274.0,0
2026-09-01,26047,388.0,0
2026-09-01,26049,19.0,0
2026-09-01,26050,29.0,0
2026-09-01,26054,70.0,0
2026-09-01,26055,70.0,0
2026-09-01,26056,89.0,0
2026-09-01,26057,60.0,0
2026-09-01,26058,60.0,0
2026-09-01,26059,56.5,0
2026-09-01,26060,75.0,0
2026-09-01,26062,19.5,0
2026-09-01,26063,19.2,0
2026-09-01,26072,75.0,0
2026-09-01,26073,22.8,0
2026-09-01,26074,22.8,0
2026-09-01,26075,21.0,0
2026-09-01,26084,286.0,0
2026-09-01,26095,31.5,0
2026-09-01,26101,78.0,0
2026-09-01,26103,17.0,0
2026-09-01,26104,8.0,0
2026-09-01,26106,33.5,0
2026-09-01,26107,33.5,0
2026-09-01,26108,33.5,0
2026-09-01,26112,71.5,0
2026-09-01,26113,71.5,0
2026-09-01,26114,71.5,0
2026-09-01,26117,51.5,0
2026-09-01,26118,189.0,0
2026-09-01,26119,24.5,0
2026-09-01,26120,24.5,0
2026-09-01,26124,31.5,0
2026-09-01,26125,33.5,0
2026-09-01,26129,33.5,0
2026-09-01,26133,33.5,0
2026-09-01,26135,31.0,0
2026-09-01,26137,5.0,0
2026-09-01,26138,5.0,0
2026-09-01,26139,5.0,0
2026-09-01,26142,5.0,0
2026-09-01,26150,30.5,0
2026-09-01,26151,17.7,0
2026-09-01,26160,5.0,0
2026-09-01,26162,25.3,0
2026-09-01,26163,24.7,0
2026-09-01,26164,51.5,0
2026-09-01,26169,30.0,0
2026-09-01,26171,12.5,0
2026-09-01,26172,22.0,0
2026-09-01,26173,28.0,0
2026-09-01,26175,13.5,0
2026-09-01,26176,13.5,0
2026-09-01,26177,13.5,0
2026-09-01,26178,13.5,0
2026-09-01,26185,5.0,0
2026-09-01,26186,5.0,0
2026-09-01,26188,21.5,0
2026-09-01,26189,21.5,0
2026-09-01,26190,21.5,0
2026-09-01,26191,51.0,0
2026-09-01,26192,35.0,0
2026-09-01,26193,21.0,0
2026-09-01,26194,49.5,0
2026-09-01,26196,16.0,0
2026-09-01,26200,23.0,0
2026-09-01,26217,28.0,0
2026-09-01,26232,28.0,0
2026-09-01,26233,230.0,0
2026-09-01,26874,1655.0,0
2026-09-01,27001,11.0,0
2026-09-01,27004,13.5,0
2026-09-01,27008,11.5,0
2026-09-01,27012,43.5,0
2026-09-01,27013,85.0,0
2026-09-01,27014,96.0,0
2026-09-01,27016,12.5,0
2026-09-01,27018,12.0,0
2026-09-01,27019,15.5,0
2026-09-01,27020,15.5,0
2026-09-01,27023,23.0,0
2026-09-01,27024,19.5,0
2026-09-01,27025,50.0,0
2026-09-01,27026,50.0,0
2026-09-01,27027,50.0,0
2026-09-01,27028,50.0,0
2026-09-01,27029,50.0,0
2026-09-01,27030,50.0,0
2026-09-01,27031,50.0,0
2026-09-01,27032,50.0,0
2026-09-01,27033,50.0,0
2026-09-01,27034,55.5,0
2026-09-01,27036,125.0,0
2026-09-01,27037,109.0,0
2026-09-01,27041,15.5,0
2026-09-01,27042,15.5,0
2026-09-01,27043,20.5,0
2026-09-01,27044,20.5,0
2026-09-01,27047,39.0,0
2026-09-01,27048,7.2,0
2026-09-01,27049,7.2,0
2026-09-01,27050,6.8,0
2026-09-01,27051,19.0,0
2026-09-01,27056,299.0,0
2026-09-01,27057,297.0,0
2026-09-01,27058,579.0,0
2026-09-01,27061,29.5,0
2026-09-01,27062,46.5,0
2026-09-01,27065,10.0,0
2026-09-01,27066,18.5,0
2026-09-01,27067,16.5,0
2026-09-01,27068,15.5,0
2026-09-01,27073,15.0,0
2026-09-01,27074,7.0,0
2026-09-01,27075,18.0,0
2026-09-01,27076,18.0,0
2026-09-01,27078,18.0,0
2026-09-01,27079,18.0,0
2026-09-01,27080,18.0,0
2026-09-01,27093,25.0,0
2026-09-01,27094,48.0,0
2026-09-01,27095,17.5,0
2026-09-01,27096,35.5,0
2026-09-01,27097,35.5,0
2026-09-01,27098,50.5,0
2026-09-01,27099,89.0,0
2026-09-01,27105,7.0,0
2026-09-01,27110,13.3,0
2026-09-01,27212,650.0,0
2026-09-01,29003,14.7,0
2026-09-01,29004,14.7,0
2026-09-01,29005,5.8,0
2026-09-01,29006,31.0,0
2026-09-01,29007,31.0,0
2026-09-01,29010,27.5,0
2026-09-01,29013,10.8,0
2026-09-01,29014,32.5,0
2026-09-01,29015,29.0,0
2026-09-01,29018,29.5,0
2026-09-01,29019,7.5,0
2026-09-01,29022,18.5,0
2026-09-01,29023,10.0,0
2026-09-01,29025,49.0,0
2026-09-01,29042,17.2,0
2026-09-01,29044,13.2,0
2026-09-01,29045,95.0,0
2026-09-01,29049,14.2,0
2026-09-01,29054,30.5,0
2026-09-01,29055,30.5,0
2026-09-01,29056,30.5,0
2026-09-01,29057,17.0,0
2026-09-01,29059,28.0,0
2026-09-01,29060,7.3,0
2026-09-01,29062,7.3,0
2026-09-01,29064,380.0,0
2026-09-01,29065,100.0,0
2026-09-01,29066,15.0,0
2026-09-01,29069,15.0,0
2026-09-01,29070,19.5,0
2026-09-01,29071,20.0,0
2026-09-01,29072,15.5,0
2026-09-01,29073,24.5,0
2026-09-01,29074,22.0,0
2026-09-01,29075,30.0,0
2026-09-01,29076,30.0,0
2026-09-01,29081,19.0,0
2026-09-01,29088,63.0,0
2026-09-01,29097,17.5,0
2026-09-01,29102,22.0,0
2026-09-01,29103,19.5,0
2026-09-01,29104,10.5,0
2026-09-01,29105,22.0,0
2026-09-01,29107,19.5,0
2026-09-01,29116,74.0,0
2026-09-01,29117,8.5,0
2026-09-01,29121,7.0,0
2026-09-01,29125,16.0,0
2026-09-01,29127,60.0,0
2026-09-01,29128,64.5,0
2026-09-01,29129,60.0,0
2026-09-01,29130,29.5,0
2026-09-01,29132,8.0,0
2026-09-01,29136,18.3,0
2026-09-01,29137,18.5,0
2026-09-01,29138,60.0,0
2026-09-01,29139,60.0,0
2026-09-01,29142,60.0,0
2026-09-01,29148,11.5,0
2026-09-01,29151,10.5,0
2026-09-01,29153,10.5,0
2026-09-01,29154,10.5,0
2026-09-01,29155,10.5,0
2026-09-01,29246,7.0,0
2026-09-01,29789,27.0,0
2026-09-01,29790,27.0,0
2026-09-01,30101,14.2,0
2026-09-01,30102,14.2,0
2026-09-01,30103,12.0,0
2026-09-01,30107,3.7,0
2026-09-01,30108,3.7,0
2026-09-01,30122,26.0,0
2026-09-01,30126,3.7,0
2026-09-01,30127,5.0,0
2026-09-01,30158,29.0,0
2026-09-01,30172,29.0,0
2026-09-01,30179,21.5,0
2026-09-01,30180,12.0,0
2026-09-01,30181,12.0,0
2026-09-01,30193,120.0,0
2026-09-01,30194,120.0,0
2026-09-01,30197,5.5,0
2026-09-01,30209,45.5,0
2026-09-01,30213,9.5,0
2026-09-01,30214,7.0,0
2026-09-01,30220,34.5,0
2026-09-01,30221,57.0,0
2026-09-01,30235,475.0,0
2026-09-01,30237,11.0,0
2026-09-01,30242,7.3,0
2026-09-01,30243,60.5,0
2026-09-01,30246,33.0,0
2026-09-01,30247,49.0,0
2026-09-01,30251,19.0,0
2026-09-01,30265,95.0,0
2026-09-01,30266,60.5,0
2026-09-01,30267,40.0,0
2026-09-01,30275,17.5,0
2026-09-01,30277,56.0,0
2026-09-01,30278,56.0,0
2026-09-01,30280,56.0,0
2026-09-01,30281,46.0,0
2026-09-01,30284,5.0,0
2026-09-01,30313,2.0,0
2026-09-01,30314,2.0,0
2026-09-01,30315,36.0,0
2026-09-01,30332,7.0,0
2026-09-01,30337,13.0,0
2026-09-01,30338,13.0,0
2026-09-01,30339,13.0,0
2026-09-01,30408,26.5,0
2026-09-01,30409,30.5,0
2026-09-01,30410,38.0,0
2026-09-01,30411,19.3,0
2026-09-01,30412,12.2,0
2026-09-01,30413,19.3,0
2026-09-01,30415,19.3,0
2026-09-01,30416,30.5,0
2026-09-01,30455,61.0,0
2026-09-01,30456,61.0,0
2026-09-01,30457,79.0,0
2026-09-01,30458,79.0,0
2026-09-01,30460,69.0,0
2026-09-01,30472,12.5,0
2026-09-01,30473,16.0,0
2026-09-01,30474,16.0,0
2026-09-01,30475,22.5,0
2026-09-01,30476,20.0,0
2026-09-01,30477,29.0,0
2026-09-01,30479,30.5,0
2026-09-01,30485,15.0,0
2026-09-01,30486,68.0,0
2026-09-01,30487,29.5,0
2026-09-01,30491,2390.0,0
2026-09-01,30492,2298.0,0
2026-09-01,30493,79.5,0
2026-09-01,30503,18.5,0
2026-09-01,30504,21.0,0
2026-09-01,30505,18.5,0
2026-09-01,30508,90.0,0
2026-09-01,30509,90.0,0
2026-09-01,30510,285.0,0
2026-09-01,30515,44.0,0
2026-09-01,30518,21.5,0
2026-09-01,30519,13.0,0
2026-09-01,30520,13.0,0
2026-09-01,30521,13.8,0
2026-09-01,30522,13.8,0
2026-09-01,30533,36.0,0
2026-09-01,30535,9.5,0
2026-09-01,30536,9.5,0
2026-09-01,30564,7.0,0
2026-09-01,30565,10.8,0
2026-09-01,30584,169.0,0
2026-09-01,30593,110.0,0
2026-09-01,30597,85.0,0
2026-09-01,30598,51.0,0
2026-09-01,30600,37.0,0
2026-09-01,30602,179.0,0
2026-09-01,30610,9.0,0
2026-09-01,30614,35.0,0
2026-09-01,30616,28.5,0
2026-09-01,30620,26.0,0
2026-09-01,30621,26.0,0
2026-09-01,30622,26.0,0
2026-09-01,30623,26.0,0
2026-09-01,30626,41.0,0
2026-09-01,30629,7.4,0
2026-09-01,30638,105.0,0
2026-09-01,30643,29.0,0
2026-09-01,30644,33.0,0
2026-09-01,30645,33.0,0
2026-09-01,30647,13.3,0
2026-09-01,30648,13.3,0
2026-09-01,30651,44.0,0
2026-09-01,30652,13.0,0
2026-09-01,30653,13.0,0
2026-09-01,30654,48.5,0
2026-09-01,30656,40.5,0
2026-09-01,30657,63.0,0
2026-09-01,30659,131.0,0
2026-09-01,30660,125.0,0
2026-09-01,30661,131.0,0
2026-09-01,30670,200.0,0
2026-09-01,30671,200.0,0
2026-09-01,30672,4.3,0
2026-09-01,30673,4.3,0
2026-09-01,30674,4.3,0
2026-09-01,30676,4.7,0
2026-09-01,30677,4.7,0
2026-09-01,30679,75.0,0
2026-09-01,30698,75.0,0
2026-09-01,30699,275.0,0
2026-09-01,30704,75.0,0
2026-09-01,30707,75.0,0
2026-09-01,30715,24.5,0
2026-09-01,30716,14.0,0
2026-09-01,30718,15.0,0
2026-09-01,30721,21.0,0
2026-09-01,30722,32.5,0
2026-09-01,30723,32.0,0
2026-09-01,30725,43.0,0
2026-09-01,30726,8.5,0
2026-09-01,30736,63.0,0
2026-09-01,30739,33.5,0
2026-09-01,30741,20.0,0
2026-09-01,30742,129.0,0
2026-09-01,30743,15.7,0
2026-09-01,30744,15.7,0
2026-09-01,30745,34.0,0
2026-09-01,30747,60.0,0
2026-09-01,30750,77.0,0
2026-09-01,30758,22.5,0
2026-09-01,30759,22.5,0
2026-09-01,30760,22.5,0
2026-09-01,30763,19.5,0
2026-09-01,30764,18.5,0
2026-09-01,30767,120.0,0
2026-09-01,30768,15.0,0
2026-09-01,30771,129.0,0
2026-09-01,30779,15.0,0
2026-09-01,30782,15.5,0
2026-09-01,30784,85.5,0
2026-09-01,30789,5.6,0
2026-09-01,30790,5.9,0
2026-09-01,30792,50.0,0
2026-09-01,30801,51.0,0
2026-09-01,30805,9.0,0
2026-09-01,30812,40.0,0
2026-09-01,30818,17.5,0
2026-09-01,30825,8.0,0
2026-09-01,30827,8.0,0
2026-09-01,30828,37.0,0
2026-09-01,30836,45.5,0
2026-09-01,30840,35.5,0
2026-09-01,30843,15.0,0
2026-09-01,30844,29.5,0
2026-09-01,30845,15.5,0
2026-09-01,30847,10.5,0
2026-09-01,30850,79.0,0
2026-09-01,30851,51.5,0
2026-09-01,30855,110.0,0
2026-09-01,30861,19.5,0
2026-09-01,30863,25.0,0
2026-09-01,30865,42.0,0
2026-09-01,30866,55.0,0
2026-09-01,30867,48.5,0
2026-09-01,30868,11.3,0
2026-09-01,30869,13.5,0
2026-09-01,30871,40.0,0
2026-09-01,30872,40.0,0
2026-09-01,30873,20.5,0
2026-09-01,30874,21.5,0
2026-09-01,30875,34.0,0
2026-09-01,30877,16.0,0
2026-09-01,30878,16.0,0
2026-09-01,30882,17.5,0
2026-09-01,30888,22.0,0
2026-09-01,30889,40.0,0
2026-09-01,30890,16.0,0
2026-09-01,30891,16.0,0
2026-09-01,30892,39.0,0
2026-09-01,30893,9.5,0
2026-09-01,30897,17.0,0
2026-09-01,30898,8.8,0
2026-09-01,30914,17.0,0
2026-09-01,30917,10.0,0
2026-09-01,30918,21.0,0
2026-09-01,30919,21.0,0
2026-09-01,30920,259.0,0
2026-09-01,30921,259.0,0
2026-09-01,30922,8.0,0
2026-09-01,30923,8.0,0
2026-09-01,30924,8.0,0
2026-09-01,30929,18.5,0
2026-09-01,30945,9.5,0
2026-09-01,30946,9.5,0
2026-09-01,30947,5.0,0
2026-09-01,30948,5.0,0
2026-09-01,30949,56.0,0
2026-09-01,30950,24.5,0
2026-09-01,30952,11.5,0
2026-09-01,30953,11.5,0
2026-09-01,30957,58.0,0
2026-09-01,30958,23.0,0
2026-09-01,30961,180.0,0
2026-09-01,30962,90.0,0
2026-09-01,30966,13.7,0
2026-09-01,30969,20.0,0
2026-09-01,30970,25.5,0
2026-09-01,30998,30.5,0
2026-09-01,31002,32.5,0
2026-09-01,31013,80.0,0
2026-09-01,31014,80.0,0
2026-09-01,31028,5.5,0
2026-09-01,31029,5.9,0
2026-09-01,31030,60.0,0
2026-09-01,31031,41.5,0
2026-09-01,31032,25.5,0
2026-09-01,31035,13.7,0
2026-09-01,31039,23.0,0
2026-09-01,31042,15.0,0
2026-09-01,31043,11.8,0
2026-09-01,31045,17.3,0
2026-09-01,31046,27.5,0
2026-09-01,31047,28.5,0
2026-09-01,31048,59.0,0
2026-09-01,31050,13.7,0
2026-09-01,31053,63.0,0
2026-09-01,31064,200.0,0
2026-09-01,31065,190.0,0
2026-09-01,31068,160.0,0
2026-09-01,31074,186.0,0
2026-09-01,31075,200.0,0
2026-09-01,31078,35.0,0
2026-09-01,31093,408.0,0
2026-09-01,31102,63.0,0
2026-09-01,31109,25.5,0
2026-09-01,31120,12.3,0
2026-09-01,31121,41.0,0
2026-09-01,31131,39.0,0
2026-09-01,31140,38.0,0
2026-09-01,31143,27.5,0
2026-09-01,31144,17.0,0
2026-09-01,31147,950.0,0
2026-09-01,31150,53.5,0
2026-09-01,31152,12.0,0
2026-09-01,31153,17.7,0
2026-09-01,31154,10.0,0
2026-09-01,31155,39.0,0
2026-09-01,31157,18.5,0
2026-09-01,31158,33.5,0
2026-09-01,31166,35.0,0
2026-09-01,31167,35.5,0
2026-09-01,31168,35.0,0
2026-09-01,31169,10.8,0
2026-09-01,31170,205.0,0
2026-09-01,31171,323.0,0
2026-09-01,31200,7.7,0
2026-09-01,31204,52.0,0
2026-09-01,31205,90.0,0
2026-09-01,31211,43.0,0
2026-09-01,31213,21.0,0
2026-09-01,31214,21.0,0
2026-09-01,31217,195.0,0
2026-09-01,31218,116.0,0
2026-09-01,31219,116.0,0
2026-09-01,31222,39.0,0
2026-09-01,31223,39.0,0
2026-09-01,31226,39.0,0
2026-09-01,31227,39.0,0
2026-09-01,31233,49.0,0
2026-09-01,31237,190.0,0
2026-09-01,31238,214.0,0
2026-09-01,31241,38.0,0
2026-09-01,31244,27.0,0
2026-09-01,31248,22.0,0
2026-09-01,31249,11.0,0
2026-09-01,31250,11.0,0
2026-09-01,31262,20.0,0
2026-09-01,31263,107.0,0
2026-09-01,31265,105.0,0
2026-09-01,31268,30.5,0
2026-09-01,31269,30.5,0
2026-09-01,31272,4.5,0
2026-09-01,31284,375.0,0
2026-09-01,31285,332.0,0
2026-09-01,31286,143.0,0
2026-09-01,31287,150.0,0
2026-09-01,31291,21.0,0
2026-09-01,31292,21.0,0
2026-09-01,31294,120.0,0
2026-09-01,31296,8.3,0
2026-09-01,31297,8.0,0
2026-09-01,31299,40.0,0
2026-09-01,31306,165.0,0
2026-09-01,31308,90.0,0
2026-09-01,31309,140.0,0
2026-09-01,31312,59.5,0
2026-09-01,31325,246.0,0
2026-09-01,31326,485.0,0
2026-09-01,31338,9.2,0
2026-09-01,31339,5.3,0
2026-09-01,31351,41.0,0
2026-09-01,31358,19.0,0
2026-09-01,31359,25.5,0
2026-09-01,31360,25.5,0
2026-09-01,31361,22.0,0
2026-09-01,31363,35.0,0
2026-09-01,31364,35.0,0
2026-09-01,31365,19.5,0
2026-09-01,31370,54.5,0
2026-09-01,31372,117.0,0
2026-09-01,31373,117.0,0
2026-09-01,31391,25.0,0
2026-09-01,31392,12.2,0
2026-09-01,31395,22.5,0
2026-09-01,31404,153.0,0
2026-09-01,31413,11.9,0
2026-09-01,31416,357.0,0
2026-09-01,31425,86.5,0
2026-09-01,31426,51.0,0
2026-09-01,31427,19.5,0
2026-09-01,31428,24.5,0
2026-09-01,31429,16.0,0
2026-09-01,31431,4.7,0
2026-09-01,31432,4.5,0
2026-09-01,31443,18.8,0
2026-09-01,31444,18.8,0
2026-09-01,31461,109.0,0
2026-09-01,31464,21.0,0
2026-09-01,31467,31.0,0
2026-09-01,31472,27.5,0
2026-09-01,31473,41.0,0
2026-09-01,31474,6.0,0
2026-09-01,31475,27.5,0
2026-09-01,31476,41.0,0
2026-09-01,31477,24.0,0
2026-09-01,31478,24.5,0
2026-09-01,31479,19.2,0
2026-09-01,31480,24.5,0
2026-09-01,31481,19.2,0
2026-09-01,31482,19.2,0
2026-09-01,31486,21.0,0
2026-09-01,31487,20.5,0
2026-09-01,31489,20.5,0
2026-09-01,31495,19.0,0
2026-09-01,31496,19.0,0
2026-09-01,31497,22.5,0
2026-09-01,31506,144.0,0
2026-09-01,31507,180.0,0
2026-09-01,31508,144.0,0
2026-09-01,31518,80.0,0
2026-09-01,31533,180.0,0
2026-09-01,31535,220.0,0
2026-09-01,31541,16.0,0
2026-09-01,31543,16.0,0
2026-09-01,31544,16.0,0
2026-09-01,31553,7.8,0
2026-09-01,31556,162.0,0
2026-09-01,31558,9.8,0
2026-09-01,31561,10.0,0
2026-09-01,31572,15.5,0
2026-09-01,31573,15.5,0
2026-09-01,31579,18.3,0
2026-09-01,31581,26.0,0
2026-09-01,31582,26.0,0
2026-09-01,31583,26.0,0
2026-09-01,31594,29.0,0
2026-09-01,31599,66.5,0
2026-09-01,33687,37.5,0
2026-09-01,33878,15.0,0
2026-09-01,34114,38.5,0
2026-09-01,34811,35.0,0
2026-09-01,34871,8.2,0
2026-09-01,35070,35.5,0
2026-09-01,35072,199.0,0
2026-09-01,35073,36.0,0
2026-09-01,35077,34.5,0
2026-09-01,35078,194.0,0
2026-09-01,35115,205.0,0
2026-09-01,35400,33.5,0
2026-09-01,35403,31.5,0
2026-09-01,35788,24.8,0
2026-09-01,35789,24.8,0
2026-09-01,35790,24.0,0
2026-09-01,35791,9.7,0
2026-09-01,35792,18.0,0
2026-09-01,35793,9.0,0
2026-09-01,35794,19.8,0
2026-09-01,35795,11.3,0
2026-09-01,35796,24.5,0
2026-09-01,35797,44.0,0
2026-09-01,35798,12.0,0
2026-09-01,35799,25.7,0
2026-09-01,36590,32.0,0
2026-09-01,37125,4.5,0
2026-09-01,37340,98.0,0
2026-09-01,37345,13.5,0
2026-09-01,37356,59.0,0
2026-09-01,37358,15.0,0
2026-09-01,37369,14.8,0
2026-09-01,37395,795.0,0
2026-09-01,37396,1135.0,0
2026-09-01,37400,22.5,0
2026-09-01,37401,22.0,0
2026-09-01,37402,19.0,0
2026-09-01,37413,135.0,0
2026-09-01,37425,17.0,0
2026-09-01,37427,290.0,0
2026-09-01,37428,225.0,0
2026-09-01,37430,299.0,0
2026-09-01,37432,10.7,0
2026-09-01,37433,10.7,0
2026-09-01,37434,10.7,0
2026-09-01,37436,10.7,0
2026-09-01,37437,10.8,0
2026-09-01,37440,19.0,0
2026-09-01,37715,7.5,0
2026-09-01,37958,7.0,0
2026-09-01,38110,27.0,0
2026-09-01,38111,27.0,0
2026-09-01,38199,175.0,0
2026-09-01,38225,7.3,0
2026-09-01,38296,61.0,0
2026-09-01,38297,190.0,0
2026-09-01,38300,37.0,0
2026-09-01,38342,12.8,0
2026-09-01,38350,12.8,0
2026-09-01,38407,4.3,0
2026-09-01,38415,4.3,0
2026-09-01,38425,4.3,0
2026-09-01,38788,12.0,0
2026-09-01,38789,11.5,0
2026-09-01,38849,8.5,0
2026-09-01,38881,3.8,0
2026-09-01,38882,7.5,0
2026-09-01,38935,4.3,0
2026-09-01,38938,4.3,0
2026-09-01,38946,7.8,0
2026-09-01,38962,3.0,0
2026-09-01,39616,27.0,0
2026-09-01,39718,75.0,0
2026-09-01,39878,48.0,0
2026-09-01,40001,21.5,0
2026-09-01,40470,133.0,0
2026-09-01,41977,41.0,0
2026-09-01,42056,18.7,0
2026-09-01,42064,18.7,0
2026-09-01,42150,53.0,0
2026-09-01,42151,28.0,0
2026-09-01,42152,24.0,0
2026-09-01,42161,60.6,0
2026-09-01,43354,69.0,0
2026-09-01,44911,13.0,0
2026-09-01,44920,14.0,0
2026-09-01,44977,17.8,0
2026-09-01,44997,10.0,0
2026-09-01,45233,98.9,0
2026-09-01,45314,22.9,0
2026-09-01,45640,66.7,0
2026-09-01,45667,35.2,0
2026-09-01,45683,20.4,0
2026-09-01,45688,41.5,0
2026-09-01,45691,20.4,0
2026-09-01,46106,6.2,0
2026-09-01,46135,5.5,0
2026-09-01,46655,38.0,0
2026-09-01,46663,38.0,0
2026-09-01,46710,5.8,0
2026-09-01,47187,6.3,0
2026-09-01,47189,67.5,0
2026-09-01,47391,25.0,0
2026-09-01,47392,429.0,0
2026-09-01,47397,17.5,0
2026-09-01,47398,14.0,0
2026-09-01,47457,185.0,0
2026-09-01,47678,615.0,0
2026-09-01,48526,39.5,0
2026-09-01,48534,56.0,0
2026-09-01,48658,12.5,0
2026-09-01,48666,15.8,0
2026-09-01,48674,90.0,0
2026-09-01,48704,15.9,0
2026-09-01,48720,90.0,0
2026-09-01,48778,18.0,0
2026-09-01,49069,19.5,0
2026-09-01,49646,1450.0,0
2026-09-01,49701,37.0,0
2026-09-01,49905,135.0,0
2026-09-01,50030,150.0,0
2026-09-01,50031,150.0,0
2026-09-01,50032,10.8,0
2026-09-01,50042,36.5,0
2026-09-01,50066,44.9,0
2026-09-01,50075,313.0,0
2026-09-01,50106,19.0,0
2026-09-01,50145,76.0,0
2026-09-01,51064,62.5,0
2026-09-01,51284,26.0,0
2026-09-01,51471,5.0,0
2026-09-01,51616,125.0,0
2026-09-01,51926,5.2,0
2026-09-01,51993,9.2,0
2026-09-01,52027,11.9,0
2026-09-01,52257,268.0,0
2026-09-01,52706,166.0,0
2026-09-01,53970,24.5,0
2026-09-01,54060,11.0,0
2026-09-01,54061,11.0,0
2026-09-01,54062,19.5,0
2026-09-01,54063,19.8,0
2026-09-01,56030,113.5,0
2026-09-01,57117,29.0,0
2026-09-01,57771,32.5,0
2026-09-01,57773,32.0,0
2026-09-01,58360,32.9,0
2026-09-01,58378,15.0,0
2026-09-01,58408,38.5,0
2026-09-01,58424,19.0,0
2026-09-01,58432,96.5,0
2026-09-01,58718,315.0,0
2026-09-01,59041,6.5,0
2026-09-01,59056,31.3,0
2026-09-01,59366,10.5,0
2026-09-01,60005,170.0,0
2026-09-01,60013,79.5,0
2026-09-01,60019,19.5,0
2026-09-01,60022,4.5,0
2026-09-01,60024,5.8,0
2026-09-01,60026,5.8,0
2026-09-01,60028,26.0,0
2026-09-01,60038,15.0,0
2026-09-01,60039,37.0,0
2026-09-01,60046,20.0,0
2026-09-01,60047,32.0,0
2026-09-01,60048,36.5,0
2026-09-01,60049,23.0,0
2026-09-01,60052,60.0,0
2026-09-01,60053,28.5,0
2026-09-01,60067,21.0,0
2026-09-01,60074,35.0,0
2026-09-01,60075,1155.0,0
2026-09-01,60076,239.0,0
2026-09-01,60077,239.0,0
2026-09-01,60087,11.0,0
2026-09-01,60468,83.0,0
2026-09-01,60469,99.0,0
2026-09-01,60470,199.0,0
2026-09-01,61719,28.5,0
2026-09-01,61972,199.0,0
2026-09-01,62190,7.7,0
2026-09-01,62600,119.0,0
2026-09-01,62618,33.0,0
2026-09-01,62626,20.0,0
2026-09-01,62669,36.5,0
2026-09-01,62717,17.5,0
2026-09-01,62847,9.5,0
2026-09-01,63101,69.0,0
2026-09-01,63102,132.0,0
2026-09-01,63109,132.0,0
2026-09-01,63789,74.0,0
2026-09-01,64190,3.3,0
2026-09-01,64262,9.0,0
2026-09-01,64289,67.0,0
2026-09-01,64291,25.5,0
2026-09-01,64297,37.5,0
2026-09-01,64416,33.0,0
2026-09-01,64424,36.0,0
2026-09-01,64770,52.5,0
2026-09-01,65108,30.0,0
2026-09-01,65149,57.0,0
2026-09-01,65293,12.5,0
2026-09-01,65410,26.0,0
2026-09-01,65411,26.0,0
2026-09-01,65416,29.0,0
2026-09-01,65417,47.5,0
2026-09-01,66508,33.5,0
2026-09-01,66818,29.5,0
2026-09-01,67047,49.0,0
2026-09-01,67096,15.5,0
2026-09-01,67097,15.5,0
2026-09-01,67117,32.0,0
2026-09-01,67190,68.0,0
2026-09-01,67580,13.8,0
2026-09-01,67679,13.8,0
2026-09-01,67681,5.5,0
2026-09-01,67683,22.0,0
2026-09-01,67781,31.0,0
2026-09-01,67980,33.0,0
2026-09-01,68110,13.0,0
2026-09-01,68438,30.0,0
2026-09-01,68718,12.0,0
2026-09-01,68829,49.0,0
2026-09-01,68837,17.2,0
2026-09-01,68845,28.0,0
2026-09-01,68861,14.8,0
2026-09-01,68934,13.3,0
2026-09-01,68977,13.2,0
2026-09-01,69094,13.3,0
2026-09-01,69124,13.3,0
2026-09-01,69230,28.7,0
2026-09-01,69248,26.7,0
2026-09-01,69256,27.0,0
2026-09-01,69719,22.5,0
2026-09-01,69850,28.0,0
2026-09-01,69868,52.8,0
2026-09-01,69876,52.8,0
2026-09-01,69877,57.0,0
2026-09-01,69884,56.0,0
2026-09-01,69892,89.0,0
2026-09-01,69906,28.0,0
2026-09-01,69914,44.0,0
2026-09-01,70017,43.5,0
2026-09-01,70360,7.5,0
2026-09-01,70378,11.0,0
2026-09-01,70408,12.5,0
2026-09-01,71064,81.0,0
2026-09-01,71072,43.0,0
2026-09-01,71129,81.0,0
2026-09-01,71170,80.0,0
2026-09-01,71173,38.5,0
2026-09-01,71612,10.2,0
2026-09-01,71650,34.0,0
2026-09-01,71714,42.5,0
2026-09-01,72150,169.0,0
2026-09-01,72160,12.9,0
2026-09-01,72166,67.0,0
2026-09-01,72172,39.5,0
2026-09-01,72176,159.0,0
2026-09-01,72184,159.0,0
2026-09-01,72230,186.0,0
2026-09-01,73326,66.8,0
2026-09-01,73458,24.3,0
2026-09-01,73466,38.7,0
2026-09-01,73490,38.8,0
2026-09-01,73512,22.5,0
2026-09-01,74730,35.0,0
2026-09-01,74941,6.5,0
2026-09-01,75191,10.0,0
2026-09-01,75825,588.0,0
2026-09-01,76015,18.9,0
2026-09-01,77178,12.0,0
2026-09-01,82368,99.5,0
2026-09-01,82376,40.5,0
2026-09-01,82414,12.8,0
2026-09-01,82422,17.8,0
2026-09-01,82627,32.0,0
2026-09-01,82643,41.0,0
2026-09-01,83992,162.0,0
2026-09-01,84000,109.0,0
2026-09-01,84018,109.0,0
2026-09-01,84025,12.0,0
2026-09-01,84026,109.0,0
2026-09-01,84042,73.0,0
2026-09-01,85001,39.0,0
2026-09-01,85002,72.5,0
2026-09-01,85003,72.5,0
2026-09-01,86126,122.0,0
2026-09-01,86134,123.0,0
2026-09-01,86667,6.0,0
2026-09-01,87177,6.6,0
2026-09-01,87180,32.5,0
2026-09-01,87887,121.0,0
2026-09-01,88013,27.0,0
2026-09-01,88536,66.0,0
2026-09-01,88625,15.0,0
2026-09-01,89717,51.0,0
2026-09-01,89966,119.0,0
2026-09-01,90018,93.0,0
2026-09-01,90115,47.0,0
2026-09-01,90123,6.0,0
2026-09-01,90131,10.0,0
2026-09-01,90140,12.0,0
2026-09-01,90158,4.4,0
2026-09-01,90166,4.0,0
2026-09-01,90174,5.4,0
2026-09-01,90239,9.0,0
2026-09-01,90247,10.8,0
2026-09-01,90255,11.9,0
2026-09-01,90263,8.5,0
2026-09-01,90271,4.2,0
2026-09-01,90280,7.5,0
2026-09-01,90301,6.8,0
2026-09-01,90310,12.0,0
2026-09-01,90387,14.0,0
2026-09-01,90395,23.0,0
2026-09-01,90425,10.5,0
2026-09-01,90433,14.5,0
2026-09-01,90441,14.8,0
2026-09-01,90450,18.8,0
2026-09-01,90492,14.0,0
2026-09-01,90506,11.9,0
2026-09-01,90530,32.8,0
2026-09-01,90549,18.5,0
2026-09-01,90565,14.3,0
2026-09-01,90573,19.5,0
2026-09-01,90590,19.0,0
2026-09-01,93530,21.5,0
2026-09-01,93980,22.0,0
2026-09-01,94749,11.9,0
2026-09-01,94757,18.0,0
2026-09-01,95060,11.2,0
2026-09-01,95079,20.0,0
2026-09-01,95087,8.0,0
2026-09-01,95109,9.0,0
2026-09-01,95117,9.0,0
2026-09-01,95133,26.5,0
2026-09-01,95486,12.0,0
2026-09-01,96024,6.0,0
2026-09-01,96075,6.2,0
2026-09-01,97079,27.0,0
2026-09-01,97215,46.0,0
2026-09-01,97267,41.5,0
2026-09-01,98719,30.5,0
2026-09-01,98720,29.5,0
2026-09-01,98723,29.5,0
2026-09-01,100022,33.5,0
2026-09-01,100037,11.5,0
2026-09-01,100038,16.5,0
2026-09-01,100042,6.4,0
2026-09-01,100043,6.4,0
2026-09-01,100044,78.0,0
2026-09-01,100045,6.3,0
2026-09-01,100049,22.0,0
2026-09-01,100059,44.0,0
2026-09-01,100069,131.0,0
2026-09-01,100071,55.0,0
2026-09-01,100084,41.0,0
2026-09-01,100085,41.0,0
2026-09-01,100096,41.3,0
2026-09-01,100097,25.5,0
2026-09-01,100098,45.9,0
2026-09-01,100099,20.9,0
2026-09-01,100109,10.0,0
2026-09-01,100148,20.9,0
2026-09-01,100149,45.0,0
2026-09-01,100153,13.7,0
2026-09-01,100182,68.3,0
2026-09-01,100189,45.9,0
2026-09-01,100244,42.9,0
2026-09-01,100265,45.5,0
2026-09-01,100276,99.0,0
2026-09-01,100323,11.5,0
2026-09-01,100350,20.0,0
2026-09-01,100356,77.9,0
2026-09-01,100364,53.5,0
2026-09-01,100394,26.0,0
2026-09-01,100396,19.4,0
2026-09-01,100424,11.5,0
2026-09-01,100426,11.5,0
2026-09-01,100475,33.0,0
2026-09-01,100496,210.0,0
2026-09-01,100506,8.8,0
2026-09-01,100534,16.2,0
2026-09-01,100567,14.5,0
2026-09-01,100576,95.0,0
2026-09-01,100577,90.0,0
2026-09-01,100579,16.0,0
2026-09-01,100593,24.0,0
2026-09-01,100595,23.0,0
2026-09-01,100600,34.0,0
2026-09-01,100602,16.5,0
2026-09-01,100615,22.7,0
2026-09-01,100625,16.0,0
2026-09-01,100631,15.0,0
2026-09-01,100638,21.0,0
2026-09-01,100642,21.0,0
2026-09-01,100644,275.0,0
2026-09-01,100647,68.5,0
2026-09-01,100648,68.5,0
2026-09-01,100672,5.6,0
2026-09-01,100675,68.5,0
2026-09-01,100678,34.0,0
2026-09-01,100693,24.0,0
2026-09-01,100723,45.0,0
2026-09-01,100734,34.0,0
2026-09-01,100758,11.0,0
2026-09-01,100761,11.0,0
2026-09-01,100815,9.0,0
2026-09-01,100818,32.5,0
2026-09-01,100820,8.0,0
2026-09-01,100821,8.0,0
2026-09-01,100822,8.0,0
2026-09-01,100823,8.0,0
2026-09-01,100835,26.0,0
2026-09-01,100836,20.0,0
2026-09-01,100873,59.5,0
2026-09-01,100966,24.3,0
2026-09-01,100979,107.0,0
2026-09-01,100980,102.0,0
2026-09-01,100987,28.5,0
2026-09-01,100988,28.5,0
2026-09-01,100992,28.5,0
2026-09-01,101064,20.5,0
2026-09-01,101070,21.0,0
2026-09-01,101105,32.5,0
2026-09-01,101110,10.7,0
2026-09-01,101159,15.0,0
2026-09-01,101170,389.0,0
2026-09-01,101176,4.8,0
2026-09-01,101199,26.5,0
2026-09-01,101200,35.5,0
2026-09-01,101202,35.5,0
2026-09-01,101203,35.5,0
2026-09-01,101204,26.5,0
2026-09-01,101205,11.0,0
2026-09-01,101206,16.5,0
2026-09-01,101207,16.5,0
2026-09-01,101226,42.5,0
2026-09-01,101227,64.7,0
2026-09-01,101228,37.8,0
2026-09-01,101229,35.1,0
2026-09-01,101234,64.7,0
2026-09-01,101235,35.0,0
2026-09-01,101236,35.0,0
2026-09-01,101244,38.0,0
2026-09-01,101245,19.0,0
2026-09-01,101270,145.7,0
2026-09-01,101273,12.8,0
2026-09-01,101281,4.5,0
2026-09-01,101296,10.0,0
2026-09-01,101297,10.0,0
2026-09-01,101299,5.0,0
2026-09-01,101300,4.6,0
2026-09-01,101301,2.5,0
2026-09-01,101306,4.2,0
2026-09-01,101307,75.0,0
2026-09-01,101308,80.0,0
2026-09-01,101312,40.0,0
2026-09-01,101313,44.5,0
2026-09-01,101319,5.0,0
2026-09-01,101326,27.5,0
2026-09-01,101331,97.9,0
2026-09-01,101348,8.8,0
2026-09-01,101349,5.0,0
2026-09-01,101351,7.3,0
2026-09-01,101355,9.8,0
2026-09-01,101359,6.8,0
2026-09-01,101363,10.0,0
2026-09-01,101375,23.0,0
2026-09-01,101400,20.5,0
2026-09-01,101403,26.0,0
2026-09-01,101404,26.0,0
2026-09-01,101405,26.0,0
2026-09-01,101406,26.0,0
2026-09-01,101412,349.0,0
2026-09-01,101414,51.5,0
2026-09-01,101415,148.0,0
2026-09-01,101416,24.0,0
2026-09-01,101419,69.5,0
2026-09-01,101422,31.0,0
2026-09-01,101423,66.0,0
2026-09-01,101427,16.0,0
2026-09-01,101482,23.8,0
2026-09-01,101484,28.0,0
2026-09-01,101485,28.0,0
2026-09-01,101495,9.8,0
2026-09-01,101505,19.0,0
2026-09-01,101507,15.7,0
2026-09-01,101509,7.5,0
2026-09-01,101518,30.0,0
2026-09-01,101533,20.9,0
2026-09-01,101534,20.9,0
2026-09-01,101538,10.7,0
2026-09-01,101541,12.0,0
2026-09-01,101548,10.5,0
2026-09-01,101549,9.7,0
2026-09-01,101554,17.5,0
2026-09-01,101555,17.5,0
2026-09-01,101564,20.9,0
2026-09-01,101569,15.8,0
2026-09-01,101576,24.5,0
2026-09-01,101583,195.0,0
2026-09-01,101585,95.0,0
2026-09-01,101587,24.0,0
2026-09-01,101620,7.0,0
2026-09-01,101621,7.0,0
2026-09-01,101625,155.0,0
2026-09-01,101635,43.5,0
2026-09-01,101643,12.8,0
2026-09-01,101644,13.7,0
2026-09-01,101648,38.0,0
2026-09-01,101651,15.6,0
2026-09-01,101652,15.6,0
2026-09-01,101653,15.6,0
2026-09-01,101666,26.0,0
2026-09-01,101670,56.0,0
2026-09-01,101672,24.0,0
2026-09-01,101673,24.0,0
2026-09-01,101682,7.0,0
2026-09-01,101688,11.3,0
2026-09-01,101689,23.0,0
2026-09-01,101690,44.0,0
2026-09-01,101692,51.5,0
2026-09-01,101693,41.5,0
2026-09-01,101695,8.0,0
2026-09-01,101712,18.4,0
2026-09-01,101715,12.8,0
2026-09-01,101716,22.0,0
2026-09-01,101741,15.0,0
2026-09-01,101742,15.0,0
2026-09-01,101754,22.5,0
2026-09-01,101807,36.5,0
2026-09-01,101808,36.5,0
2026-09-01,101825,41.0,0
2026-09-01,101843,73.0,0
2026-09-01,101847,169.5,0
2026-09-01,101848,150.0,0
2026-09-01,101849,72.0,0
2026-09-01,101865,11.5,0
2026-09-01,101867,69.5,0
2026-09-01,101868,48.5,0
2026-09-01,101877,29.5,0
2026-09-01,101878,196.0,0
2026-09-01,101901,209.0,0
2026-09-01,101902,118.0,0
2026-09-01,101903,69.0,0
2026-09-01,101905,209.0,0
2026-09-01,101906,160.0,0
2026-09-01,101907,84.0,0
2026-09-01,101911,23.0,0
2026-09-01,101913,6.4,0
2026-09-01,101914,10.7,0
2026-09-01,101921,37.0,0
2026-09-01,101923,9.7,0
2026-09-01,101924,38.8,0
2026-09-01,101926,36.0,0
2026-09-01,101927,29.5,0
2026-09-01,101928,23.8,0
2026-09-01,101929,40.5,0
2026-09-01,101930,43.8,0
2026-09-01,101931,66.5,0
2026-09-01,101933,67.0,0
2026-09-01,101934,46.5,0
2026-09-01,101935,58.5,0
2026-09-01,101936,56.5,0
2026-09-01,101937,54.5,0
2026-09-01,101938,40.0,0
2026-09-01,101939,35.0,0
2026-09-01,101948,66.0,0
2026-09-01,101950,189.3,0
2026-09-01,101964,8.2,0
2026-09-01,101979,15.0,0
2026-09-01,101984,45.9,0
2026-09-01,101994,13.0,0
2026-09-01,101996,148.0,0
2026-09-01,102042,25.8,0
2026-09-01,102046,162.8,0
2026-09-01,102050,80.3,0
2026-09-01,102056,69.0,0
2026-09-01,102057,95.0,0
2026-09-01,102093,56.7,0
2026-09-01,102096,12.7,0
2026-09-01,102097,21.0,0
2026-09-01,102105,125.0,0
2026-09-01,102111,35.0,0
2026-09-01,102118,30.5,0
2026-09-01,102125,6.5,0
2026-09-01,102135,19.0,0
2026-09-01,102154,65.0,0
2026-09-01,102157,37.5,0
2026-09-01,102163,61.2,0
2026-09-01,102165,108.0,0
2026-09-01,102167,4.0,0
2026-09-01,102192,442.0,0
2026-09-01,102193,442.0,0
2026-09-01,102194,38.5,0
2026-09-01,102197,1665.0,0
2026-09-01,102201,54.5,0
2026-09-01,102250,123.5,0
2026-09-01,102351,97.0,0
2026-09-01,102505,8.5,0
2026-09-01,102506,8.5,0
2026-09-01,102507,8.5,0
2026-09-01,102508,8.5,0
2026-09-01,102509,21.0,0
2026-09-01,102510,21.0,0
2026-09-01,102511,21.0,0
2026-09-01,102512,21.0,0
2026-09-01,102541,90.0,0
2026-09-01,102717,24.5,0
2026-09-01,102718,24.5,0
2026-09-01,102720,24.5,0
2026-09-01,102775,6.0,0
2026-09-01,103020,95.0,0
2026-09-01,103060,24.5,0
2026-09-01,103080,23.5,0
2026-09-01,103540,5.5,0
2026-09-01,103905,24.8,0
2026-09-01,103906,24.8,0
2026-09-01,103908,24.8,0
2026-09-01,103909,24.8,0
2026-09-01,104017,96.6,0
2026-09-01,104019,96.6,0
2026-09-01,104056,5.3,0
2026-09-01,104057,5.3,0
2026-09-01,104058,5.3,0
2026-09-01,104067,74.7,0
2026-09-01,104071,63.7,0
2026-09-01,104210,149.9,0
2026-09-01,104211,14.3,0
2026-09-01,104214,8.5,0
2026-09-01,104216,7.4,0
2026-09-01,104217,7.4,0
2026-09-01,104218,7.4,0
2026-09-01,104221,4.8,0
2026-09-01,104260,53.0,0
2026-09-01,104262,38.0,0
2026-09-01,104414,139.0,0
2026-09-01,104550,4.7,0
2026-09-01,104560,30.0,0
2026-09-01,104561,30.0,0
2026-09-01,104562,30.0,0
2026-09-01,104563,30.0,0
2026-09-01,104565,30.0,0
2026-09-01,104567,30.0,0
2026-09-01,104613,44.0,0
2026-09-01,104628,21.2,0
2026-09-01,104631,99.0,0
2026-09-01,104633,25.0,0
2026-09-01,104634,29.0,0
2026-09-01,104636,55.8,0
2026-09-01,104638,15.9,0
2026-09-01,104678,28.5,0
2026-09-01,104681,64.0,0
2026-09-01,104683,80.0,0
2026-09-01,104720,30.0,0
2026-09-01,104749,23.9,0
2026-09-01,104796,15.0,0
2026-09-01,104797,47.3,0
2026-09-01,104798,31.4,0
2026-09-01,104799,50.9,0
2026-09-01,104800,35.9,0
2026-09-01,104803,26.0,0
2026-09-01,104804,25.0,0
2026-09-01,104805,30.0,0
2026-09-01,104807,44.8,0
2026-09-01,104808,51.6,0
2026-09-01,104810,25.0,0
2026-09-01,104921,66.0,0
2026-09-01,104926,75.0,0
2026-09-01,104927,75.0,0
2026-09-01,104928,83.0,0
2026-09-01,104932,16.3,0
2026-09-01,104933,18.0,0
2026-09-01,104934,32.9,0
2026-09-01,104935,98.0,0
2026-09-01,104937,98.0,0
2026-09-01,104939,62.0,0
2026-09-01,104940,27.6,0
2026-09-01,104941,10.1,0
2026-09-01,104942,11.4,0
2026-09-01,104944,21.3,0
2026-09-01,104947,33.8,0
2026-09-01,104987,17.2,0
2026-09-01,104988,76.0,0
2026-09-01,104989,76.0,0
2026-09-01,104990,56.0,0
2026-09-01,104991,56.0,0
2026-09-01,104993,56.0,0
2026-09-01,104994,56.0,0
2026-09-01,104996,3.5,0
2026-09-01,105001,27.5,0
2026-09-01,105014,30.0,0
2026-09-01,105049,67.8,0
2026-09-01,105050,67.8,0
2026-09-01,105060,41.6,0
2026-09-01,105092,13.2,0
2026-09-01,105097,75.0,0
2026-09-01,105098,75.0,0
2026-09-01,105099,75.0,0
2026-09-01,105321,20.4,0
2026-09-01,105341,149.0,0
2026-09-01,105461,31.0,0
2026-09-01,105485,42.5,0
2026-09-01,105488,17.0,0
2026-09-01,105620,30.0,0
2026-09-01,105621,25.0,0
2026-09-01,105622,25.0,0
2026-09-01,105623,25.0,0
2026-09-01,105646,59.0,0
2026-09-01,105647,59.0,0
2026-09-01,105683,156.8,0
2026-09-01,105687,47.0,0
2026-09-01,105712,59.0,0
2026-09-01,105715,8.9,0
2026-09-01,105730,18.6,0
2026-09-01,105731,18.6,0
2026-09-01,105738,51.0,0
2026-09-01,105739,53.0,0
2026-09-01,105740,50.0,0
2026-09-01,105762,38.5,0
2026-09-01,105775,32.5,0
2026-09-01,105778,5.7,0
2026-09-01,105788,20.0,0
2026-09-01,105791,38.5,0
2026-09-01,105810,56.3,0
2026-09-01,105831,10.2,0
2026-09-01,105840,20.9,0
2026-09-01,105842,20.9,0
2026-09-01,105844,20.9,0
2026-09-01,105848,67.8,0
2026-09-01,105851,16.1,0
2026-09-01,105861,19.2,0
2026-09-01,105862,7.8,0
2026-09-01,105863,2.5,0
2026-09-01,105864,10.6,0
2026-09-01,105865,16.3,0
2026-09-01,105866,18.8,0
2026-09-01,105867,27.4,0
2026-09-01,105868,35.0,0
2026-09-01,105911,42.5,0
2026-09-01,105931,7.0,0
2026-09-01,105960,78.9,0
2026-09-01,106023,50.0,0
2026-09-01,106026,37.5,0
2026-09-01,106032,37.5,0
2026-09-01,106033,37.5,0
2026-09-01,106060,18.0,0
2026-09-01,106071,28.0,0
2026-09-01,106072,56.0,0
2026-09-01,106074,76.0,0
2026-09-01,106078,56.0,0
2026-09-01,106079,56.0,0
2026-09-01,106090,18.6,0
2026-09-01,106152,47.9,0
2026-09-01,106153,45.0,0
2026-09-01,106277,11.5,0
2026-09-01,106340,58.8,0
2026-09-01,106530,14.8,0
2026-09-01,106532,14.8,0
2026-09-01,106586,53.9,0
2026-09-01,106588,31.4,0
2026-09-01,106607,186.0,0
2026-09-01,106640,377.0,0
2026-09-01,106650,32.2,0
2026-09-01,106651,32.2,0
2026-09-01,106660,60.1,0
2026-09-01,106672,60.6,0
2026-09-01,106678,8.1,0
2026-09-01,106680,8.1,0
2026-09-01,106682,13.4,0
2026-09-01,106683,13.4,0
2026-09-01,106684,8.1,0
2026-09-01,106685,31.4,0
2026-09-01,106686,6.0,0
2026-09-01,106687,24.0,0
2026-09-01,106779,48.5,0
2026-09-01,106831,41.9,0
2026-09-01,106910,42.5,0
2026-09-01,106945,68.7,0
2026-09-01,107010,20.9,0
2026-09-01,107012,20.9,0
2026-09-01,107015,29.0,0
2026-09-01,107016,29.0,0
2026-09-01,107028,116.2,0
2026-09-01,107030,13.5,0
2026-09-01,107032,75.0,0
2026-09-01,107033,75.0,0
2026-09-01,107035,75.0,0
2026-09-01,107120,19.5,0
2026-09-01,107201,27.0,0
2026-09-01,107202,48.0,0
2026-09-01,107213,24.0,0
2026-09-01,107216,8.5,0
2026-09-01,107484,87.5,0
2026-09-01,107630,15.0,0
2026-09-01,107709,126.5,0
2026-09-01,107717,20.5,0
2026-09-01,107815,9.8,0
2026-09-01,107817,9.8,0
2026-09-01,107818,9.8,0
2026-09-01,108038,189.4,0
2026-09-01,108039,189.4,0
2026-09-01,108120,19.5,0
2026-09-01,108185,40.5,0
2026-09-01,108186,38.5,0
2026-09-01,108530,78.0,0
2026-09-01,108531,78.0,0
2026-09-01,108532,99.0,0
2026-09-01,108533,13.0,0
2026-09-01,108534,50.4,0
2026-09-01,108535,9.6,0
2026-09-01,108552,51.0,0
2026-09-01,108592,25.0,0
2026-09-01,108596,20.3,0
2026-09-01,108597,18.5,0
2026-09-01,108599,11.8,0
2026-09-01,108600,15.5,0
2026-09-01,108601,15.5,0
2026-09-01,108604,26.3,0
2026-09-01,108637,46.9,0
2026-09-01,108638,27.1,0
2026-09-01,108639,55.0,0
2026-09-01,108665,76.7,0
2026-09-01,108705,47.3,0
2026-09-01,108706,44.0,0
2026-09-01,108720,50.8,0
2026-09-01,108721,46.2,0
2026-09-01,108730,41.3,0
2026-09-01,108752,18.0,0
2026-09-01,108753,96.6,0
2026-09-01,108783,46.0,0
2026-09-01,108785,26.0,0
2026-09-01,108820,12.7,0
2026-09-01,108821,12.7,0
2026-09-01,108871,35.0,0
2026-09-01,108890,20.5,0
2026-09-01,108893,20.5,0
2026-09-01,108912,14.0,0
2026-09-01,108940,33.3,0
2026-09-01,108990,39.7,0
2026-09-01,108992,31.2,0
2026-09-01,108994,31.2,0
2026-09-01,109021,16.8,0
2026-09-01,109022,27.5,0
2026-09-01,109023,64.5,0
2026-09-01,109024,40.5,0
2026-09-01,109036,26.0,0
2026-09-01,109037,26.0,0
2026-09-01,109038,26.0,0
2026-09-01,109060,83.0,0
2026-09-01,109061,83.0,0
2026-09-01,109062,83.0,0
2026-09-01,109064,12.8,0
2026-09-01,109070,29.0,0
2026-09-01,109071,19.5,0
2026-09-01,109073,19.5,0
2026-09-01,109074,19.5,0
2026-09-01,109076,19.5,0
2026-09-01,109081,18.0,0
2026-09-01,109090,76.7,0
2026-09-01,109095,27.5,0
2026-09-01,109124,20.9,0
2026-09-01,109213,11.0,0
2026-09-01,109216,25.0,0
2026-09-01,109219,47.2,0
2026-09-01,109234,25.4,0
2026-09-01,109240,29.2,0
2026-09-01,109241,29.3,0
2026-09-01,109242,29.2,0
2026-09-01,109243,29.2,0
2026-09-01,109244,35.0,0
2026-09-01,109245,15.0,0
2026-09-01,109246,14.0,0
2026-09-01,109249,18.2,0
2026-09-01,109250,18.2,0
2026-09-01,109251,18.2,0
2026-09-01,109252,18.2,0
2026-09-01,109253,18.2,0
2026-09-01,109254,23.9,0
2026-09-01,109255,23.9,0
2026-09-01,109256,23.9,0
2026-09-01,109257,23.9,0
2026-09-01,109265,14.4,0
2026-09-01,109266,46.2,0
2026-09-01,109267,16.0,0
2026-09-01,109268,20.8,0
2026-09-01,109270,26.0,0
2026-09-01,109271,11.7,0
2026-09-01,109272,20.4,0
2026-09-01,109291,64.5,0
2026-09-01,109292,42.9,0
2026-09-01,109295,77.4,0
2026-09-01,109296,77.4,0
2026-09-01,109304,50.0,0
2026-09-01,109306,5.5,0
2026-09-01,109307,5.5,0
2026-09-01,109310,187.4,0
2026-09-01,109311,187.4,0
2026-09-01,109312,187.4,0
2026-09-01,109313,187.4,0
2026-09-01,109337,28.5,0
2026-09-01,109357,37.5,0
2026-09-01,109411,34.7,0
2026-09-01,109413,65.6,0
2026-09-01,109415,29.0,0
2026-09-01,109416,71.5,0
2026-09-01,109496,38.0,0
2026-09-01,109519,101.6,0
2026-09-01,109523,26.9,0
2026-09-01,109526,26.4,0
2026-09-01,109531,64.5,0
2026-09-01,109551,75.0,0
2026-09-01,109552,75.0,0
2026-09-01,109553,75.0,0
2026-09-01,109558,74.0,0
2026-09-01,109579,61.0,0
2026-09-01,109581,59.5,0
2026-09-01,109582,59.5,0
2026-09-01,109583,75.0,0
2026-09-01,109622,6.2,0
2026-09-01,109623,7.0,0
2026-09-01,109625,25.0,0
2026-09-01,109627,18.6,0
2026-09-01,109628,18.6,0
2026-09-01,109642,26.4,0
2026-09-01,109643,33.1,0
2026-09-01,109644,26.3,0
2026-09-01,109645,33.6,0
2026-09-01,109646,33.5,0
2026-09-01,109648,21.6,0
2026-09-01,109649,21.6,0
2026-09-01,109650,33.6,0
2026-09-01,109651,33.6,0
2026-09-01,109653,21.6,0
2026-09-01,109654,21.6,0
2026-09-01,109655,26.4,0
2026-09-01,109656,26.4,0
2026-09-01,109658,26.4,0
2026-09-01,109712,29.0,0
2026-09-01,109713,25.0,0
2026-09-01,109715,57.6,0
2026-09-01,109716,14.4,0
2026-09-01,109717,25.2,0
2026-09-01,109731,80.0,0
2026-09-01,109734,27.0,0
2026-09-01,109756,11.0,0
2026-09-01,109759,11.0,0
2026-09-01,109760,29.0,0
2026-09-01,109762,17.0,0
2026-09-01,109763,44.0,0
2026-09-01,109765,23.0,0
2026-09-01,109766,30.0,0
2026-09-01,109770,33.0,0
2026-09-01,109773,17.0,0
2026-09-01,109801,46.7,0
2026-09-01,109810,250.0,0
2026-09-01,109956,12.0,0
2026-09-01,109957,24.9,0
2026-09-01,109958,48.9,0
2026-09-01,109959,12.0,0
2026-09-01,109960,24.9,0
2026-09-01,109961,48.9,0
2026-09-01,109962,58.8,0
2026-09-01,109963,6.1,0
2026-09-01,110022,43.5,0
2026-09-01,110078,27.4,0
2026-09-01,110171,38.5,0
2026-09-01,110172,24.5,0
2026-09-01,110204,38.0,0
2026-09-01,110205,38.0,0
2026-09-01,110207,38.0,0
2026-09-01,110208,38.0,0
2026-09-01,110209,38.0,0
2026-09-01,110214,38.0,0
2026-09-01,110277,103.0,0
2026-09-01,110435,10.5,0
2026-09-01,110516,24.5,0
2026-09-01,110701,29.5,0
2026-09-01,111011,6.0,0
2026-09-01,111048,33.3,0
2026-09-01,111054,35.0,0
2026-09-01,111058,35.0,0
2026-09-01,111073,13.0,0
2026-09-01,111087,40.5,0
2026-09-01,111116,40.5,0
2026-09-01,111219,85.0,0
2026-09-01,111221,53.9,0
2026-09-01,111224,36.9,0
2026-09-01,111226,49.8,0
2026-09-01,111228,22.0,0
2026-09-01,111310,23.0,0
2026-09-01,111343,10.0,0
2026-09-01,111345,10.0,0
2026-09-01,111374,78.7,0
2026-09-01,111532,27.5,0
2026-09-01,111559,117.0,0
2026-09-01,111561,3.5,0
2026-09-01,111586,56.0,0
2026-09-01,111588,30.7,0
2026-09-01,111590,59.8,0
2026-09-01,111591,124.8,0
2026-09-01,111613,101.0,0
2026-09-01,111655,28.6,0
2026-09-01,111656,35.0,0
2026-09-01,111658,77.5,0
2026-09-01,111670,15.6,0
2026-09-01,111674,8.7,0
2026-09-01,111676,8.7,0
2026-09-01,111682,83.6,0
2026-09-01,111685,124.2,0
2026-09-01,111687,134.0,0
2026-09-01,111691,95.2,0
2026-09-01,111697,30.7,0
2026-09-01,111698,40.5,0
2026-09-01,111699,31.2,0
2026-09-01,111701,46.7,0
2026-09-01,111702,55.5,0
2026-09-01,111703,31.3,0
2026-09-01,111800,60.4,0
2026-09-01,111835,34.8,0
2026-09-01,111878,24.5,0
2026-09-01,111912,52.5,0
2026-09-01,111990,94.9,0
2026-09-01,112018,30.2,0
2026-09-01,112123,9.5,0
2026-09-01,112124,9.5,0
2026-09-01,112125,9.5,0
2026-09-01,112189,11.3,0
2026-09-01,112214,50.0,0
2026-09-01,112251,42.5,0
2026-09-01,112255,66.0,0
2026-09-01,112277,29.0,0
2026-09-01,112284,8.2,0
2026-09-01,112285,8.2,0
2026-09-01,112288,8.2,0
2026-09-01,112289,8.2,0
2026-09-01,112290,8.0,0
2026-09-01,112292,11.7,0
2026-09-01,112293,11.7,0
2026-09-01,112296,11.7,0
2026-09-01,112297,11.7,0
2026-09-01,112299,11.7,0
2026-09-01,112302,17.0,0
2026-09-01,112304,17.0,0
2026-09-01,112385,82.7,0
2026-09-01,112390,7.9,0
2026-09-01,112391,10.0,0
2026-09-01,112423,41.0,0
2026-09-01,112424,41.0,0
2026-09-01,112431,40.9,0
2026-09-01,112435,7.0,0
2026-09-01,112438,189.7,0
2026-09-01,112439,189.7,0
2026-09-01,112510,7.9,0
2026-09-01,112540,27.0,0
2026-09-01,112541,27.0,0
2026-09-01,112542,50.1,0
2026-09-01,112544,99.0,0
2026-09-01,112545,99.0,0
2026-09-01,112563,208.5,0
2026-09-01,112570,15.1,0
2026-09-01,112573,13.2,0
2026-09-01,112575,192.0,0
2026-09-01,112577,240.0,0
2026-09-01,112579,13.1,0
2026-09-01,112582,24.8,0
2026-09-01,112586,23.1,0
2026-09-01,112659,77.5,0
2026-09-01,112660,77.5,0
2026-09-01,112661,77.5,0
2026-09-01,112707,8.5,0
2026-09-01,112730,93.1,0
2026-09-01,112794,14.8,0
2026-09-01,112809,24.9,0
2026-09-01,112810,24.9,0
2026-09-01,112811,24.9,0
2026-09-01,112814,49.7,0
2026-09-01,112871,57.3,0
2026-09-01,112938,13.4,0
2026-09-01,112941,42.5,0
2026-09-01,112952,46.5,0
2026-09-01,112953,46.5,0
2026-09-01,112967,27.0,0
2026-09-01,112973,33.6,0
2026-09-01,112975,33.6,0
2026-09-01,113043,247.6,0
2026-09-01,113070,179.4,0
2026-09-01,113071,179.4,0
2026-09-01,113072,179.4,0
2026-09-01,113073,45.0,0
2026-09-01,113074,45.0,0
2026-09-01,113075,45.0,0
2026-09-01,113076,45.0,0
2026-09-01,113077,45.0,0
2026-09-01,113078,45.0,0
2026-09-01,113102,52.0,0
2026-09-01,113103,47.9,0
2026-09-01,113104,25.7,0
2026-09-01,113105,25.7,0
2026-09-01,113107,24.0,0
2026-09-01,113115,17.0,0
2026-09-01,113221,15.8,0
2026-09-01,113222,15.7,0
2026-09-01,113223,15.7,0
2026-09-01,113225,20.8,0
2026-09-01,113306,60.0,0
2026-09-01,113307,60.0,0
2026-09-01,113308,60.0,0
2026-09-01,113309,60.0,0
2026-09-01,113310,34.8,0
2026-09-01,113311,32.3,0
2026-09-01,113320,30.0,0
2026-09-01,113340,32.0,0
2026-09-01,113529,79.6,0
2026-09-01,113530,79.6,0
2026-09-01,113531,53.9,0
2026-09-01,113535,53.9,0
2026-09-01,113537,79.6,0
2026-09-01,113538,79.6,0
2026-09-01,113540,189.4,0
2026-09-01,113549,20.4,0
2026-09-01,113550,20.4,0
2026-09-01,113628,11.0,0
2026-09-01,113639,15.0,0
2026-09-01,113640,15.0,0
2026-09-01,113680,25.9,0
2026-09-01,113700,33.8,0
2026-09-01,113814,47.7,0
2026-09-01,113815,23.2,0
2026-09-01,113888,49.9,0
2026-09-01,114020,30.4,0
2026-09-01,114021,25.0,0
2026-09-01,114050,20.0,0
2026-09-01,114085,44.0,0
2026-09-01,114089,37.0,0
2026-09-01,114090,9.0,0
2026-09-01,114134,52.5,0
2026-09-01,114135,52.5,0
2026-09-01,114136,61.5,0
2026-09-01,114155,39.0,0
2026-09-01,114158,38.3,0
2026-09-01,114159,38.3,0
2026-09-01,114201,288.0,0
2026-09-01,114206,60.5,0
2026-09-01,114220,21.0,0
2026-09-01,114229,25.0,0
2026-09-01,114231,28.0,0
2026-09-01,114233,26.0,0
2026-09-01,114234,325.2,0
2026-09-01,114236,11.6,0
2026-09-01,114241,7.5,0
2026-09-01,114246,15.9,0
2026-09-01,114247,43.9,0
2026-09-01,114251,42.0,0
2026-09-01,114252,42.0,0
2026-09-01,114270,26.0,0
2026-09-01,114271,26.0,0
2026-09-01,114277,25.0,0
2026-09-01,114279,25.0,0
2026-09-01,114281,25.0,0
2026-09-01,114287,58.0,0
2026-09-01,114288,58.0,0
2026-09-01,114291,90.0,0
2026-09-01,114294,43.8,0
2026-09-01,114318,18.6,0
2026-09-01,114319,18.6,0
2026-09-01,114320,18.6,0
2026-09-01,114321,18.6,0
2026-09-01,114360,45.3,0
2026-09-01,114378,59.0,0
2026-09-01,114379,59.0,0
2026-09-01,114390,46.8,0
2026-09-01,114445,99.0,0
2026-09-01,114455,60.6,0
2026-09-01,114471,16.8,0
2026-09-01,114540,69.0,0
2026-09-01,114656,30.8,0
2026-09-01,114657,30.8,0
2026-09-01,114671,10.0,0
2026-09-01,114777,8.1,0
2026-09-01,114778,8.1,0
2026-09-01,114780,8.1,0
2026-09-01,114798,33.7,0
2026-09-01,114799,33.7,0
2026-09-01,114841,53.0,0
2026-09-01,114894,37.1,0
2026-09-01,114895,10.1,0
2026-09-01,114898,36.9,0
2026-09-01,114910,38.0,0
2026-09-01,114911,20.8,0
2026-09-01,114912,11.0,0
2026-09-01,114913,7.5,0
2026-09-01,114914,3.7,0
2026-09-01,114985,46.9,0
2026-09-01,114995,26.9,0
2026-09-01,115001,20.0,0
2026-09-01,115011,20.0,0
2026-09-01,115017,20.0,0
2026-09-01,115060,14.8,0
2026-09-01,115111,25.1,0
2026-09-01,115112,25.1,0
2026-09-01,115117,26.6,0
2026-09-01,115150,66.4,0
2026-09-01,115151,43.6,0
2026-09-01,115220,43.8,0
2026-09-01,115250,39.9,0
2026-09-01,115300,24.1,0
2026-09-01,115301,60.6,0
2026-09-01,115415,6.0,0
2026-09-01,115603,15.9,0
2026-09-01,115707,19.0,0
2026-09-01,115922,23.0,0
2026-09-01,115923,23.0,0
2026-09-01,115924,23.0,0
2026-09-01,116019,94.0,0
2026-09-01,116040,16.0,0
2026-09-01,116057,10.7,0
2026-09-01,116059,24.0,0
2026-09-01,116060,9.0,0
2026-09-01,116061,4.0,0
2026-09-01,116062,4.0,0
2026-09-01,116063,14.0,0
2026-09-01,116064,21.0,0
2026-09-01,116065,21.0,0
2026-09-01,116067,298.0,0
2026-09-01,116107,50.0,0
2026-09-01,116109,25.0,0
2026-09-01,116302,20.5,0
2026-09-01,116340,21.0,0
2026-09-01,116347,73.2,0
2026-09-01,116408,10.4,0
2026-09-01,116450,7.3,0
2026-09-01,116451,35.0,0
2026-09-01,116500,64.7,0
2026-09-01,116501,64.7,0
2026-09-01,116517,9.6,0
2026-09-01,116622,29.0,0
2026-09-01,116623,29.0,0
2026-09-01,116690,27.0,0
2026-09-01,116840,9.5,0
2026-09-01,117004,355.0,0
2026-09-01,117006,103.0,0
2026-09-01,117007,102.0,0
2026-09-01,117031,41.5,0
2026-09-01,117071,10.7,0
2026-09-01,117072,10.7,0
2026-09-01,117074,10.7,0
2026-09-01,117077,15.0,0
2026-09-01,117101,4.0,0
2026-09-01,117103,7.5,0
2026-09-01,117140,39.0,0
2026-09-01,117141,39.0,0
2026-09-01,117151,90.4,0
2026-09-01,117170,43.0,0
2026-09-01,117188,16.0,0
2026-09-01,117560,78.0,0
2026-09-01,117757,12.2,0
2026-09-01,117773,11.5,0
2026-09-01,117781,3.6,0
2026-09-01,117810,31.0,0
2026-09-01,117977,13.3,0
2026-09-01,117994,11.5,0
2026-09-01,118028,4.0,0
2026-09-01,118116,33.5,0
2026-09-01,118141,60.6,0
2026-09-01,118144,13.8,0
2026-09-01,118188,39.5,0
2026-09-01,118400,56.0,0
2026-09-01,118410,53.0,0
2026-09-01,118411,47.0,0
2026-09-01,118557,103.0,0
2026-09-01,118777,17.0,0
2026-09-01,118800,18.7,0
2026-09-01,118870,79.0,0
2026-09-01,118871,46.5,0
2026-09-01,118873,70.0,0
2026-09-01,118874,18.0,0
2026-09-01,118875,37.0,0
2026-09-01,118879,61.0,0
2026-09-01,118923,18.7,0
2026-09-01,119008,33.5,0
2026-09-01,119009,9.3,0
2026-09-01,119012,67.1,0
2026-09-01,119013,67.1,0
2026-09-01,119014,26.0,0
2026-09-01,119023,44.9,0
2026-09-01,119032,18.7,0
2026-09-01,119040,19.0,0
2026-09-01,119148,12.5,0
2026-09-01,119156,4.6,0
2026-09-01,119229,19.3,0
2026-09-01,119308,27.5,0
2026-09-01,119314,15.6,0
2026-09-01,119317,47.0,0
2026-09-01,119355,15.5,0
2026-09-01,119356,15.5,0
2026-09-01,119396,22.0,0
2026-09-01,119397,22.0,0
2026-09-01,119398,22.0,0
2026-09-01,119427,50.9,0
2026-09-01,119442,29.0,0
2026-09-01,119460,13.0,0
2026-09-01,119491,22.9,0
2026-09-01,119501,15.0,0
2026-09-01,119570,30.0,0
2026-09-01,119574,30.0,0
2026-09-01,119576,30.0,0
2026-09-01,119760,31.5,0
2026-09-01,119785,23.0,0
2026-09-01,119786,20.0,0
2026-09-01,119906,18.0,0
2026-09-01,120045,28.0,0
2026-09-01,120065,15.0,0
2026-09-01,120121,155.0,0
2026-09-01,120219,12.0,0
2026-09-01,120243,11.0,0
2026-09-01,120251,11.5,0
2026-09-01,120294,35.0,0
2026-09-01,120523,30.7,0
2026-09-01,120524,30.7,0
2026-09-01,120528,20.0,0
2026-09-01,120531,29.6,0
2026-09-01,120532,58.8,0
2026-09-01,120534,29.6,0
2026-09-01,120535,58.8,0
2026-09-01,120545,18.0,0
2026-09-01,120565,20.0,0
2026-09-01,120566,40.0,0
2026-09-01,120567,40.0,0
2026-09-01,120568,40.0,0
2026-09-01,120573,12.8,0
2026-09-01,120574,127.5,0
2026-09-01,120579,15.0,0
2026-09-01,120717,15.2,0
2026-09-01,120718,18.2,0
2026-09-01,120719,25.0,0
2026-09-01,120720,22.8,0
2026-09-01,120726,19.0,0
2026-09-01,121353,32.0,0
2026-09-01,121439,60.0,0
2026-09-01,121452,39.5,0
2026-09-01,121538,48.9,0
2026-09-01,121564,57.0,0
2026-09-01,121573,30.0,0
2026-09-01,121592,29.5,0
2026-09-01,121821,15.0,0
2026-09-01,121826,10.0,0
2026-09-01,121828,26.0,0
2026-09-01,121877,22.0,0
2026-09-01,121880,13.0,0
2026-09-01,121883,27.0,0
2026-09-01,121886,20.0,0
2026-09-01,121888,21.9,0
2026-09-01,121889,15.9,0
2026-09-01,121890,15.9,0
2026-09-01,121891,15.9,0
2026-09-01,121892,15.9,0
2026-09-01,121893,11.5,0
2026-09-01,121894,14.9,0
2026-09-01,121896,11.9,0
2026-09-01,121897,11.5,0
2026-09-01,121899,13.9,0
2026-09-01,121915,30.5,0
2026-09-01,121916,67.5,0
2026-09-01,121930,59.0,0
2026-09-01,122018,15.7,0
2026-09-01,122021,220.0,0
2026-09-01,122023,25.0,0
2026-09-01,122050,67.0,0
2026-09-01,122093,90.0,0
2026-09-01,122097,11.5,0
2026-09-01,122157,13.5,0
2026-09-01,122191,65.0,0
2026-09-01,122735,145.5,0
2026-09-01,122737,112.0,0
2026-09-01,122738,13.8,0
2026-09-01,122741,31.3,0
2026-09-01,122745,116.2,0
2026-09-01,122748,22.8,0
2026-09-01,122807,12.0,0
2026-09-01,122815,9.0,0
2026-09-01,122823,26.0,0
2026-09-01,122881,62.0,0
2026-09-01,122883,98.0,0
2026-09-01,122884,62.0,0
2026-09-01,122885,83.0,0
2026-09-01,122911,21.0,0
2026-09-01,122925,21.0,0
2026-09-01,122957,23.0,0
2026-09-01,122980,21.0,0
2026-09-01,123024,14.3,0
2026-09-01,123059,3.4,0
2026-09-01,123333,45.0,0
2026-09-01,123334,35.5,0
2026-09-01,123617,24.7,0
2026-09-01,125026,6.6,0
2026-09-01,125717,6.8,0
2026-09-01,125719,6.8,0
2026-09-01,126011,19.0,0
2026-09-01,126012,43.8,0
2026-09-01,126015,40.0,0
2026-09-01,126024,62.0,0
2026-09-01,126489,9.5,0
2026-09-01,126519,32.5,0
2026-09-01,126587,79.5,0
2026-09-01,126758,49.9,0
2026-09-01,127969,38.0,0
2026-09-01,127970,38.0,0
2026-09-01,128317,25.5,0
2026-09-01,128538,75.0,0
2026-09-01,129240,8.5,0
2026-09-01,129275,40.0,0
2026-09-01,129283,9.4,0
2026-09-01,129356,24.0,0
2026-09-01,129364,24.0,0
2026-09-01,129453,24.0,0
2026-09-01,129461,9.8,0
2026-09-01,129470,9.2,0
2026-09-01,129798,18.0,0
2026-09-01,129984,18.0,0
2026-09-01,131132,64.7,0
2026-09-01,131134,64.7,0
2026-09-01,131135,64.7,0
2026-09-01,131241,20.1,0
2026-09-01,131292,118.6,0
2026-09-01,131407,145.0,0
2026-09-01,131423,55.0,0
2026-09-01,131458,26.8,0
2026-09-01,131466,54.0,0
2026-09-01,131474,13.0,0
2026-09-01,131502,13.0,0
2026-09-01,131829,31.2,0
2026-09-01,131830,31.2,0
2026-09-01,131831,34.8,0
2026-09-01,131832,34.8,0
2026-09-01,131857,12.2,0
2026-09-01,131908,12.0,0
2026-09-01,131938,18.0,0
2026-09-01,131941,41.1,0
2026-09-01,132269,43.0,0
2026-09-01,132270,44.5,0
2026-09-01,132271,38.0,0
2026-09-01,132272,43.0,0
2026-09-01,132273,42.5,0
2026-09-01,132274,42.5,0
2026-09-01,132275,49.5,0
2026-09-01,132277,49.5,0
2026-09-01,132477,102.0,0
2026-09-01,132478,102.0,0
2026-09-01,132489,76.0,0
2026-09-01,132519,33.0,0
2026-09-01,132527,30.5,0
2026-09-01,132608,7.5,0
2026-09-01,133566,55.5,0
2026-09-01,133795,190.0,0
2026-09-01,134261,20.2,0
2026-09-01,135135,156.0,0
2026-09-01,135143,172.0,0
2026-09-01,135194,36.5,0
2026-09-01,135216,34.0,0
2026-09-01,135623,47.5,0
2026-09-01,136379,5.0,0
2026-09-01,136476,83.5,0
2026-09-01,137022,20.5,0
2026-09-01,137677,8.0,0
2026-09-01,137901,19.5,0
2026-09-01,137910,19.5,0
2026-09-01,137928,19.5,0
2026-09-01,137936,19.5,0
2026-09-01,138038,24.5,0
2026-09-01,138058,134.0,0
2026-09-01,138215,12.0,0
2026-09-01,138223,13.0,0
2026-09-01,138231,13.0,0
2026-09-01,138304,39.0,0
2026-09-01,138614,6.3,0
2026-09-01,138860,9.0,0
2026-09-01,139386,49.0,0
2026-09-01,139394,110.0,0
2026-09-01,139521,65.0,0
2026-09-01,139653,73.0,0
2026-09-01,139718,56.5,0
2026-09-01,139807,44.0,0
2026-09-01,139963,65.0,0
2026-09-01,140376,22.0,0
2026-09-01,140465,21.5,0
2026-09-01,140805,24.9,0
2026-09-01,140848,26.0,0
2026-09-01,141100,8.7,0
2026-09-01,141135,6.5,0
2026-09-01,141414,11.1,0
2026-09-01,141510,30.0,0
2026-09-01,141515,57.0,0
2026-09-01,141958,108.0,0
2026-09-01,141959,50.0,0
2026-09-01,142233,32.0,0
2026-09-01,142956,18.0,0
2026-09-01,143010,90.0,0
2026-09-01,143049,7.8,0
2026-09-01,143051,8.0,0
2026-09-01,143487,520.0,0
2026-09-01,143804,41.3,0
2026-09-01,143863,98.0,0
2026-09-01,143871,55.0,0
2026-09-01,144460,68.0,0
2026-09-01,144800,19.8,0
2026-09-01,145299,12.5,0
2026-09-01,145432,44.2,0
2026-09-01,146064,6.6,0
2026-09-01,146366,32.0,0
2026-09-01,146455,35.0,0
2026-09-01,146536,47.0,0
2026-09-01,146560,14.0,0
2026-09-01,146625,16.0,0
2026-09-01,146633,16.0,0
2026-09-01,146749,34.0,0
2026-09-01,147206,230.0,0
2026-09-01,148482,22.5,0
2026-09-01,148520,10.7,0
2026-09-01,148547,20.5,0
2026-09-01,149268,42.5,0
2026-09-01,149659,28.4,0
2026-09-01,150006,156.0,0
2026-09-01,150058,377.0,0
2026-09-01,150180,17.5,0
2026-09-01,150182,28.5,0
2026-09-01,150401,28.0,0
2026-09-01,150418,13.8,0
2026-09-01,150521,190.0,0
2026-09-01,150534,399.0,0
2026-09-01,150536,12.8,0
2026-09-01,150561,30.5,0
2026-09-01,150677,55.0,0
2026-09-01,150681,4.0,0
2026-09-01,150682,43.5,0
2026-09-01,150695,118.0,0
2026-09-01,150709,27.5,0
2026-09-01,150765,16.5,0
2026-09-01,150776,18.3,0
2026-09-01,150779,10.8,0
2026-09-01,150812,36.0,0
2026-09-01,150816,47.0,0
2026-09-01,150817,68.0,0
2026-09-01,150877,30.9,0
2026-09-01,150933,60.0,0
2026-09-01,150941,68.0,0
2026-09-01,150947,22.0,0
2026-09-01,151031,15.8,0
2026-09-01,151035,15.8,0
2026-09-01,151037,15.8,0
2026-09-01,151039,15.8,0
2026-09-01,151115,88.5,0
2026-09-01,151117,87.5,0
2026-09-01,151128,50.0,0
2026-09-01,151131,78.5,0
2026-09-01,151140,9.3,0
2026-09-01,151199,48.8,0
2026-09-01,151269,14.9,0
2026-09-01,151273,14.9,0
2026-09-01,151302,87.5,0
2026-09-01,151325,125.0,0
2026-09-01,151384,23.5,0
2026-09-01,151395,31.5,0
2026-09-01,151398,23.5,0
2026-09-01,151411,140.0,0
2026-09-01,151508,58.0,0
2026-09-01,151555,120.0,0
2026-09-01,151568,120.0,0
2026-09-01,151576,25.0,0
2026-09-01,151594,56.5,0
2026-09-01,151595,85.0,0
2026-09-01,151903,72.0,0
2026-09-01,152202,77.4,0
2026-09-01,152204,32.0,0
2026-09-01,152310,54.1,0
2026-09-01,152420,33.0,0
2026-09-01,152790,60.0,0
2026-09-01,152816,15.0,0
2026-09-01,152820,47.0,0
2026-09-01,152824,15.0,0
2026-09-01,153017,6.9,0
2026-09-01,153026,6.9,0
2026-09-01,153119,15.0,0
2026-09-01,153312,52.0,0
2026-09-01,153535,269.0,0
2026-09-01,153648,29.0,0
2026-09-01,153700,16.7,0
2026-09-01,153702,15.0,0
2026-09-01,153705,10.3,0
2026-09-01,153710,46.0,0
2026-09-01,153823,31.2,0
2026-09-01,153907,3.5,0
2026-09-01,154270,134.0,0
2026-09-01,154326,95.0,0
2026-09-01,155144,16.4,0
2026-09-01,155152,14.4,0
2026-09-01,155713,5.0,0
2026-09-01,155719,60.0,0
2026-09-01,155720,45.0,0
2026-09-01,155724,33.0,0
2026-09-01,155725,49.0,0
2026-09-01,155726,22.5,0
2026-09-01,155727,47.0,0
2026-09-01,155763,10.6,0
2026-09-01,155765,89.7,0
2026-09-01,155766,23.0,0
2026-09-01,155768,11.6,0
2026-09-01,155770,10.7,0
2026-09-01,155771,10.6,0
2026-09-01,155787,75.0,0
2026-09-01,155788,75.0,0
2026-09-01,155789,76.0,0
2026-09-01,155790,83.0,0
2026-09-01,155809,205.0,0
2026-09-01,155810,205.0,0
2026-09-01,155812,51.6,0
2026-09-01,155813,80.6,0
2026-09-01,155928,19.0,0
2026-09-01,156203,185.0,0
2026-09-01,156204,185.0,0
2026-09-01,156205,83.0,0
2026-09-01,156206,83.0,0
2026-09-01,156207,83.0,0
2026-09-01,156208,83.0,0
2026-09-01,156211,185.0,0
2026-09-01,156213,198.8,0
2026-09-01,156248,10.8,0
2026-09-01,157147,14.5,0
2026-09-01,157700,23.5,0
2026-09-01,157721,205.0,0
2026-09-01,157722,41.9,0
2026-09-01,157723,41.9,0
2026-09-01,157725,20.6,0
2026-09-01,157732,199.4,0
2026-09-01,158526,69.0,0
2026-09-01,158569,142.5,0
2026-09-01,158739,58.0,0
2026-09-01,158747,58.0,0
2026-09-01,158815,32.9,0
2026-09-01,158829,4.3,0
2026-09-01,158830,4.3,0
2026-09-01,158895,78.0,0
2026-09-01,160121,9.6,0
2026-09-01,160148,38.6,0
2026-09-01,160160,19.6,0
2026-09-01,160161,19.6,0
2026-09-01,161169,19.0,0
2026-09-01,161928,42.0,0
2026-09-01,161929,62.0,0
2026-09-01,162035,74.8,0
2026-09-01,162036,33.6,0
2026-09-01,162042,18.7,0
2026-09-01,162043,33.6,0
2026-09-01,162104,120.0,0
2026-09-01,162154,26.0,0
2026-09-01,162165,32.0,0
2026-09-01,162434,3.5,0
2026-09-01,162515,83.0,0
2026-09-01,164216,14.5,0
2026-09-01,164325,90.0,0
2026-09-01,164372,5.8,0
2026-09-01,164380,22.0,0
2026-09-01,165182,12.0,0
2026-09-01,165310,19.5,0
2026-09-01,165735,39.0,0
2026-09-01,165743,39.5,0
2026-09-01,165890,25.0,0
2026-09-01,165971,43.6,0
2026-09-01,165972,53.1,0
2026-09-01,166332,12.5,0
2026-09-01,167197,34.0,0
2026-09-01,168270,66.0,0
2026-09-01,169010,57.4,0
2026-09-01,169856,34.9,0
2026-09-01,170429,12.5,0
2026-09-01,170712,184.5,0
2026-09-01,171107,15.6,0
2026-09-01,171115,15.0,0
2026-09-01,171158,14.4,0
2026-09-01,172006,49.0,0
2026-09-01,172014,79.0,0
2026-09-01,173544,35.5,0
2026-09-01,173545,35.5,0
2026-09-01,174661,32.5,0
2026-09-01,174670,6.7,0
2026-09-01,174700,290.0,0
2026-09-01,174726,195.0,0
2026-09-01,174742,9.5,0
2026-09-01,174749,23.9,0
2026-09-01,174751,23.9,0
2026-09-01,174753,7.5,0
2026-09-01,174754,7.5,0
2026-09-01,174755,20.4,0
2026-09-01,174756,20.4,0
2026-09-01,174757,20.4,0
2026-09-01,174762,20.0,0
2026-09-01,174765,62.5,0
2026-09-01,174766,85.6,0
2026-09-01,174767,15.0,0
2026-09-01,174768,24.5,0
2026-09-01,174770,22.5,0
2026-09-01,175020,25.0,0
2026-09-01,175021,25.0,0
2026-09-01,175023,19.5,0
2026-09-01,175024,19.5,0
2026-09-01,175025,19.5,0
2026-09-01,175029,34.0,0
2026-09-01,175031,25.0,0
2026-09-01,175032,28.0,0
2026-09-01,175033,25.0,0
2026-09-01,175034,25.0,0
2026-09-01,175161,12.1,0
2026-09-01,175755,7.5,0
2026-09-01,175790,17.0,0
2026-09-01,176133,859.0,0
2026-09-01,176508,13.3,0
2026-09-01,176559,13.3,0
2026-09-01,176567,13.2,0
2026-09-01,177113,94.9,0
2026-09-01,177652,3.6,0
2026-09-01,177871,16.5,0
2026-09-01,177881,235.0,0
2026-09-01,178047,76.1,0
2026-09-01,178136,203.0,0
2026-09-01,178225,103.0,0
2026-09-01,178551,11.5,0
2026-09-01,178632,21.5,0
2026-09-01,179191,19.6,0
2026-09-01,179264,14.0,0
2026-09-01,181704,18.0,0
2026-09-01,181710,21.0,0
2026-09-01,181711,50.0,0
2026-09-01,181718,81.5,0
2026-09-01,182036,31.9,0
2026-09-01,182287,73.0,0
2026-09-01,183018,54.0,0
2026-09-01,183020,82.2,0
2026-09-01,187818,21.0,0
2026-09-01,187877,78.5,0
2026-09-01,187971,6.2,0
2026-09-01,189359,260.0,0
2026-09-01,189375,230.0,0
2026-09-01,191630,20.6,0
2026-09-01,191841,9.5,0
2026-09-01,191950,125.0,0
2026-09-01,191953,420.0,0
2026-09-01,191954,420.0,0
2026-09-01,192010,20.0,0
2026-09-01,192686,43.0,0
2026-09-01,193828,33.6,0
2026-09-01,193946,34.0,0
2026-09-01,194175,61.0,0
2026-09-01,195447,33.9,0
2026-09-01,195626,69.0,0
2026-09-01,195634,69.0,0
2026-09-01,197487,98.0,0
2026-09-01,198002,10.7,0
2026-09-01,198005,32.5,0
2026-09-01,198011,9.0,0
2026-09-01,198012,9.0,0
2026-09-01,198480,248.0,0
2026-09-01,198596,52.5,0
2026-09-01,198597,70.0,0
2026-09-01,198600,41.8,0
2026-09-01,199958,109.0,0
2026-09-01,200185,15.7,0
2026-09-01,200225,15.5,0
2026-09-01,200226,22.5,0
2026-09-01,200278,7.7,0
2026-09-01,200326,11.5,0
2026-09-01,200327,6.3,0
2026-09-01,200435,18.0,0
2026-09-01,200496,69.0,0
2026-09-01,200715,58.5,0
2026-09-01,200753,7.8,0
2026-09-01,201015,18.0,0
2026-09-01,201112,24.0,0
2026-09-01,201228,53.0,0
2026-09-01,201280,26.5,0
2026-09-01,201281,35.0,0
2026-09-01,201282,21.0,0
2026-09-01,201293,45.5,0
2026-09-01,201339,27.0,0
2026-09-01,201341,14.7,0
2026-09-01,201350,3.0,0
2026-09-01,201354,41.0,0
2026-09-01,201577,169.0,0
2026-09-01,201778,12.7,0
2026-09-01,201816,75.5,0
2026-09-01,201898,26.2,0
2026-09-01,201971,12.0,0
2026-09-01,202002,75.0,0
2026-09-01,202088,18.4,0
2026-09-01,202097,82.5,0
2026-09-01,202131,28.0,0
2026-09-01,202132,17.0,0
2026-09-01,202133,39.9,0
2026-09-01,202135,17.0,0
2026-09-01,202136,22.9,0
2026-09-01,202137,22.9,0
2026-09-01,202140,40.9,0
2026-09-01,202155,7.5,0
2026-09-01,202170,35.5,0
2026-09-01,202175,28.0,0
2026-09-01,202218,22.0,0
2026-09-01,202273,12.0,0
2026-09-01,202276,99.0,0
2026-09-01,202504,16.1,0
2026-09-01,202781,35.0,0
2026-09-01,202782,35.0,0
2026-09-01,202783,35.0,0
2026-09-01,203080,22.6,0
2026-09-01,203138,39.9,0
2026-09-01,203149,74.0,0
2026-09-01,203152,61.5,0
2026-09-01,203153,62.5,0
2026-09-01,203156,62.5,0
2026-09-01,203159,15.0,0
2026-09-01,203227,28.5,0
2026-09-01,203522,20.9,0
2026-09-01,203580,89.0,0
2026-09-01,203584,105.0,0
2026-09-01,203585,209.0,0
2026-09-01,203707,16.5,0
2026-09-01,203710,10.5,0
2026-09-01,203718,233.0,0
2026-09-01,204017,227.0,0
2026-09-01,204035,47.0,0
2026-09-01,204109,42.0,0
2026-09-01,204199,495.0,0
2026-09-01,204251,7.0,0
2026-09-01,204310,28.5,0
2026-09-01,204311,16.5,0
2026-09-01,204318,28.5,0
2026-09-01,204319,39.0,0
2026-09-01,204487,31.5,0
2026-09-01,204549,99.0,0
2026-09-01,204550,22.5,0
2026-09-01,204762,6.7,0
2026-09-01,204763,6.7,0
2026-09-01,204764,6.7,0
2026-09-01,204767,6.7,0
2026-09-01,204768,6.7,0
2026-09-01,204811,12.0,0
2026-09-01,204817,16.2,0
2026-09-01,205177,72.0,0
2026-09-01,205213,220.0,0
2026-09-01,205605,11.5,0
2026-09-01,205776,30.5,0
2026-09-01,205871,50.0,0
2026-09-01,205877,50.0,0
2026-09-01,205975,40.5,0
2026-09-01,205976,40.5,0
2026-09-01,205981,8.5,0
2026-09-01,206718,15.5,0
2026-09-01,206779,1085.0,0
2026-09-01,206818,12.7,0
2026-09-01,206820,12.7,0
2026-09-01,206879,35.0,0
2026-09-01,207174,19.0,0
2026-09-01,207365,5.0,0
2026-09-01,207373,5.0,0
2026-09-01,207710,17.0,0
2026-09-01,207795,16.5,0
2026-09-01,207797,22.0,0
2026-09-01,207901,9.5,0
2026-09-01,208178,6.5,0
2026-09-01,208395,22.0,0
2026-09-01,208612,16.0,0
2026-09-01,208639,31.0,0
2026-09-01,208717,47.5,0
2026-09-01,209060,30.5,0
2026-09-01,209061,26.8,0
2026-09-01,209064,26.8,0
2026-09-01,209067,26.8,0
2026-09-01,209071,55.0,0
2026-09-01,209072,18.0,0
2026-09-01,209078,88.9,0
2026-09-01,209087,20.0,0
2026-09-01,209088,20.0,0
2026-09-01,209089,15.6,0
2026-09-01,209091,15.6,0
2026-09-01,209105,42.0,0
2026-09-01,209106,15.0,0
2026-09-01,209107,27.0,0
2026-09-01,209109,8.5,0
2026-09-01,209110,8.5,0
2026-09-01,209121,54.4,0
2026-09-01,209122,77.4,0
2026-09-01,209125,67.1,0
2026-09-01,209126,13.4,0
2026-09-01,209127,8.1,0
2026-09-01,209128,17.0,0
2026-09-01,209163,15.6,0
2026-09-01,209260,7.0,0
2026-09-01,209273,20.4,0
2026-09-01,209274,22.4,0
2026-09-01,209325,34.0,0
2026-09-01,209533,17.0,0
2026-09-01,209534,68.6,0
2026-09-01,209542,34.4,0
2026-09-01,209544,30.7,0
2026-09-01,209545,30.7,0
2026-09-01,209547,30.7,0
2026-09-01,209549,24.2,0
2026-09-01,209701,15.0,0
2026-09-01,209703,15.0,0
2026-09-01,209714,75.0,0
2026-09-01,209718,4.5,0
2026-09-01,209730,15.0,0
2026-09-01,209731,15.0,0
2026-09-01,209735,4.5,0
2026-09-01,209736,4.5,0
2026-09-01,209741,7.8,0
2026-09-01,209775,6.5,0
2026-09-01,209777,5.5,0
2026-09-01,209778,149.0,0
2026-09-01,210001,8.5,0
2026-09-01,210002,29.0,0
2026-09-01,210005,7.0,0
2026-09-01,210016,75.0,0
2026-09-01,210017,18.5,0
2026-09-01,210018,129.0,0
2026-09-01,210026,15.0,0
2026-09-01,210027,14.0,0
2026-09-01,210030,13.5,0
2026-09-01,210031,29.0,0
2026-09-01,210032,10.8,0
2026-09-01,210034,22.0,0
2026-09-01,210035,32.5,0
2026-09-01,210036,32.5,0
2026-09-01,210037,32.5,0
2026-09-01,210038,32.5,0
2026-09-01,210039,15.0,0
2026-09-01,210040,15.0,0
2026-09-01,210041,15.0,0
2026-09-01,210042,12.5,0
2026-09-01,210043,12.5,0
2026-09-01,210044,85.0,0
2026-09-01,210050,11.0,0
2026-09-01,210051,16.0,0
2026-09-01,210053,35.0,0
2026-09-01,210054,37.0,0
2026-09-01,210055,37.0,0
2026-09-01,210062,11.8,0
2026-09-01,210064,125.0,0
2026-09-01,210065,14.5,0
2026-09-01,210066,16.5,0
2026-09-01,210068,15.0,0
2026-09-01,210069,15.5,0
2026-09-01,210070,15.0,0
2026-09-01,210071,15.0,0
2026-09-01,210072,15.0,0
2026-09-01,210080,26.0,0
2026-09-01,210081,10.0,0
2026-09-01,210082,10.0,0
2026-09-01,210083,40.5,0
2026-09-01,210084,75.5,0
2026-09-01,210086,35.5,0
2026-09-01,210500,11.8,0
2026-09-01,210502,7.3,0
2026-09-01,210504,5.0,0
2026-09-01,210505,10.2,0
2026-09-01,210718,67.0,0
2026-09-01,210987,318.0,0
2026-09-01,211002,91.0,0
2026-09-01,211003,91.0,0
2026-09-01,211004,11.8,0
2026-09-01,211005,29.5,0
2026-09-01,211006,29.5,0
2026-09-01,211007,9.0,0
2026-09-01,211008,9.0,0
2026-09-01,211010,72.0,0
2026-09-01,211012,11.5,0
2026-09-01,211014,14.5,0
2026-09-01,211016,28.8,0
2026-09-01,211017,32.5,0
2026-09-01,211729,38.0,0
2026-09-01,211782,51.5,0
2026-09-01,213015,27.4,0
2026-09-01,213016,27.4,0
2026-09-01,213764,120.0,0
2026-09-01,215252,2.7,0
2026-09-01,215422,67.5,0
2026-09-01,215771,35.0,0
2026-09-01,215773,30.5,0
2026-09-01,215777,485.0,0
2026-09-01,215780,11.5,0
2026-09-01,215787,9.5,0
2026-09-01,215996,6.5,0
2026-09-01,216046,25.0,0
2026-09-01,216771,21.0,0
2026-09-01,217042,41.5,0
2026-09-01,217122,11.7,0
2026-09-01,217125,5.5,0
2026-09-01,217126,5.5,0
2026-09-01,217127,5.5,0
2026-09-01,217133,16.4,0
2026-09-01,217136,14.8,0
2026-09-01,217137,12.9,0
2026-09-01,217138,23.0,0
2026-09-01,217171,7.5,0
2026-09-01,217441,4.4,0
2026-09-01,217735,235.0,0
2026-09-01,217743,18.2,0
2026-09-01,217791,13.5,0
2026-09-01,218480,6.5,0
2026-09-01,218634,25.0,0
2026-09-01,218781,43.5,0
2026-09-01,218788,7.2,0
2026-09-01,219452,47.0,0
2026-09-01,219703,44.0,0
2026-09-01,219746,85.0,0
2026-09-01,219787,11.0,0
2026-09-01,220069,13.9,0
2026-09-01,220111,30.8,0
2026-09-01,220130,36.9,0
2026-09-01,220365,171.0,0
2026-09-01,220368,61.0,0
2026-09-01,220372,61.0,0
2026-09-01,220374,61.0,0
2026-09-01,220376,34.0,0
2026-09-01,220377,23.4,0
2026-09-01,220378,11.7,0
2026-09-01,220389,31.0,0
2026-09-01,220390,31.0,0
2026-09-01,220404,50.0,0
2026-09-01,220405,50.0,0
2026-09-01,220406,50.0,0
2026-09-01,220412,18.0,0
2026-09-01,220413,15.6,0
2026-09-01,220454,20.5,0
2026-09-01,220511,54.4,0
2026-09-01,220513,107.8,0
2026-09-01,220514,107.8,0
2026-09-01,220519,34.5,0
2026-09-01,220520,3.5,0
2026-09-01,220521,7.7,0
2026-09-01,220522,32.6,0
2026-09-01,220524,7.8,0
2026-09-01,220525,6.5,0
2026-09-01,220526,19.0,0
2026-09-01,220571,39.0,0
2026-09-01,220580,57.0,0
2026-09-01,220581,14.9,0
2026-09-01,220600,29.4,0
2026-09-01,220640,12.2,0
2026-09-01,220661,45.0,0
2026-09-01,220662,47.0,0
2026-09-01,220664,50.5,0
2026-09-01,220667,36.0,0
2026-09-01,220669,43.0,0
2026-09-01,220676,52.0,0
2026-09-01,220678,14.4,0
2026-09-01,220679,14.4,0
2026-09-01,220700,15.6,0
2026-09-01,220702,15.6,0
2026-09-01,220703,15.6,0
2026-09-01,220704,15.6,0
2026-09-01,220705,15.6,0
2026-09-01,220706,15.6,0
2026-09-01,220707,14.4,0
2026-09-01,220708,20.4,0
2026-09-01,220711,20.4,0
2026-09-01,220712,20.4,0
2026-09-01,220713,20.4,0
2026-09-01,220714,20.4,0
2026-09-01,220725,31.5,0
2026-09-01,220726,31.5,0
2026-09-01,220727,31.5,0
2026-09-01,220740,13.9,0
2026-09-01,220741,27.3,0
2026-09-01,220742,12.2,0
2026-09-01,220743,12.2,0
2026-09-01,220762,18.0,0
2026-09-01,220788,12.0,0
2026-09-01,220792,38.6,0
2026-09-01,220810,87.5,0
2026-09-01,220877,125.0,0
2026-09-01,220878,125.0,0
2026-09-01,220907,156.8,0
2026-09-01,220913,18.2,0
2026-09-01,220923,23.6,0
2026-09-01,220924,18.5,0
2026-09-01,220928,13.2,0
2026-09-01,220970,29.9,0
2026-09-01,220971,29.9,0
2026-09-01,220975,29.9,0
2026-09-01,220976,26.9,0
2026-09-01,220977,26.9,0
2026-09-01,221107,100.0,0
2026-09-01,221109,100.0,0
2026-09-01,221212,149.9,0
2026-09-01,221376,14.2,0
2026-09-01,221505,46.5,0
2026-09-01,221506,35.5,0
2026-09-01,221718,20.0,0
2026-09-01,221821,16.5,0
2026-09-01,221922,107.5,0
2026-09-01,221924,44.9,0
2026-09-01,221925,64.9,0
2026-09-01,221926,64.9,0
2026-09-01,221954,398.0,0
2026-09-01,221955,640.0,0
2026-09-01,221961,47.0,0
2026-09-01,222070,25.0,0
2026-09-01,222126,32.0,0
2026-09-01,222128,56.3,0
2026-09-01,222129,56.3,0
2026-09-01,222130,56.3,0
2026-09-01,222131,16.0,0
2026-09-01,222132,56.3,0
2026-09-01,222133,56.3,0
2026-09-01,222134,56.3,0
2026-09-01,222136,56.3,0
2026-09-01,222137,56.3,0
2026-09-01,222142,69.0,0
2026-09-01,222145,53.5,0
2026-09-01,222148,69.0,0
2026-09-01,222149,46.5,0
2026-09-01,222156,39.4,0
2026-09-01,222163,24.9,0
2026-09-01,222165,79.6,0
2026-09-01,222168,27.6,0
2026-09-01,222169,38.1,0
2026-09-01,222170,26.4,0
2026-09-01,222184,21.0,0
2026-09-01,222187,72.5,0
2026-09-01,222188,61.3,0
2026-09-01,222189,61.3,0
2026-09-01,222191,61.3,0
2026-09-01,222192,61.3,0
2026-09-01,222193,61.3,0
2026-09-01,222196,45.0,0
2026-09-01,222198,5.5,0
2026-09-01,222199,5.5,0
2026-09-01,222200,47.0,0
2026-09-01,222227,64.8,0
2026-09-01,222228,64.8,0
2026-09-01,222229,64.8,0
2026-09-01,222230,64.8,0
2026-09-01,222231,64.8,0
2026-09-01,222234,64.8,0
2026-09-01,222235,9.9,0
2026-09-01,222236,14.0,0
2026-09-01,222237,21.1,0
2026-09-01,222238,21.1,0
2026-09-01,222239,21.1,0
2026-09-01,222240,25.0,0
2026-09-01,222241,21.1,0
2026-09-01,222246,57.5,0
2026-09-01,222252,37.0,0
2026-09-01,222253,37.0,0
2026-09-01,222264,15.0,0
2026-09-01,222265,79.3,0
2026-09-01,222266,79.3,0
2026-09-01,222268,116.2,0
2026-09-01,222279,105.0,0
2026-09-01,222286,15.3,0
2026-09-01,222287,11.5,0
2026-09-01,222288,46.0,0
2026-09-01,222293,36.3,0
2026-09-01,222294,24.4,0
2026-09-01,222305,21.3,0
2026-09-01,222306,22.5,0
2026-09-01,222337,29.2,0
2026-09-01,222338,29.2,0
2026-09-01,222339,29.2,0
2026-09-01,222381,14.6,0
2026-09-01,222382,35.1,0
2026-09-01,222383,35.1,0
2026-09-01,222384,19.4,0
2026-09-01,222399,6.9,0
2026-09-01,222505,18.6,0
2026-09-01,222506,25.2,0
2026-09-01,222507,25.2,0
2026-09-01,222509,25.2,0
2026-09-01,222716,61.0,0
2026-09-01,222757,9.6,0
2026-09-01,222758,9.6,0
2026-09-01,222783,20.9,0
2026-09-01,222807,33.6,0
2026-09-01,222813,16.0,0
2026-09-01,222825,12.0,0
2026-09-01,222924,20.0,0
2026-09-01,222927,15.0,0
2026-09-01,222971,21.9,0
2026-09-01,223035,11.0,0
2026-09-01,223036,10.5,0
2026-09-01,223037,8.5,0
2026-09-01,223038,16.0,0
2026-09-01,223093,7.5,0
2026-09-01,223300,14.6,0
2026-09-01,223345,27.5,0
2026-09-01,223600,36.5,0
2026-09-01,223611,15.0,0
2026-09-01,223614,13.0,0
2026-09-01,223616,100.0,0
2026-09-01,223617,38.0,0
2026-09-01,223619,96.9,0
2026-09-01,223620,36.9,0
2026-09-01,223621,28.9,0
2026-09-01,223626,10.0,0
2026-09-01,223627,10.0,0
2026-09-01,223628,10.0,0
2026-09-01,223630,28.8,0
2026-09-01,223632,32.5,0
2026-09-01,223634,50.0,0
2026-09-01,223635,32.5,0
2026-09-01,223636,32.5,0
2026-09-01,223637,72.5,0
2026-09-01,223638,48.1,0
2026-09-01,223655,65.9,0
2026-09-01,223658,59.0,0
2026-09-01,223663,21.0,0
2026-09-01,223665,21.0,0
2026-09-01,223666,21.0,0
2026-09-01,223670,10.0,0
2026-09-01,223681,15.0,0
2026-09-01,223682,15.0,0
2026-09-01,223706,35.0,0
2026-09-01,223707,40.4,0
2026-09-01,223709,7.5,0
2026-09-01,223710,7.5,0
2026-09-01,223711,7.5,0
2026-09-01,223712,7.5,0
2026-09-01,223713,20.5,0
2026-09-01,223717,52.5,0
2026-09-01,223719,141.4,0
2026-09-01,223720,190.6,0
2026-09-01,223722,42.6,0
2026-09-01,223723,61.8,0
2026-09-01,223724,61.8,0
2026-09-01,223725,40.5,0
2026-09-01,223727,13.3,0
2026-09-01,223730,33.8,0
2026-09-01,223731,25.2,0
2026-09-01,223733,22.0,0
2026-09-01,223734,28.8,0
2026-09-01,223735,24.7,0
2026-09-01,223736,72.0,0
2026-09-01,223737,48.7,0
2026-09-01,223763,14.5,0
2026-09-01,223764,14.5,0
2026-09-01,223765,14.5,0
2026-09-01,223766,14.5,0
2026-09-01,223784,57.0,0
2026-09-01,223785,57.0,0
2026-09-01,223787,46.0,0
2026-09-01,223798,47.0,0
2026-09-01,223800,19.0,0
2026-09-01,223801,12.0,0
2026-09-01,223802,86.5,0
2026-09-01,223804,197.0,0
2026-09-01,223805,7.6,0
2026-09-01,223807,27.5,0
2026-09-01,223809,30.0,0
2026-09-01,223811,94.0,0
2026-09-01,223812,89.3,0
2026-09-01,223821,84.9,0
2026-09-01,223829,17.0,0
2026-09-01,223832,17.0,0
2026-09-01,223833,17.0,0
2026-09-01,223834,17.0,0
2026-09-01,223835,17.0,0
2026-09-01,223836,17.0,0
2026-09-01,223837,17.0,0
2026-09-01,223838,16.5,0
2026-09-01,223839,164.4,0
2026-09-01,223840,164.4,0
2026-09-01,223841,25.0,0
2026-09-01,223852,13.2,0
2026-09-01,223858,13.2,0
2026-09-01,223859,13.2,0
2026-09-01,223873,65.0,0
2026-09-01,223874,65.0,0
2026-09-01,223878,45.0,0
2026-09-01,223879,105.3,0
2026-09-01,223882,163.0,0
2026-09-01,223883,131.0,0
2026-09-01,223885,20.9,0
2026-09-01,223888,17.5,0
2026-09-01,223889,17.5,0
2026-09-01,223890,21.0,0
2026-09-01,223891,21.0,0
2026-09-01,223898,7.9,0
2026-09-01,223899,7.9,0
2026-09-01,223900,9.7,0
2026-09-01,223901,9.7,0
2026-09-01,223902,9.7,0
2026-09-01,223903,9.7,0
2026-09-01,223906,33.1,0
2026-09-01,223909,34.9,0
2026-09-01,223910,20.0,0
2026-09-01,223913,47.0,0
2026-09-01,223917,62.0,0
2026-09-01,223918,78.4,0
2026-09-01,223919,62.0,0
2026-09-01,223920,83.0,0
2026-09-01,223921,78.0,0
2026-09-01,223922,8.9,0
2026-09-01,223923,17.6,0
2026-09-01,223924,25.0,0
2026-09-01,223940,35.0,0
2026-09-01,223941,35.0,0
2026-09-01,223943,35.0,0
2026-09-01,223944,35.0,0
2026-09-01,223945,35.0,0
2026-09-01,223947,19.0,0
2026-09-01,223953,24.9,0
2026-09-01,223954,129.9,0
2026-09-01,223955,14.8,0
2026-09-01,223956,31.5,0
2026-09-01,223958,37.5,0
2026-09-01,223959,37.5,0
2026-09-01,223965,72.5,0
2026-09-01,223966,72.5,0
2026-09-01,223977,32.0,0
2026-09-01,223979,45.0,0
2026-09-01,223981,49.4,0
2026-09-01,223982,49.4,0
2026-09-01,223983,49.4,0
2026-09-01,223993,116.0,0
2026-09-01,223995,122.4,0
2026-09-01,223999,13.6,0
2026-09-01,224000,13.6,0
2026-09-01,224001,13.6,0
2026-09-01,224002,20.7,0
2026-09-01,224003,20.7,0
2026-09-01,224004,20.7,0
2026-09-01,224015,7.0,0
2026-09-01,224019,94.0,0
2026-09-01,224026,77.5,0
2026-09-01,224029,20.1,0
2026-09-01,224033,8.9,0
2026-09-01,224034,22.5,0
2026-09-01,224035,14.1,0
2026-09-01,224036,17.3,0
2026-09-01,224042,33.6,0
2026-09-01,224045,20.0,0
2026-09-01,224070,21.3,0
2026-09-01,224071,21.3,0
2026-09-01,224072,21.3,0
2026-09-01,224075,40.9,0
2026-09-01,224083,107.8,0
2026-09-01,224085,107.8,0
2026-09-01,224086,16.0,0
2026-09-01,224088,155.0,0
2026-09-01,224095,18.6,0
2026-09-01,224097,97.0,0
2026-09-01,224098,85.8,0
2026-09-01,224100,12.0,0
2026-09-01,224101,64.8,0
2026-09-01,224140,17.7,0
2026-09-01,224471,25.0,0
2026-09-01,224477,27.5,0
2026-09-01,224478,56.5,0
2026-09-01,224479,28.0,0
2026-09-01,224798,27.0,0
2026-09-01,224904,25.9,0
2026-09-01,225033,10.7,0
2026-09-01,225034,15.2,0
2026-09-01,225035,20.9,0
2026-09-01,225036,26.0,0
2026-09-01,225038,24.9,0
2026-09-01,225039,45.9,0
2026-09-01,225042,35.3,0
2026-09-01,225049,76.7,0
2026-09-01,225067,52.0,0
2026-09-01,225068,52.0,0
2026-09-01,225069,52.0,0
2026-09-01,225073,52.0,0
2026-09-01,225079,40.0,0
2026-09-01,225080,54.6,0
2026-09-01,225085,21.0,0
2026-09-01,225086,21.0,0
2026-09-01,225087,21.0,0
2026-09-01,225089,25.0,0
2026-09-01,225091,44.2,0
2026-09-01,225094,222.0,0
2026-09-01,225095,222.0,0
2026-09-01,225097,68.3,0
2026-09-01,225098,68.3,0
2026-09-01,225099,35.0,0
2026-09-01,225101,22.5,0
2026-09-01,225102,22.5,0
2026-09-01,225103,7.5,0
2026-09-01,225104,7.5,0
2026-09-01,225105,7.5,0
2026-09-01,225106,42.0,0
2026-09-01,225108,18.0,0
2026-09-01,225109,36.0,0
2026-09-01,225110,24.2,0
2026-09-01,225111,20.0,0
2026-09-01,225112,18.6,0
2026-09-01,225113,108.3,0
2026-09-01,225114,34.7,0
2026-09-01,225115,34.7,0
2026-09-01,225116,56.0,0
2026-09-01,225117,72.0,0
2026-09-01,225119,72.0,0
2026-09-01,225120,76.7,0
2026-09-01,225122,14.0,0
2026-09-01,225124,20.4,0
2026-09-01,225125,27.4,0
2026-09-01,225127,30.7,0
2026-09-01,225128,34.0,0
2026-09-01,225132,30.7,0
2026-09-01,225133,20.4,0
2026-09-01,225135,15.1,0
2026-09-01,225136,20.9,0
2026-09-01,225137,20.9,0
2026-09-01,225147,30.0,0
2026-09-01,225149,13.0,0
2026-09-01,225151,32.5,0
2026-09-01,225152,72.5,0
2026-09-01,225153,45.0,0
2026-09-01,225154,44.2,0
2026-09-01,225155,78.4,0
2026-09-01,225156,78.4,0
2026-09-01,225157,62.0,0
2026-09-01,225158,62.0,0
2026-09-01,225159,83.0,0
2026-09-01,225160,43.8,0
2026-09-01,225163,111.6,0
2026-09-01,225165,24.0,0
2026-09-01,225166,36.1,0
2026-09-01,225167,36.1,0
2026-09-01,225168,51.6,0
2026-09-01,225170,51.6,0
2026-09-01,225171,101.0,0
2026-09-01,225172,101.0,0
2026-09-01,225174,16.0,0
2026-09-01,225175,55.0,0
2026-09-01,225176,75.0,0
2026-09-01,225179,15.0,0
2026-09-01,225180,12.0,0
2026-09-01,225181,38.0,0
2026-09-01,225182,60.0,0
2026-09-01,225183,6.3,0
2026-09-01,225192,56.0,0
2026-09-01,225224,46.2,0
2026-09-01,225225,46.3,0
2026-09-01,225226,81.0,0
2026-09-01,225228,81.0,0
2026-09-01,225229,81.0,0
2026-09-01,225230,81.0,0
2026-09-01,225401,4.4,0
2026-09-01,225510,35.5,0
2026-09-01,225517,15.0,0
2026-09-01,225557,59.0,0
2026-09-01,225580,19.8,0
2026-09-01,225581,12.4,0
2026-09-01,225582,46.0,0
2026-09-01,225585,31.0,0
2026-09-01,225595,33.0,0
2026-09-01,225596,33.0,0
2026-09-01,225598,48.0,0
2026-09-01,225599,48.0,0
2026-09-01,226010,12.6,0
2026-09-01,226014,66.0,0
2026-09-01,226018,14.4,0
2026-09-01,226024,18.6,0
2026-09-01,226026,15.6,0
2026-09-01,226477,40.0,0
2026-09-01,226734,5.5,0
2026-09-01,226873,46.0,0
2026-09-01,227094,22.0,0
2026-09-01,227095,18.7,0
2026-09-01,227096,125.8,0
2026-09-01,227104,199.4,0
2026-09-01,227105,199.4,0
2026-09-01,227108,21.2,0
2026-09-01,227115,100.3,0
2026-09-01,227122,26.9,0
2026-09-01,227123,43.0,0
2026-09-01,227124,23.5,0
2026-09-01,227125,25.0,0
2026-09-01,227126,25.0,0
2026-09-01,227127,25.0,0
2026-09-01,227132,50.0,0
2026-09-01,227133,50.0,0
2026-09-01,227135,15.5,0
2026-09-01,227136,15.5,0
2026-09-01,227138,10.0,0
2026-09-01,227139,19.6,0
2026-09-01,227143,232.0,0
2026-09-01,227149,142.5,0
2026-09-01,227150,142.5,0
2026-09-01,227158,76.7,0
2026-09-01,227160,31.5,0
2026-09-01,227164,31.2,0
2026-09-01,227165,31.2,0
2026-09-01,227166,56.0,0
2026-09-01,227167,76.0,0
2026-09-01,227168,76.0,0
2026-09-01,227169,56.0,0
2026-09-01,227172,56.0,0
2026-09-01,227173,44.5,0
2026-09-01,227174,9.6,0
2026-09-01,227176,50.4,0
2026-09-01,227178,132.0,0
2026-09-01,227179,10.0,0
2026-09-01,227182,14.8,0
2026-09-01,227183,75.2,0
2026-09-01,227194,40.0,0
2026-09-01,227195,35.0,0
2026-09-01,227487,174.5,0
2026-09-01,227712,129.9,0
2026-09-01,227785,59.5,0
2026-09-01,227786,59.5,0
2026-09-01,227820,123.0,0
2026-09-01,227878,24.0,0
2026-09-01,227919,7.7,0
2026-09-01,227951,14.5,0
2026-09-01,228002,22.5,0
2026-09-01,228011,99.0,0
2026-09-01,228012,99.0,0
2026-09-01,228014,19.1,0
2026-09-01,228028,12.0,0
2026-09-01,228032,75.0,0
2026-09-01,228033,75.0,0
2026-09-01,228034,83.0,0
2026-09-01,228043,160.0,0
2026-09-01,228045,160.0,0
2026-09-01,228049,9.7,0
2026-09-01,228054,32.0,0
2026-09-01,228055,18.6,0
2026-09-01,228056,21.6,0
2026-09-01,228057,21.6,0
2026-09-01,228059,21.6,0
2026-09-01,228061,21.6,0
2026-09-01,228062,21.6,0
2026-09-01,228063,21.6,0
2026-09-01,228067,15.5,0
2026-09-01,228069,19.5,0
2026-09-01,228070,19.5,0
2026-09-01,228071,50.0,0
2026-09-01,228073,22.0,0
2026-09-01,228074,21.3,0
2026-09-01,228075,25.0,0
2026-09-01,228076,25.0,0
2026-09-01,228080,9.0,0
2026-09-01,228081,15.0,0
2026-09-01,228082,15.0,0
2026-09-01,228083,72.0,0
2026-09-01,228084,6.6,0
2026-09-01,228085,15.6,0
2026-09-01,228086,31.0,0
2026-09-01,228088,25.0,0
2026-09-01,228089,16.8,0
2026-09-01,228090,16.8,0
2026-09-01,228091,10.0,0
2026-09-01,228092,66.0,0
2026-09-01,228101,36.4,0
2026-09-01,228110,19.4,0
2026-09-01,228111,20.2,0
2026-09-01,228112,25.0,0
2026-09-01,228113,18.9,0
2026-09-01,228114,7.5,0
2026-09-01,228115,11.0,0
2026-09-01,228116,129.0,0
2026-09-01,228120,15.0,0
2026-09-01,228126,56.0,0
2026-09-01,228127,56.0,0
2026-09-01,228128,56.0,0
2026-09-01,228129,76.0,0
2026-09-01,228130,76.0,0
2026-09-01,228131,76.7,0
2026-09-01,228132,55.8,0
2026-09-01,228134,31.5,0
2026-09-01,228137,48.8,0
2026-09-01,228142,32.0,0
2026-09-01,228143,25.6,0
2026-09-01,228144,47.0,0
2026-09-01,228145,105.0,0
2026-09-01,228146,7.5,0
2026-09-01,228147,7.5,0
2026-09-01,228148,7.5,0
2026-09-01,228149,34.0,0
2026-09-01,228151,34.0,0
2026-09-01,228152,34.0,0
2026-09-01,228153,16.8,0
2026-09-01,228154,7.5,0
2026-09-01,228156,11.0,0
2026-09-01,228157,7.5,0
2026-09-01,228158,11.0,0
2026-09-01,228159,85.0,0
2026-09-01,228160,81.3,0
2026-09-01,228162,5.0,0
2026-09-01,228164,8.5,0
2026-09-01,228165,10.5,0
2026-09-01,228166,6.3,0
2026-09-01,228167,4.2,0
2026-09-01,228175,21.0,0
2026-09-01,228178,98.0,0
2026-09-01,228179,62.0,0
2026-09-01,228180,62.0,0
2026-09-01,228181,98.0,0
2026-09-01,228182,78.0,0
2026-09-01,228183,83.0,0
2026-09-01,228193,63.8,0
2026-09-01,228194,43.0,0
2026-09-01,228195,22.2,0
2026-09-01,228197,17.5,0
2026-09-01,228199,44.3,0
2026-09-01,228200,44.3,0
2026-09-01,228201,53.5,0
2026-09-01,228202,68.3,0
2026-09-01,228204,68.3,0
2026-09-01,228205,68.3,0
2026-09-01,228223,27.6,0
2026-09-01,228224,18.2,0
2026-09-01,228225,17.5,0
2026-09-01,228226,7.8,0
2026-09-01,228228,31.8,0
2026-09-01,228229,40.5,0
2026-09-01,228231,61.8,0
2026-09-01,228239,40.7,0
2026-09-01,228240,40.7,0
2026-09-01,228241,20.0,0
2026-09-01,228242,72.0,0
2026-09-01,228244,37.7,0
2026-09-01,228245,20.0,0
2026-09-01,228246,20.0,0
2026-09-01,228247,20.0,0
2026-09-01,228248,28.4,0
2026-09-01,228250,28.4,0
2026-09-01,228269,30.3,0
2026-09-01,228270,24.9,0
2026-09-01,228291,167.0,0
2026-09-01,228296,26.4,0
2026-09-01,228297,21.4,0
2026-09-01,228298,21.4,0
2026-09-01,228299,33.5,0
2026-09-01,228300,26.4,0
2026-09-01,228301,33.6,0
2026-09-01,228302,33.2,0
2026-09-01,228304,21.4,0
2026-09-01,228305,20.0,0
2026-09-01,228306,62.5,0
2026-09-01,228309,7.4,0
2026-09-01,228310,13.5,0
2026-09-01,228312,13.5,0
2026-09-01,228313,13.5,0
2026-09-01,228314,14.4,0
2026-09-01,228315,32.0,0
2026-09-01,228316,32.0,0
2026-09-01,228317,44.0,0
2026-09-01,228318,44.0,0
2026-09-01,228319,50.7,0
2026-09-01,228322,14.8,0
2026-09-01,228323,11.0,0
2026-09-01,228324,14.0,0
2026-09-01,228325,13.5,0
2026-09-01,228326,18.0,0
2026-09-01,228327,31.3,0
2026-09-01,228328,31.3,0
2026-09-01,228329,60.0,0
2026-09-01,228330,45.0,0
2026-09-01,228333,45.0,0
2026-09-01,228334,170.0,0
2026-09-01,228336,13.0,0
2026-09-01,228345,45.0,0
2026-09-01,228347,45.0,0
2026-09-01,228349,45.0,0
2026-09-01,228350,45.0,0
2026-09-01,228351,45.0,0
2026-09-01,228352,45.0,0
2026-09-01,228353,45.0,0
2026-09-01,228356,43.0,0
2026-09-01,228357,30.9,0
2026-09-01,228369,15.0,0
2026-09-01,228371,15.0,0
2026-09-01,228372,15.0,0
2026-09-01,228378,2.8,0
2026-09-01,228379,15.5,0
2026-09-01,228380,13.0,0
2026-09-01,228385,10.0,0
2026-09-01,228386,10.8,0
2026-09-01,228387,18.0,0
2026-09-01,228391,45.0,0
2026-09-01,228392,30.2,0
2026-09-01,228393,12.0,0
2026-09-01,228394,27.2,0
2026-09-01,228395,15.5,0
2026-09-01,228396,22.0,0
2026-09-01,228398,60.0,0
2026-09-01,228402,185.0,0
2026-09-01,228403,105.0,0
2026-09-01,228404,104.0,0
2026-09-01,228405,104.0,0
2026-09-01,228407,93.6,0
2026-09-01,228410,93.6,0
2026-09-01,228412,96.0,0
2026-09-01,228413,96.0,0
2026-09-01,228414,96.0,0
2026-09-01,228415,96.0,0
2026-09-01,228416,96.0,0
2026-09-01,228418,96.0,0
2026-09-01,228420,104.0,0
2026-09-01,228421,104.0,0
2026-09-01,228423,28.9,0
2026-09-01,228450,20.9,0
2026-09-01,228452,20.9,0
2026-09-01,228458,30.0,0
2026-09-01,228459,51.0,0
2026-09-01,228461,68.5,0
2026-09-01,228540,18.5,0
2026-09-01,228671,52.0,0
2026-09-01,228673,6.6,0
2026-09-01,228771,26.5,0
2026-09-01,228975,50.0,0
2026-09-01,228976,17.9,0
2026-09-01,228977,11.6,0
2026-09-01,228978,18.6,0
2026-09-01,228979,25.6,0
2026-09-01,228980,69.5,0
2026-09-01,228981,16.2,0
2026-09-01,228983,23.0,0
2026-09-01,228984,23.0,0
2026-09-01,228985,23.0,0
2026-09-01,228989,30.3,0
2026-09-01,228992,42.6,0
2026-09-01,228993,33.6,0
2026-09-01,228994,42.6,0
2026-09-01,228995,42.6,0
2026-09-01,228996,33.6,0
2026-09-01,228997,38.7,0
2026-09-01,228998,30.3,0
2026-09-01,228999,67.1,0
2026-09-01,229000,30.3,0
2026-09-01,229003,67.1,0
2026-09-01,229004,67.1,0
2026-09-01,229005,32.3,0
2026-09-01,229006,17.0,0
2026-09-01,229007,37.5,0
2026-09-01,229013,18.8,0
2026-09-01,229014,5.0,0
2026-09-01,229015,51.0,0
2026-09-01,229016,17.2,0
2026-09-01,229017,38.0,0
2026-09-01,229018,102.0,0
2026-09-01,229019,17.2,0
2026-09-01,229025,47.9,0
2026-09-01,229026,102.0,0
2026-09-01,229027,17.2,0
2026-09-01,229028,38.0,0
2026-09-01,229029,102.0,0
2026-09-01,229030,17.2,0
2026-09-01,229031,47.9,0
2026-09-01,229033,102.0,0
2026-09-01,229034,12.0,0
2026-09-01,229036,60.0,0
2026-09-01,229037,28.0,0
2026-09-01,229038,28.0,0
2026-09-01,229039,20.0,0
2026-09-01,229042,20.0,0
2026-09-01,229043,5.7,0
2026-09-01,229049,165.0,0
2026-09-01,229073,28.0,0
2026-09-01,229074,28.0,0
2026-09-01,229100,102.0,0
2026-09-01,229101,108.0,0
2026-09-01,229102,108.0,0
2026-09-01,229115,143.0,0
2026-09-01,229123,28.2,0
2026-09-01,229124,58.0,0
2026-09-01,229125,62.7,0
2026-09-01,229127,145.1,0
2026-09-01,229128,23.6,0
2026-09-01,229131,30.0,0
2026-09-01,229132,69.1,0
2026-09-01,229133,47.8,0
2026-09-01,229134,25.7,0
2026-09-01,229135,45.0,0
2026-09-01,229136,25.0,0
2026-09-01,229139,25.0,0
2026-09-01,229140,25.0,0
2026-09-01,229141,56.3,0
2026-09-01,229149,80.9,0
2026-09-01,229151,105.9,0
2026-09-01,229158,35.9,0
2026-09-01,229159,18.9,0
2026-09-01,229160,50.9,0
2026-09-01,229711,17.0,0
2026-09-01,229714,17.0,0
2026-09-01,229718,99.0,0
2026-09-01,229776,6.2,0
2026-09-01,229865,10.0,0
2026-09-01,229874,10.0,0
2026-09-01,229935,20.2,0
2026-09-01,229936,20.2,0
2026-09-01,229937,20.2,0
2026-09-01,229939,21.0,0
2026-09-01,229941,20.2,0
2026-09-01,229954,8.6,0
2026-09-01,230278,245.0,0
2026-09-01,230286,167.0,0
2026-09-01,230350,8.5,0
2026-09-01,230353,13.5,0
2026-09-01,230356,15.2,0
2026-09-01,230358,13.8,0
2026-09-01,230430,148.0,0
2026-09-01,230484,30.0,0
2026-09-01,230485,30.0,0
2026-09-01,230486,137.6,0
2026-09-01,230488,28.8,0
2026-09-01,230489,56.2,0
2026-09-01,230490,56.2,0
2026-09-01,230491,67.8,0
2026-09-01,230492,73.2,0
2026-09-01,230497,10.0,0
2026-09-01,230499,24.5,0
2026-09-01,230517,142.5,0
2026-09-01,230518,137.6,0
2026-09-01,230523,7.9,0
2026-09-01,230524,15.8,0
2026-09-01,230525,45.0,0
2026-09-01,230540,35.9,0
2026-09-01,230541,24.9,0
2026-09-01,230550,45.0,0
2026-09-01,230552,45.0,0
2026-09-01,230554,30.2,0
2026-09-01,230555,21.1,0
2026-09-01,230556,26.4,0
2026-09-01,230558,26.4,0
2026-09-01,230559,33.6,0
2026-09-01,230560,33.6,0
2026-09-01,230580,6.7,0
2026-09-01,230591,9.3,0
2026-09-01,230595,8.8,0
2026-09-01,230597,8.5,0
2026-09-01,230640,82.5,0
2026-09-01,230641,59.0,0
2026-09-01,230645,61.0,0
2026-09-01,230646,84.0,0
2026-09-01,230648,13.5,0
2026-09-01,230701,40.7,0
2026-09-01,230811,75.0,0
2026-09-01,230851,6.8,0
2026-09-01,230916,69.0,0
2026-09-01,230917,69.0,0
2026-09-01,230922,22.5,0
2026-09-01,230925,47.0,0
2026-09-01,230927,6.0,0
2026-09-01,230929,6.0,0
2026-09-01,230939,95.0,0
2026-09-01,230940,30.7,0
2026-09-01,230941,30.7,0
2026-09-01,231001,25.9,0
2026-09-01,231006,39.9,0
2026-09-01,231008,11.0,0
2026-09-01,231009,10.0,0
2026-09-01,231011,31.3,0
2026-09-01,231020,249.0,0
2026-09-01,231215,9.0,0
2026-09-01,231445,25.9,0
2026-09-01,231510,91.0,0
2026-09-01,231513,110.0,0
2026-09-01,231516,14.8,0
2026-09-01,231520,80.0,0
2026-09-01,231524,80.0,0
2026-09-01,231535,35.0,0
2026-09-01,231536,82.7,0
2026-09-01,231537,20.0,0
2026-09-01,231538,20.0,0
2026-09-01,231539,20.0,0
2026-09-01,231540,23.7,0
2026-09-01,231542,23.7,0
2026-09-01,231543,22.1,0
2026-09-01,231544,14.0,0
2026-09-01,231545,14.6,0
2026-09-01,231546,6.9,0
2026-09-01,231548,37.8,0
2026-09-01,231549,45.0,0
2026-09-01,231551,35.9,0
2026-09-01,231552,13.7,0
2026-09-01,231553,13.7,0
2026-09-01,231554,37.5,0
2026-09-01,231555,92.5,0
2026-09-01,231556,37.5,0
2026-09-01,231557,12.5,0
2026-09-01,231559,12.5,0
2026-09-01,231560,34.0,0
2026-09-01,231561,62.0,0
2026-09-01,231562,270.0,0
2026-09-01,231563,58.1,0
2026-09-01,231564,18.5,0
2026-09-01,231565,18.5,0
2026-09-01,231566,45.0,0
2026-09-01,231567,12.5,0
2026-09-01,231569,95.0,0
2026-09-01,231571,95.0,0
2026-09-01,231572,19.4,0
2026-09-01,231581,22.9,0
2026-09-01,231586,12.0,0
2026-09-01,231589,40.8,0
2026-09-01,231590,40.8,0
2026-09-01,231591,40.8,0
2026-09-01,231594,32.0,0
2026-09-01,231599,17.0,0
2026-09-01,231600,5.5,0
2026-09-01,231601,15.0,0
2026-09-01,231602,19.0,0
2026-09-01,231603,21.0,0
2026-09-01,231604,39.0,0
2026-09-01,231605,22.0,0
2026-09-01,231607,22.0,0
2026-09-01,231608,19.0,0
2026-09-01,231609,28.0,0
2026-09-01,231610,35.0,0
2026-09-01,231611,15.0,0
2026-09-01,231612,94.0,0
2026-09-01,231617,40.0,0
2026-09-01,231618,40.0,0
2026-09-01,231619,56.5,0
2026-09-01,231621,87.8,0
2026-09-01,231623,45.0,0
2026-09-01,231624,18.0,0
2026-09-01,231625,18.0,0
2026-09-01,231626,18.0,0
2026-09-01,231628,152.0,0
2026-09-01,231629,121.3,0
2026-09-01,231631,56.0,0
2026-09-01,231632,85.2,0
2026-09-01,231634,48.1,0
2026-09-01,231635,21.6,0
2026-09-01,231636,56.0,0
2026-09-01,231637,85.2,0
2026-09-01,231638,56.0,0
2026-09-01,231639,24.9,0
2026-09-01,231640,30.0,0
2026-09-01,231641,54.6,0
2026-09-01,231643,47.8,0
2026-09-01,231644,10.8,0
2026-09-01,231645,13.2,0
2026-09-01,231646,10.4,0
2026-09-01,231647,28.7,0
2026-09-01,231648,26.3,0
2026-09-01,231650,33.8,0
2026-09-01,231651,7.2,0
2026-09-01,231652,240.0,0
2026-09-01,231653,138.0,0
2026-09-01,231656,30.9,0
2026-09-01,231658,45.9,0
2026-09-01,231659,45.9,0
2026-09-01,231660,45.9,0
2026-09-01,231661,45.9,0
2026-09-01,231662,45.9,0
2026-09-01,231663,45.9,0
2026-09-01,231668,150.0,0
2026-09-01,231669,87.5,0
2026-09-01,231670,18.0,0
2026-09-01,231671,14.0,0
2026-09-01,231672,53.0,0
2026-09-01,231673,45.0,0
2026-09-01,231674,53.0,0
2026-09-01,231675,63.0,0
2026-09-01,231676,44.0,0
2026-09-01,231677,80.0,0
2026-09-01,231678,44.0,0
2026-09-01,231679,80.0,0
2026-09-01,231680,44.0,0
2026-09-01,231691,80.0,0
2026-09-01,231692,53.0,0
2026-09-01,231696,6.8,0
2026-09-01,231700,100.0,0
2026-09-01,231701,81.2,0
2026-09-01,231702,81.2,0
2026-09-01,231704,81.2,0
2026-09-01,231705,41.0,0
2026-09-01,231706,14.1,0
2026-09-01,231708,35.0,0
2026-09-01,231715,190.0,0
2026-09-01,231716,195.0,0
2026-09-01,231722,99.0,0
2026-09-01,231724,46.0,0
2026-09-01,231725,60.0,0
2026-09-01,231726,60.0,0
2026-09-01,231736,26.5,0
2026-09-01,231737,26.5,0
2026-09-01,231739,26.5,0
2026-09-01,231740,65.9,0
2026-09-01,231741,65.9,0
2026-09-01,231742,65.9,0
2026-09-01,231743,65.9,0
2026-09-01,231744,65.9,0
2026-09-01,231745,99.0,0
2026-09-01,231747,37.5,0
2026-09-01,231748,14.0,0
2026-09-01,231749,26.0,0
2026-09-01,231750,56.6,0
2026-09-01,231753,26.7,0
2026-09-01,231755,41.3,0
2026-09-01,231756,30.0,0
2026-09-01,231757,56.0,0
2026-09-01,231758,56.0,0
2026-09-01,231761,14.9,0
2026-09-01,231763,64.9,0
2026-09-01,231764,24.9,0
2026-09-01,231765,44.0,0
2026-09-01,231767,64.9,0
2026-09-01,231769,14.9,0
2026-09-01,231779,18.5,0
2026-09-01,231780,16.0,0
2026-09-01,231796,15.9,0
2026-09-01,231798,15.9,0
2026-09-01,231801,26.0,0
2026-09-01,231802,65.9,0
2026-09-01,231803,65.9,0
2026-09-01,231804,15.9,0
2026-09-01,231805,15.9,0
2026-09-01,231833,42.0,0
2026-09-01,231834,43.0,0
2026-09-01,231869,17.5,0
2026-09-01,231870,13.0,0
2026-09-01,231871,7.5,0
2026-09-01,231872,22.0,0
2026-09-01,231873,220.0,0
2026-09-01,231874,199.0,0
2026-09-01,231875,29.3,0
2026-09-01,231876,29.3,0
2026-09-01,231877,37.3,0
2026-09-01,231879,30.0,0
2026-09-01,231881,34.7,0
2026-09-01,231882,34.7,0
2026-09-01,231884,40.0,0
2026-09-01,231885,28.4,0
2026-09-01,231887,34.3,0
2026-09-01,231888,37.0,0
2026-09-01,231889,61.9,0
2026-09-01,231892,28.4,0
2026-09-01,231893,30.7,0
2026-09-01,231895,61.9,0
2026-09-01,231896,30.7,0
2026-09-01,231897,34.5,0
2026-09-01,231898,30.7,0
2026-09-01,231899,54.0,0
2026-09-01,231900,26.0,0
2026-09-01,231901,26.0,0
2026-09-01,231902,15.9,0
2026-09-01,231903,15.9,0
2026-09-01,231904,39.2,0
2026-09-01,231905,55.0,0
2026-09-01,231906,55.0,0
2026-09-01,231907,50.0,0
2026-09-01,231909,55.0,0
2026-09-01,231910,55.0,0
2026-09-01,231911,85.0,0
2026-09-01,231912,27.8,0
2026-09-01,231914,18.2,0
2026-09-01,231915,27.8,0
2026-09-01,231917,18.2,0
2026-09-01,231918,27.8,0
2026-09-01,231919,18.2,0
2026-09-01,231920,12.0,0
2026-09-01,231921,13.0,0
2026-09-01,231922,24.0,0
2026-09-01,231923,23.0,0
2026-09-01,231925,23.0,0
2026-09-01,231926,23.0,0
2026-09-01,231928,18.0,0
2026-09-01,231929,18.0,0
2026-09-01,231930,18.0,0
2026-09-01,231931,26.0,0
2026-09-01,231933,36.0,0
2026-09-01,231934,85.0,0
2026-09-01,231942,60.0,0
2026-09-01,232003,12.9,0
2026-09-01,232006,6.0,0
2026-09-01,232007,6.0,0
2026-09-01,232044,16.7,0
2026-09-01,232055,98.0,0
2026-09-01,232056,144.0,0
2026-09-01,232057,83.0,0
2026-09-01,232058,62.0,0
2026-09-01,232059,78.0,0
2026-09-01,232060,98.0,0
2026-09-01,232061,62.0,0
2026-09-01,232064,49.5,0
2026-09-01,232065,35.0,0
2026-09-01,232066,35.0,0
2026-09-01,232067,35.0,0
2026-09-01,232069,35.0,0
2026-09-01,232078,19.0,0
2026-09-01,232079,26.0,0
2026-09-01,232084,145.0,0
2026-09-01,232234,29.2,0
2026-09-01,232235,29.2,0
2026-09-01,232236,29.2,0
2026-09-01,232427,57.4,0
2026-09-01,232491,27.4,0
2026-09-01,232513,19.5,0
2026-09-01,232650,10.9,0
2026-09-01,232750,50.5,0
2026-09-01,232939,27.4,0
2026-09-01,233030,17.0,0
2026-09-01,233307,13.0,0
2026-09-01,233471,19.5,0
2026-09-01,234015,45.9,0
2026-09-01,234016,55.0,0
2026-09-01,234017,55.0,0
2026-09-01,234018,63.0,0
2026-09-01,234019,34.9,0
2026-09-01,234020,197.0,0
2026-09-01,234021,11.4,0
2026-09-01,234022,12.5,0
2026-09-01,234060,83.0,0
2026-09-01,234061,98.0,0
2026-09-01,234062,98.0,0
2026-09-01,234063,62.0,0
2026-09-01,234064,78.0,0
2026-09-01,234066,145.0,0
2026-09-01,234067,165.0,0
2026-09-01,234068,115.0,0
2026-09-01,234069,95.0,0
2026-09-01,234070,145.0,0
2026-09-01,234071,110.0,0
2026-09-01,234072,116.0,0
2026-09-01,234073,89.3,0
2026-09-01,234076,33.5,0
2026-09-01,234480,29.5,0
2026-09-01,234923,30.0,0
2026-09-01,234931,30.0,0
2026-09-01,236900,56.0,0
2026-09-01,237124,64.0,0
2026-09-01,237277,39.5,0
2026-09-01,238025,12.5,0
2026-09-01,238029,28.0,0
2026-09-01,238030,27.5,0
2026-09-01,238034,34.0,0
2026-09-01,238035,34.0,0
2026-09-01,238481,43.0,0
2026-09-01,238562,5.0,0
2026-09-01,238570,5.0,0
2026-09-01,238589,5.0,0
2026-09-01,238619,18.6,0
2026-09-01,238871,155.0,0
2026-09-01,238880,16.8,0
2026-09-01,238945,22.7,0
2026-09-01,239038,22.1,0
2026-09-01,239062,22.6,0
2026-09-01,239240,26.7,0
2026-09-01,239259,24.0,0
2026-09-01,240101,32.0,0
2026-09-01,240102,32.0,0
2026-09-01,240104,32.0,0
2026-09-01,240123,41.0,0
2026-09-01,240463,30.5,0
2026-09-01,240464,30.5,0
2026-09-01,240465,30.5,0
2026-09-01,240466,38.0,0
2026-09-01,240535,56.0,0
2026-09-01,240542,14.9,0
2026-09-01,240543,18.0,0
2026-09-01,240544,14.9,0
2026-09-01,240545,12.6,0
2026-09-01,240546,18.6,0
2026-09-01,240547,66.0,0
2026-09-01,240548,20.0,0
2026-09-01,240549,25.0,0
2026-09-01,240550,6.6,0
2026-09-01,240552,6.6,0
2026-09-01,240558,77.0,0
2026-09-01,240580,72.8,0
2026-09-01,240581,72.8,0
2026-09-01,240582,81.9,0
2026-09-01,240584,85.5,0
2026-09-01,240592,15.6,0
2026-09-01,240596,16.0,0
2026-09-01,240597,17.5,0
2026-09-01,240598,24.3,0
2026-09-01,240599,15.5,0
2026-09-01,240600,11.8,0
2026-09-01,240601,24.3,0
2026-09-01,240602,24.3,0
2026-09-01,240603,15.5,0
2026-09-01,240604,24.3,0
2026-09-01,240610,65.0,0
2026-09-01,240611,153.0,0
2026-09-01,240615,20.6,0
2026-09-01,240616,26.3,0
2026-09-01,240618,40.0,0
2026-09-01,240620,25.7,0
2026-09-01,240622,15.0,0
2026-09-01,240624,18.0,0
2026-09-01,240625,18.0,0
2026-09-01,240626,27.4,0
2026-09-01,240627,27.4,0
2026-09-01,240628,20.9,0
2026-09-01,240629,50.0,0
2026-09-01,240632,13.9,0
2026-09-01,240633,20.5,0
2026-09-01,240634,20.5,0
2026-09-01,240635,45.9,0
2026-09-01,240636,20.6,0
2026-09-01,240637,20.6,0
2026-09-01,240639,160.0,0
2026-09-01,240645,35.6,0
2026-09-01,240646,76.7,0
2026-09-01,240650,76.7,0
2026-09-01,240651,76.5,0
2026-09-01,240654,11.2,0
2026-09-01,240663,77.9,0
2026-09-01,240668,113.0,0
2026-09-01,240673,118.0,0
2026-09-01,240683,18.6,0
2026-09-01,240685,14.3,0
2026-09-01,240688,107.8,0
2026-09-01,240689,79.3,0
2026-09-01,240691,28.2,0
2026-09-01,240693,19.5,0
2026-09-01,240696,90.0,0
2026-09-01,240697,90.0,0
2026-09-01,240698,49.0,0
2026-09-01,240701,78.0,0
2026-09-01,240703,78.0,0
2026-09-01,240704,78.0,0
2026-09-01,240705,78.0,0
2026-09-01,240706,78.0,0
2026-09-01,240708,78.0,0
2026-09-01,240711,82.5,0
2026-09-01,240712,21.0,0
2026-09-01,240713,25.0,0
2026-09-01,240714,22.0,0
2026-09-01,240718,39.6,0
2026-09-01,240720,28.0,0
2026-09-01,240725,12.0,0
2026-09-01,240727,69.0,0
2026-09-01,240728,120.0,0
2026-09-01,240730,69.0,0
2026-09-01,240731,69.0,0
2026-09-01,240732,69.0,0
2026-09-01,240733,69.0,0
2026-09-01,240734,69.0,0
2026-09-01,240736,15.5,0
2026-09-01,240738,15.5,0
2026-09-01,240739,15.5,0
2026-09-01,240744,6.6,0
2026-09-01,240746,11.2,0
2026-09-01,240747,4.5,0
2026-09-01,240748,4.5,0
2026-09-01,240749,37.9,0
2026-09-01,240750,90.9,0
2026-09-01,240751,90.9,0
2026-09-01,240752,14.0,0
2026-09-01,240754,22.0,0
2026-09-01,240755,20.0,0
2026-09-01,240756,20.0,0
2026-09-01,240757,20.0,0
2026-09-01,240773,25.9,0
2026-09-01,240774,25.9,0
2026-09-01,240775,15.0,0
2026-09-01,240776,14.0,0
2026-09-01,240779,17.0,0
2026-09-01,240780,39.5,0
2026-09-01,240782,39.5,0
2026-09-01,240793,11.9,0
2026-09-01,240794,19.4,0
2026-09-01,240797,46.3,0
2026-09-01,240804,28.4,0
2026-09-01,240805,28.4,0
2026-09-01,240806,28.4,0
2026-09-01,240807,14.0,0
2026-09-01,240808,16.8,0
2026-09-01,240809,15.4,0
2026-09-01,240810,27.5,0
2026-09-01,240811,15.0,0
2026-09-01,240812,62.5,0
2026-09-01,240813,35.3,0
2026-09-01,240814,25.6,0
2026-09-01,240819,82.0,0
2026-09-01,240820,65.5,0
2026-09-01,240821,40.0,0
2026-09-01,240823,25.9,0
2026-09-01,240824,22.6,0
2026-09-01,240828,40.0,0
2026-09-01,240829,40.0,0
2026-09-01,240835,17.5,0
2026-09-01,240836,17.5,0
2026-09-01,240837,17.5,0
2026-09-01,240845,12.1,0
2026-09-01,240846,21.5,0
2026-09-01,240847,39.2,0
2026-09-01,240848,29.0,0
2026-09-01,240849,28.0,0
2026-09-01,240852,10.0,0
2026-09-01,240853,29.2,0
2026-09-01,240854,147.5,0
2026-09-01,240865,147.5,0
2026-09-01,240867,13.0,0
2026-09-01,240868,13.0,0
2026-09-01,240870,13.0,0
2026-09-01,240872,40.0,0
2026-09-01,240879,14.0,0
2026-09-01,240890,36.5,0
2026-09-01,240898,16.2,0
2026-09-01,240900,138.0,0
2026-09-01,241172,12.0,0
2026-09-01,241300,38.0,0
2026-09-01,241881,46.0,0
2026-09-01,242155,75.5,0
2026-09-01,242164,18.8,0
2026-09-01,242438,29.9,0
2026-09-01,242446,29.9,0
2026-09-01,243010,85.7,0
2026-09-01,243011,24.6,0
2026-09-01,243012,38.6,0
2026-09-01,243027,12.0,0
2026-09-01,243272,62.0,0
2026-09-01,243540,22.0,0
2026-09-01,243850,6.2,0
2026-09-01,243930,15.9,0
2026-09-01,244309,45.5,0
2026-09-01,244523,18.3,0
2026-09-01,244791,145.0,0
2026-09-01,244953,67.5,0
2026-09-01,245792,15.5,0
2026-09-01,245794,34.0,0
2026-09-01,245796,15.0,0
2026-09-01,245797,15.0,0
2026-09-01,245799,16.0,0
2026-09-01,248482,46.5,0
2026-09-01,248483,16.2,0
2026-09-01,249001,55.0,0
2026-09-01,249002,11.4,0
2026-09-01,249003,8.4,0
2026-09-01,249004,8.0,0
2026-09-01,249012,53.9,0
2026-09-01,249013,20.9,0
2026-09-01,249014,20.9,0
2026-09-01,249015,20.0,0
2026-09-01,249028,127.2,0
2026-09-01,249029,33.8,0
2026-09-01,249030,65.8,0
2026-09-01,249031,127.2,0
2026-09-01,249032,33.8,0
2026-09-01,249034,6.4,0
2026-09-01,249063,37.6,0
2026-09-01,249065,40.0,0
2026-09-01,249066,40.0,0
2026-09-01,249070,60.0,0
2026-09-01,249071,17.5,0
2026-09-01,249072,21.0,0
2026-09-01,249077,19.9,0
2026-09-01,249079,19.9,0
2026-09-01,249080,25.0,0
2026-09-01,249081,25.0,0
2026-09-01,249082,14.8,0
2026-09-01,249394,83.0,0
2026-09-01,249793,65.7,0
2026-09-01,249903,46.5,0
2026-09-01,249971,52.0,0
2026-09-01,250103,47.9,0
2026-09-01,250163,3.8,0
2026-09-01,250506,14.3,0
2026-09-01,250517,30.7,0
2026-09-01,250524,18.7,0
2026-09-01,250525,18.7,0
2026-09-01,250526,17.2,0
2026-09-01,250550,9.5,0
2026-09-01,250605,135.8,0
2026-09-01,250732,55.2,0
2026-09-01,250901,25.0,0
2026-09-01,251111,18.6,0
2026-09-01,251112,12.6,0
2026-09-01,251113,18.6,0
2026-09-01,251114,12.6,0
2026-09-01,251115,18.6,0
2026-09-01,251116,12.6,0
2026-09-01,251450,15.0,0
2026-09-01,251451,29.0,0
2026-09-01,251770,57.5,0
2026-09-01,251775,6.2,0
2026-09-01,251984,8.0,0
2026-09-01,252204,68.0,0
2026-09-01,252718,62.0,0
2026-09-01,252875,68.0,0
2026-09-01,253020,17.0,0
2026-09-01,253634,27.0,0
2026-09-01,253774,24.0,0
2026-09-01,253804,21.0,0
2026-09-01,253871,13.0,0
2026-09-01,253936,13.0,0
2026-09-01,254130,37.5,0
2026-09-01,254161,5.0,0
2026-09-01,254162,8.5,0
2026-09-01,254163,7.3,0
2026-09-01,254164,7.3,0
2026-09-01,254165,7.3,0
2026-09-01,254166,5.0,0
2026-09-01,255023,79.6,0
2026-09-01,255026,53.9,0
2026-09-01,255410,117.0,0
2026-09-01,255771,19.3,0
2026-09-01,256099,38.0,0
2026-09-01,256102,21.0,0
2026-09-01,256595,31.9,0
2026-09-01,259050,19.6,0
2026-09-01,259306,29.0,0
2026-09-01,259454,10.7,0
2026-09-01,259470,9.2,0
2026-09-01,259667,9.2,0
2026-09-01,259675,58.5,0
2026-09-01,259691,102.0,0
2026-09-01,259705,14.6,0
2026-09-01,260152,18.9,0
2026-09-01,260187,29.0,0
2026-09-01,260230,16.3,0
2026-09-01,260410,10.8,0
2026-09-01,260622,22.5,0
2026-09-01,260711,29.5,0
2026-09-01,260820,77.4,0
2026-09-01,260890,15.5,0
2026-09-01,261963,15.0,0
2026-09-01,262513,132.8,0
2026-09-01,262515,138.4,0
2026-09-01,262516,138.4,0
2026-09-01,263025,55.2,0
2026-09-01,263346,75.0,0
2026-09-01,263436,40.0,0
2026-09-01,263572,90.0,0
2026-09-01,263577,102.0,0
2026-09-01,263578,102.0,0
2026-09-01,263579,102.0,0
2026-09-01,263580,90.0,0
2026-09-01,263581,90.0,0
2026-09-01,263582,90.0,0
2026-09-01,263737,15.5,0
2026-09-01,264970,49.0,0
2026-09-01,266035,20.8,0
2026-09-01,266043,20.8,0
2026-09-01,266051,20.8,0
2026-09-01,266280,41.8,0
2026-09-01,267384,135.0,0
2026-09-01,267589,32.0,0
2026-09-01,267600,10.0,0
2026-09-01,267787,13.0,0
2026-09-01,268160,29.0,0
2026-09-01,268313,3.6,0
2026-09-01,269123,21.0,0
2026-09-01,269590,48.0,0
2026-09-01,269877,119.0,0
2026-09-01,269878,76.0,0
2026-09-01,269879,76.0,0
2026-09-01,270107,25.0,0
2026-09-01,270377,149.0,0
2026-09-01,270450,19.0,0
2026-09-01,270454,23.5,0
2026-09-01,270459,22.5,0
2026-09-01,270482,10.0,0
2026-09-01,270830,10.0,0
2026-09-01,271616,14.5,0
2026-09-01,271624,13.3,0
2026-09-01,271640,388.0,0
2026-09-01,271781,9.0,0
2026-09-01,271815,9.0,0
2026-09-01,271819,9.0,0
2026-09-01,272922,59.9,0
2026-09-01,273201,44.0,0
2026-09-01,274798,29.5,0
2026-09-01,275700,23.5,0
2026-09-01,276162,50.0,0
2026-09-01,276372,69.6,0
2026-09-01,277810,7.8,0
2026-09-01,277811,7.8,0
2026-09-01,277815,7.8,0
2026-09-01,279021,127.0,0
2026-09-01,280102,26.0,0
2026-09-01,280105,28.0,0
2026-09-01,280107,28.0,0
2026-09-01,280108,36.0,0
2026-09-01,280115,9.3,0
2026-09-01,280117,56.0,0
2026-09-01,280119,15.0,0
2026-09-01,280120,22.0,0
2026-09-01,280121,60.0,0
2026-09-01,280122,22.0,0
2026-09-01,280133,118.0,0
2026-09-01,280512,19.2,0
2026-09-01,281077,94.0,0
2026-09-01,281703,13.2,0
2026-09-01,282625,77.4,0
2026-09-01,283990,35.0,0
2026-09-01,283991,7.3,0
2026-09-01,284084,17.0,0
2026-09-01,284092,17.0,0
2026-09-01,284107,17.0,0
2026-09-01,284769,18.0,0
2026-09-01,286800,61.0,0
2026-09-01,287130,75.0,0
2026-09-01,287245,61.0,0
2026-09-01,287300,61.0,0
2026-09-01,288013,149.9,0
2026-09-01,288046,160.0,0
2026-09-01,288098,14.5,0
2026-09-01,288144,12.0,0
2026-09-01,288250,4.8,0
2026-09-01,288268,14.8,0
2026-09-01,288349,25.0,0
2026-09-01,288527,10.8,0
2026-09-01,289010,27.4,0
2026-09-01,289051,110.0,0
2026-09-01,290416,42.0,0
2026-09-01,290530,51.0,0
2026-09-01,290823,13.5,0
2026-09-01,290874,82.0,0
2026-09-01,291001,90.3,0
2026-09-01,291324,25.9,0
2026-09-01,291325,25.9,0
2026-09-01,291327,41.0,0
2026-09-01,291595,13.3,0
2026-09-01,292022,18.5,0
2026-09-01,292210,9.0,0
2026-09-01,292505,31.5,0
2026-09-01,293014,141.0,0
2026-09-01,293019,30.1,0
2026-09-01,293023,122.5,0
2026-09-01,293036,34.8,0
2026-09-01,293038,31.2,0
2026-09-01,293039,31.2,0
2026-09-01,293081,40.0,0
2026-09-01,293084,40.0,0
2026-09-01,293090,88.4,0
2026-09-01,293092,88.4,0
2026-09-01,293093,88.4,0
2026-09-01,293094,88.4,0
2026-09-01,293095,164.4,0
2026-09-01,293110,70.8,0
2026-09-01,293111,70.8,0
2026-09-01,293114,55.8,0
2026-09-01,293116,31.5,0
2026-09-01,293140,94.0,0
2026-09-01,293141,89.3,0
2026-09-01,293687,13.7,0
2026-09-01,293695,13.7,0
2026-09-01,294411,38.5,0
2026-09-01,295272,52.0,0
2026-09-01,295388,11.5,0
2026-09-01,295396,11.5,0
2026-09-01,295750,38.0,0
2026-09-01,296120,56.0,0
2026-09-01,296122,56.0,0
2026-09-01,297344,15.0,0
2026-09-01,297451,15.0,0
2026-09-01,297968,17.0,0
2026-09-01,298034,36.5,0
2026-09-01,298531,12.0,0
2026-09-01,298964,55.5,0
2026-09-01,299529,55.8,0
2026-09-01,299553,31.5,0
2026-09-01,299634,7.8,0
2026-09-01,299693,7.8,0
2026-09-01,299740,7.8,0
2026-09-01,299790,49.5,0
2026-09-01,299812,26.2,0
2026-09-01,299820,26.2,0
2026-09-01,300140,22.5,0
2026-09-01,300141,36.0,0
2026-09-01,300142,36.5,0
2026-09-01,300170,18.0,0
2026-09-01,300225,4.4,0
2026-09-01,300349,7.8,0
2026-09-01,300520,68.5,0
2026-09-01,300536,41.8,0
2026-09-01,301002,6.7,0
2026-09-01,301011,6.3,0
2026-09-01,301012,99.0,0
2026-09-01,301024,36.5,0
2026-09-01,301029,85.8,0
2026-09-01,301031,85.8,0
2026-09-01,301032,85.8,0
2026-09-01,301111,159.0,0
2026-09-01,301372,37.0,0
2026-09-01,301373,34.0,0
2026-09-01,301374,32.5,0
2026-09-01,301420,53.0,0
2026-09-01,301421,53.0,0
2026-09-01,301423,70.5,0
2026-09-01,302090,31.5,0
2026-09-01,302173,39.5,0
2026-09-01,302177,39.5,0
2026-09-01,302178,39.5,0
2026-09-01,302309,57.0,0
2026-09-01,302333,12.2,0
2026-09-01,302419,14.3,0
2026-09-01,302420,5.5,0
2026-09-01,302487,10.5,0
2026-09-01,302515,20.0,0
2026-09-01,302600,10.8,0
2026-09-01,302710,17.5,0
2026-09-01,302711,31.0,0
2026-09-01,302712,32.0,0
2026-09-01,302713,54.5,0
2026-09-01,302781,13.2,0
2026-09-01,302784,17.4,0
2026-09-01,302852,63.2,0
2026-09-01,302853,10.0,0
2026-09-01,302854,9.0,0
2026-09-01,302855,19.8,0
2026-09-01,302857,17.0,0
2026-09-01,302858,13.5,0
2026-09-01,302859,21.3,0
2026-09-01,302860,18.6,0
2026-09-01,302862,11.0,0
2026-09-01,302863,11.0,0
2026-09-01,302865,11.0,0
2026-09-01,302866,11.0,0
2026-09-01,302871,539.0,0
2026-09-01,303171,10.0,0
2026-09-01,303235,9.0,0
2026-09-01,303518,20.7,0
2026-09-01,303523,88.0,0
2026-09-01,303541,81.5,0
2026-09-01,303593,12.4,0
2026-09-01,303607,19.9,0
2026-09-01,303615,5.3,0
2026-09-01,303654,33.8,0
2026-09-01,303704,5.5,0
2026-09-01,303710,19.0,0
2026-09-01,303712,5.5,0
2026-09-01,303836,31.5,0
2026-09-01,303879,29.9,0
2026-09-01,304007,20.0,0
2026-09-01,304014,85.0,0
2026-09-01,304057,19.0,0
2026-09-01,304102,90.0,0
2026-09-01,304110,20.8,0
2026-09-01,304141,22.0,0
2026-09-01,304189,24.5,0
2026-09-01,304220,57.0,0
2026-09-01,304255,23.5,0
2026-09-01,304352,10.7,0
2026-09-01,304504,21.5,0
2026-09-01,304741,63.5,0
2026-09-01,304792,61.0,0
2026-09-01,304972,9.7,0
2026-09-01,305022,29.0,0
2026-09-01,305030,31.5,0
2026-09-01,305146,30.5,0
2026-09-01,305179,38.5,0
2026-09-01,305235,14.0,0
2026-09-01,305400,33.5,0
2026-09-01,305448,36.9,0
2026-09-01,305527,27.0,0
2026-09-01,305537,37.5,0
2026-09-01,305718,13.5,0
2026-09-01,305789,78.5,0
2026-09-01,305820,125.0,0
2026-09-01,305857,34.0,0
2026-09-01,305878,34.0,0
2026-09-01,305960,14.0,0
2026-09-01,306197,19.0,0
2026-09-01,306442,13.0,0
2026-09-01,306701,78.5,0
2026-09-01,306702,78.5,0
2026-09-01,306705,78.5,0
2026-09-01,306778,28.3,0
2026-09-01,307100,9.8,0
2026-09-01,307107,26.2,0
2026-09-01,307114,17.0,0
2026-09-01,307122,17.0,0
2026-09-01,307170,38.5,0
2026-09-01,307182,380.0,0
2026-09-01,307394,45.0,0
2026-09-01,307726,14.8,0
2026-09-01,307727,27.0,0
2026-09-01,307728,21.0,0
2026-09-01,307885,13.7,0
2026-09-01,307955,5.4,0
2026-09-01,308048,11.2,0
2026-09-01,308181,24.0,0
2026-09-01,308187,27.5,0
2026-09-01,308307,88.5,0
2026-09-01,308579,7.5,0
2026-09-01,309747,96.0,0
2026-09-01,309771,10.5,0
2026-09-01,309775,10.5,0
2026-09-01,309958,13.2,0
2026-09-01,309971,61.0,0
2026-09-01,309982,20.8,0
2026-09-01,310371,14.8,0
2026-09-01,310372,29.0,0
2026-09-01,310374,9.5,0
2026-09-01,310375,73.0,0
2026-09-01,310376,48.5,0
2026-09-01,310377,46.0,0
2026-09-01,310378,46.0,0
2026-09-01,310380,46.0,0
2026-09-01,310381,4.5,0
2026-09-01,310382,4.5,0
2026-09-01,310383,22.0,0
2026-09-01,310385,33.0,0
2026-09-01,310386,34.0,0
2026-09-01,310388,66.0,0
2026-09-01,310389,66.0,0
2026-09-01,310390,191.0,0
2026-09-01,310394,40.0,0
2026-09-01,310396,15.5,0
2026-09-01,310398,12.5,0
2026-09-01,310399,9.3,0
2026-09-01,310403,8.5,0
2026-09-01,310404,8.5,0
2026-09-01,310406,8.5,0
2026-09-01,310407,31.5,0
2026-09-01,310447,15.5,0
2026-09-01,310539,14.8,0
2026-09-01,310557,21.2,0
2026-09-01,310931,28.0,0
2026-09-01,311077,35.0,0
2026-09-01,311584,15.0,0
2026-09-01,311586,15.0,0
2026-09-01,312050,55.8,0
2026-09-01,312101,29.0,0
2026-09-01,312102,50.0,0
2026-09-01,312103,50.0,0
2026-09-01,312104,14.5,0
2026-09-01,312105,14.5,0
2026-09-01,312121,13.5,0
2026-09-01,312125,6.8,0
2026-09-01,312130,9.0,0
2026-09-01,312133,48.0,0
2026-09-01,312135,31.0,0
2026-09-01,312136,31.0,0
2026-09-01,312137,31.0,0
2026-09-01,312138,5.0,0
2026-09-01,312140,12.5,0
2026-09-01,312144,31.0,0
2026-09-01,312145,31.0,0
2026-09-01,312147,20.0,0
2026-09-01,312152,13.5,0
2026-09-01,312154,15.5,0
2026-09-01,312155,144.0,0
2026-09-01,312156,46.0,0
2026-09-01,312158,36.0,0
2026-09-01,312160,8.5,0
2026-09-01,312162,28.0,0
2026-09-01,312163,37.5,0
2026-09-01,312164,10.5,0
2026-09-01,312165,14.5,0
2026-09-01,312166,14.5,0
2026-09-01,312167,15.0,0
2026-09-01,312168,112.0,0
2026-09-01,312170,111.0,0
2026-09-01,312171,17.5,0
2026-09-01,312172,17.5,0
2026-09-01,312173,17.5,0
2026-09-01,312174,17.5,0
2026-09-01,312175,6.0,0
2026-09-01,312178,7.5,0
2026-09-01,312179,128.0,0
2026-09-01,312180,128.0,0
2026-09-01,312181,10.0,0
2026-09-01,312183,28.0,0
2026-09-01,312184,180.0,0
2026-09-01,312186,180.0,0
2026-09-01,312187,40.0,0
2026-09-01,312188,24.5,0
2026-09-01,312189,13.8,0
2026-09-01,312190,12.5,0
2026-09-01,312191,44.0,0
2026-09-01,312192,44.0,0
2026-09-01,312194,47.0,0
2026-09-01,312195,57.0,0
2026-09-01,312197,10.0,0
2026-09-01,312198,13.0,0
2026-09-01,312200,22.0,0
2026-09-01,312201,22.0,0
2026-09-01,312202,22.0,0
2026-09-01,312203,9.7,0
2026-09-01,312204,9.7,0
2026-09-01,312205,13.0,0
2026-09-01,312206,13.0,0
2026-09-01,312208,13.0,0
2026-09-01,312211,166.0,0
2026-09-01,312216,43.0,0
2026-09-01,312222,46.0,0
2026-09-01,312226,243.0,0
2026-09-01,312230,13.3,0
2026-09-01,312232,60.0,0
2026-09-01,312233,60.0,0
2026-09-01,312236,53.5,0
2026-09-01,312238,96.5,0
2026-09-01,312239,10.5,0
2026-09-01,312241,15.5,0
2026-09-01,312242,15.5,0
2026-09-01,312247,12.7,0
2026-09-01,312248,12.8,0
2026-09-01,312249,22.0,0
2026-09-01,312250,22.0,0
2026-09-01,312252,15.5,0
2026-09-01,312253,114.0,0
2026-09-01,312254,114.0,0
2026-09-01,312255,114.0,0
2026-09-01,312261,13.0,0
2026-09-01,312262,69.0,0
2026-09-01,312263,12.0,0
2026-09-01,312264,61.0,0
2026-09-01,312275,32.5,0
2026-09-01,312276,8.0,0
2026-09-01,312277,10.5,0
2026-09-01,312278,15.5,0
2026-09-01,312283,178.0,0
2026-09-01,312287,28.0,0
2026-09-01,312288,82.0,0
2026-09-01,312291,30.0,0
2026-09-01,312292,30.0,0
2026-09-01,312293,18.5,0
2026-09-01,312294,7.8,0
2026-09-01,312295,16.0,0
2026-09-01,312296,16.0,0
2026-09-01,312297,22.0,0
2026-09-01,312298,37.0,0
2026-09-01,312299,4.5,0
2026-09-01,312300,4.5,0
2026-09-01,312301,4.5,0
2026-09-01,312302,12.5,0
2026-09-01,312303,12.5,0
2026-09-01,312306,16.0,0
2026-09-01,312307,16.0,0
2026-09-01,312309,7.8,0
2026-09-01,312311,43.0,0
2026-09-01,312711,26.7,0
2026-09-01,313119,9.5,0
2026-09-01,313132,24.7,0
2026-09-01,313133,12.5,0
2026-09-01,313134,83.1,0
2026-09-01,313135,67.5,0
2026-09-01,313136,22.1,0
2026-09-01,313137,67.5,0
2026-09-01,313138,22.1,0
2026-09-01,313139,67.5,0
2026-09-01,313140,22.1,0
2026-09-01,313141,17.5,0
2026-09-01,313143,17.5,0
2026-09-01,313144,19.0,0
2026-09-01,313145,28.2,0
2026-09-01,313146,25.0,0
2026-09-01,313160,37.8,0
2026-09-01,313167,42.2,0
2026-09-01,313169,11.5,0
2026-09-01,313178,15.0,0
2026-09-01,313254,75.0,0
2026-09-01,313310,14.2,0
2026-09-01,313350,30.0,0
2026-09-01,313352,19.0,0
2026-09-01,313353,13.5,0
2026-09-01,313370,10.4,0
2026-09-01,313371,15.0,0
2026-09-01,313373,21.5,0
2026-09-01,313511,269.0,0
2026-09-01,313550,16.3,0
2026-09-01,313580,6.0,0
2026-09-01,313630,23.0,0
2026-09-01,313631,22.0,0
2026-09-01,313632,22.0,0
2026-09-01,313633,14.0,0
2026-09-01,313910,23.5,0
2026-09-01,314024,27.4,0
2026-09-01,314028,31.8,0
2026-09-01,314029,31.8,0
2026-09-01,314031,31.8,0
2026-09-01,314033,31.8,0
2026-09-01,314040,20.9,0
2026-09-01,314055,20.9,0
2026-09-01,314978,55.5,0
2026-09-01,315509,33.6,0
2026-09-01,315923,49.9,0
2026-09-01,316121,9.8,0
2026-09-01,316331,21.0,0
2026-09-01,316415,67.5,0
2026-09-01,316512,13.0,0
2026-09-01,316539,48.5,0
2026-09-01,316778,26.0,0
2026-09-01,316779,26.0,0
2026-09-01,316814,29.5,0
2026-09-01,316822,34.5,0
2026-09-01,316830,26.5,0
2026-09-01,317269,16.3,0
2026-09-01,317659,18.9,0
2026-09-01,317748,23.3,0
2026-09-01,317764,23.3,0
2026-09-01,317810,23.3,0
2026-09-01,317829,23.3,0
2026-09-01,317918,10.8,0
2026-09-01,317926,10.8,0
2026-09-01,318671,22.0,0
2026-09-01,318825,56.3,0
2026-09-01,318990,17.0,0
2026-09-01,319287,31.0,0
2026-09-01,319503,39.5,0
2026-09-01,320010,102.0,0
2026-09-01,320133,26.2,0
2026-09-01,320139,26.9,0
2026-09-01,320140,24.7,0
2026-09-01,320146,30.9,0
2026-09-01,320147,26.9,0
2026-09-01,320169,15.5,0
2026-09-01,320170,21.0,0
2026-09-01,320172,15.5,0
2026-09-01,320186,40.5,0
2026-09-01,320189,41.2,0
2026-09-01,320595,36.5,0
2026-09-01,321009,21.3,0
2026-09-01,321012,70.5,0
2026-09-01,321077,41.0,0
2026-09-01,321078,24.0,0
2026-09-01,321112,42.0,0
2026-09-01,321115,42.0,0
2026-09-01,321176,16.7,0
2026-09-01,321276,7.3,0
2026-09-01,321339,35.0,0
2026-09-01,321342,41.0,0
2026-09-01,321347,67.0,0
2026-09-01,321348,67.0,0
2026-09-01,321349,132.0,0
2026-09-01,321350,195.0,0
2026-09-01,321351,30.5,0
2026-09-01,321352,34.5,0
2026-09-01,321353,37.0,0
2026-09-01,321355,34.5,0
2026-09-01,321358,68.0,0
2026-09-01,321359,130.0,0
2026-09-01,321361,37.0,0
2026-09-01,321363,37.0,0
2026-09-01,321364,6.4,0
2026-09-01,321366,25.0,0
2026-09-01,321369,17.0,0
2026-09-01,321376,71.5,0
2026-09-01,321377,48.0,0
2026-09-01,321378,64.0,0
2026-09-01,321379,64.0,0
2026-09-01,321380,36.5,0
2026-09-01,321381,44.0,0
2026-09-01,321383,63.0,0
2026-09-01,321384,7.5,0
2026-09-01,321385,7.0,0
2026-09-01,321387,49.5,0
2026-09-01,321390,41.0,0
2026-09-01,321398,11.5,0
2026-09-01,321399,50.0,0
2026-09-01,321440,65.0,0
2026-09-01,321441,67.0,0
2026-09-01,321444,51.0,0
2026-09-01,321445,51.0,0
2026-09-01,321447,40.0,0
2026-09-01,321452,68.5,0
2026-09-01,321454,66.0,0
2026-09-01,321455,89.0,0
2026-09-01,321943,60.0,0
2026-09-01,321945,80.0,0
2026-09-01,321949,15.9,0
2026-09-01,321950,26.0,0
2026-09-01,321953,55.0,0
2026-09-01,321956,28.0,0
2026-09-01,321978,9.7,0
2026-09-01,321979,10.0,0
2026-09-01,321980,10.0,0
2026-09-01,321981,13.2,0
2026-09-01,321983,26.5,0
2026-09-01,321984,65.9,0
2026-09-01,321986,16.0,0
2026-09-01,321988,79.3,0
2026-09-01,321989,107.8,0
2026-09-01,322157,53.5,0
2026-09-01,322237,84.9,0
2026-09-01,322718,20.0,0
2026-09-01,322720,20.0,0
2026-09-01,323350,15.8,0
2026-09-01,323351,35.0,0
2026-09-01,323535,24.9,0
2026-09-01,323765,18.0,0
2026-09-01,323766,10.0,0
2026-09-01,323770,37.0,0
2026-09-01,324134,225.0,0
2026-09-01,324135,71.0,0
2026-09-01,324230,3.5,0
2026-09-01,324401,9.5,0
2026-09-01,324411,30.0,0
2026-09-01,324434,19.0,0
2026-09-01,324459,818.0,0
2026-09-01,324460,360.0,0
2026-09-01,324468,185.0,0
2026-09-01,324507,6.3,0
2026-09-01,324540,6.3,0
2026-09-01,324558,6.2,0
2026-09-01,324566,6.3,0
2026-09-01,324871,19.0,0
2026-09-01,324872,19.5,0
2026-09-01,324873,28.5,0
2026-09-01,324877,107.0,0
2026-09-01,325115,214.0,0
2026-09-01,325163,23.5,0
2026-09-01,325187,44.0,0
2026-09-01,325190,59.5,0
2026-09-01,325309,47.0,0
2026-09-01,325420,29.0,0
2026-09-01,325589,10.5,0
2026-09-01,325670,5.0,0
2026-09-01,325708,67.0,0
2026-09-01,325929,32.0,0
2026-09-01,325937,5.0,0
2026-09-01,327581,26.5,0
2026-09-01,327670,34.0,0
2026-09-01,327689,14.0,0
2026-09-01,327719,9.2,0
2026-09-01,327727,19.0,0
2026-09-01,327786,36.0,0
2026-09-01,327815,17.5,0
2026-09-01,327832,22.0,0
2026-09-01,327867,36.0,0
2026-09-01,327921,24.0,0
2026-09-01,327930,40.0,0
2026-09-01,328022,24.0,0
2026-09-01,328057,73.5,0
2026-09-01,328065,131.0,0
2026-09-01,328103,188.0,0
2026-09-01,328120,11.5,0
2026-09-01,328154,183.0,0
2026-09-01,328187,3.7,0
2026-09-01,328332,35.0,0
2026-09-01,328336,149.0,0
2026-09-01,328337,88.0,0
2026-09-01,328341,88.0,0
2026-09-01,328381,49.0,0
2026-09-01,328409,6.5,0
2026-09-01,328471,48.0,0
2026-09-01,328474,5800.0,0
2026-09-01,328475,96.0,0
2026-09-01,328500,2.9,0
2026-09-01,328552,23.0,0
2026-09-01,328566,37.5,0
2026-09-01,328567,37.5,0
2026-09-01,328568,37.5,0
2026-09-01,328650,40.0,0
2026-09-01,328677,6.5,0
2026-09-01,328679,21.3,0
2026-09-01,328705,6.5,0
2026-09-01,328709,6.5,0
2026-09-01,328720,26.0,0
2026-09-01,328740,60.0,0
2026-09-01,328803,173.0,0
2026-09-01,328816,70.0,0
2026-09-01,328818,70.0,0
2026-09-01,328839,55.0,0
2026-09-01,328863,43.0,0
2026-09-01,329533,11.7,0
2026-09-01,329871,12.9,0
2026-09-01,330142,7.9,0
2026-09-01,330170,75.0,0
2026-09-01,330230,38.0,0
2026-09-01,330252,36.6,0
2026-09-01,330460,23.7,0
2026-09-01,330773,62.5,0
2026-09-01,330820,65.9,0
2026-09-01,330931,9.0,0
2026-09-01,330964,20.6,0
2026-09-01,331013,64.0,0
2026-09-01,331060,66.4,0
2026-09-01,331115,179.0,0
2026-09-01,331144,55.0,0
2026-09-01,331145,55.0,0
2026-09-01,331151,7.0,0
2026-09-01,331156,8.5,0
2026-09-01,331195,92.6,0
2026-09-01,331412,13.5,0
2026-09-01,331413,13.5,0
2026-09-01,331415,13.5,0
2026-09-01,331506,30.3,0
2026-09-01,331531,15.6,0
2026-09-01,331720,20.8,0
2026-09-01,331721,22.1,0
2026-09-01,331722,25.7,0
2026-09-01,331723,28.5,0
2026-09-01,331891,23.7,0
2026-09-01,331896,20.0,0
2026-09-01,331911,36.0,0
2026-09-01,332001,8.5,0
2026-09-01,332047,950.0,0
2026-09-01,332049,1590.0,0
2026-09-01,332117,6.8,0
2026-09-01,332151,19.5,0
2026-09-01,332171,16.0,0
2026-09-01,332172,14.8,0
2026-09-01,332201,10.5,0
2026-09-01,332291,298.0,0
2026-09-01,332507,31.9,0
2026-09-01,332554,41.0,0
2026-09-01,332555,51.5,0
2026-09-01,332595,14.0,0
2026-09-01,332777,51.0,0
2026-09-01,332778,23.5,0
2026-09-01,332788,25.0,0
2026-09-01,333013,90.0,0
2026-09-01,333015,81.0,0
2026-09-01,333016,100.0,0
2026-09-01,333050,22.0,0
2026-09-01,333054,80.0,0
2026-09-01,333062,29.9,0
2026-09-01,333063,29.9,0
2026-09-01,333142,40.5,0
2026-09-01,333143,95.0,0
2026-09-01,333145,115.0,0
2026-09-01,333160,25.9,0
2026-09-01,333168,32.1,0
2026-09-01,333266,55.9,0
2026-09-01,333277,72.5,0
2026-09-01,333287,29.0,0
2026-09-01,333371,6.0,0
2026-09-01,333451,29.4,0
2026-09-01,333452,29.4,0
2026-09-01,333453,29.4,0
2026-09-01,333454,46.9,0
2026-09-01,333470,20.0,0
2026-09-01,333513,33.6,0
2026-09-01,333561,44.9,0
2026-09-01,333577,7.3,0
2026-09-01,333582,32.0,0
2026-09-01,333644,60.9,0
2026-09-01,333717,79.0,0
2026-09-01,333750,21.6,0
2026-09-01,333754,51.4,0
2026-09-01,333755,50.2,0
2026-09-01,333770,33.5,0
2026-09-01,333775,12.0,0
2026-09-01,333796,69.0,0
2026-09-01,333820,15.2,0
2026-09-01,333821,15.2,0
2026-09-01,333822,15.0,0
2026-09-01,333823,26.9,0
2026-09-01,333825,26.9,0
2026-09-01,333826,23.8,0
2026-09-01,333827,19.0,0
2026-09-01,333912,16.9,0
2026-09-01,333926,39.0,0
2026-09-01,333927,41.0,0
2026-09-01,333940,29.6,0
2026-09-01,333956,45.0,0
2026-09-01,333996,26.0,0
2026-09-01,333997,26.0,0
2026-09-01,333998,26.0,0
2026-09-01,334065,26.0,0
2026-09-01,334079,7.5,0
2026-09-01,334090,24.2,0
2026-09-01,334105,28.0,0
2026-09-01,334390,26.0,0
2026-09-01,334501,24.9,0
2026-09-01,334535,45.0,0
2026-09-01,334536,45.0,0
2026-09-01,334566,30.5,0
2026-09-01,334682,86.0,0
2026-09-01,335011,28.5,0
2026-09-01,335055,74.9,0
2026-09-01,335290,6.0,0
2026-09-01,335339,35.5,0
2026-09-01,335453,31.0,0
2026-09-01,335495,25.0,0
2026-09-01,335509,22.5,0
2026-09-01,335573,33.8,0
2026-09-01,335579,31.0,0
2026-09-01,335580,26.0,0
2026-09-01,335582,31.0,0
2026-09-01,335610,13.5,0
2026-09-01,335755,29.5,0
2026-09-01,335756,29.5,0
2026-09-01,335757,27.1,0
2026-09-01,335770,35.0,0
2026-09-01,335781,47.0,0
2026-09-01,335805,27.0,0
2026-09-01,335967,63.0,0
2026-09-01,335981,15.6,0
2026-09-01,335982,35.2,0
2026-09-01,336066,24.9,0
2026-09-01,336211,52.0,0
2026-09-01,336214,37.5,0
2026-09-01,336217,37.5,0
2026-09-01,336221,37.5,0
2026-09-01,336223,37.5,0
2026-09-01,336225,37.5,0
2026-09-01,336226,37.5,0
2026-09-01,336235,37.5,0
2026-09-01,336273,33.8,0
2026-09-01,336320,30.0,0
2026-09-01,336341,43.1,0
2026-09-01,336342,43.1,0
2026-09-01,336343,16.5,0
2026-09-01,336351,28.0,0
2026-09-01,336386,12.5,0
2026-09-01,336394,13.5,0
2026-09-01,336424,13.9,0
2026-09-01,336513,13.0,0
2026-09-01,336521,13.5,0
2026-09-01,336548,12.0,0
2026-09-01,336564,13.0,0
2026-09-01,336572,13.5,0
2026-09-01,336599,9.0,0
2026-09-01,336625,27.0,0
2026-09-01,336676,19.8,0
2026-09-01,336718,8.5,0
2026-09-01,336769,29.0,0
2026-09-01,336830,26.1,0
2026-09-01,336831,46.0,0
2026-09-01,336833,19.7,0
2026-09-01,336858,27.0,0
2026-09-01,336939,14.8,0
2026-09-01,336947,15.0,0
2026-09-01,337001,40.8,0
2026-09-01,337002,49.6,0
2026-09-01,337020,41.0,0
2026-09-01,337091,27.5,0
2026-09-01,337093,30.8,0
2026-09-01,337187,34.0,0
2026-09-01,337250,46.0,0
2026-09-01,337285,29.0,0
2026-09-01,337293,27.0,0
2026-09-01,337307,33.0,0
2026-09-01,337374,16.5,0
2026-09-01,337729,169.0,0
2026-09-01,337733,17.0,0
2026-09-01,337792,40.8,0
2026-09-01,337793,49.2,0
2026-09-01,337801,10.7,0
2026-09-01,337817,19.5,0
2026-09-01,337891,53.5,0
2026-09-01,338048,52.5,0
2026-09-01,338050,43.6,0
2026-09-01,338110,31.9,0
2026-09-01,338111,22.7,0
2026-09-01,338113,51.6,0
2026-09-01,338338,55.0,0
2026-09-01,338717,51.5,0
2026-09-01,338746,23.3,0
2026-09-01,338748,23.3,0
2026-09-01,338771,23.0,0
2026-09-01,338781,7.5,0
2026-09-01,338816,168.0,0
2026-09-01,338817,40.8,0
2026-09-01,338819,40.8,0
2026-09-01,338823,17.5,0
2026-09-01,338840,34.1,0
2026-09-01,338914,82.3,0
2026-09-01,338920,99.0,0
2026-09-01,338982,13.3,0
2026-09-01,338989,74.9,0
2026-09-01,338990,15.0,0
2026-09-01,339129,41.0,0
2026-09-01,339131,62.5,0
2026-09-01,339132,34.0,0
2026-09-01,339134,23.5,0
2026-09-01,339135,21.0,0
2026-09-01,339136,8.0,0
2026-09-01,339137,28.5,0
2026-09-01,339220,66.6,0
2026-09-01,339717,9.4,0
2026-09-01,339733,18.7,0
2026-09-01,340015,40.0,0
2026-09-01,340016,46.0,0
2026-09-01,340018,14.5,0
2026-09-01,340019,25.0,0
2026-09-01,340021,21.0,0
2026-09-01,340087,1.7,0
2026-09-01,340088,6.5,0
2026-09-01,340137,67.0,0
2026-09-01,340200,27.8,0
2026-09-01,340233,14.8,0
2026-09-01,340234,35.5,0
2026-09-01,340235,27.8,0
2026-09-01,340243,27.8,0
2026-09-01,340251,27.8,0
2026-09-01,340260,27.8,0
2026-09-01,340272,11.8,0
2026-09-01,340413,11.4,0
2026-09-01,340450,32.0,0
2026-09-01,340451,32.0,0
2026-09-01,340453,32.0,0
2026-09-01,340457,32.0,0
2026-09-01,340471,14.3,0
2026-09-01,340481,15.0,0
2026-09-01,340517,12.0,0
2026-09-01,340518,15.0,0
2026-09-01,340533,20.0,0
2026-09-01,340540,12.0,0
2026-09-01,340541,10.0,0
2026-09-01,340543,13.0,0
2026-09-01,340618,20.9,0
2026-09-01,340660,15.5,0
2026-09-01,340750,60.0,0
2026-09-01,340751,37.0,0
2026-09-01,340752,45.0,0
2026-09-01,340753,45.0,0
2026-09-01,340790,56.5,0
2026-09-01,340811,14.7,0
2026-09-01,340855,35.0,0
2026-09-01,340925,26.0,0
2026-09-01,340956,50.3,0
2026-09-01,340961,47.1,0
2026-09-01,340963,8.6,0
2026-09-01,341030,46.8,0
2026-09-01,341031,46.8,0
2026-09-01,341032,46.8,0
2026-09-01,341034,46.8,0
2026-09-01,341150,48.0,0
2026-09-01,341243,9.0,0
2026-09-01,341257,286.0,0
2026-09-01,341444,6.4,0
2026-09-01,341552,24.0,0
2026-09-01,341561,22.9,0
2026-09-01,341835,86.0,0
2026-09-01,342019,28.2,0
2026-09-01,342020,13.2,0
2026-09-01,342084,24.5,0
2026-09-01,342092,30.0,0
2026-09-01,342219,13.2,0
2026-09-01,342234,13.7,0
2026-09-01,342246,11.3,0
2026-09-01,342332,11.0,0
2026-09-01,342564,34.1,0
2026-09-01,343285,64.0,0
2026-09-01,343323,64.0,0
2026-09-01,343440,45.0,0
2026-09-01,343541,58.0,0
2026-09-01,343803,6.2,0
2026-09-01,343854,32.0,0
2026-09-01,343862,42.0,0
2026-09-01,343870,23.0,0
2026-09-01,343889,23.0,0
2026-09-01,344044,22.5,0
2026-09-01,344233,27.0,0
2026-09-01,344320,71.0,0
2026-09-01,344338,78.0,0
2026-09-01,344451,48.8,0
2026-09-01,344583,22.9,0
2026-09-01,345541,23.0,0
2026-09-01,345589,24.8,0
2026-09-01,345591,35.6,0
2026-09-01,346373,17.0,0
2026-09-01,346544,74.0,0
2026-09-01,346934,128.0,0
2026-09-01,349788,4.0,0
2026-09-01,350115,21.3,0
2026-09-01,350200,38.3,0
2026-09-01,350417,14.5,0
2026-09-01,350465,15.5,0
2026-09-01,350477,15.5,0
2026-09-01,350479,15.5,0
2026-09-01,350506,58.0,0
2026-09-01,350509,52.0,0
2026-09-01,350601,17.5,0
2026-09-01,350717,17.3,0
2026-09-01,350760,121.2,0
2026-09-01,350787,9.5,0
2026-09-01,350992,31.5,0
2026-09-01,351001,65.2,0
2026-09-01,351002,69.1,0
2026-09-01,351011,102.0,0
2026-09-01,351020,10.5,0
2026-09-01,351091,1759.0,0
2026-09-01,351101,4.0,0
2026-09-01,351117,19.2,0
2026-09-01,351130,121.0,0
2026-09-01,351135,16.0,0
2026-09-01,351148,519.0,0
2026-09-01,351155,125.0,0
2026-09-01,351201,22.2,0
2026-09-01,351203,16.2,0
2026-09-01,351205,22.1,0
2026-09-01,351206,111.0,0
2026-09-01,351214,28.4,0
2026-09-01,351229,28.5,0
2026-09-01,351510,11.2,0
2026-09-01,351558,18.9,0
2026-09-01,351768,60.5,0
2026-09-01,351814,23.0,0
2026-09-01,351830,23.0,0
2026-09-01,351865,105.0,0
2026-09-01,351871,29.0,0
2026-09-01,351873,19.5,0
2026-09-01,351878,33.0,0
2026-09-01,351890,30.5,0
2026-09-01,352214,17.0,0
2026-09-01,352220,295.0,0
2026-09-01,352224,1385.0,0
2026-09-01,352341,15.9,0
2026-09-01,352462,13.8,0
2026-09-01,352531,38.1,0
2026-09-01,352532,36.6,0
2026-09-01,352555,45.9,0
2026-09-01,352558,43.0,0
2026-09-01,352651,12.4,0
2026-09-01,352730,33.6,0
2026-09-01,352772,14.5,0
2026-09-01,352837,30.0,0
2026-09-01,352845,10.5,0
2026-09-01,352849,7.9,0
2026-09-01,352850,49.5,0
2026-09-01,352855,14.5,0
2026-09-01,352934,27.0,0
2026-09-01,352943,15.5,0
2026-09-01,353110,10.0,0
2026-09-01,353280,41.5,0
2026-09-01,353286,22.0,0
2026-09-01,353312,20.0,0
2026-09-01,353315,36.5,0
2026-09-01,353323,55.8,0
2026-09-01,353335,11.7,0
2026-09-01,353336,45.0,0
2026-09-01,353338,11.0,0
2026-09-01,353384,98.0,0
2026-09-01,353386,98.0,0
2026-09-01,353396,87.5,0
2026-09-01,353460,29.7,0
2026-09-01,353539,9.0,0
2026-09-01,353551,23.5,0
2026-09-01,353552,25.0,0
2026-09-01,353575,40.0,0
2026-09-01,353684,82.5,0
2026-09-01,353686,82.5,0
2026-09-01,353699,56.0,0
2026-09-01,353700,56.0,0
2026-09-01,353702,56.0,0
2026-09-01,353720,73.5,0
2026-09-01,353721,39.5,0
2026-09-01,353835,131.0,0
2026-09-01,353836,85.0,0
2026-09-01,353837,243.0,0
2026-09-01,353838,243.0,0
2026-09-01,353895,13.5,0
2026-09-01,353934,38.0,0
2026-09-01,353935,15.9,0
2026-09-01,353936,38.0,0
2026-09-01,353937,15.9,0
2026-09-01,353950,20.9,0
2026-09-01,353951,20.9,0
2026-09-01,353954,20.9,0
2026-09-01,353982,34.0,0
2026-09-01,353983,33.0,0
2026-09-01,354010,119.0,0
2026-09-01,354077,27.0,0
2026-09-01,354083,21.0,0
2026-09-01,354139,21.3,0
2026-09-01,354169,67.0,0
2026-09-01,354190,23.5,0
2026-09-01,354228,10.0,0
2026-09-01,354233,7.8,0
2026-09-01,354260,42.0,0
2026-09-01,354279,42.0,0
2026-09-01,354287,42.0,0
2026-09-01,354309,80.0,0
2026-09-01,354370,108.0,0
2026-09-01,354410,21.0,0
2026-09-01,354554,9.6,0
2026-09-01,354561,59.5,0
2026-09-01,354563,76.0,0
2026-09-01,354651,11.5,0
2026-09-01,354686,22.0,0
2026-09-01,354694,21.0,0
2026-09-01,354930,14.7,0
2026-09-01,354931,14.7,0
2026-09-01,354932,14.7,0
2026-09-01,355089,17.0,0
2026-09-01,355667,55.8,0
2026-09-01,355668,55.8,0
2026-09-01,355780,13.9,0
2026-09-01,355974,61.5,0
2026-09-01,355975,70.0,0
2026-09-01,355977,70.0,0
2026-09-01,355991,91.0,0
2026-09-01,355993,91.0,0
2026-09-01,355994,91.0,0
2026-09-01,356001,27.9,0
2026-09-01,356002,27.9,0
2026-09-01,356011,22.9,0
2026-09-01,356014,27.9,0
2026-09-01,356016,27.9,0
2026-09-01,356017,27.9,0
2026-09-01,356030,42.5,0
2026-09-01,356031,42.5,0
2026-09-01,356032,42.5,0
2026-09-01,356239,6.3,0
2026-09-01,356890,17.8,0
2026-09-01,357072,20.5,0
2026-09-01,357308,166.0,0
2026-09-01,357448,41.3,0
2026-09-01,357881,37.5,0
2026-09-01,357910,11.0,0
2026-09-01,358060,47.3,0
2026-09-01,358178,17.0,0
2026-09-01,358193,219.0,0
2026-09-01,358231,288.0,0
2026-09-01,358240,275.0,0
2026-09-01,358258,173.0,0
2026-09-01,358921,55.7,0
2026-09-01,358922,55.2,0
2026-09-01,358967,129.0,0
2026-09-01,358970,78.5,0
2026-09-01,359060,35.6,0
2026-09-01,359061,35.6,0
2026-09-01,359062,35.6,0
2026-09-01,359065,35.6,0
2026-09-01,359069,35.6,0
2026-09-01,359078,32.2,0
2026-09-01,359541,20.0,0
2026-09-01,359561,19.5,0
2026-09-01,359653,45.0,0
2026-09-01,359936,65.0,0
2026-09-01,359953,67.5,0
2026-09-01,360170,29.0,0
2026-09-01,360211,26.9,0
2026-09-01,360232,12.5,0
2026-09-01,360234,12.5,0
2026-09-01,360586,43.0,0
2026-09-01,360590,19.5,0
2026-09-01,360591,24.0,0
2026-09-01,360592,24.0,0
2026-09-01,360594,10.0,0
2026-09-01,360710,30.5,0
2026-09-01,360725,27.5,0
2026-09-01,360752,18.0,0
2026-09-01,360780,9.0,0
2026-09-01,360782,3.0,0
2026-09-01,360801,15.7,0
2026-09-01,360802,15.7,0
2026-09-01,360804,15.7,0
2026-09-01,360831,12.5,0
2026-09-01,360839,35.0,0
2026-09-01,360840,31.8,0
2026-09-01,360890,36.9,0
2026-09-01,360899,42.5,0
2026-09-01,360909,33.9,0
2026-09-01,360926,45.9,0
2026-09-01,360927,45.9,0
2026-09-01,360954,29.7,0
2026-09-01,360955,31.5,0
2026-09-01,360956,24.2,0
2026-09-01,360958,64.5,0
2026-09-01,360982,35.0,0
2026-09-01,360985,14.8,0
2026-09-01,361030,44.0,0
2026-09-01,361205,36.9,0
2026-09-01,361210,28.0,0
2026-09-01,361247,12.4,0
2026-09-01,361251,14.7,0
2026-09-01,362144,42.0,0
2026-09-01,362770,24.5,0
2026-09-01,362778,8.9,0
2026-09-01,362786,12.9,0
2026-09-01,362910,12.4,0
2026-09-01,363030,153.0,0
2026-09-01,363073,114.0,0
2026-09-01,363090,204.0,0
2026-09-01,363103,204.0,0
2026-09-01,363111,104.0,0
2026-09-01,363120,127.0,0
2026-09-01,363124,115.0,0
2026-09-01,363126,115.0,0
2026-09-01,363133,169.0,0
2026-09-01,363220,65.6,0
2026-09-01,363260,9.0,0
2026-09-01,363322,68.0,0
2026-09-01,363323,33.0,0
2026-09-01,363352,105.0,0
2026-09-01,363353,85.0,0
2026-09-01,363391,78.0,0
2026-09-01,363520,31.5,0
2026-09-01,363532,21.0,0
2026-09-01,363688,185.0,0
2026-09-01,363738,19.9,0
2026-09-01,363821,26.4,0
2026-09-01,363823,26.4,0
2026-09-01,363824,42.0,0
2026-09-01,363825,42.0,0
2026-09-01,363826,14.4,0
2026-09-01,363827,14.4,0
2026-09-01,363887,22.9,0
2026-09-01,363920,116.2,0
2026-09-01,363921,116.2,0
2026-09-01,363982,49.0,0
2026-09-01,363983,49.0,0
2026-09-01,363984,49.0,0
2026-09-01,363985,49.0,0
2026-09-01,363986,49.0,0
2026-09-01,363988,49.0,0
2026-09-01,363989,49.0,0
2026-09-01,363990,49.0,0
2026-09-01,363991,49.0,0
2026-09-01,363993,49.0,0
2026-09-01,363994,49.0,0
2026-09-01,363996,49.0,0
2026-09-01,363997,49.0,0
2026-09-01,363999,49.0,0
2026-09-01,364022,49.0,0
2026-09-01,364023,25.0,0
2026-09-01,364051,33.9,0
2026-09-01,364215,4.7,0
2026-09-01,364355,89.0,0
2026-09-01,364357,3.0,0
2026-09-01,364371,51.5,0
2026-09-01,364541,11.2,0
2026-09-01,364576,11.2,0
2026-09-01,364681,22.3,0
2026-09-01,365017,32.5,0
2026-09-01,365020,16.3,0
2026-09-01,365411,25.0,0
2026-09-01,366889,56.5,0
2026-09-01,367141,50.5,0
2026-09-01,367150,56.0,0
2026-09-01,367206,17.5,0
2026-09-01,367214,25.5,0
2026-09-01,367222,34.0,0
2026-09-01,367265,40.5,0
2026-09-01,367311,3.0,0
2026-09-01,367315,45.0,0
2026-09-01,367316,51.0,0
2026-09-01,367320,3.0,0
2026-09-01,367443,6.8,0
2026-09-01,367501,35.5,0
2026-09-01,367702,10.5,0
2026-09-01,367710,11.0,0
2026-09-01,367971,10.8,0
2026-09-01,368010,32.5,0
2026-09-01,368210,112.0,0
2026-09-01,368296,9.5,0
2026-09-01,368307,34.0,0
2026-09-01,368326,51.5,0
2026-09-01,368570,21.5,0
2026-09-01,368572,11.8,0
2026-09-01,368741,7.2,0
2026-09-01,368875,41.0,0
2026-09-01,369041,21.5,0
2026-09-01,369042,11.0,0
2026-09-01,369152,5.0,0
2026-09-01,370051,145.0,0
2026-09-01,370253,14.4,0
2026-09-01,370524,22.9,0
2026-09-01,370610,22.8,0
2026-09-01,370682,20.0,0
2026-09-01,370686,20.0,0
2026-09-01,370687,20.0,0
2026-09-01,370738,5.5,0
2026-09-01,370940,13.2,0
2026-09-01,371079,15.5,0
2026-09-01,371190,28.0,0
2026-09-01,371205,53.0,0
2026-09-01,371220,10.5,0
2026-09-01,371298,42.0,0
2026-09-01,371299,42.0,0
2026-09-01,371301,42.0,0
2026-09-01,371302,42.0,0
2026-09-01,371303,42.0,0
2026-09-01,371304,42.0,0
2026-09-01,371305,37.0,0
2026-09-01,371306,37.0,0
2026-09-01,371307,37.0,0
2026-09-01,371421,110.0,0
2026-09-01,372107,40.0,0
2026-09-01,372108,37.0,0
2026-09-01,372109,49.0,0
2026-09-01,372175,230.0,0
2026-09-01,372178,240.0,0
2026-09-01,372259,28.0,0
2026-09-01,372260,34.0,0
2026-09-01,372261,10.0,0
2026-09-01,372262,18.0,0
2026-09-01,372282,57.5,0
2026-09-01,372283,10.5,0
2026-09-01,372560,35.0,0
2026-09-01,372794,9.5,0
2026-09-01,372883,2.0,0
2026-09-01,372950,20.0,0
2026-09-01,372951,21.0,0
2026-09-01,372976,14.0,0
2026-09-01,373016,50.0,0
2026-09-01,373020,115.0,0
2026-09-01,373021,115.0,0
2026-09-01,373037,70.0,0
2026-09-01,373516,14.0,0
2026-09-01,373524,14.0,0
2026-09-01,373560,16.2,0
2026-09-01,373562,16.2,0
2026-09-01,373815,21.8,0
2026-09-01,373827,26.4,0
2026-09-01,373828,15.0,0
2026-09-01,373975,150.0,0
2026-09-01,374012,13.0,0
2026-09-01,374334,22.5,0
2026-09-01,374495,24.0,0
2026-09-01,374496,21.0,0
2026-09-01,374497,14.0,0
2026-09-01,374750,5.3,0
2026-09-01,375010,29.9,0
2026-09-01,375179,33.6,0
2026-09-01,375373,68.0,0
2026-09-01,375381,54.0,0
2026-09-01,375390,62.0,0
2026-09-01,375403,31.9,0
2026-09-01,376124,58.8,0
2026-09-01,376132,58.8,0
2026-09-01,376140,29.6,0
2026-09-01,376167,29.6,0
2026-09-01,376469,70.0,0
2026-09-01,376540,52.8,0
2026-09-01,377613,85.0,0
2026-09-01,377688,70.0,0
2026-09-01,378313,5.3,0
2026-09-01,378453,46.8,0
2026-09-01,378461,42.9,0
2026-09-01,378712,17.6,0
2026-09-01,378887,56.6,0
2026-09-01,380108,13.7,0
2026-09-01,380122,40.5,0
2026-09-01,380123,33.0,0
2026-09-01,380187,181.5,0
2026-09-01,380221,90.3,0
2026-09-01,380222,62.9,0
2026-09-01,380272,20.0,0
2026-09-01,380273,26.0,0
2026-09-01,380274,21.0,0
2026-09-01,380275,13.0,0
2026-09-01,380276,22.0,0
2026-09-01,380571,19.0,0
2026-09-01,380643,52.0,0
2026-09-01,380647,32.3,0
2026-09-01,380720,38.7,0
2026-09-01,380721,58.7,0
2026-09-01,380819,77.4,0
2026-09-01,380901,39.7,0
2026-09-01,380902,26.7,0
2026-09-01,380913,26.7,0
2026-09-01,380914,38.3,0
2026-09-01,380916,10.7,0
2026-09-01,380917,19.0,0
2026-09-01,380921,33.0,0
2026-09-01,380924,70.0,0
2026-09-01,380926,81.3,0
2026-09-01,381010,26.0,0
2026-09-01,381011,20.0,0
2026-09-01,381030,23.0,0
2026-09-01,381031,21.0,0
2026-09-01,381033,20.0,0
2026-09-01,381034,17.0,0
2026-09-01,381035,14.8,0
2026-09-01,381036,20.8,0
2026-09-01,381037,20.0,0
2026-09-01,381222,7.2,0
2026-09-01,381236,6.7,0
2026-09-01,381237,11.2,0
2026-09-01,381238,11.3,0
2026-09-01,381243,14.5,0
2026-09-01,381249,17.6,0
2026-09-01,381279,16.3,0
2026-09-01,381403,37.5,0
2026-09-01,381438,80.0,0
2026-09-01,381470,125.0,0
2026-09-01,381543,27.5,0
2026-09-01,381558,45.0,0
2026-09-01,381713,26.5,0
2026-09-01,381731,3.0,0
2026-09-01,381977,85.0,0
2026-09-01,381985,84.0,0
2026-09-01,382000,66.0,0
2026-09-01,382035,34.0,0
2026-09-01,382043,67.5,0
2026-09-01,382078,28.0,0
2026-09-01,382175,42.5,0
2026-09-01,382191,42.9,0
2026-09-01,382526,10.0,0
2026-09-01,382527,9.7,0
2026-09-01,382528,10.0,0
2026-09-01,382529,10.0,0
2026-09-01,382541,166.0,0
2026-09-01,382542,166.0,0
2026-09-01,382612,55.0,0
2026-09-01,382833,46.2,0
2026-09-01,382877,25.0,0
2026-09-01,382878,25.0,0
2026-09-01,382879,25.0,0
2026-09-01,382880,25.0,0
2026-09-01,382892,22.3,0
2026-09-01,382949,80.0,0
2026-09-01,384208,61.0,0
2026-09-01,384259,75.0,0
2026-09-01,385352,13.1,0
2026-09-01,385379,56.0,0
2026-09-01,385441,31.8,0
2026-09-01,385478,205.0,0
2026-09-01,385580,24.0,0
2026-09-01,386081,65.0,0
2026-09-01,386090,63.2,0
2026-09-01,386528,122.0,0
2026-09-01,386774,96.0,0
2026-09-01,386782,121.0,0
2026-09-01,387077,7.8,0
2026-09-01,387401,10.0,0
2026-09-01,387871,19.0,0
2026-09-01,388378,135.0,0
2026-09-01,388711,43.0,0
2026-09-01,388793,56.0,0
2026-09-01,389382,56.8,0
2026-09-01,390091,73.0,0
2026-09-01,390101,20.0,0
2026-09-01,390110,8.5,0
2026-09-01,390178,5.9,0
2026-09-01,390186,10.9,0
2026-09-01,390250,73.0,0
2026-09-01,390431,18.0,0
2026-09-01,390487,29.0,0
2026-09-01,390521,18.0,0
2026-09-01,390527,52.5,0
2026-09-01,390529,31.8,0
2026-09-01,390595,23.2,0
2026-09-01,390658,9.8,0
2026-09-01,390755,12.5,0
2026-09-01,390879,10.0,0
2026-09-01,390907,34.3,0
2026-09-01,390908,31.5,0
2026-09-01,390910,34.3,0
2026-09-01,390918,96.9,0
2026-09-01,390919,38.0,0
2026-09-01,390943,103.3,0
2026-09-01,391009,26.5,0
2026-09-01,391010,17.6,0
2026-09-01,391016,18.0,0
2026-09-01,391017,18.0,0
2026-09-01,391019,18.0,0
2026-09-01,391024,20.4,0
2026-09-01,391025,20.4,0
2026-09-01,391027,20.4,0
2026-09-01,391028,20.4,0
2026-09-01,391032,20.4,0
2026-09-01,391033,20.4,0
2026-09-01,391035,20.4,0
2026-09-01,391036,20.4,0
2026-09-01,391038,22.4,0
2026-09-01,391039,22.4,0
2026-09-01,391040,22.4,0
2026-09-01,391046,17.2,0
2026-09-01,391047,17.2,0
2026-09-01,391085,25.0,0
2026-09-01,391087,7.0,0
2026-09-01,391182,23.0,0
2026-09-01,391218,18.8,0
2026-09-01,391239,50.0,0
2026-09-01,391260,116.2,0
2026-09-01,391262,25.7,0
2026-09-01,391626,27.0,0
2026-09-01,391704,115.0,0
2026-09-01,392002,21.5,0
2026-09-01,392003,53.9,0
2026-09-01,392060,133.0,0
2026-09-01,392061,138.0,0
2026-09-01,392063,195.0,0
2026-09-01,392221,15.0,0
2026-09-01,392405,5.5,0
2026-09-01,392421,5.5,0
2026-09-01,392480,13.5,0
2026-09-01,393193,21.5,0
2026-09-01,393495,6.5,0
2026-09-01,393509,7.4,0
2026-09-01,393517,6.7,0
2026-09-01,393541,15.5,0
2026-09-01,393550,4.4,0
2026-09-01,393568,7.7,0
2026-09-01,393632,74.9,0
2026-09-01,393711,29.0,0
2026-09-01,393763,9.5,0
2026-09-01,393764,9.5,0
2026-09-01,394092,4.0,0
2026-09-01,394106,4.0,0
2026-09-01,394181,14.3,0
2026-09-01,394220,5.5,0
2026-09-01,394238,5.5,0
2026-09-01,394246,5.5,0
2026-09-01,395253,78.0,0
2026-09-01,395254,83.0,0
2026-09-01,395261,61.0,0
2026-09-01,395382,7.3,0
2026-09-01,395408,21.0,0
2026-09-01,395528,16.0,0
2026-09-01,395602,20.0,0
2026-09-01,395857,28.8,0
2026-09-01,395858,18.8,0
2026-09-01,395860,45.0,0
2026-09-01,396206,380.0,0
2026-09-01,396672,6.5,0
2026-09-01,397181,36.7,0
2026-09-01,397353,39.0,0
2026-09-01,397355,39.0,0
2026-09-01,397695,75.0,0
2026-09-01,397717,75.0,0
2026-09-01,397733,34.1,0
2026-09-01,397750,13.0,0
2026-09-01,397920,72.0,0
2026-09-01,398055,13.8,0
2026-09-01,398070,39.5,0
2026-09-01,398403,15.5,0
2026-09-01,398420,15.5,0
2026-09-01,398438,8.8,0
2026-09-01,398717,75.0,0
2026-09-01,398727,230.0,0
2026-09-01,399060,13.8,0
2026-09-01,399426,80.0,0
2026-09-01,399434,83.0,0
2026-09-01,399840,12.0,0
2026-09-01,400391,45.0,0
2026-09-01,400475,180.0,0
2026-09-01,400645,24.3,0
2026-09-01,401013,11.8,0
2026-09-01,401021,11.8,0
2026-09-01,401056,10.5,0
2026-09-01,401129,49.9,0
2026-09-01,401170,6.7,0
2026-09-01,401173,442.0,0
2026-09-01,401175,442.0,0
2026-09-01,401196,12.0,0
2026-09-01,401200,11.0,0
2026-09-01,401240,13.0,0
2026-09-01,401245,16.0,0
2026-09-01,401255,47.0,0
2026-09-01,401285,21.5,0
2026-09-01,401293,21.5,0
2026-09-01,401499,21.5,0
2026-09-01,401518,22.0,0
2026-09-01,401519,21.0,0
2026-09-01,401520,22.0,0
2026-09-01,401597,37.5,0
2026-09-01,402257,14.0,0
2026-09-01,402774,31.5,0
2026-09-01,402775,31.5,0
2026-09-01,402776,22.8,0
2026-09-01,402778,21.6,0
2026-09-01,402779,18.4,0
2026-09-01,402908,19.8,0
2026-09-01,403135,16.0,0
2026-09-01,403431,7.3,0
2026-09-01,403511,190.0,0
2026-09-01,403725,4.5,0
2026-09-01,404011,108.0,0
2026-09-01,404013,98.0,0
2026-09-01,404014,96.0,0
2026-09-01,404020,9.5,0
2026-09-01,404081,52.0,0
2026-09-01,404300,96.0,0
2026-09-01,404556,149.0,0
2026-09-01,404861,12.5,0
2026-09-01,405081,24.9,0
2026-09-01,405515,149.0,0
2026-09-01,405545,316.0,0
2026-09-01,406070,96.5,0
2026-09-01,406071,96.5,0
2026-09-01,406150,15.5,0
2026-09-01,406152,15.5,0
2026-09-01,406154,15.5,0
2026-09-01,406171,19.3,0
2026-09-01,407089,30.9,0
2026-09-01,407177,41.0,0
2026-09-01,408770,29.9,0
2026-09-01,408771,20.9,0
2026-09-01,410144,7.5,0
2026-09-01,410409,8.0,0
2026-09-01,410410,4.0,0
2026-09-01,410438,12.5,0
2026-09-01,410764,13.0,0
2026-09-01,410910,6.2,0
2026-09-01,411877,25.0,0
2026-09-01,412112,10.0,0
2026-09-01,412147,10.0,0
2026-09-01,412163,28.0,0
2026-09-01,412210,28.0,0
2026-09-01,412228,28.0,0
2026-09-01,412236,28.0,0
2026-09-01,412244,28.0,0
2026-09-01,412252,28.0,0
2026-09-01,412279,28.0,0
2026-09-01,412287,28.0,0
2026-09-01,412295,15.5,0
2026-09-01,412325,15.5,0
2026-09-01,412341,15.5,0
2026-09-01,412368,15.5,0
2026-09-01,412384,15.5,0
2026-09-01,412392,15.5,0
2026-09-01,412406,15.5,0
2026-09-01,412643,90.0,0
2026-09-01,412878,27.5,0
2026-09-01,413224,45.5,0
2026-09-01,413291,36.9,0
2026-09-01,413305,10.9,0
2026-09-01,413326,18.8,0
2026-09-01,413488,2.3,0
2026-09-01,413496,18.8,0
2026-09-01,413500,79.0,0
2026-09-01,413623,25.0,0
2026-09-01,414031,27.4,0
2026-09-01,414032,27.4,0
2026-09-01,414035,27.4,0
2026-09-01,414036,27.4,0
2026-09-01,414069,102.0,0
2026-09-01,414105,33.0,0
2026-09-01,414123,15.5,0
2026-09-01,414271,218.0,0
2026-09-01,414403,10.5,0
2026-09-01,414405,10.5,0
2026-09-01,414407,11.0,0
2026-09-01,414410,10.5,0
2026-09-01,414442,50.0,0
2026-09-01,414654,14.0,0
2026-09-01,414659,18.8,0
2026-09-01,414891,20.0,0
2026-09-01,414999,14.0,0
2026-09-01,415006,14.0,0
2026-09-01,415328,18.8,0
2026-09-01,415987,43.5,0
2026-09-01,416487,68.5,0
2026-09-01,416835,88.0,0
2026-09-01,416860,5.0,0
2026-09-01,417386,33.0,0
2026-09-01,417432,28.5,0
2026-09-01,417475,206.0,0
2026-09-01,417548,19.5,0
2026-09-01,418676,12.0,0
2026-09-01,418722,12.0,0
2026-09-01,418730,12.0,0
2026-09-01,418749,5.0,0
2026-09-01,418757,10.0,0
2026-09-01,420441,78.0,0
2026-09-01,421045,16.0,0
2026-09-01,421123,52.5,0
2026-09-01,421223,103.0,0
2026-09-01,421391,15.9,0
2026-09-01,421422,22.3,0
2026-09-01,421448,15.9,0
2026-09-01,421634,119.0,0
2026-09-01,421758,120.0,0
2026-09-01,422335,20.0,0
2026-09-01,422933,70.0,0
2026-09-01,423031,8.0,0
2026-09-01,423333,6.5,0
2026-09-01,423491,51.0,0
2026-09-01,423750,146.0,0
2026-09-01,423882,7.7,0
2026-09-01,423884,30.8,0
2026-09-01,423890,4.5,0
2026-09-01,423998,146.0,0
2026-09-01,424006,146.0,0
2026-09-01,424113,67.0,0
2026-09-01,425346,21.1,0
2026-09-01,426113,7.4,0
2026-09-01,426121,49.0,0
2026-09-01,426172,159.0,0
2026-09-01,426571,37.5,0
2026-09-01,426768,69.9,0
2026-09-01,427349,16.5,0
2026-09-01,427365,17.5,0
2026-09-01,427373,17.5,0
2026-09-01,427390,10.3,0
2026-09-01,427411,52.0,0
2026-09-01,427431,22.5,0
2026-09-01,427560,5.3,0
2026-09-01,427578,11.7,0
2026-09-01,427900,32.5,0
2026-09-01,428060,52.0,0
2026-09-01,428094,14.9,0
2026-09-01,428718,19.5,0
2026-09-01,430065,75.0,0
2026-09-01,430200,18.8,0
2026-09-01,430285,21.0,0
2026-09-01,430632,15.9,0
2026-09-01,430634,15.5,0
2026-09-01,431001,33.5,0
2026-09-01,431028,15.0,0
2026-09-01,431036,12.0,0
2026-09-01,431126,23.5,0
2026-09-01,431524,33.5,0
2026-09-01,431540,33.5,0
2026-09-01,431559,25.0,0
2026-09-01,431567,28.5,0
2026-09-01,431605,51.7,0
2026-09-01,431842,26.9,0
2026-09-01,432010,75.0,0
2026-09-01,432035,108.4,0
2026-09-01,432063,18.2,0
2026-09-01,432064,18.2,0
2026-09-01,432065,19.2,0
2026-09-01,432066,19.2,0
2026-09-01,432071,15.0,0
2026-09-01,432072,15.0,0
2026-09-01,432073,25.5,0
2026-09-01,432074,25.5,0
2026-09-01,432077,50.0,0
2026-09-01,432413,10.2,0
2026-09-01,432600,20.9,0
2026-09-01,432811,8.2,0
2026-09-01,432812,8.2,0
2026-09-01,432813,8.2,0
2026-09-01,432850,10.7,0
2026-09-01,432881,24.5,0
2026-09-01,432910,25.0,0
2026-09-01,433144,46.8,0
2026-09-01,433306,14.9,0
2026-09-01,433330,39.8,0
2026-09-01,433357,53.9,0
2026-09-01,433365,31.5,0
2026-09-01,433373,37.0,0
2026-09-01,433381,36.0,0
2026-09-01,433720,75.0,0
2026-09-01,433725,131.0,0
2026-09-01,433772,46.0,0
2026-09-01,434078,6.8,0
2026-09-01,434094,6.8,0
2026-09-01,434112,84.9,0
2026-09-01,434122,35.0,0
2026-09-01,434493,40.0,0
2026-09-01,434590,57.0,0
2026-09-01,435001,63.7,0
2026-09-01,436160,19.5,0
2026-09-01,436214,62.0,0
2026-09-01,436224,140.0,0
2026-09-01,436227,29.0,0
2026-09-01,436330,120.0,0
2026-09-01,436356,210.0,0
2026-09-01,436615,33.5,0
2026-09-01,436852,19.5,0
2026-09-01,436860,19.5,0
2026-09-01,436992,53.5,0
2026-09-01,437077,53.5,0
2026-09-01,437085,53.5,0
2026-09-01,437107,53.5,0
2026-09-01,437123,58.0,0
2026-09-01,437131,58.0,0
2026-09-01,437182,58.0,0
2026-09-01,437247,14.9,0
2026-09-01,437255,14.9,0
2026-09-01,437263,14.9,0
2026-09-01,437280,33.5,0
2026-09-01,437419,7.5,0
2026-09-01,437859,10.4,0
2026-09-01,437878,520.0,0
2026-09-01,437913,10.4,0
2026-09-01,438120,14.5,0
2026-09-01,438586,45.7,0
2026-09-01,438716,41.3,0
2026-09-01,438790,51.0,0
2026-09-01,439020,20.4,0
2026-09-01,439026,60.0,0
2026-09-01,439106,32.1,0
2026-09-01,439107,57.5,0
2026-09-01,439363,14.4,0
2026-09-01,439835,21.6,0
2026-09-01,439843,86.0,0
2026-09-01,439851,43.1,0
2026-09-01,440617,3.2,0
2026-09-01,440805,82.9,0
2026-09-01,441531,59.5,0
2026-09-01,441643,14.7,0
2026-09-01,442083,115.0,0
2026-09-01,442084,74.5,0
2026-09-01,442216,29.3,0
2026-09-01,442356,15.6,0
2026-09-01,442666,18.8,0
2026-09-01,442801,15.0,0
2026-09-01,442828,5.0,0
2026-09-01,443140,12.8,0
2026-09-01,445127,22.5,0
2026-09-01,445614,15.6,0
2026-09-01,445711,53.3,0
2026-09-01,445940,41.3,0
2026-09-01,445959,77.4,0
2026-09-01,446114,30.8,0
2026-09-01,446165,27.5,0
2026-09-01,446203,22.9,0
2026-09-01,446408,6.5,0
2026-09-01,446416,6.5,0
2026-09-01,446572,53.3,0
2026-09-01,446653,7.0,0
2026-09-01,447396,18.0,0
2026-09-01,447668,4.0,0
2026-09-01,447975,55.0,0
2026-09-01,449512,26.5,0
2026-09-01,449520,26.5,0
2026-09-01,449539,73.0,0
2026-09-01,449547,73.0,0
2026-09-01,449555,65.0,0
2026-09-01,449580,3.0,0
2026-09-01,449598,3.0,0
2026-09-01,449601,3.0,0
2026-09-01,450191,41.0,0
2026-09-01,450192,42.0,0
2026-09-01,450405,25.0,0
2026-09-01,450479,47.2,0
2026-09-01,450559,86.0,0
2026-09-01,450962,25.7,0
2026-09-01,450964,27.0,0
2026-09-01,451221,36.3,0
2026-09-01,451510,66.0,0
2026-09-01,451511,48.0,0
2026-09-01,451847,23.5,0
2026-09-01,451967,4.5,0
2026-09-01,452051,61.2,0
2026-09-01,452144,40.5,0
2026-09-01,452342,51.0,0
2026-09-01,452390,136.8,0
2026-09-01,452612,79.3,0
2026-09-01,452613,94.9,0
2026-09-01,452614,79.3,0
2026-09-01,452615,79.3,0
2026-09-01,452726,15.5,0
2026-09-01,453060,14.0,0
2026-09-01,453237,8.8,0
2026-09-01,453395,17.0,0
2026-09-01,453592,83.0,0
2026-09-01,453681,85.0,0
2026-09-01,453682,80.0,0
2026-09-01,453687,78.9,0
2026-09-01,454117,7.0,0
2026-09-01,454118,7.0,0
2026-09-01,454125,7.0,0
2026-09-01,454317,96.0,0
2026-09-01,454393,13.5,0
2026-09-01,454394,25.0,0
2026-09-01,454678,79.3,0
2026-09-01,454679,94.9,0
2026-09-01,454720,20.2,0
2026-09-01,454738,17.0,0
2026-09-01,454739,17.0,0
2026-09-01,454934,17.0,0
2026-09-01,455304,8.7,0
2026-09-01,455305,8.7,0
2026-09-01,455321,4.4,0
2026-09-01,455458,56.8,0
2026-09-01,455635,17.4,0
2026-09-01,455709,19.0,0
2026-09-01,455830,8.6,0
2026-09-01,455848,20.0,0
2026-09-01,455849,17.5,0
2026-09-01,455886,17.0,0
2026-09-01,455911,44.0,0
2026-09-01,455970,29.0,0
2026-09-01,455977,68.5,0
2026-09-01,455978,135.0,0
2026-09-01,455979,77.0,0
2026-09-01,456013,20.0,0
2026-09-01,456014,20.0,0
2026-09-01,456225,11.9,0
2026-09-01,456545,12.7,0
2026-09-01,456926,51.4,0
2026-09-01,457051,13.5,0
2026-09-01,457078,18.0,0
2026-09-01,457086,18.0,0
2026-09-01,457094,18.0,0
2026-09-01,457762,25.7,0
2026-09-01,457834,9.5,0
2026-09-01,457925,23.0,0
2026-09-01,458267,91.0,0
2026-09-01,458314,22.6,0
2026-09-01,458334,34.8,0
2026-09-01,458382,87.0,0
2026-09-01,458727,14.2,0
2026-09-01,459025,94.9,0
2026-09-01,459097,15.5,0
2026-09-01,459129,55.0,0
2026-09-01,459133,90.0,0
2026-09-01,459136,85.0,0
2026-09-01,459137,85.0,0
2026-09-01,459138,85.0,0
2026-09-01,459177,116.5,0
2026-09-01,459569,20.5,0
2026-09-01,459604,27.0,0
2026-09-01,459818,93.0,0
2026-09-01,459845,309.0,0
2026-09-01,459887,16.0,0
2026-09-01,459978,24.5,0
2026-09-01,460223,93.0,0
2026-09-01,460225,45.0,0
2026-09-01,460226,49.0,0
2026-09-01,460273,26.9,0
2026-09-01,460688,5.0,0
2026-09-01,460702,10.0,0
2026-09-01,461091,56.5,0
2026-09-01,461096,4.5,0
2026-09-01,461166,17.7,0
2026-09-01,461167,17.7,0
2026-09-01,461286,17.0,0
2026-09-01,461393,23.5,0
2026-09-01,461530,22.0,0
2026-09-01,461568,4.8,0
2026-09-01,461857,15.5,0
2026-09-01,461865,15.5,0
2026-09-01,462003,13.3,0
2026-09-01,462193,19.4,0
2026-09-01,462194,11.2,0
2026-09-01,462196,19.4,0
2026-09-01,462197,11.2,0
2026-09-01,462199,19.4,0
2026-09-01,462200,4.5,0
2026-09-01,462233,7.5,0
2026-09-01,462250,7.0,0
2026-09-01,462341,32.5,0
2026-09-01,462364,174.0,0
2026-09-01,462366,249.0,0
2026-09-01,462367,249.0,0
2026-09-01,462369,180.0,0
2026-09-01,462370,180.0,0
2026-09-01,462371,130.0,0
2026-09-01,462372,93.6,0
2026-09-01,462377,96.0,0
2026-09-01,462378,104.0,0
2026-09-01,462382,26.4,0
2026-09-01,462385,26.4,0
2026-09-01,462492,4.5,0
2026-09-01,462493,70.0,0
2026-09-01,462522,18.6,0
2026-09-01,462721,55.0,0
2026-09-01,462845,73.5,0
2026-09-01,462981,93.0,0
2026-09-01,463102,8.5,0
2026-09-01,463148,23.0,0
2026-09-01,463149,98.0,0
2026-09-01,463156,150.0,0
2026-09-01,463158,184.0,0
2026-09-01,463159,93.6,0
2026-09-01,463161,192.0,0
2026-09-01,463162,160.0,0
2026-09-01,463163,96.0,0
2026-09-01,463164,279.0,0
2026-09-01,463199,165.0,0
2026-09-01,463271,3.2,0
2026-09-01,463275,161.0,0
2026-09-01,463385,6.9,0
2026-09-01,463386,6.9,0
2026-09-01,463469,82.0,0
2026-09-01,463505,107.5,0
2026-09-01,463663,64.9,0
2026-09-01,464325,10.2,0
2026-09-01,464333,24.0,0
2026-09-01,464350,22.5,0
2026-09-01,464597,4.4,0
2026-09-01,464627,4.4,0
2026-09-01,465271,48.5,0
2026-09-01,465420,54.5,0
2026-09-01,465423,30.5,0
2026-09-01,465526,28.0,0
2026-09-01,465542,42.5,0
2026-09-01,465712,99.0,0
2026-09-01,466474,87.0,0
2026-09-01,466674,27.6,0
2026-09-01,466817,150.0,0
2026-09-01,466841,25.7,0
2026-09-01,466882,36.5,0
2026-09-01,466884,39.0,0
2026-09-01,467270,14.7,0
2026-09-01,467278,5.5,0
2026-09-01,467324,33.9,0
2026-09-01,467510,24.5,0
2026-09-01,467600,47.5,0
2026-09-01,467618,9.3,0
2026-09-01,467626,9.3,0
2026-09-01,467634,9.5,0
2026-09-01,467642,9.5,0
2026-09-01,467677,9.5,0
2026-09-01,467685,9.5,0
2026-09-01,467693,9.5,0
2026-09-01,467820,227.0,0
2026-09-01,468978,15.5,0
2026-09-01,469009,16.5,0
2026-09-01,469021,5.2,0
2026-09-01,469467,46.0,0
2026-09-01,469513,66.5,0
2026-09-01,470108,11.6,0
2026-09-01,470119,48.0,0
2026-09-01,470121,48.0,0
2026-09-01,471660,20.0,0
2026-09-01,471674,33.0,0
2026-09-01,471682,28.5,0
2026-09-01,471690,28.5,0
2026-09-01,471704,37.0,0
2026-09-01,471810,72.0,0
2026-09-01,471925,16.5,0
2026-09-01,472033,15.3,0
2026-09-01,473546,9.2,0
2026-09-01,473766,28.0,0
2026-09-01,474231,4.8,0
2026-09-01,474363,13.0,0
2026-09-01,475521,48.0,0
2026-09-01,475530,48.0,0
2026-09-01,476609,39.0,0
2026-09-01,477249,99.0,0
2026-09-01,478687,7.5,0
2026-09-01,479241,21.9,0
2026-09-01,479691,75.0,0
2026-09-01,479837,10.8,0
2026-09-01,479845,10.0,0
2026-09-01,479934,12.5,0
2026-09-01,480126,15.0,0
2026-09-01,480356,14.4,0
2026-09-01,480391,4.5,0
2026-09-01,480410,36.0,0
2026-09-01,480579,15.0,0
2026-09-01,480754,127.0,0
2026-09-01,481807,14.0,0
2026-09-01,481874,15.0,0
2026-09-01,481882,20.0,0
2026-09-01,482013,94.0,0
2026-09-01,482315,45.0,0
2026-09-01,482340,90.0,0
2026-09-01,482790,48.0,0
2026-09-01,482801,5.0,0
2026-09-01,483011,48.6,0
2026-09-01,483012,40.0,0
2026-09-01,483013,37.3,0
2026-09-01,483305,27.5,0
2026-09-01,483532,88.5,0
2026-09-01,483563,40.5,0
2026-09-01,483564,40.5,0
2026-09-01,484064,84.9,0
2026-09-01,484078,39.9,0
2026-09-01,484126,39.5,0
2026-09-01,484598,22.0,0
2026-09-01,484776,21.0,0
2026-09-01,484911,35.0,0
2026-09-01,485020,52.0,0
2026-09-01,485080,59.0,0
2026-09-01,485799,43.5,0
2026-09-01,485942,31.9,0
2026-09-01,486949,17.0,0
2026-09-01,488011,11.8,0
2026-09-01,488240,20.5,0
2026-09-01,489794,52.0,0
2026-09-01,489930,7.5,0
2026-09-01,490114,57.4,0
2026-09-01,490551,285.0,0
2026-09-01,491586,104.2,0
2026-09-01,491670,16.0,0
2026-09-01,492026,13.5,0
2026-09-01,492029,16.0,0
2026-09-01,492031,13.2,0
2026-09-01,492248,23.5,0
2026-09-01,492418,18.0,0
2026-09-01,492426,17.0,0
2026-09-01,492515,11.5,0
2026-09-01,492531,10.8,0
2026-09-01,492671,12.0,0
2026-09-01,493279,409.0,0
2026-09-01,493295,259.0,0
2026-09-01,493350,315.0,0
2026-09-01,493694,6.9,0
2026-09-01,493710,53.5,0
2026-09-01,493711,34.0,0
2026-09-01,493712,22.5,0
2026-09-01,493716,33.5,0
2026-09-01,493724,7.3,0
2026-09-01,494280,14.5,0
2026-09-01,495178,19.5,0
2026-09-01,495298,32.5,0
2026-09-01,495301,32.5,0
2026-09-01,495573,32.8,0
2026-09-01,495581,32.8,0
2026-09-01,496138,2.3,0
2026-09-01,496758,107.0,0
2026-09-01,497320,75.0,0
2026-09-01,497877,25.5,0
2026-09-01,499331,15.5,0
2026-09-01,499501,135.0,0
2026-09-01,500262,55.0,0
2026-09-01,500263,50.0,0
2026-09-01,500264,49.0,0
2026-09-01,500265,54.0,0
2026-09-01,500266,49.0,0
2026-09-01,500268,49.0,0
2026-09-01,500269,48.0,0
2026-09-01,500272,50.0,0
2026-09-01,500273,49.0,0
2026-09-01,500277,57.5,0
2026-09-01,500278,29.0,0
2026-09-01,500280,50.0,0
2026-09-01,500282,39.0,0
2026-09-01,500284,48.0,0
2026-09-01,500285,49.0,0
2026-09-01,500286,43.0,0
2026-09-01,500287,40.5,0
2026-09-01,500289,53.0,0
2026-09-01,500290,50.0,0
2026-09-01,500292,44.0,0
2026-09-01,500293,35.0,0
2026-09-01,500294,34.0,0
2026-09-01,500364,61.0,0
2026-09-01,500372,61.0,0
2026-09-01,500771,5.0,0
2026-09-01,501510,120.0,0
2026-09-01,501718,25.0,0
2026-09-01,501720,34.0,0
2026-09-01,501774,16.5,0
2026-09-01,501775,10.5,0
2026-09-01,501844,7.9,0
2026-09-01,502415,895.0,0
2026-09-01,502530,53.3,0
2026-09-01,502605,89.0,0
2026-09-01,502620,325.2,0
2026-09-01,502638,45.0,0
2026-09-01,502640,30.2,0
2026-09-01,502648,45.0,0
2026-09-01,502651,22.3,0
2026-09-01,502672,26.9,0
2026-09-01,502673,41.4,0
2026-09-01,502758,26.5,0
2026-09-01,503401,73.3,0
2026-09-01,503681,6.2,0
2026-09-01,503690,5.0,0
2026-09-01,504270,12.0,0
2026-09-01,504396,32.5,0
2026-09-01,504877,24.5,0
2026-09-01,504879,24.5,0
2026-09-01,505560,10.5,0
2026-09-01,505579,11.0,0
2026-09-01,506040,20.8,0
2026-09-01,506061,25.0,0
2026-09-01,506062,12.5,0
2026-09-01,506063,12.5,0
2026-09-01,506064,16.5,0
2026-09-01,506065,9.0,0
2026-09-01,506066,9.0,0
2026-09-01,506067,11.0,0
2026-09-01,506074,13.0,0
2026-09-01,506075,13.0,0
2026-09-01,506086,21.0,0
2026-09-01,506088,23.0,0
2026-09-01,506090,17.0,0
2026-09-01,506982,25.5,0
2026-09-01,507040,20.8,0
2026-09-01,507046,20.8,0
2026-09-01,507377,12.5,0
2026-09-01,507870,11.5,0
2026-09-01,508225,5.5,0
2026-09-01,508799,27.0,0
2026-09-01,508802,20.5,0
2026-09-01,508829,26.8,0
2026-09-01,509064,11.2,0
2026-09-01,509083,17.0,0
2026-09-01,509087,61.0,0
2026-09-01,509191,41.5,0
2026-09-01,509310,76.1,0
2026-09-01,510254,152.0,0
2026-09-01,510475,62.0,0
2026-09-01,510629,37.5,0
2026-09-01,510637,37.5,0
2026-09-01,510645,37.5,0
2026-09-01,510670,37.5,0
2026-09-01,511166,22.0,0
2026-09-01,511307,20.5,0
2026-09-01,511374,140.0,0
2026-09-01,511617,24.9,0
2026-09-01,511846,99.9,0
2026-09-01,511870,57.0,0
2026-09-01,511878,30.5,0
2026-09-01,513040,22.5,0
2026-09-01,513440,31.4,0
2026-09-01,513458,42.5,0
2026-09-01,513503,33.5,0
2026-09-01,513520,29.4,0
2026-09-01,513725,235.0,0
2026-09-01,514411,5.3,0
2026-09-01,514817,8.7,0
2026-09-01,516112,21.0,0
2026-09-01,516119,50.0,0
2026-09-01,516139,9.5,0
2026-09-01,516211,9.5,0
2026-09-01,516236,13.3,0
2026-09-01,516807,20.0,0
2026-09-01,517313,15.0,0
2026-09-01,517321,22.0,0
2026-09-01,517330,11.5,0
2026-09-01,517348,51.0,0
2026-09-01,517372,65.2,0
2026-09-01,518036,90.5,0
2026-09-01,518080,25.9,0
2026-09-01,518136,42.0,0
2026-09-01,518139,559.0,0
2026-09-01,518344,27.0,0
2026-09-01,518711,12.0,0
2026-09-01,518718,121.0,0
2026-09-01,519715,97.0,0
2026-09-01,519731,96.0,0
2026-09-01,519740,340.0,0
2026-09-01,519758,130.0,0
2026-09-01,520300,31.2,0
2026-09-01,520302,28.7,0
2026-09-01,520310,39.9,0
2026-09-01,520315,34.4,0
2026-09-01,520320,13.2,0
2026-09-01,520374,30.8,0
2026-09-01,520829,84.9,0
2026-09-01,521302,30.0,0
2026-09-01,521353,71.5,0
2026-09-01,521663,92.0,0
2026-09-01,521950,41.3,0
2026-09-01,522007,68.0,0
2026-09-01,522538,9.7,0
2026-09-01,522562,10.7,0
2026-09-01,522600,10.7,0
2026-09-01,523879,22.9,0
2026-09-01,524150,42.5,0
2026-09-01,524387,59.0,0
2026-09-01,524395,8.2,0
2026-09-01,524824,18.0,0
2026-09-01,525464,31.2,0
2026-09-01,525847,24.0,0
2026-09-01,526380,43.5,0
2026-09-01,526398,57.0,0
2026-09-01,526401,40.5,0
2026-09-01,527700,107.0,0
2026-09-01,527718,107.0,0
2026-09-01,528005,23.5,0
2026-09-01,528510,7.9,0
2026-09-01,528544,7.0,0
2026-09-01,530110,24.0,0
2026-09-01,530111,24.0,0
2026-09-01,530252,33.0,0
2026-09-01,530621,12.0,0
2026-09-01,530791,15.5,0
2026-09-01,530891,52.0,0
2026-09-01,530913,92.0,0
2026-09-01,530921,72.0,0
2026-09-01,530930,72.0,0
2026-09-01,533530,81.3,0
2026-09-01,534250,66.8,0
2026-09-01,534617,21.5,0
2026-09-01,534641,21.5,0
2026-09-01,535149,21.2,0
2026-09-01,535216,13.7,0
2026-09-01,536849,19.3,0
2026-09-01,537803,33.6,0
2026-09-01,538221,28.0,0
2026-09-01,538990,120.0,0
2026-09-01,539007,95.0,0
2026-09-01,539198,138.0,0
2026-09-01,539228,175.0,0
2026-09-01,539244,132.0,0
2026-09-01,539260,185.0,0
2026-09-01,539361,89.0,0
2026-09-01,539805,37.0,0
2026-09-01,539813,37.0,0
2026-09-01,539821,37.0,0
2026-09-01,539830,25.0,0
2026-09-01,539848,33.5,0
2026-09-01,539856,32.0,0
2026-09-01,539970,25.5,0
2026-09-01,540161,69.0,0
2026-09-01,540188,66.0,0
2026-09-01,540196,66.0,0
2026-09-01,540250,13.3,0
2026-09-01,540269,13.3,0
2026-09-01,540455,23.0,0
2026-09-01,540463,21.5,0
2026-09-01,540498,51.0,0
2026-09-01,540501,48.0,0
2026-09-01,540528,28.0,0
2026-09-01,540544,22.0,0
2026-09-01,540745,23.2,0
2026-09-01,540746,24.5,0
2026-09-01,540749,10.0,0
2026-09-01,540757,10.4,0
2026-09-01,540900,11.0,0
2026-09-01,540919,54.5,0
2026-09-01,540927,10.0,0
2026-09-01,540932,42.5,0
2026-09-01,540933,26.5,0
2026-09-01,540935,47.5,0
2026-09-01,541079,13.3,0
2026-09-01,541087,19.3,0
2026-09-01,541223,11.8,0
2026-09-01,542115,125.0,0
2026-09-01,542116,125.0,0
2026-09-01,542246,13.5,0
2026-09-01,542288,9.9,0
2026-09-01,542320,40.0,0
2026-09-01,543673,21.1,0
2026-09-01,543676,19.6,0
2026-09-01,543678,21.1,0
2026-09-01,543690,26.9,0
2026-09-01,543692,26.9,0
2026-09-01,543693,46.6,0
2026-09-01,543694,14.1,0
2026-09-01,543695,24.8,0
2026-09-01,543707,21.8,0
2026-09-01,544115,37.0,0
2026-09-01,544329,52.5,0
2026-09-01,544337,70.0,0
2026-09-01,544418,52.5,0
2026-09-01,544434,52.5,0
2026-09-01,544450,70.0,0
2026-09-01,544455,4.0,0
2026-09-01,544477,50.0,0
2026-09-01,544540,7.0,0
2026-09-01,544558,3.7,0
2026-09-01,544647,6.5,0
2026-09-01,544736,55.8,0
2026-09-01,544752,31.5,0
2026-09-01,544760,31.5,0
2026-09-01,545090,19.5,0
2026-09-01,545104,22.9,0
2026-09-01,545465,52.5,0
2026-09-01,545538,81.0,0
2026-09-01,545694,25.5,0
2026-09-01,546011,37.5,0
2026-09-01,547581,7.2,0
2026-09-01,547719,29.8,0
2026-09-01,547745,43.0,0
2026-09-01,547778,22.8,0
2026-09-01,547999,49.0,0
2026-09-01,550007,72.0,0
2026-09-01,550022,19.0,0
2026-09-01,550069,19.0,0
2026-09-01,550070,20.5,0
2026-09-01,550084,23.0,0
2026-09-01,550085,23.0,0
2026-09-01,550087,20.0,0
2026-09-01,550090,222.0,0
2026-09-01,550091,444.0,0
2026-09-01,550093,210.0,0
2026-09-01,550100,550.0,0
2026-09-01,550109,25.5,0
2026-09-01,550110,38.0,0
2026-09-01,550111,25.5,0
2026-09-01,550172,132.0,0
2026-09-01,550173,78.5,0
2026-09-01,550180,38.0,0
2026-09-01,550190,19.7,0
2026-09-01,550192,19.7,0
2026-09-01,550193,19.7,0
2026-09-01,550194,19.7,0
2026-09-01,550256,115.0,0
2026-09-01,550270,23.7,0
2026-09-01,550276,11.0,0
2026-09-01,550277,11.4,0
2026-09-01,550297,63.5,0
2026-09-01,550331,175.0,0
2026-09-01,550341,298.0,0
2026-09-01,550349,39.0,0
2026-09-01,550350,39.5,0
2026-09-01,550355,133.0,0
2026-09-01,550356,73.0,0
2026-09-01,550357,79.0,0
2026-09-01,550358,61.0,0
2026-09-01,550359,36.0,0
2026-09-01,550360,42.0,0
2026-09-01,550378,21.5,0
2026-09-01,550394,48.0,0
2026-09-01,550395,51.5,0
2026-09-01,550397,79.0,0
2026-09-01,550404,5.3,0
2026-09-01,550405,34.0,0
2026-09-01,550427,19.7,0
2026-09-01,550447,15.0,0
2026-09-01,550459,24.5,0
2026-09-01,550461,94.0,0
2026-09-01,550464,389.0,0
2026-09-01,550465,260.0,0
2026-09-01,550466,7.3,0
2026-09-01,550472,36.0,0
2026-09-01,550491,16.2,0
2026-09-01,550502,84.9,0
2026-09-01,550513,15.5,0
2026-09-01,550560,100.0,0
2026-09-01,550576,30.0,0
2026-09-01,550579,33.5,0
2026-09-01,550580,33.5,0
2026-09-01,550581,29.0,0
2026-09-01,550583,29.0,0
2026-09-01,550590,70.5,0
2026-09-01,550603,20.0,0
2026-09-01,550609,45.0,0
2026-09-01,550610,70.0,0
2026-09-01,550623,24.5,0
2026-09-01,550624,24.5,0
2026-09-01,550628,112.0,0
2026-09-01,550630,38.0,0
2026-09-01,550643,409.0,0
2026-09-01,550652,31.0,0
2026-09-01,550666,23.5,0
2026-09-01,550667,16.0,0
2026-09-01,550669,47.0,0
2026-09-01,550670,37.0,0
2026-09-01,550672,28.0,0
2026-09-01,550673,45.0,0
2026-09-01,550674,39.5,0
2026-09-01,550675,39.5,0
2026-09-01,550678,32.5,0
2026-09-01,550682,37.5,0
2026-09-01,550683,37.5,0
2026-09-01,550684,33.5,0
2026-09-01,550685,32.5,0
2026-09-01,550686,17.0,0
2026-09-01,550687,17.0,0
2026-09-01,550689,24.0,0
2026-09-01,550691,24.0,0
2026-09-01,550709,11.5,0
2026-09-01,550732,7.0,0
2026-09-01,550735,45.5,0
2026-09-01,550737,9.0,0
2026-09-01,550749,131.0,0
2026-09-01,550750,90.0,0
2026-09-01,550751,63.0,0
2026-09-01,550753,35.5,0
2026-09-01,550766,13.8,0
2026-09-01,550767,15.0,0
2026-09-01,550803,29.0,0
2026-09-01,550804,29.0,0
2026-09-01,550805,29.0,0
2026-09-01,550806,29.0,0
2026-09-01,550807,29.0,0
2026-09-01,550813,9.0,0
2026-09-01,550835,54.5,0
2026-09-01,550836,25.0,0
2026-09-01,550844,23.3,0
2026-09-01,550845,31.5,0
2026-09-01,550848,30.5,0
2026-09-01,550851,23.3,0
2026-09-01,550852,28.5,0
2026-09-01,550856,28.5,0
2026-09-01,550857,28.5,0
2026-09-01,550858,27.0,0
2026-09-01,550881,67.0,0
2026-09-01,550886,11.5,0
2026-09-01,550887,23.5,0
2026-09-01,550913,46.5,0
2026-09-01,550916,106.5,0
2026-09-01,550917,26.0,0
2026-09-01,550939,35.0,0
2026-09-01,550940,35.0,0
2026-09-01,550941,35.0,0
2026-09-01,550943,35.0,0
2026-09-01,550944,35.0,0
2026-09-01,550945,37.0,0
2026-09-01,550952,21.5,0
2026-09-01,550971,14.5,0
2026-09-01,550972,16.5,0
2026-09-01,550975,16.5,0
2026-09-01,550976,16.5,0
2026-09-01,550977,9.8,0
2026-09-01,550986,36.0,0
2026-09-01,551008,53.5,0
2026-09-01,551009,53.0,0
2026-09-01,551011,57.5,0
2026-09-01,551012,53.5,0
2026-09-01,551019,150.0,0
2026-09-01,551021,266.0,0
2026-09-01,551022,158.0,0
2026-09-01,551025,129.0,0
2026-09-01,551028,161.0,0
2026-09-01,551030,94.0,0
2026-09-01,551032,95.0,0
2026-09-01,551041,91.5,0
2026-09-01,551042,91.5,0
2026-09-01,551048,52.0,0
2026-09-01,551050,13.7,0
2026-09-01,551051,139.0,0
2026-09-01,551053,208.0,0
2026-09-01,551094,15.0,0
2026-09-01,551100,155.0,0
2026-09-01,551121,277.0,0
2026-09-01,551122,289.0,0
2026-09-01,551124,235.0,0
2026-09-01,551130,10.8,0
2026-09-01,551132,10.8,0
2026-09-01,551167,36.5,0
2026-09-01,551168,19.5,0
2026-09-01,551178,17.5,0
2026-09-01,551181,20.5,0
2026-09-01,551182,20.5,0
2026-09-01,551187,20.5,0
2026-09-01,551188,23.5,0
2026-09-01,551194,259.0,0
2026-09-01,551195,230.0,0
2026-09-01,551196,167.0,0
2026-09-01,551197,202.0,0
2026-09-01,551199,167.0,0
2026-09-01,551200,349.0,0
2026-09-01,551202,163.0,0
2026-09-01,551203,315.0,0
2026-09-01,551204,236.0,0
2026-09-01,551206,167.0,0
2026-09-01,551208,186.0,0
2026-09-01,551209,233.0,0
2026-09-01,551211,168.0,0
2026-09-01,551212,229.0,0
2026-09-01,551213,167.0,0
2026-09-01,551216,270.0,0
2026-09-01,551217,154.0,0
2026-09-01,551219,228.0,0
2026-09-01,551221,151.0,0
2026-09-01,551223,87.5,0
2026-09-01,551224,87.5,0
2026-09-01,551230,12.0,0
2026-09-01,551231,6.3,0
2026-09-01,551284,16.5,0
2026-09-01,551285,16.5,0
2026-09-01,551286,16.5,0
2026-09-01,551288,16.5,0
2026-09-01,551290,169.0,0
2026-09-01,551336,85.0,0
2026-09-01,551337,85.0,0
2026-09-01,551338,172.0,0
2026-09-01,551339,238.0,0
2026-09-01,551340,85.0,0
2026-09-01,551342,238.0,0
2026-09-01,551343,238.0,0
2026-09-01,551344,85.0,0
2026-09-01,551359,13.9,0
2026-09-01,551360,13.9,0
2026-09-01,551394,125.0,0
2026-09-01,551456,13.8,0
2026-09-01,551458,14.5,0
2026-09-01,551459,13.7,0
2026-09-01,551495,20.0,0
2026-09-01,551496,25.0,0
2026-09-01,551498,49.0,0
2026-09-01,551514,28.5,0
2026-09-01,551523,36.5,0
2026-09-01,551542,80.0,0
2026-09-01,551546,4.5,0
2026-09-01,551558,21.5,0
2026-09-01,551559,34.5,0
2026-09-01,551560,40.0,0
2026-09-01,551584,23.5,0
2026-09-01,551586,24.0,0
2026-09-01,551603,6.5,0
2026-09-01,551604,9.2,0
2026-09-01,551614,11.5,0
2026-09-01,551625,311.0,0
2026-09-01,551626,233.0,0
2026-09-01,551628,238.0,0
2026-09-01,551630,36.5,0
2026-09-01,551631,40.0,0
2026-09-01,551632,36.5,0
2026-09-01,551634,36.5,0
2026-09-01,551636,170.0,0
2026-09-01,551659,335.0,0
2026-09-01,551670,211.0,0
2026-09-01,551692,21.0,0
2026-09-01,551696,21.0,0
2026-09-01,551697,21.0,0
2026-09-01,551709,155.0,0
2026-09-01,551710,43.5,0
2026-09-01,551711,38.7,0
2026-09-01,551712,38.7,0
2026-09-01,551718,33.5,0
2026-09-01,551719,33.5,0
2026-09-01,551734,29.0,0
2026-09-01,551736,34.5,0
2026-09-01,551739,26.5,0
2026-09-01,551741,38.0,0
2026-09-01,551751,29.0,0
2026-09-01,551752,30.0,0
2026-09-01,551753,34.5,0
2026-09-01,551754,33.0,0
2026-09-01,551756,11.9,0
2026-09-01,551762,8.0,0
2026-09-01,551763,8.0,0
2026-09-01,551824,48.0,0
2026-09-01,551838,78.5,0
2026-09-01,551853,15.0,0
2026-09-01,551867,38.5,0
2026-09-01,551887,20.0,0
2026-09-01,551897,33.5,0
2026-09-01,551898,33.5,0
2026-09-01,551909,37.0,0
2026-09-01,551911,12.5,0
2026-09-01,551912,11.0,0
2026-09-01,551920,45.0,0
2026-09-01,551921,45.0,0
2026-09-01,551922,45.0,0
2026-09-01,551976,22.0,0
2026-09-01,551985,11.5,0
2026-09-01,551991,17.5,0
2026-09-01,551993,170.0,0
2026-09-01,552057,129.0,0
2026-09-01,552058,8.0,0
2026-09-01,552059,4.0,0
2026-09-01,552060,18.5,0
2026-09-01,552075,67.0,0
2026-09-01,552086,35.0,0
2026-09-01,552152,10.7,0
2026-09-01,552182,17.5,0
2026-09-01,552183,17.0,0
2026-09-01,552184,16.5,0
2026-09-01,552219,11.0,0
2026-09-01,552220,6.5,0
2026-09-01,552228,8.0,0
2026-09-01,552239,187.0,0
2026-09-01,552242,186.0,0
2026-09-01,552251,302.0,0
2026-09-01,552253,305.0,0
2026-09-01,552256,29.5,0
2026-09-01,552257,32.9,0
2026-09-01,552258,13.5,0
2026-09-01,552260,17.5,0
2026-09-01,552294,17.0,0
2026-09-01,552295,17.0,0
2026-09-01,552296,18.0,0
2026-09-01,552329,21.5,0
2026-09-01,552331,21.5,0
2026-09-01,552333,23.0,0
2026-09-01,552337,12.0,0
2026-09-01,552338,12.0,0
2026-09-01,552339,12.0,0
2026-09-01,552345,47.0,0
2026-09-01,552346,166.0,0
2026-09-01,552367,11.0,0
2026-09-01,552368,11.0,0
2026-09-01,552374,47.0,0
2026-09-01,552375,47.0,0
2026-09-01,552387,25.5,0
2026-09-01,552388,45.5,0
2026-09-01,552392,13.0,0
2026-09-01,552393,112.0,0
2026-09-01,552397,10.7,0
2026-09-01,552398,18.5,0
2026-09-01,552405,129.0,0
2026-09-01,552409,27.5,0
2026-09-01,552411,17.5,0
2026-09-01,552418,67.5,0
2026-09-01,552419,84.5,0
2026-09-01,552423,6.8,0
2026-09-01,552424,6.8,0
2026-09-01,552431,9.4,0
2026-09-01,552442,16.5,0
2026-09-01,552446,12.5,0
2026-09-01,552447,16.5,0
2026-09-01,552448,16.5,0
2026-09-01,552451,10.0,0
2026-09-01,552454,15.9,0
2026-09-01,552462,26.5,0
2026-09-01,552467,102.0,0
2026-09-01,552468,78.0,0
2026-09-01,552469,136.0,0
2026-09-01,552471,177.0,0
2026-09-01,552472,272.0,0
2026-09-01,552473,180.0,0
2026-09-01,552474,11.0,0
2026-09-01,552477,14.8,0
2026-09-01,552478,6.8,0
2026-09-01,552479,8.7,0
2026-09-01,552480,8.7,0
2026-09-01,552481,8.7,0
2026-09-01,552482,2.5,0
2026-09-01,552495,7.0,0
2026-09-01,552496,7.0,0
2026-09-01,552497,7.2,0
2026-09-01,552498,7.5,0
2026-09-01,552499,7.2,0
2026-09-01,552500,16.7,0
2026-09-01,552501,7.0,0
2026-09-01,552513,120.0,0
2026-09-01,552519,14.5,0
2026-09-01,552520,14.5,0
2026-09-01,552561,33.5,0
2026-09-01,552562,37.5,0
2026-09-01,552670,159.9,0
2026-09-01,552671,11.5,0
2026-09-01,552674,13.8,0
2026-09-01,552675,10.8,0
2026-09-01,552707,8.7,0
2026-09-01,552712,13.0,0
2026-09-01,552715,8.0,0
2026-09-01,552720,29.5,0
2026-09-01,552721,107.0,0
2026-09-01,552730,3.2,0
2026-09-01,552731,3.2,0
2026-09-01,552732,3.2,0
2026-09-01,552733,3.2,0
2026-09-01,552734,3.2,0
2026-09-01,552737,7.5,0
2026-09-01,552738,7.5,0
2026-09-01,552739,7.5,0
2026-09-01,552742,8.8,0
2026-09-01,552743,8.8,0
2026-09-01,552745,8.8,0
2026-09-01,552749,8.8,0
2026-09-01,552751,3.0,0
2026-09-01,552754,34.0,0
2026-09-01,552755,34.0,0
2026-09-01,552756,14.2,0
2026-09-01,552791,19.5,0
2026-09-01,552792,143.0,0
2026-09-01,552795,26.5,0
2026-09-01,552798,26.5,0
2026-09-01,552809,126.0,0
2026-09-01,552810,124.0,0
2026-09-01,552823,142.0,0
2026-09-01,552842,200.0,0
2026-09-01,552852,127.0,0
2026-09-01,552857,22.0,0
2026-09-01,552860,13.9,0
2026-09-01,552863,94.9,0
2026-09-01,552864,13.9,0
2026-09-01,552865,13.9,0
2026-09-01,552898,97.0,0
2026-09-01,552906,22.0,0
2026-09-01,552907,22.0,0
2026-09-01,552940,48.5,0
2026-09-01,552948,86.0,0
2026-09-01,552957,7.6,0
2026-09-01,552958,7.6,0
2026-09-01,552960,7.6,0
2026-09-01,552965,7.6,0
2026-09-01,552970,20.9,0
2026-09-01,552971,20.9,0
2026-09-01,552972,20.9,0
2026-09-01,552998,34.5,0
2026-09-01,553016,25.5,0
2026-09-01,553022,84.0,0
2026-09-01,553027,28.0,0
2026-09-01,553033,230.0,0
2026-09-01,553034,230.0,0
2026-09-01,553035,99.0,0
2026-09-01,553036,99.0,0
2026-09-01,553037,99.0,0
2026-09-01,553038,99.0,0
2026-09-01,553043,45.0,0
2026-09-01,553044,45.0,0
2026-09-01,553045,45.0,0
2026-09-01,553046,34.0,0
2026-09-01,553057,8.5,0
2026-09-01,553060,10.0,0
2026-09-01,553065,46.0,0
2026-09-01,553066,18.0,0
2026-09-01,553069,20.5,0
2026-09-01,553072,40.5,0
2026-09-01,553074,18.3,0
2026-09-01,553075,31.0,0
2026-09-01,553076,25.5,0
2026-09-01,553077,46.5,0
2026-09-01,553087,51.5,0
2026-09-01,553088,55.5,0
2026-09-01,553091,63.5,0
2026-09-01,553092,31.5,0
2026-09-01,553100,165.0,0
2026-09-01,553118,13.5,0
2026-09-01,553119,17.5,0
2026-09-01,553122,13.5,0
2026-09-01,553123,13.5,0
2026-09-01,553137,166.0,0
2026-09-01,553138,37.5,0
2026-09-01,553139,29.0,0
2026-09-01,553164,13.5,0
2026-09-01,553170,11.0,0
2026-09-01,553173,136.0,0
2026-09-01,553175,22.0,0
2026-09-01,553177,13.0,0
2026-09-01,553178,12.0,0
2026-09-01,553179,12.0,0
2026-09-01,553180,10.0,0
2026-09-01,553201,27.0,0
2026-09-01,553202,26.5,0
2026-09-01,553203,26.5,0
2026-09-01,553204,26.5,0
2026-09-01,553205,27.0,0
2026-09-01,553206,26.5,0
2026-09-01,553209,10.0,0
2026-09-01,553218,11.5,0
2026-09-01,553219,16.5,0
2026-09-01,553222,16.5,0
2026-09-01,553223,16.5,0
2026-09-01,553225,10.4,0
2026-09-01,553226,23.5,0
2026-09-01,553227,47.0,0
2026-09-01,553230,13.0,0
2026-09-01,553231,13.0,0
2026-09-01,553232,15.2,0
2026-09-01,553233,15.2,0
2026-09-01,553235,50.0,0
2026-09-01,553241,21.5,0
2026-09-01,553243,129.0,0
2026-09-01,553248,59.0,0
2026-09-01,553271,7.0,0
2026-09-01,553272,7.0,0
2026-09-01,553274,11.8,0
2026-09-01,553275,8.0,0
2026-09-01,553276,8.0,0
2026-09-01,553277,31.0,0
2026-09-01,553296,3.0,0
2026-09-01,553297,9.7,0
2026-09-01,553302,38.0,0
2026-09-01,553326,59.5,0
2026-09-01,553327,72.0,0
2026-09-01,553341,178.0,0
2026-09-01,553343,188.0,0
2026-09-01,553344,178.0,0
2026-09-01,553347,8.0,0
2026-09-01,553352,165.0,0
2026-09-01,553357,110.0,0
2026-09-01,553358,98.0,0
2026-09-01,553362,113.0,0
2026-09-01,553373,14.0,0
2026-09-01,553374,14.0,0
2026-09-01,553375,14.0,0
2026-09-01,553392,37.9,0
2026-09-01,553394,19.9,0
2026-09-01,553398,37.9,0
2026-09-01,553399,14.9,0
2026-09-01,553400,19.0,0
2026-09-01,553402,19.0,0
2026-09-01,553403,19.0,0
2026-09-01,553409,29.9,0
2026-09-01,553410,34.9,0
2026-09-01,553411,379.0,0
2026-09-01,553412,699.0,0
2026-09-01,553413,33.9,0
2026-09-01,553414,38.9,0
2026-09-01,553420,7.9,0
2026-09-01,553421,7.9,0
2026-09-01,553422,7.9,0
2026-09-01,553423,7.9,0
2026-09-01,553432,30.0,0
2026-09-01,553447,195.0,0
2026-09-01,553448,30.5,0
2026-09-01,553449,38.0,0
2026-09-01,553453,47.0,0
2026-09-01,553465,7.0,0
2026-09-01,553466,95.0,0
2026-09-01,553467,95.0,0
2026-09-01,553468,95.0,0
2026-09-01,553593,4.5,0
2026-09-01,553594,4.5,0
2026-09-01,553603,11.5,0
2026-09-01,553604,12.6,0
2026-09-01,553605,13.8,0
2026-09-01,553606,14.0,0
2026-09-01,553607,38.7,0
2026-09-01,553612,69.0,0
2026-09-01,553613,69.0,0
2026-09-01,553614,69.0,0
2026-09-01,553615,69.0,0
2026-09-01,553616,69.0,0
2026-09-01,553617,69.0,0
2026-09-01,553629,31.8,0
2026-09-01,553630,42.5,0
2026-09-01,553631,46.0,0
2026-09-01,553633,29.5,0
2026-09-01,553643,160.0,0
2026-09-01,553644,160.0,0
2026-09-01,553645,7.5,0
2026-09-01,553654,75.0,0
2026-09-01,553666,12.5,0
2026-09-01,553673,23.0,0
2026-09-01,553687,16.5,0
2026-09-01,553689,19.5,0
2026-09-01,553690,45.0,0
2026-09-01,553691,117.5,0
2026-09-01,553714,21.3,0
2026-09-01,553719,155.0,0
2026-09-01,553728,31.9,0
2026-09-01,553738,860.0,0
2026-09-01,553739,131.0,0
2026-09-01,553743,240.0,0
2026-09-01,553744,8.0,0
2026-09-01,553746,55.0,0
2026-09-01,553754,15.5,0
2026-09-01,553755,27.0,0
2026-09-01,553757,195.0,0
2026-09-01,553760,16.0,0
2026-09-01,553761,6.8,0
2026-09-01,553763,6.8,0
2026-09-01,553764,17.2,0
2026-09-01,553765,565.0,0
2026-09-01,553774,70.0,0
2026-09-01,553782,28.0,0
2026-09-01,553784,53.0,0
2026-09-01,553787,66.0,0
2026-09-01,553803,22.5,0
2026-09-01,553807,30.0,0
2026-09-01,553808,27.0,0
2026-09-01,553811,19.0,0
2026-09-01,553812,19.0,0
2026-09-01,553817,220.0,0
2026-09-01,553819,190.0,0
2026-09-01,553820,174.0,0
2026-09-01,553822,145.0,0
2026-09-01,553839,92.0,0
2026-09-01,553845,27.0,0
2026-09-01,553846,27.0,0
2026-09-01,553849,16.2,0
2026-09-01,553854,19.5,0
2026-09-01,553861,10.0,0
2026-09-01,553862,7.0,0
2026-09-01,553866,11.0,0
2026-09-01,553867,6.5,0
2026-09-01,553868,11.0,0
2026-09-01,553870,4.5,0
2026-09-01,553871,4.5,0
2026-09-01,553873,7.9,0
2026-09-01,553876,11.0,0
2026-09-01,553882,12.8,0
2026-09-01,553884,9.7,0
2026-09-01,553885,9.7,0
2026-09-01,553891,128.0,0
2026-09-01,553892,128.0,0
2026-09-01,553894,10.0,0
2026-09-01,553896,53.0,0
2026-09-01,553897,50.5,0
2026-09-01,553898,51.5,0
2026-09-01,553899,10.0,0
2026-09-01,553963,63.0,0
2026-09-01,554001,214.0,0
2026-09-01,554002,378.0,0
2026-09-01,554012,136.0,0
2026-09-01,554054,13.0,0
2026-09-01,554055,13.0,0
2026-09-01,554056,13.0,0
2026-09-01,554058,17.0,0
2026-09-01,554077,285.0,0
2026-09-01,554090,5.6,0
2026-09-01,554091,5.6,0
2026-09-01,554092,5.6,0
2026-09-01,554096,151.0,0
2026-09-01,554097,180.0,0
2026-09-01,554108,110.0,0
2026-09-01,554109,110.0,0
2026-09-01,554110,110.0,0
2026-09-01,554111,110.0,0
2026-09-01,554466,123.0,0
2026-09-01,554468,101.0,0
2026-09-01,554469,101.0,0
2026-09-01,554470,101.0,0
2026-09-01,555666,50.1,0
2026-09-01,557720,20.5,0
2026-09-01,557721,20.5,0
2026-09-01,557729,3.0,0
2026-09-01,557731,4.5,0
2026-09-01,559590,34.0,0
2026-09-01,559646,120.0,0
2026-09-01,559648,80.0,0
2026-09-01,559700,23.0,0
2026-09-01,559753,19.0,0
2026-09-01,559873,48.0,0
2026-09-01,560207,14.0,0
2026-09-01,560230,132.0,0
2026-09-01,560340,52.0,0
2026-09-01,560359,49.0,0
2026-09-01,560373,15.0,0
2026-09-01,560430,54.0,0
2026-09-01,560442,25.0,0
2026-09-01,560446,65.0,0
2026-09-01,560486,168.0,0
2026-09-01,560497,35.0,0
2026-09-01,560510,43.5,0
2026-09-01,560596,54.0,0
2026-09-01,560677,59.0,0
2026-09-01,560863,77.0,0
2026-09-01,560944,25.0,0
2026-09-01,561029,24.5,0
2026-09-01,561030,13.5,0
2026-09-01,561100,15.0,0
2026-09-01,561185,21.5,0
2026-09-01,561460,96.0,0
2026-09-01,561789,63.0,0
2026-09-01,561975,53.5,0
2026-09-01,562223,32.5,0
2026-09-01,562224,32.5,0
2026-09-01,562225,32.5,0
2026-09-01,562645,7.5,0
2026-09-01,562653,39.5,0
2026-09-01,563315,15.9,0
2026-09-01,563838,50.0,0
2026-09-01,564273,15.0,0
2026-09-01,564346,7.0,0
2026-09-01,564347,11.5,0
2026-09-01,564354,10.4,0
2026-09-01,565334,120.0,0
2026-09-01,565385,59.5,0
2026-09-01,565415,107.0,0
2026-09-01,565490,60.0,0
2026-09-01,565571,10.7,0
2026-09-01,565573,6.5,0
2026-09-01,565575,5.5,0
2026-09-01,565687,10.0,0
2026-09-01,565849,37.5,0
2026-09-01,566136,6.2,0
2026-09-01,566624,38.5,0
2026-09-01,566900,9.8,0
2026-09-01,566977,11.5,0
2026-09-01,566985,9.8,0
2026-09-01,567060,9.8,0
2026-09-01,567183,72.0,0
2026-09-01,567760,21.5,0
2026-09-01,568245,10.5,0
2026-09-01,568246,8.0,0
2026-09-01,568248,12.8,0
2026-09-01,568254,14.5,0
2026-09-01,568256,15.3,0
2026-09-01,568259,13.5,0
2026-09-01,568263,9.8,0
2026-09-01,568264,10.5,0
2026-09-01,568267,19.0,0
2026-09-01,568269,10.0,0
2026-09-01,568272,8.0,0
2026-09-01,568273,10.0,0
2026-09-01,568274,12.2,0
2026-09-01,568276,11.0,0
2026-09-01,568591,43.5,0
2026-09-01,568783,30.0,0
2026-09-01,569011,5.5,0
2026-09-01,569186,25.7,0
2026-09-01,569798,26.0,0
2026-09-01,570044,16.5,0
2026-09-01,570125,28.5,0
2026-09-01,570222,132.0,0
2026-09-01,570281,66.0,0
2026-09-01,570291,15.0,0
2026-09-01,570370,10.0,0
2026-09-01,570630,32.0,0
2026-09-01,570745,3.8,0
2026-09-01,570826,3.8,0
2026-09-01,570982,13.0,0
2026-09-01,571200,19.7,0
2026-09-01,571415,13.0,0
2026-09-01,572080,81.8,0
2026-09-01,573280,50.0,0
2026-09-01,574783,9.0,0
2026-09-01,575089,55.8,0
2026-09-01,575100,32.9,0
2026-09-01,575666,24.0,0
2026-09-01,575690,4.2,0
2026-09-01,575771,9.0,0
2026-09-01,576069,11.0,0
2026-09-01,576557,15.5,0
2026-09-01,579190,75.0,0
2026-09-01,579351,74.9,0
2026-09-01,579599,75.0,0
2026-09-01,579779,13.8,0
2026-09-01,579831,75.0,0
2026-09-01,580016,19.5,0
2026-09-01,580155,75.0,0
2026-09-01,580236,75.0,0
2026-09-01,580392,75.0,0
2026-09-01,580554,75.0,0
2026-09-01,580716,75.0,0
2026-09-01,580909,49.1,0
2026-09-01,580952,25.0,0
2026-09-01,580972,50.0,0
2026-09-01,581044,10.0,0
2026-09-01,581059,9.3,0
2026-09-01,581071,41.3,0
2026-09-01,581072,74.8,0
2026-09-01,581075,49.3,0
2026-09-01,581202,32.0,0
2026-09-01,581217,32.0,0
2026-09-01,581306,33.5,0
2026-09-01,581371,12.1,0
2026-09-01,581386,23.2,0
2026-09-01,581445,36.3,0
2026-09-01,581712,93.0,0
2026-09-01,581798,34.0,0
2026-09-01,581879,49.5,0
2026-09-01,582182,15.0,0
2026-09-01,582344,18.0,0
2026-09-01,583685,40.0,0
2026-09-01,583723,16.5,0
2026-09-01,584045,26.9,0
2026-09-01,584959,25.2,0
2026-09-01,585190,22.0,0
2026-09-01,585955,48.5,0
2026-09-01,586030,67.5,0
2026-09-01,586110,90.5,0
2026-09-01,586595,12.5,0
2026-09-01,586684,11.0,0
2026-09-01,587648,36.5,0
2026-09-01,588130,10.8,0
2026-09-01,588547,13.0,0
2026-09-01,588610,4.0,0
2026-09-01,588776,6.5,0
2026-09-01,589659,14.0,0
2026-09-01,589748,34.0,0
2026-09-01,589756,13.3,0
2026-09-01,589900,280.0,0
2026-09-01,589977,18.7,0
2026-09-01,589985,130.0,0
2026-09-01,590000,147.1,0
2026-09-01,590011,13.3,0
2026-09-01,590013,97.0,0
2026-09-01,590043,13.4,0
2026-09-01,590058,16.5,0
2026-09-01,590078,22.5,0
2026-09-01,590083,26.5,0
2026-09-01,590098,24.0,0
2026-09-01,590127,37.5,0
2026-09-01,590150,179.0,0
2026-09-01,590231,192.0,0
2026-09-01,590241,23.5,0
2026-09-01,590296,11.7,0
2026-09-01,590543,5.5,0
2026-09-01,590687,62.5,0
2026-09-01,590845,5.0,0
2026-09-01,590851,36.0,0
2026-09-01,590885,17.8,0
2026-09-01,590913,61.0,0
2026-09-01,590920,61.0,0
2026-09-01,590921,61.0,0
2026-09-01,590961,22.9,0
2026-09-01,590963,24.0,0
2026-09-01,590966,17.2,0
2026-09-01,590968,13.0,0
2026-09-01,590992,12.9,0
2026-09-01,591026,34.0,0
2026-09-01,591114,27.4,0
2026-09-01,591157,7.5,0
2026-09-01,591190,29.8,0
2026-09-01,591238,7.5,0
2026-09-01,591289,84.9,0
2026-09-01,591319,7.5,0
2026-09-01,591578,12.5,0
2026-09-01,591991,15.9,0
2026-09-01,592138,30.2,0
2026-09-01,592141,13.3,0
2026-09-01,593348,151.4,0
2026-09-01,593537,67.0,0
2026-09-01,593538,48.5,0
2026-09-01,593539,48.5,0
2026-09-01,593762,55.5,0
2026-09-01,593765,69.0,0
2026-09-01,595871,18.5,0
2026-09-01,597007,68.0,0
2026-09-01,597082,125.0,0
2026-09-01,597163,120.0,0
2026-09-01,599409,19.9,0
2026-09-01,600040,9.9,0
2026-09-01,600168,8.5,0
2026-09-01,600172,159.9,0
2026-09-01,600177,57.9,0
2026-09-01,600215,5.0,0
2026-09-01,600218,9.9,0
2026-09-01,600222,5.0,0
2026-09-01,600225,5.5,0
2026-09-01,600232,9.8,0
2026-09-01,600235,4.7,0
2026-09-01,600252,5.0,0
2026-09-01,600265,9.8,0
2026-09-01,600310,15.0,0
2026-09-01,600315,13.5,0
2026-09-01,600316,18.0,0
2026-09-01,600317,14.0,0
2026-09-01,600324,24.5,0
2026-09-01,600325,9.0,0
2026-09-01,600332,11.7,0
2026-09-01,600336,20.5,0
2026-09-01,600348,24.5,0
2026-09-01,600360,11.0,0
2026-09-01,600362,11.5,0
2026-09-01,600440,9.7,0
2026-09-01,600491,6.7,0
2026-09-01,600645,438.0,0
2026-09-01,600651,136.0,0
2026-09-01,600655,195.0,0
2026-09-01,600661,185.0,0
2026-09-01,600792,99.0,0
2026-09-01,601023,52.0,0
2026-09-01,601028,38.0,0
2026-09-01,601038,38.0,0
2026-09-01,601048,35.0,0
2026-09-01,601053,35.0,0
2026-09-01,601058,35.0,0
2026-09-01,601068,35.0,0
2026-09-01,601187,24.0,0
2026-09-01,601515,89.5,0
2026-09-01,601582,43.5,0
2026-09-01,601583,50.0,0
2026-09-01,602018,13.0,0
2026-09-01,602060,26.2,0
2026-09-01,602070,11.5,0
2026-09-01,602124,8.4,0
2026-09-01,602272,8.7,0
2026-09-01,602558,10.4,0
2026-09-01,602871,13.8,0
2026-09-01,602872,13.5,0
2026-09-01,602873,14.0,0
2026-09-01,603130,12.0,0
2026-09-01,603233,24.0,0
2026-09-01,604004,29.9,0
2026-09-01,604009,34.0,0
2026-09-01,604056,18.0,0
2026-09-01,604058,20.0,0
2026-09-01,604059,15.0,0
2026-09-01,604060,20.0,0
2026-09-01,604117,26.0,0
2026-09-01,604151,26.9,0
2026-09-01,604232,26.9,0
2026-09-01,604313,26.9,0
2026-09-01,604710,5.0,0
2026-09-01,604897,9.0,0
2026-09-01,604935,22.0,0
2026-09-01,605115,6.0,0
2026-09-01,605116,6.0,0
2026-09-01,605549,41.9,0
2026-09-01,605557,41.9,0
2026-09-01,606052,18.0,0
2026-09-01,606155,12.4,0
2026-09-01,606199,31.7,0
2026-09-01,606314,178.0,0
2026-09-01,606315,45.0,0
2026-09-01,606839,26.5,0
2026-09-01,607141,24.0,0
2026-09-01,607147,40.0,0
2026-09-01,607187,6.2,0
2026-09-01,607195,52.5,0
2026-09-01,607932,465.0,0
2026-09-01,609048,4.4,0
2026-09-01,609056,4.4,0
2026-09-01,609072,5.0,0
2026-09-01,609099,8.5,0
2026-09-01,609102,6.2,0
2026-09-01,609137,7.3,0
2026-09-01,609153,5.0,0
2026-09-01,609226,6.5,0
2026-09-01,609242,8.5,0
2026-09-01,609581,11.0,0
2026-09-01,609699,25.0,0
2026-09-01,609702,25.0,0
2026-09-01,609991,16.0,0
2026-09-01,610293,43.9,0
2026-09-01,610312,5.0,0
2026-09-01,610359,18.2,0
2026-09-01,610369,19.5,0
2026-09-01,610394,19.0,0
2026-09-01,610539,8.0,0
2026-09-01,610754,116.0,0
2026-09-01,611424,99.0,0
2026-09-01,615594,10.8,0
2026-09-01,615600,26.0,0
2026-09-01,615619,16.0,0
2026-09-01,615620,16.0,0
2026-09-01,615624,16.0,0
2026-09-01,615625,16.0,0
2026-09-01,615626,16.0,0
2026-09-01,615669,21.2,0
2026-09-01,615670,7.7,0
2026-09-01,615696,53.0,0
2026-09-01,615701,53.0,0
2026-09-01,615703,53.0,0
2026-09-01,615715,56.0,0
2026-09-01,615716,56.0,0
2026-09-01,615719,20.8,0
2026-09-01,615792,15.7,0
2026-09-01,615800,24.9,0
2026-09-01,615801,35.9,0
2026-09-01,615812,12.9,0
2026-09-01,615904,26.3,0
2026-09-01,615905,26.3,0
2026-09-01,615907,26.4,0
2026-09-01,615929,80.5,0
2026-09-01,615943,15.2,0
2026-09-01,616101,21.3,0
2026-09-01,616137,203.0,0
2026-09-01,616138,198.0,0
2026-09-01,616139,212.0,0
2026-09-01,616142,226.0,0
2026-09-01,616298,7.0,0
2026-09-01,616370,64.0,0
2026-09-01,616420,38.0,0
2026-09-01,616421,38.0,0
2026-09-01,616422,34.7,0
2026-09-01,616423,34.7,0
2026-09-01,616431,49.5,0
2026-09-01,616432,49.5,0
2026-09-01,616433,36.9,0
2026-09-01,616434,49.8,0
2026-09-01,616438,30.9,0
2026-09-01,616440,22.9,0
2026-09-01,616451,35.0,0
2026-09-01,616452,29.5,0
2026-09-01,616459,70.0,0
2026-09-01,616461,11.0,0
2026-09-01,616490,9.0,0
2026-09-01,616501,9.8,0
2026-09-01,616502,22.2,0
2026-09-01,616510,20.4,0
2026-09-01,616511,20.4,0
2026-09-01,616512,20.4,0
2026-09-01,616513,20.4,0
2026-09-01,616746,53.9,0
2026-09-01,616748,29.9,0
2026-09-01,616749,29.9,0
2026-09-01,616751,35.9,0
2026-09-01,616752,24.9,0
2026-09-01,616753,24.9,0
2026-09-01,616805,9.6,0
2026-09-01,616973,27.8,0
2026-09-01,616993,35.0,0
2026-09-01,617030,22.9,0
2026-09-01,617031,30.9,0
2026-09-01,617044,65.9,0
2026-09-01,617051,65.5,0
2026-09-01,617053,18.9,0
2026-09-01,617059,45.0,0
2026-09-01,617100,43.7,0
2026-09-01,617112,40.0,0
2026-09-01,617117,50.6,0
2026-09-01,617126,12.0,0
2026-09-01,617129,11.2,0
2026-09-01,617131,7.9,0
2026-09-01,617138,23.1,0
2026-09-01,617149,8.4,0
2026-09-01,617166,76.8,0
2026-09-01,617167,70.0,0
2026-09-01,617201,38.1,0
2026-09-01,617278,47.0,0
2026-09-01,617317,21.3,0
2026-09-01,617319,9.9,0
2026-09-01,617390,84.9,0
2026-09-01,617460,99.9,0
2026-09-01,617509,214.0,0
2026-09-01,617579,179.0,0
2026-09-01,617596,85.0,0
2026-09-01,617649,36.0,0
2026-09-01,617670,10.0,0
2026-09-01,617721,11.0,0
2026-09-01,617759,18.5,0
2026-09-01,617760,47.0,0
2026-09-01,617761,47.0,0
2026-09-01,617762,39.5,0
2026-09-01,617763,20.5,0
2026-09-01,617824,21.5,0
2026-09-01,617873,4.3,0
2026-09-01,617881,4.4,0
2026-09-01,617928,34.5,0
2026-09-01,617994,49.5,0
2026-09-01,617996,27.0,0
2026-09-01,618320,155.0,0
2026-09-01,618402,22.0,0
2026-09-01,618405,22.0,0
2026-09-01,618507,24.0,0
2026-09-01,618508,26.0,0
2026-09-01,618725,30.5,0
2026-09-01,618726,33.5,0
2026-09-01,618727,30.5,0
2026-09-01,618728,33.5,0
2026-09-01,618767,5.5,0
2026-09-01,618787,15.0,0
2026-09-01,618792,125.0,0
2026-09-01,618795,14.5,0
2026-09-01,618796,13.0,0
2026-09-01,618857,6.6,0
2026-09-01,618862,17.5,0
2026-09-01,618863,15.8,0
2026-09-01,618933,489.0,0
2026-09-01,619004,15.5,0
2026-09-01,619018,169.0,0
2026-09-01,619029,19.0,0
2026-09-01,619050,445.0,0
2026-09-01,619051,240.0,0
2026-09-01,619061,15.0,0
2026-09-01,619121,21.0,0
2026-09-01,619126,16.8,0
2026-09-01,619129,26.5,0
2026-09-01,619130,26.0,0
2026-09-01,619153,28.0,0
2026-09-01,619157,29.0,0
2026-09-01,619245,52.0,0
2026-09-01,619265,16.0,0
2026-09-01,619267,21.5,0
2026-09-01,619269,25.0,0
2026-09-01,619298,155.0,0
2026-09-01,619357,31.5,0
2026-09-01,619359,37.0,0
2026-09-01,619368,17.5,0
2026-09-01,619369,17.5,0
2026-09-01,619370,18.0,0
2026-09-01,619382,59.0,0
2026-09-01,619383,75.0,0
2026-09-01,619400,22.0,0
2026-09-01,619402,335.0,0
2026-09-01,619403,690.0,0
2026-09-01,619414,9.5,0
2026-09-01,619416,5.3,0
2026-09-01,619418,13.8,0
2026-09-01,619423,144.0,0
2026-09-01,619424,240.0,0
2026-09-01,619426,306.0,0
2026-09-01,619510,378.0,0
2026-09-01,619573,20.0,0
2026-09-01,619667,42.0,0
2026-09-01,619729,92.0,0
2026-09-01,620156,20.0,0
2026-09-01,620163,20.0,0
2026-09-01,620225,22.0,0
2026-09-01,622604,46.9,0
2026-09-01,623035,5.4,0
2026-09-01,624253,75.0,0
2026-09-01,625050,20.3,0
2026-09-01,625051,33.5,0
2026-09-01,625052,18.7,0
2026-09-01,625053,30.0,0
2026-09-01,625272,10.5,0
2026-09-01,625485,14.5,0
2026-09-01,625577,17.0,0
2026-09-01,625601,26.0,0
2026-09-01,629236,84.9,0
2026-09-01,629247,21.3,0
2026-09-01,629295,14.9,0
2026-09-01,629297,38.8,0
2026-09-01,629311,179.9,0
2026-09-01,629316,42.9,0
2026-09-01,629350,45.0,0
2026-09-01,629373,549.0,0
2026-09-01,629493,14.9,0
2026-09-01,629495,120.0,0
2026-09-01,629612,17.0,0
2026-09-01,629725,35.9,0
2026-09-01,629745,7.0,0
2026-09-01,629763,65.0,0
2026-09-01,629766,39.5,0
2026-09-01,629772,33.0,0
2026-09-01,629773,33.0,0
2026-09-01,629774,15.0,0
2026-09-01,629775,15.0,0
2026-09-01,629777,29.0,0
2026-09-01,629805,73.0,0
2026-09-01,629842,28.0,0
2026-09-01,629844,104.0,0
2026-09-01,629854,42.0,0
2026-09-01,629855,11.9,0
2026-09-01,629857,19.9,0
2026-09-01,629858,104.0,0
2026-09-01,629859,292.0,0
2026-09-01,629860,61.0,0
2026-09-01,629867,29.0,0
2026-09-01,629876,57.5,0
2026-09-01,629882,15.8,0
2026-09-01,629884,5.5,0
2026-09-01,629886,42.0,0
2026-09-01,629888,53.0,0
2026-09-01,629901,27.0,0
2026-09-01,630010,88.0,0
2026-09-01,630204,34.9,0
2026-09-01,630251,23.5,0
2026-09-01,630252,2.0,0
2026-09-01,630868,172.0,0
2026-09-01,632028,14.5,0
2026-09-01,632029,19.5,0
2026-09-01,632212,21.0,0
2026-09-01,632912,18.0,0
2026-09-01,634850,49.9,0
2026-09-01,634863,189.0,0
2026-09-01,635153,77.0,0
2026-09-01,635155,159.0,0
2026-09-01,635156,134.0,0
2026-09-01,640238,15.0,0
2026-09-01,640366,107.0,0
2026-09-01,640512,48.5,0
2026-09-01,640541,162.0,0
2026-09-01,640688,10.0,0
2026-09-01,640693,10.0,0
2026-09-01,640867,231.0,0
2026-09-01,641016,62.0,0
2026-09-01,641035,45.5,0
2026-09-01,641057,9.8,0
2026-09-01,641541,36.5,0
2026-09-01,641572,9.5,0
2026-09-01,641785,62.0,0
2026-09-01,641938,28.5,0
2026-09-01,641958,29.0,0
2026-09-01,642203,8.5,0
2026-09-01,642206,10.0,0
2026-09-01,642233,190.0,0
2026-09-01,642248,165.0,0
2026-09-01,642253,90.0,0
2026-09-01,642268,105.0,0
2026-09-01,642273,75.0,0
2026-09-01,642334,40.5,0
2026-09-01,642337,90.0,0
2026-09-01,642342,110.0,0
2026-09-01,642377,60.0,0
2026-09-01,642882,44.0,0
2026-09-01,643092,39.0,0
2026-09-01,643095,35.0,0
2026-09-01,643099,35.0,0
2026-09-01,643106,35.0,0
2026-09-01,643111,35.0,0
2026-09-01,643152,10.5,0
2026-09-01,643167,10.5,0
2026-09-01,643172,9.8,0
2026-09-01,643310,60.5,0
2026-09-01,645663,61.8,0
2026-09-01,645727,28.9,0
2026-09-01,645732,28.5,0
2026-09-01,646077,23.9,0
2026-09-01,646408,13.8,0
2026-09-01,646413,13.8,0
2026-09-01,646448,6.3,0
2026-09-01,646453,9.7,0
2026-09-01,648400,80.0,0
2026-09-01,648421,80.0,0
2026-09-01,648784,62.0,0
2026-09-01,650006,28.7,0
2026-09-01,650008,27.0,0
2026-09-01,650069,11.3,0
2026-09-01,650095,8.0,0
2026-09-01,650142,2.0,0
2026-09-01,650204,29.0,0
2026-09-01,650206,25.0,0
2026-09-01,650209,14.9,0
2026-09-01,650327,7.5,0
2026-09-01,650346,16.0,0
2026-09-01,650347,16.0,0
2026-09-01,650375,39.5,0
2026-09-01,650425,57.0,0
2026-09-01,650429,7.4,0
2026-09-01,650467,6.5,0
2026-09-01,650468,6.5,0
2026-09-01,650469,6.5,0
2026-09-01,650470,6.5,0
2026-09-01,650473,6.5,0
2026-09-01,650664,11.2,0
2026-09-01,650676,118.0,0
2026-09-01,650690,10.0,0
2026-09-01,650693,9.5,0
2026-09-01,650708,120.0,0
2026-09-01,650728,2.3,0
2026-09-01,650735,2.2,0
2026-09-01,650747,2.2,0
2026-09-01,650813,84.0,0
2026-09-01,650819,106.0,0
2026-09-01,650844,265.0,0
2026-09-01,650850,240.0,0
2026-09-01,650858,258.0,0
2026-09-01,650976,285.0,0
2026-09-01,650999,8.0,0
2026-09-01,651006,15.7,0
2026-09-01,651007,12.5,0
2026-09-01,651008,15.7,0
2026-09-01,651013,15.7,0
2026-09-01,651027,182.0,0
2026-09-01,651193,33.0,0
2026-09-01,651199,27.5,0
2026-09-01,651205,14.0,0
2026-09-01,651311,363.0,0
2026-09-01,651382,43.0,0
2026-09-01,651433,68.0,0
2026-09-01,651620,10.0,0
2026-09-01,651737,116.0,0
2026-09-01,651772,5.3,0
2026-09-01,651837,10.0,0
2026-09-01,651870,19.0,0
2026-09-01,651935,29.5,0
2026-09-01,651937,42.5,0
2026-09-01,651988,38.5,0
2026-09-01,652001,24.5,0
2026-09-01,652011,29.5,0
2026-09-01,652030,29.5,0
2026-09-01,652152,6.4,0
2026-09-01,652153,14.9,0
2026-09-01,652155,6.7,0
2026-09-01,652164,28.4,0
2026-09-01,652170,21.5,0
2026-09-01,652174,15.0,0
2026-09-01,652178,13.5,0
2026-09-01,652183,15.0,0
2026-09-01,652199,100.0,0
2026-09-01,652216,175.0,0
2026-09-01,652221,49.0,0
2026-09-01,652227,43.0,0
2026-09-01,652304,7.5,0
2026-09-01,652332,12.0,0
2026-09-01,652354,50.5,0
2026-09-01,652360,120.0,0
2026-09-01,652367,152.0,0
2026-09-01,652376,68.0,0
2026-09-01,652485,19.0,0
2026-09-01,652486,20.5,0
2026-09-01,652487,6.9,0
2026-09-01,652496,64.0,0
2026-09-01,652530,20.5,0
2026-09-01,652537,20.5,0
2026-09-01,652538,34.5,0
2026-09-01,652540,34.5,0
2026-09-01,652570,10.8,0
2026-09-01,652584,21.2,0
2026-09-01,652626,64.9,0
2026-09-01,652682,89.0,0
2026-09-01,652768,59.0,0
2026-09-01,652848,19.9,0
2026-09-01,652853,24.0,0
2026-09-01,652898,105.0,0
2026-09-01,653000,34.5,0
2026-09-01,653001,20.5,0
2026-09-01,653002,34.5,0
2026-09-01,653003,20.5,0
2026-09-01,653052,14.5,0
2026-09-01,653073,122.0,0
2026-09-01,653074,120.0,0
2026-09-01,653122,13.0,0
2026-09-01,653164,32.0,0
2026-09-01,653203,13.0,0
2026-09-01,653227,5.5,0
2026-09-01,653228,4.3,0
2026-09-01,653229,4.3,0
2026-09-01,653299,32.0,0
2026-09-01,653312,28.5,0
2026-09-01,653498,21.5,0
2026-09-01,653532,154.0,0
2026-09-01,653533,119.0,0
2026-09-01,653535,6.3,0
2026-09-01,653541,18.0,0
2026-09-01,653615,448.0,0
2026-09-01,653651,120.0,0
2026-09-01,653742,36.5,0
2026-09-01,653743,29.5,0
2026-09-01,653752,22.5,0
2026-09-01,653767,36.5,0
2026-09-01,653786,105.0,0
2026-09-01,653841,18.5,0
2026-09-01,653893,16.5,0
2026-09-01,653934,20.0,0
2026-09-01,653964,95.5,0
2026-09-01,653967,56.5,0
2026-09-01,653972,12.0,0
2026-09-01,653973,35.0,0
2026-09-01,653974,35.0,0
2026-09-01,653975,32.0,0
2026-09-01,653976,32.0,0
2026-09-01,653977,32.0,0
2026-09-01,653979,35.0,0
2026-09-01,653980,39.0,0
2026-09-01,654042,5.0,0
2026-09-01,654047,5.0,0
2026-09-01,654081,40.0,0
2026-09-01,654087,40.0,0
2026-09-01,654120,130.0,0
2026-09-01,654121,71.0,0
2026-09-01,654125,21.5,0
2026-09-01,654151,29.5,0
2026-09-01,654161,7.4,0
2026-09-01,654162,7.4,0
2026-09-01,654164,7.4,0
2026-09-01,654167,5.0,0
2026-09-01,654170,5.0,0
2026-09-01,654173,10.4,0
2026-09-01,654176,10.6,0
2026-09-01,654177,9.8,0
2026-09-01,654178,9.8,0
2026-09-01,654179,9.8,0
2026-09-01,654180,9.8,0
2026-09-01,654181,9.0,0
2026-09-01,654196,48.0,0
2026-09-01,654220,23.0,0
2026-09-01,654221,9.0,0
2026-09-01,654224,28.5,0
2026-09-01,654231,47.0,0
2026-09-01,654235,12.2,0
2026-09-01,654236,12.2,0
2026-09-01,654270,37.9,0
2026-09-01,654297,11.8,0
2026-09-01,654330,94.9,0
2026-09-01,654331,94.9,0
2026-09-01,654332,116.0,0
2026-09-01,654334,70.9,0
2026-09-01,654390,15.9,0
2026-09-01,654391,51.1,0
2026-09-01,654399,43.0,0
2026-09-01,654407,55.8,0
2026-09-01,654530,49.8,0
2026-09-01,654543,159.9,0
2026-09-01,654545,57.5,0
2026-09-01,654549,33.1,0
2026-09-01,654619,43.1,0
2026-09-01,654627,35.2,0
2026-09-01,654630,28.2,0
2026-09-01,654631,34.0,0
2026-09-01,654648,156.0,0
2026-09-01,654650,156.0,0
2026-09-01,654701,24.3,0
2026-09-01,654708,13.1,0
2026-09-01,654742,54.1,0
2026-09-01,654783,10.0,0
2026-09-01,654817,35.9,0
2026-09-01,654831,4.0,0
2026-09-01,654838,4.0,0
2026-09-01,654851,56.9,0
2026-09-01,654914,94.8,0
2026-09-01,654922,69.9,0
2026-09-01,654923,69.9,0
2026-09-01,654924,85.5,0
2026-09-01,654925,85.5,0
2026-09-01,654945,39.1,0
2026-09-01,654946,48.7,0
2026-09-01,654947,24.9,0
2026-09-01,654957,18.9,0
2026-09-01,654960,19.8,0
2026-09-01,654961,19.8,0
2026-09-01,654962,19.8,0
2026-09-01,654963,18.9,0
2026-09-01,654964,28.7,0
2026-09-01,654965,18.9,0
2026-09-01,654966,28.7,0
2026-09-01,654967,28.5,0
2026-09-01,654968,28.5,0
2026-09-01,654969,28.7,0
2026-09-01,654970,28.7,0
2026-09-01,654988,49.5,0
2026-09-01,655063,17.5,0
2026-09-01,655064,48.5,0
2026-09-01,655093,34.5,0
2026-09-01,655133,34.9,0
2026-09-01,655144,29.5,0
2026-09-01,655173,75.0,0
2026-09-01,655189,39.9,0
2026-09-01,655198,24.0,0
2026-09-01,655323,12.0,0
2026-09-01,655328,35.5,0
2026-09-01,655337,13.5,0
2026-09-01,655364,13.8,0
2026-09-01,655426,65.0,0
2026-09-01,655427,47.5,0
2026-09-01,655434,34.0,0
2026-09-01,655435,11.7,0
2026-09-01,655436,3.0,0
2026-09-01,655476,93.0,0
2026-09-01,655490,38.5,0
2026-09-01,655595,24.0,0
2026-09-01,655622,108.0,0
2026-09-01,655646,78.0,0
2026-09-01,655663,20.5,0
2026-09-01,655689,7.8,0
2026-09-01,655721,26.5,0
2026-09-01,655722,28.5,0
2026-09-01,655723,28.5,0
2026-09-01,655738,72.5,0
2026-09-01,655742,6.5,0
2026-09-01,655783,249.0,0
2026-09-01,655808,27.0,0
2026-09-01,655809,29.0,0
2026-09-01,655810,16.5,0
2026-09-01,655819,5.5,0
2026-09-01,655824,13.8,0
2026-09-01,655864,37.0,0
2026-09-01,655872,225.0,0
2026-09-01,655884,18.5,0
2026-09-01,655891,6.0,0
2026-09-01,655893,27.0,0
2026-09-01,655902,169.0,0
2026-09-01,655933,48.5,0
2026-09-01,655935,36.0,0
2026-09-01,655962,218.0,0
2026-09-01,655972,13.8,0
2026-09-01,655979,20.5,0
2026-09-01,655981,10.4,0
2026-09-01,655982,9.0,0
2026-09-01,655985,22.0,0
2026-09-01,655986,48.0,0
2026-09-01,656015,72.7,0
2026-09-01,656016,2.5,0
2026-09-01,656017,15.7,0
2026-09-01,656039,127.2,0
2026-09-01,656073,10.0,0
2026-09-01,656088,34.0,0
2026-09-01,656106,22.5,0
2026-09-01,656153,32.7,0
2026-09-01,656154,5.6,0
2026-09-01,656169,26.9,0
2026-09-01,656190,71.0,0
2026-09-01,656255,54.0,0
2026-09-01,656256,39.0,0
2026-09-01,656257,54.0,0
2026-09-01,656259,39.0,0
2026-09-01,656271,60.0,0
2026-09-01,656272,43.0,0
2026-09-01,656273,54.0,0
2026-09-01,656274,39.0,0
2026-09-01,656275,64.0,0
2026-09-01,656287,6.8,0
2026-09-01,656288,22.9,0
2026-09-01,656293,17.9,0
2026-09-01,656294,13.9,0
2026-09-01,656309,25.2,0
2026-09-01,656371,45.9,0
2026-09-01,656373,45.9,0
2026-09-01,656375,43.0,0
2026-09-01,656392,27.1,0
2026-09-01,656393,31.0,0
2026-09-01,656394,38.7,0
2026-09-01,656410,49.9,0
2026-09-01,656417,18.6,0
2026-09-01,656419,16.8,0
2026-09-01,656437,91.0,0
2026-09-01,656444,4.5,0
2026-09-01,656445,4.5,0
2026-09-01,656446,4.5,0
2026-09-01,656494,4.5,0
2026-09-01,656510,27.0,0
2026-09-01,656513,99.9,0
2026-09-01,656567,2.3,0
2026-09-01,656660,15.0,0
2026-09-01,656661,15.0,0
2026-09-01,656669,13.3,0
2026-09-01,656757,7.5,0
2026-09-01,656758,12.5,0
2026-09-01,656759,7.5,0
2026-09-01,656760,12.5,0
2026-09-01,656761,79.2,0
2026-09-01,656762,38.4,0
2026-09-01,656860,23.0,0
2026-09-01,656875,14.0,0
2026-09-01,656885,13.0,0
2026-09-01,656889,26.5,0
2026-09-01,656890,26.5,0
2026-09-01,656891,26.5,0
2026-09-01,656892,19.0,0
2026-09-01,656893,20.0,0
2026-09-01,656894,20.5,0
2026-09-01,656906,30.5,0
2026-09-01,656907,30.5,0
2026-09-01,656908,32.0,0
2026-09-01,656911,32.5,0
2026-09-01,656921,40.0,0
2026-09-01,656923,38.5,0
2026-09-01,656939,45.0,0
2026-09-01,656943,63.5,0
2026-09-01,656966,12.2,0
2026-09-01,656967,17.2,0
2026-09-01,656969,18.8,0
2026-09-01,656984,79.0,0
2026-09-01,656991,23.0,0
2026-09-01,657032,8.8,0
2026-09-01,657033,8.8,0
2026-09-01,657043,60.4,0
2026-09-01,657045,60.4,0
2026-09-01,657188,9.4,0
2026-09-01,657209,21.5,0
2026-09-01,657210,21.5,0
2026-09-01,657211,21.5,0
2026-09-01,657212,21.5,0
2026-09-01,657214,28.0,0
2026-09-01,657215,24.0,0
2026-09-01,657218,23.0,0
2026-09-01,657221,23.0,0
2026-09-01,657224,69.0,0
2026-09-01,657225,69.0,0
2026-09-01,657226,69.0,0
2026-09-01,657228,69.0,0
2026-09-01,657229,69.0,0
2026-09-01,657230,19.2,0
2026-09-01,657234,18.5,0
2026-09-01,657235,18.5,0
2026-09-01,657245,28.5,0
2026-09-01,657247,31.5,0
2026-09-01,657271,38.7,0
2026-09-01,657273,13.2,0
2026-09-01,657275,38.7,0
2026-09-01,657339,21.0,0
2026-09-01,657364,91.0,0
2026-09-01,657365,8.5,0
2026-09-01,657366,8.5,0
2026-09-01,657375,38.5,0
2026-09-01,657387,160.0,0
2026-09-01,657390,4.9,0
2026-09-01,657391,7.0,0
2026-09-01,657457,79.0,0
2026-09-01,657466,13.0,0
2026-09-01,657475,34.0,0
2026-09-01,657476,7.8,0
2026-09-01,657479,68.0,0
2026-09-01,657480,68.0,0
2026-09-01,657481,68.0,0
2026-09-01,657489,7.0,0
2026-09-01,657490,11.5,0
2026-09-01,657540,38.0,0
2026-09-01,657554,36.0,0
2026-09-01,657576,5.7,0
2026-09-01,657577,5.4,0
2026-09-01,657578,12.0,0
2026-09-01,657605,290.0,0
2026-09-01,657607,24.2,0
2026-09-01,657608,8.0,0
2026-09-01,657610,12.0,0
2026-09-01,657616,34.5,0
2026-09-01,657632,38.7,0
2026-09-01,657640,22.0,0
2026-09-01,657642,22.0,0
2026-09-01,657644,325.0,0
2026-09-01,657660,11.0,0
2026-09-01,657662,17.5,0
2026-09-01,657669,34.5,0
2026-09-01,657670,16.0,0
2026-09-01,657688,29.0,0
2026-09-01,657705,8.5,0
2026-09-01,657758,28.5,0
2026-09-01,657760,19.5,0
2026-09-01,657780,12.4,0
2026-09-01,657781,25.0,0
2026-09-01,657807,72.5,0
2026-09-01,657809,9.5,0
2026-09-01,657817,98.0,0
2026-09-01,657835,320.0,0
2026-09-01,657842,18.0,0
2026-09-01,657844,18.5,0
2026-09-01,657845,23.0,0
2026-09-01,657916,34.0,0
2026-09-01,657920,47.0,0
2026-09-01,657944,26.0,0
2026-09-01,657951,6.7,0
2026-09-01,657959,43.5,0
2026-09-01,657960,43.5,0
2026-09-01,657961,43.5,0
2026-09-01,658005,15.0,0
2026-09-01,658006,15.0,0
2026-09-01,658012,22.0,0
2026-09-01,658018,21.5,0
2026-09-01,658087,23.0,0
2026-09-01,658098,197.0,0
2026-09-01,658107,29.5,0
2026-09-01,658126,15.0,0
2026-09-01,658165,34.0,0
2026-09-01,658170,275.9,0
2026-09-01,658185,96.0,0
2026-09-01,658191,25.5,0
2026-09-01,658222,16.0,0
2026-09-01,658223,24.0,0
2026-09-01,658224,27.5,0
2026-09-01,658228,310.0,0
2026-09-01,658233,38.0,0
2026-09-01,658255,25.5,0
2026-09-01,658268,57.5,0
2026-09-01,658279,41.5,0
2026-09-01,658288,29.0,0
2026-09-01,658289,17.0,0
2026-09-01,658293,20.0,0
2026-09-01,658295,19.0,0
2026-09-01,658317,23.9,0
2026-09-01,658320,96.0,0
2026-09-01,658343,32.5,0
2026-09-01,658407,20.0,0
2026-09-01,658408,20.0,0
2026-09-01,658419,16.0,0
2026-09-01,658430,15.5,0
2026-09-01,658464,16.0,0
2026-09-01,658465,21.0,0
2026-09-01,658466,9.8,0
2026-09-01,658470,9.5,0
2026-09-01,658471,13.0,0
2026-09-01,658472,9.5,0
2026-09-01,658485,15.0,0
2026-09-01,658518,12.5,0
2026-09-01,658519,6.3,0
2026-09-01,658525,8.5,0
2026-09-01,658526,22.0,0
2026-09-01,658528,15.0,0
2026-09-01,658529,15.0,0
2026-09-01,658530,19.0,0
2026-09-01,658537,18.0,0
2026-09-01,658550,33.5,0
2026-09-01,658551,32.5,0
2026-09-01,658552,24.0,0
2026-09-01,658553,25.5,0
2026-09-01,658589,27.0,0
2026-09-01,658593,9.8,0
2026-09-01,658594,9.8,0
2026-09-01,658636,84.5,0
2026-09-01,658645,65.0,0
2026-09-01,658655,36.0,0
2026-09-01,658659,36.6,0
2026-09-01,658667,117.0,0
2026-09-01,658673,22.0,0
2026-09-01,658674,22.0,0
2026-09-01,658682,6.9,0
2026-09-01,658683,7.0,0
2026-09-01,658685,7.2,0
2026-09-01,658707,9.0,0
2026-09-01,658708,9.0,0
2026-09-01,658709,9.0,0
2026-09-01,658731,15.5,0
2026-09-01,658734,11.5,0
2026-09-01,658741,16.8,0
2026-09-01,658746,21.5,0
2026-09-01,658747,37.5,0
2026-09-01,658748,24.0,0
2026-09-01,658749,21.5,0
2026-09-01,658757,198.0,0
2026-09-01,658758,198.0,0
2026-09-01,658780,14.0,0
2026-09-01,658781,25.0,0
2026-09-01,658826,60.0,0
2026-09-01,658861,143.0,0
2026-09-01,658935,11.5,0
2026-09-01,659006,12.5,0
2026-09-01,659007,5.2,0
2026-09-01,659052,43.0,0
2026-09-01,659062,54.0,0
2026-09-01,659077,66.0,0
2026-09-01,659952,20.0,0
2026-09-01,659963,35.2,0
2026-09-01,659964,30.5,0
2026-09-01,659968,28.0,0
2026-09-01,659971,235.0,0
2026-09-01,659974,15.0,0
2026-09-01,659979,19.0,0
2026-09-01,659989,25.5,0
2026-09-01,659990,25.5,0
2026-09-01,660002,37.5,0
2026-09-01,660012,8.0,0
2026-09-01,660023,25.0,0
2026-09-01,660024,64.0,0
2026-09-01,660038,10.0,0
2026-09-01,660039,10.0,0
2026-09-01,660040,10.0,0
2026-09-01,660060,30.0,0
2026-09-01,660065,33.0,0
2026-09-01,660066,19.0,0
2026-09-01,660067,19.0,0
2026-09-01,660068,37.0,0
2026-09-01,660069,46.0,0
2026-09-01,660070,46.0,0
2026-09-01,660071,39.0,0
2026-09-01,660086,22.5,0
2026-09-01,660091,36.0,0
2026-09-01,660094,78.5,0
2026-09-01,660096,112.0,0
2026-09-01,660124,35.0,0
2026-09-01,660149,37.9,0
2026-09-01,660180,10.0,0
2026-09-01,660186,6.0,0
2026-09-01,660192,24.0,0
2026-09-01,660193,10.7,0
2026-09-01,660197,105.9,0
2026-09-01,660199,25.9,0
2026-09-01,660203,8.8,0
2026-09-01,660207,25.9,0
2026-09-01,660220,29.0,0
2026-09-01,660221,34.9,0
2026-09-01,660225,45.9,0
2026-09-01,660229,17.0,0
2026-09-01,660231,37.9,0
2026-09-01,660234,38.9,0
2026-09-01,660235,46.9,0
2026-09-01,660236,20.9,0
2026-09-01,660246,31.5,0
2026-09-01,660247,31.5,0
2026-09-01,660248,21.0,0
2026-09-01,660249,4.6,0
2026-09-01,660251,4.6,0
2026-09-01,660252,4.6,0
2026-09-01,660253,16.0,0
2026-09-01,660258,65.0,0
2026-09-01,660259,65.0,0
2026-09-01,660260,90.0,0
2026-09-01,660261,90.0,0
2026-09-01,660262,65.0,0
2026-09-01,660276,72.5,0
2026-09-01,660277,99.0,0
2026-09-01,660278,72.0,0
2026-09-01,660279,63.8,0
2026-09-01,660282,32.5,0
2026-09-01,660292,20.8,0
2026-09-01,660294,37.7,0
2026-09-01,660295,37.7,0
2026-09-01,660296,50.0,0
2026-09-01,660297,32.5,0
2026-09-01,660298,32.5,0
2026-09-01,660316,135.0,0
2026-09-01,660320,135.0,0
2026-09-01,660321,56.2,0
2026-09-01,660322,39.5,0
2026-09-01,660326,67.5,0
2026-09-01,660329,22.1,0
2026-09-01,660331,22.1,0
2026-09-01,660332,27.8,0
2026-09-01,660333,18.2,0
2026-09-01,660334,19.0,0
2026-09-01,660335,11.2,0
2026-09-01,660336,10.2,0
2026-09-01,660337,6.8,0
2026-09-01,660338,8.9,0
2026-09-01,660339,33.9,0
2026-09-01,660340,44.7,0
2026-09-01,660341,28.2,0
2026-09-01,660342,15.1,0
2026-09-01,660343,17.7,0
2026-09-01,660345,23.2,0
2026-09-01,660346,55.0,0
2026-09-01,660347,20.0,0
2026-09-01,660349,55.0,0
2026-09-01,660361,29.8,0
2026-09-01,660362,22.4,0
2026-09-01,660363,129.9,0
2026-09-01,660365,18.2,0
2026-09-01,660372,39.9,0
2026-09-01,660373,49.9,0
2026-09-01,660374,49.9,0
2026-09-01,660376,32.0,0
2026-09-01,660389,94.0,0
2026-09-01,660451,16.5,0
2026-09-01,660548,59.0,0
2026-09-01,660852,19.5,0
2026-09-01,661150,62.5,0
2026-09-01,661151,77.4,0
2026-09-01,661308,165.0,0
2026-09-01,661310,139.9,0
2026-09-01,661453,11.5,0
2026-09-01,661478,45.0,0
2026-09-01,661512,15.0,0
2026-09-01,661530,25.0,0
2026-09-01,661531,25.0,0
2026-09-01,661654,27.0,0
2026-09-01,661655,22.5,0
2026-09-01,661757,11.0,0
2026-09-01,661852,19.5,0
2026-09-01,661907,14.0,0
2026-09-01,661960,13.0,0
2026-09-01,661962,7.5,0
2026-09-01,662022,7.5,0
2026-09-01,662024,7.5,0
2026-09-01,662025,7.5,0
2026-09-01,662028,7.5,0
2026-09-01,662029,7.5,0
2026-09-01,662140,11.5,0
2026-09-01,662141,11.5,0
2026-09-01,662142,11.5,0
2026-09-01,662145,11.5,0
2026-09-01,664799,20.9,0
2026-09-01,664800,20.9,0
2026-09-01,664825,37.5,0
2026-09-01,664894,29.9,0
2026-09-01,664895,29.0,0
2026-09-01,664896,42.3,0
2026-09-01,664897,24.9,0
2026-09-01,664898,53.9,0
2026-09-01,664899,73.9,0
2026-09-01,664902,73.9,0
2026-09-01,664904,80.0,0
2026-09-01,664905,110.0,0
2026-09-01,664906,103.0,0
2026-09-01,665023,58.0,0
2026-09-01,665066,28.5,0
2026-09-01,665067,28.5,0
2026-09-01,665068,49.0,0
2026-09-01,665541,31.5,0
2026-09-01,665853,26.9,0
2026-09-01,666101,72.0,0
2026-09-01,666102,72.0,0
2026-09-01,666104,72.0,0
2026-09-01,666109,34.5,0
2026-09-01,666112,50.0,0
2026-09-01,666127,25.9,0
2026-09-01,666129,25.9,0
2026-09-01,666133,51.0,0
2026-09-01,666135,25.0,0
2026-09-01,666136,60.0,0
2026-09-01,666140,51.0,0
2026-09-01,666141,51.0,0
2026-09-01,666261,18.1,0
2026-09-01,666290,36.9,0
2026-09-01,666306,15.0,0
2026-09-01,666321,34.5,0
2026-09-01,666326,34.8,0
2026-09-01,666327,34.8,0
2026-09-01,666330,61.0,0
2026-09-01,666370,17.2,0
2026-09-01,666386,29.9,0
2026-09-01,666390,43.6,0
2026-09-01,666436,26.9,0
2026-09-01,666437,33.6,0
2026-09-01,666449,28.7,0
2026-09-01,666451,31.2,0
2026-09-01,666468,26.3,0
2026-09-01,666488,5.5,0
2026-09-01,666489,11.3,0
2026-09-01,666490,19.8,0
2026-09-01,666491,27.6,0
2026-09-01,666492,7.0,0
2026-09-01,666501,10.9,0
2026-09-01,666505,34.0,0
2026-09-01,666513,75.0,0
2026-09-01,666596,47.0,0
2026-09-01,666597,47.0,0
2026-09-01,666598,47.0,0
2026-09-01,666600,47.0,0
2026-09-01,666602,47.0,0
2026-09-01,666606,47.0,0
2026-09-01,666633,55.8,0
2026-09-01,666666,106.0,0
2026-09-01,666667,123.0,0
2026-09-01,666692,76.0,0
2026-09-01,666693,76.0,0
2026-09-01,666735,12.0,0
2026-09-01,666772,76.0,0
2026-09-01,666773,76.0,0
2026-09-01,666774,76.0,0
2026-09-01,666787,31.8,0
2026-09-01,666799,37.1,0
2026-09-01,666800,25.0,0
2026-09-01,666818,18.9,0
2026-09-01,666825,63.9,0
2026-09-01,666841,39.0,0
2026-09-01,666852,7.2,0
2026-09-01,666866,8.0,0
2026-09-01,666867,8.0,0
2026-09-01,666953,22.9,0
2026-09-01,667101,16.3,0
2026-09-01,667110,37.5,0
2026-09-01,667111,37.5,0
2026-09-01,667117,23.9,0
2026-09-01,667131,28.5,0
2026-09-01,667142,18.0,0
2026-09-01,667161,14.0,0
2026-09-01,667197,66.0,0
2026-09-01,667213,288.0,0
2026-09-01,667215,21.0,0
2026-09-01,667216,10.2,0
2026-09-01,667217,55.8,0
2026-09-01,667247,11.3,0
2026-09-01,667248,11.3,0
2026-09-01,667249,11.3,0
2026-09-01,667261,76.2,0
2026-09-01,667266,76.2,0
2026-09-01,667267,76.2,0
2026-09-01,667272,76.2,0
2026-09-01,667304,15.4,0
2026-09-01,667332,123.0,0
2026-09-01,667340,25.9,0
2026-09-01,667346,84.0,0
2026-09-01,667371,24.5,0
2026-09-01,667372,17.0,0
2026-09-01,667373,13.0,0
2026-09-01,667374,10.5,0
2026-09-01,667384,45.5,0
2026-09-01,667385,45.5,0
2026-09-01,667386,45.5,0
2026-09-01,667387,45.5,0
2026-09-01,667388,38.3,0
2026-09-01,667394,86.6,0
2026-09-01,667399,25.1,0
2026-09-01,667400,25.1,0
2026-09-01,667492,15.0,0
2026-09-01,667493,14.5,0
2026-09-01,667494,14.5,0
2026-09-01,667495,10.5,0
2026-09-01,667503,12.1,0
2026-09-01,667504,19.5,0
2026-09-01,667506,26.0,0
2026-09-01,667529,34.8,0
2026-09-01,667563,56.8,0
2026-09-01,667566,139.0,0
2026-09-01,667567,19.0,0
2026-09-01,667568,18.5,0
2026-09-01,667570,23.0,0
2026-09-01,667572,23.0,0
2026-09-01,667573,22.0,0
2026-09-01,667574,18.3,0
2026-09-01,667575,20.5,0
2026-09-01,667578,7.5,0
2026-09-01,667586,60.9,0
2026-09-01,667587,26.0,0
2026-09-01,667617,19.8,0
2026-09-01,667631,25.0,0
2026-09-01,667632,26.0,0
2026-09-01,667652,20.0,0
2026-09-01,667662,52.0,0
2026-09-01,667675,38.7,0
2026-09-01,667684,17.5,0
2026-09-01,667692,117.7,0
2026-09-01,667722,75.0,0
2026-09-01,667724,14.0,0
2026-09-01,667745,33.1,0
2026-09-01,667747,43.0,0
2026-09-01,667748,52.8,0
2026-09-01,667750,66.0,0
2026-09-01,667751,66.0,0
2026-09-01,667752,85.0,0
2026-09-01,667753,90.0,0
2026-09-01,667755,65.5,0
2026-09-01,667756,47.0,0
2026-09-01,667757,85.0,0
2026-09-01,667758,53.9,0
2026-09-01,667759,14.4,0
2026-09-01,667760,25.2,0
2026-09-01,667774,14.4,0
2026-09-01,667775,25.2,0
2026-09-01,667780,28.9,0
2026-09-01,667788,13.5,0
2026-09-01,667794,85.0,0
2026-09-01,667806,127.5,0
2026-09-01,667807,127.5,0
2026-09-01,667808,127.5,0
2026-09-01,667809,122.5,0
2026-09-01,667810,122.5,0
2026-09-01,667811,68.6,0
2026-09-01,667829,46.6,0
2026-09-01,667881,99.0,0
2026-09-01,667885,85.0,0
2026-09-01,667890,86.0,0
2026-09-01,667891,86.0,0
2026-09-01,667892,127.5,0
2026-09-01,667893,127.5,0
2026-09-01,667894,122.5,0
2026-09-01,667896,22.0,0
2026-09-01,667899,20.2,0
2026-09-01,667900,56.0,0
2026-09-01,667904,51.6,0
2026-09-01,667907,43.8,0
2026-09-01,667971,43.9,0
2026-09-01,668012,11.1,0
2026-09-01,668015,11.1,0
2026-09-01,668022,11.1,0
2026-09-01,668024,11.1,0
2026-09-01,668035,11.1,0
2026-09-01,668037,11.1,0
2026-09-01,668049,11.1,0
2026-09-01,668050,11.1,0
2026-09-01,668051,11.1,0
2026-09-01,668052,11.1,0
2026-09-01,668053,11.1,0
2026-09-01,668057,35.6,0
2026-09-01,668058,35.6,0
2026-09-01,668065,61.5,0
2026-09-01,668066,15.0,0
2026-09-01,668073,122.5,0
2026-09-01,668077,56.0,0
2026-09-01,668081,46.6,0
2026-09-01,668082,46.6,0
2026-09-01,668091,50.6,0
2026-09-01,668092,51.6,0
2026-09-01,668094,39.0,0
2026-09-01,668096,52.0,0
2026-09-01,668099,26.3,0
2026-09-01,668100,26.3,0
2026-09-01,668101,26.3,0
2026-09-01,668112,40.9,0
2026-09-01,668120,66.4,0
2026-09-01,668125,22.9,0
2026-09-01,668130,33.0,0
2026-09-01,668164,31.2,0
2026-09-01,668166,33.6,0
2026-09-01,668174,59.4,0
2026-09-01,668179,67.1,0
2026-09-01,668181,13.4,0
2026-09-01,668182,13.4,0
2026-09-01,668183,13.4,0
2026-09-01,668184,13.6,0
2026-09-01,668187,11.6,0
2026-09-01,668189,116.2,0
2026-09-01,668237,30.0,0
2026-09-01,668238,25.5,0
2026-09-01,668239,37.9,0
2026-09-01,668240,18.0,0
2026-09-01,668241,12.0,0
2026-09-01,668242,28.7,0
2026-09-01,668243,22.9,0
2026-09-01,668244,11.3,0
2026-09-01,668267,51.8,0
2026-09-01,668268,51.8,0
2026-09-01,668270,51.8,0
2026-09-01,668271,51.8,0
2026-09-01,668272,51.8,0
2026-09-01,668273,51.8,0
2026-09-01,668278,22.9,0
2026-09-01,668279,22.9,0
2026-09-01,668281,24.0,0
2026-09-01,668300,42.9,0
2026-09-01,668396,40.9,0
2026-09-01,668403,20.9,0
2026-09-01,668486,34.5,0
2026-09-01,668488,26.0,0
2026-09-01,668501,27.0,0
2026-09-01,668503,16.9,0
2026-09-01,668504,20.4,0
2026-09-01,668505,78.0,0
2026-09-01,668506,78.0,0
2026-09-01,668517,29.6,0
2026-09-01,668531,18.0,0
2026-09-01,668532,18.0,0
2026-09-01,668533,65.8,0
2026-09-01,668534,38.3,0
2026-09-01,668535,38.7,0
2026-09-01,668536,45.5,0
2026-09-01,668537,45.5,0
2026-09-01,668538,45.5,0
2026-09-01,668539,45.5,0
2026-09-01,668540,38.7,0
2026-09-01,668541,45.5,0
2026-09-01,668546,27.0,0
2026-09-01,668551,4.0,0
2026-09-01,668555,12.0,0
2026-09-01,668556,24.0,0
2026-09-01,668557,50.4,0
2026-09-01,668559,8.4,0
2026-09-01,668566,68.0,0
2026-09-01,668567,23.6,0
2026-09-01,668575,156.8,0
2026-09-01,668583,45.3,0
2026-09-01,668622,7.0,0
2026-09-01,668630,35.9,0
2026-09-01,668632,36.9,0
2026-09-01,668634,29.7,0
2026-09-01,668635,19.7,0
2026-09-01,668636,20.4,0
2026-09-01,668637,20.4,0
2026-09-01,668638,20.4,0
2026-09-01,668639,20.4,0
2026-09-01,668644,62.0,0
2026-09-01,668645,53.5,0
2026-09-01,668675,25.9,0
2026-09-01,668677,45.5,0
2026-09-01,668679,45.5,0
2026-09-01,668680,45.5,0
2026-09-01,668681,45.5,0
2026-09-01,668690,55.6,0
2026-09-01,668693,13.8,0
2026-09-01,668715,31.2,0
2026-09-01,668717,56.0,0
2026-09-01,668718,34.8,0
2026-09-01,668720,56.0,0
2026-09-01,668721,76.0,0
2026-09-01,668722,37.8,0
2026-09-01,668723,37.8,0
2026-09-01,668725,73.7,0
2026-09-01,668726,73.7,0
2026-09-01,668737,64.8,0
2026-09-01,668741,32.5,0
2026-09-01,668742,34.4,0
2026-09-01,668743,40.3,0
2026-09-01,668745,76.0,0
2026-09-01,668747,49.0,0
2026-09-01,668748,49.0,0
2026-09-01,668754,40.0,0
2026-09-01,668766,64.8,0
2026-09-01,668771,138.0,0
2026-09-01,668785,4.6,0
2026-09-01,668801,29.9,0
2026-09-01,668804,44.9,0
2026-09-01,668805,44.9,0
2026-09-01,668808,34.9,0
2026-09-01,668820,31.0,0
2026-09-01,668821,31.0,0
2026-09-01,668827,75.6,0
2026-09-01,668828,48.6,0
2026-09-01,668833,68.6,0
2026-09-01,668834,78.4,0
2026-09-01,668835,65.0,0
2026-09-01,668836,61.3,0
2026-09-01,668840,71.5,0
2026-09-01,668841,73.0,0
2026-09-01,668897,140.0,0
2026-09-01,668912,26.9,0
2026-09-01,668919,92.2,0
2026-09-01,668922,15.0,0
2026-09-01,668924,17.5,0
2026-09-01,668925,11.2,0
2026-09-01,668926,11.5,0
2026-09-01,668927,16.5,0
2026-09-01,668928,19.5,0
2026-09-01,668929,190.1,0
2026-09-01,668931,20.5,0
2026-09-01,668932,190.1,0
2026-09-01,668933,190.1,0
2026-09-01,668934,34.9,0
2026-09-01,668935,76.7,0
2026-09-01,668936,76.7,0
2026-09-01,668938,55.8,0
2026-09-01,668939,76.7,0
2026-09-01,668987,26.5,0
2026-09-01,668990,35.6,0
2026-09-01,668997,31.7,0
2026-09-01,668998,27.1,0
2026-09-01,668999,10.1,0
2026-09-01,669005,62.0,0
2026-09-01,669034,74.9,0
2026-09-01,669035,33.5,0
2026-09-01,669036,74.9,0
2026-09-01,669037,19.5,0
2026-09-01,669038,33.5,0
2026-09-01,669039,19.5,0
2026-09-01,669040,74.9,0
2026-09-01,669041,33.5,0
2026-09-01,669065,199.4,0
2026-09-01,669067,70.0,0
2026-09-01,669068,54.2,0
2026-09-01,669071,31.0,0
2026-09-01,669089,76.7,0
2026-09-01,669097,35.1,0
2026-09-01,669099,45.6,0
2026-09-01,669102,35.0,0
2026-09-01,669106,90.6,0
2026-09-01,669107,141.8,0
2026-09-01,669121,145.0,0
2026-09-01,669126,76.7,0
2026-09-01,669132,14.9,0
2026-09-01,669133,37.9,0
2026-09-01,669134,90.9,0
2026-09-01,669135,14.9,0
2026-09-01,669138,52.5,0
2026-09-01,669139,38.0,0
2026-09-01,669140,11.0,0
2026-09-01,669141,16.2,0
2026-09-01,669143,56.0,0
2026-09-01,669147,14.9,0
2026-09-01,669148,37.9,0
2026-09-01,669149,25.9,0
2026-09-01,669150,14.5,0
2026-09-01,669151,14.5,0
2026-09-01,669152,14.5,0
2026-09-01,669153,75.0,0
2026-09-01,669154,178.0,0
2026-09-01,669155,75.0,0
2026-09-01,669156,24.9,0
2026-09-01,669159,43.6,0
2026-09-01,669160,164.4,0
2026-09-01,669164,50.4,0
2026-09-01,669236,35.0,0
2026-09-01,669237,21.1,0
2026-09-01,669275,10.8,0
2026-09-01,669294,30.7,0
2026-09-01,669295,96.9,0
2026-09-01,669296,90.0,0
2026-09-01,669297,96.9,0
2026-09-01,669300,38.3,0
2026-09-01,669315,36.4,0
2026-09-01,669322,34.4,0
2026-09-01,669336,17.0,0
2026-09-01,669337,17.0,0
2026-09-01,669338,13.5,0
2026-09-01,669341,13.5,0
2026-09-01,669342,16.0,0
2026-09-01,669343,12.0,0
2026-09-01,669344,21.4,0
2026-09-01,669345,13.5,0
2026-09-01,669346,11.0,0
2026-09-01,669347,29.7,0
2026-09-01,669351,180.0,0
2026-09-01,669355,65.8,0
2026-09-01,669356,72.0,0
2026-09-01,669357,47.5,0
2026-09-01,669358,33.8,0
2026-09-01,669359,57.5,0
2026-09-01,669361,32.1,0
2026-09-01,669362,40.0,0
2026-09-01,669363,32.0,0
2026-09-01,669369,21.1,0
2026-09-01,669375,40.9,0
2026-09-01,669377,21.0,0
2026-09-01,669378,21.0,0
2026-09-01,669380,141.0,0
2026-09-01,669382,179.0,0
2026-09-01,669384,52.0,0
2026-09-01,669387,25.5,0
2026-09-01,669388,19.9,0
2026-09-01,669389,22.5,0
2026-09-01,669390,25.5,0
2026-09-01,669392,20.9,0
2026-09-01,669394,31.2,0
2026-09-01,669395,31.2,0
2026-09-01,669396,34.8,0
2026-09-01,669397,64.3,0
2026-09-01,669398,70.8,0
2026-09-01,669399,64.7,0
2026-09-01,669400,64.7,0
2026-09-01,669507,16.9,0
2026-09-01,669509,40.9,0
2026-09-01,669510,16.9,0
2026-09-01,669511,180.0,0
2026-09-01,669512,180.0,0
2026-09-01,669513,180.0,0
2026-09-01,669597,9.8,0
2026-09-01,669599,25.9,0
2026-09-01,669600,25.9,0
2026-09-01,669602,29.9,0
2026-09-01,669603,11.5,0
2026-09-01,669625,20.6,0
2026-09-01,669626,20.6,0
2026-09-01,669627,22.3,0
2026-09-01,669628,20.6,0
2026-09-01,669630,28.9,0
2026-09-01,669631,19.9,0
2026-09-01,669632,180.0,0
2026-09-01,669708,27.8,0
2026-09-01,669712,72.0,0
2026-09-01,669713,12.5,0
2026-09-01,669714,24.0,0
2026-09-01,669715,18.0,0
2026-09-01,669716,24.0,0
2026-09-01,669717,14.0,0
2026-09-01,669718,18.5,0
2026-09-01,669721,15.4,0
2026-09-01,669722,18.9,0
2026-09-01,669723,19.9,0
2026-09-01,669724,15.9,0
2026-09-01,669725,45.9,0
2026-09-01,669726,45.9,0
2026-09-01,669738,175.0,0
2026-09-01,669739,20.5,0
2026-09-01,669740,20.5,0
2026-09-01,669741,31.5,0
2026-09-01,669742,31.5,0
2026-09-01,669748,28.4,0
2026-09-01,669751,72.0,0
2026-09-01,669752,72.0,0
2026-09-01,669753,25.0,0
2026-09-01,669754,25.0,0
2026-09-01,669759,17.9,0
2026-09-01,669826,66.0,0
2026-09-01,669827,24.9,0
2026-09-01,669831,34.9,0
2026-09-01,669832,63.0,0
2026-09-01,669833,77.9,0
2026-09-01,669834,73.9,0
2026-09-01,669835,73.9,0
2026-09-01,669837,130.0,0
2026-09-01,669838,110.0,0
2026-09-01,669839,110.0,0
2026-09-01,669840,85.0,0
2026-09-01,669841,95.0,0
2026-09-01,669849,135.0,0
2026-09-01,669850,115.0,0
2026-09-01,669851,105.0,0
2026-09-01,669852,128.0,0
2026-09-01,669853,135.0,0
2026-09-01,669856,165.0,0
2026-09-01,669857,165.0,0
2026-09-01,669862,81.7,0
2026-09-01,669906,28.0,0
2026-09-01,669924,10.1,0
2026-09-01,669925,10.1,0
2026-09-01,670002,20.0,0
2026-09-01,670004,20.0,0
2026-09-01,670006,20.0,0
2026-09-01,670007,20.0,0
2026-09-01,670013,27.5,0
2026-09-01,670063,25.0,0
2026-09-01,670068,49.0,0
2026-09-01,670188,13.8,0
2026-09-01,670213,180.0,0
2026-09-01,670233,73.0,0
2026-09-01,670270,53.0,0
2026-09-01,670276,9.5,0
2026-09-01,670291,23.5,0
2026-09-01,670416,38.0,0
2026-09-01,670420,36.0,0
2026-09-01,670421,24.5,0
2026-09-01,670468,19.0,0
2026-09-01,670522,112.5,0
2026-09-01,670561,118.0,0
2026-09-01,670592,60.0,0
2026-09-01,670593,41.3,0
2026-09-01,670611,14.4,0
2026-09-01,670613,6.2,0
2026-09-01,670641,37.0,0
2026-09-01,670653,125.0,0
2026-09-01,670658,34.7,0
2026-09-01,670719,58.7,0
2026-09-01,670830,22.0,0
2026-09-01,670833,9.3,0
2026-09-01,670834,9.5,0
2026-09-01,670886,40.5,0
2026-09-01,670889,5.0,0
2026-09-01,670893,299.0,0
2026-09-01,670909,42.5,0
2026-09-01,670915,10.0,0
2026-09-01,670935,668.0,0
2026-09-01,670953,61.2,0
2026-09-01,670956,24.9,0
2026-09-01,670960,14.5,0
2026-09-01,670985,30.5,0
2026-09-01,671003,33.0,0
2026-09-01,671038,75.0,0
2026-09-01,671039,40.5,0
2026-09-01,671087,43.9,0
2026-09-01,671101,295.0,0
2026-09-01,671108,10.9,0
2026-09-01,671118,18.7,0
2026-09-01,671122,21.3,0
2026-09-01,671123,89.0,0
2026-09-01,671126,87.5,0
2026-09-01,671163,19.5,0
2026-09-01,671266,9.3,0
2026-09-01,671267,9.3,0
2026-09-01,671268,9.3,0
2026-09-01,671269,9.3,0
2026-09-01,671270,9.3,0
2026-09-01,671271,9.3,0
2026-09-01,671340,8.9,0
2026-09-01,671341,8.9,0
2026-09-01,671342,8.9,0
2026-09-01,671396,89.0,0
2026-09-01,671402,9.0,0
2026-09-01,671450,66.5,0
2026-09-01,671451,59.0,0
2026-09-01,671452,37.0,0
2026-09-01,671520,3.9,0
2026-09-01,671583,18.9,0
2026-09-01,671584,39.0,0
2026-09-01,671645,65.0,0
2026-09-01,671668,60.0,0
2026-09-01,671675,12.0,0
2026-09-01,671676,15.0,0
2026-09-01,671680,8.7,0
2026-09-01,671697,88.0,0
2026-09-01,671699,29.0,0
2026-09-01,671810,105.0,0
2026-09-01,671857,28.0,0
2026-09-01,671905,24.0,0
2026-09-01,671939,27.5,0
2026-09-01,671947,23.9,0
2026-09-01,671956,19.5,0
2026-09-01,671976,12.5,0
2026-09-01,671979,40.5,0
2026-09-01,671985,45.0,0
2026-09-01,672009,18.8,0
2026-09-01,672013,12.5,0
2026-09-01,672103,62.5,0
2026-09-01,672114,15.0,0
2026-09-01,672115,23.0,0
2026-09-01,672155,46.5,0
2026-09-01,672156,27.5,0
2026-09-01,672185,15.7,0
2026-09-01,672202,21.9,0
2026-09-01,672290,114.5,0
2026-09-01,672298,16.0,0
2026-09-01,672300,11.9,0
2026-09-01,672301,11.9,0
2026-09-01,672302,13.8,0
2026-09-01,672304,9.5,0
2026-09-01,672341,13.5,0
2026-09-01,672342,13.5,0
2026-09-01,672343,27.0,0
2026-09-01,672344,27.0,0
2026-09-01,672345,46.9,0
2026-09-01,672346,46.9,0
2026-09-01,672405,20.5,0
2026-09-01,672419,4.0,0
2026-09-01,672434,16.5,0
2026-09-01,672435,16.5,0
2026-09-01,672520,29.5,0
2026-09-01,672521,30.5,0
2026-09-01,672522,29.5,0
2026-09-01,672523,30.5,0
2026-09-01,672524,30.5,0
2026-09-01,672525,28.0,0
2026-09-01,672545,26.5,0
2026-09-01,672546,27.5,0
2026-09-01,672547,27.5,0
2026-09-01,672549,26.5,0
2026-09-01,672552,26.0,0
2026-09-01,672566,13.5,0
2026-09-01,672568,13.5,0
2026-09-01,672569,13.5,0
2026-09-01,672570,13.5,0
2026-09-01,672571,13.5,0
2026-09-01,672572,139.0,0
2026-09-01,672574,139.0,0
2026-09-01,672575,139.0,0
2026-09-01,672647,130.5,0
2026-09-01,672699,28.9,0
2026-09-01,672700,28.9,0
2026-09-01,672701,28.9,0
2026-09-01,672703,28.9,0
2026-09-01,672704,27.9,0
2026-09-01,672705,27.9,0
2026-09-01,672737,72.0,0
2026-09-01,672739,72.0,0
2026-09-01,672741,76.0,0
2026-09-01,672744,88.0,0
2026-09-01,672790,10.0,0
2026-09-01,672801,14.5,0
2026-09-01,672813,42.5,0
2026-09-01,672913,42.5,0
2026-09-01,672915,45.0,0
2026-09-01,672940,32.5,0
2026-09-01,673022,40.9,0
2026-09-01,673025,60.0,0
2026-09-01,673026,40.9,0
2026-09-01,673027,19.0,0
2026-09-01,673042,62.5,0
2026-09-01,673052,29.0,0
2026-09-01,673080,19.5,0
2026-09-01,673100,8.0,0
2026-09-01,673112,44.0,0
2026-09-01,673113,44.0,0
2026-09-01,673224,21.0,0
2026-09-01,673241,15.6,0
2026-09-01,673290,10.5,0
2026-09-01,673334,47.0,0
2026-09-01,673335,39.9,0
2026-09-01,673337,39.9,0
2026-09-01,673338,39.9,0
2026-09-01,673385,69.0,0
2026-09-01,673387,95.0,0
2026-09-01,673388,47.0,0
2026-09-01,673389,32.5,0
2026-09-01,673432,11.5,0
2026-09-01,673433,11.5,0
2026-09-01,673445,102.0,0
2026-09-01,673452,36.5,0
2026-09-01,673453,36.5,0
2026-09-01,673494,23.0,0
2026-09-01,673495,23.0,0
2026-09-01,673525,1.5,0
2026-09-01,673526,1.5,0
2026-09-01,673528,1.5,0
2026-09-01,673557,16.0,0
2026-09-01,673604,11.5,0
2026-09-01,673605,11.5,0
2026-09-01,673607,115.0,0
2026-09-01,673619,17.3,0
2026-09-01,673620,18.5,0
2026-09-01,673621,18.5,0
2026-09-01,673622,18.5,0
2026-09-01,673623,18.5,0
2026-09-01,673624,18.5,0
2026-09-01,673625,18.5,0
2026-09-01,673629,95.0,0
2026-09-01,673630,105.0,0
2026-09-01,673631,110.0,0
2026-09-01,673633,45.0,0
2026-09-01,673634,70.0,0
2026-09-01,673635,50.0,0
2026-09-01,673638,112.0,0
2026-09-01,673640,125.0,0
2026-09-01,673641,335.0,0
2026-09-01,673642,225.0,0
2026-09-01,673643,155.0,0
2026-09-01,673646,25.5,0
2026-09-01,673649,30.5,0
2026-09-01,673654,72.5,0
2026-09-01,673752,69.0,0
2026-09-01,673762,31.3,0
2026-09-01,673764,13.0,0
2026-09-01,673765,12.5,0
2026-09-01,673767,13.5,0
2026-09-01,673770,3.0,0
2026-09-01,673771,13.0,0
2026-09-01,673772,13.0,0
2026-09-01,673773,13.0,0
2026-09-01,673774,12.5,0
2026-09-01,673775,13.0,0
2026-09-01,673776,15.5,0
2026-09-01,673777,15.5,0
2026-09-01,673778,3.0,0
2026-09-01,673780,13.0,0
2026-09-01,673788,50.0,0
2026-09-01,673789,14.0,0
2026-09-01,673803,39.5,0
2026-09-01,673804,39.5,0
2026-09-01,673913,9.9,0
2026-09-01,673924,13.5,0
2026-09-01,673926,43.5,0
2026-09-01,673927,43.5,0
2026-09-01,673961,20.9,0
2026-09-01,673962,20.9,0
2026-09-01,673963,20.9,0
2026-09-01,674009,1.6,0
2026-09-01,674033,37.0,0
2026-09-01,674034,46.5,0
2026-09-01,674054,139.0,0
2026-09-01,674055,31.9,0
2026-09-01,674074,45.0,0
2026-09-01,674075,32.0,0
2026-09-01,674083,14.9,0
2026-09-01,674094,185.0,0
2026-09-01,674106,6.0,0
2026-09-01,674107,46.5,0
2026-09-01,674125,6.9,0
2026-09-01,674146,15.9,0
2026-09-01,674169,99.5,0
2026-09-01,674180,19.6,0
2026-09-01,674181,10.9,0
2026-09-01,674243,38.5,0
2026-09-01,674256,40.0,0
2026-09-01,674258,40.0,0
2026-09-01,674269,30.5,0
2026-09-01,674281,17.5,0
2026-09-01,674301,29.0,0
2026-09-01,674302,48.5,0
2026-09-01,674312,19.3,0
2026-09-01,674313,19.3,0
2026-09-01,674314,19.3,0
2026-09-01,674318,42.5,0
2026-09-01,674329,42.0,0
2026-09-01,674363,6.9,0
2026-09-01,674364,16.9,0
2026-09-01,674366,240.0,0
2026-09-01,674383,10.9,0
2026-09-01,674384,11.0,0
2026-09-01,674398,9.5,0
2026-09-01,674401,15.0,0
2026-09-01,674402,15.0,0
2026-09-01,674419,39.5,0
2026-09-01,674429,32.9,0
2026-09-01,674468,49.0,0
2026-09-01,674472,23.5,0
2026-09-01,674473,23.5,0
2026-09-01,674474,23.5,0
2026-09-01,674475,8.9,0
2026-09-01,674492,45.0,0
2026-09-01,674504,8.0,0
2026-09-01,674505,10.2,0
2026-09-01,674507,52.9,0
2026-09-01,674586,1.6,0
2026-09-01,674587,1.6,0
2026-09-01,674588,1.6,0
2026-09-01,674590,1.6,0
2026-09-01,674592,33.5,0
2026-09-01,674593,33.5,0
2026-09-01,674594,16.5,0
2026-09-01,674600,29.5,0
2026-09-01,674610,60.0,0
2026-09-01,674665,33.5,0
2026-09-01,674669,11.9,0
2026-09-01,674670,11.9,0
2026-09-01,674671,2.5,0
2026-09-01,674672,2.5,0
2026-09-01,674673,23.5,0
2026-09-01,674706,26.5,0
2026-09-01,674707,26.5,0
2026-09-01,674715,44.0,0
2026-09-01,674716,65.0,0
2026-09-01,674721,8.5,0
2026-09-01,674752,59.0,0
2026-09-01,674753,110.0,0
2026-09-01,674754,115.0,0
2026-09-01,674755,105.0,0
2026-09-01,674756,108.0,0
2026-09-01,674757,94.0,0
2026-09-01,674758,65.0,0
2026-09-01,674759,99.0,0
2026-09-01,674760,16.5,0
2026-09-01,674762,29.5,0
2026-09-01,674763,28.5,0
2026-09-01,674776,9.5,0
2026-09-01,674779,33.5,0
2026-09-01,674802,50.0,0
2026-09-01,674835,54.0,0
2026-09-01,674836,29.9,0
2026-09-01,674837,1.5,0
2026-09-01,674838,1.5,0
2026-09-01,674844,59.0,0
2026-09-01,674856,52.5,0
2026-09-01,674928,69.0,0
2026-09-01,674929,69.0,0
2026-09-01,674930,34.0,0
2026-09-01,674931,15.0,0
2026-09-01,674950,17.5,0
2026-09-01,674953,46.0,0
2026-09-01,676564,18.9,0
2026-09-01,676615,35.0,0
2026-09-01,676616,35.5,0
2026-09-01,676637,58.0,0
2026-09-01,676639,8.5,0
2026-09-01,676692,8.3,0
2026-09-01,676760,32.0,0
2026-09-01,676781,14.5,0
2026-09-01,676782,15.8,0
2026-09-01,676783,15.8,0
2026-09-01,676784,16.3,0
2026-09-01,676790,120.0,0
2026-09-01,676810,29.0,0
2026-09-01,676834,115.0,0
2026-09-01,676836,24.5,0
2026-09-01,676964,30.9,0
2026-09-01,676970,14.5,0
2026-09-01,676976,20.5,0
2026-09-01,677070,125.0,0
2026-09-01,677083,59.0,0
2026-09-01,677142,25.9,0
2026-09-01,677213,165.0,0
2026-09-01,677275,42.0,0
2026-09-01,677276,35.9,0
2026-09-01,677318,20.0,0
2026-09-01,677431,9.0,0
2026-09-01,677527,210.0,0
2026-09-01,677530,187.0,0
2026-09-01,677569,32.5,0
2026-09-01,677598,20.0,0
2026-09-01,677601,177.0,0
2026-09-01,677603,210.0,0
2026-09-01,677604,410.0,0
2026-09-01,677671,82.0,0
2026-09-01,677673,42.5,0
2026-09-01,677700,24.0,0
2026-09-01,677718,49.0,0
2026-09-01,677871,15.0,0
2026-09-01,678109,22.0,0
2026-09-01,678112,9.7,0
2026-09-01,678175,103.0,0
2026-09-01,678176,26.5,0
2026-09-01,678219,28.5,0
2026-09-01,678236,28.0,0
2026-09-01,678263,8.5,0
2026-09-01,678342,33.8,0
2026-09-01,678348,21.0,0
2026-09-01,678368,60.9,0
2026-09-01,678370,299.0,0
2026-09-01,678398,25.0,0
2026-09-01,678429,13.6,0
2026-09-01,678459,16.9,0
2026-09-01,678644,8.3,0
2026-09-01,678659,18.9,0
2026-09-01,678671,8.8,0
2026-09-01,678685,60.0,0
2026-09-01,678710,11.0,0
2026-09-01,678711,11.0,0
2026-09-01,678712,10.5,0
2026-09-01,678722,33.5,0
2026-09-01,678723,33.5,0
2026-09-01,678732,22.9,0
2026-09-01,678748,3.6,0
2026-09-01,678753,12.8,0
2026-09-01,678755,12.8,0
2026-09-01,678803,18.0,0
2026-09-01,678805,21.8,0
2026-09-01,678812,6.5,0
2026-09-01,678829,34.3,0
2026-09-01,678840,19.7,0
2026-09-01,678848,35.0,0
2026-09-01,678849,18.8,0
2026-09-01,678899,44.0,0
2026-09-01,678919,49.0,0
2026-09-01,678959,46.0,0
2026-09-01,678961,89.0,0
2026-09-01,678972,59.0,0
2026-09-01,678976,130.0,0
2026-09-01,678984,1.9,0
2026-09-01,679129,21.5,0
2026-09-01,679153,6.5,0
2026-09-01,679253,29.9,0
2026-09-01,679254,1.9,0
2026-09-01,679260,1.9,0
2026-09-01,679261,16.5,0
2026-09-01,679262,16.5,0
2026-09-01,679263,15.8,0
2026-09-01,679264,1.9,0
2026-09-01,679265,1.9,0
2026-09-01,679266,1.9,0
2026-09-01,679267,1.9,0
2026-09-01,679285,56.0,0
2026-09-01,679303,30.0,0
2026-09-01,679366,43.0,0
2026-09-01,679373,10.0,0
2026-09-01,679376,40.5,0
2026-09-01,679377,23.7,0
2026-09-01,679463,50.5,0
2026-09-01,679464,50.5,0
2026-09-01,679465,50.5,0
2026-09-01,679466,50.5,0
2026-09-01,679481,43.5,0
2026-09-01,679482,43.5,0
2026-09-01,679483,43.5,0
2026-09-01,679484,43.5,0
2026-09-01,679486,43.5,0
2026-09-01,679583,29.9,0
2026-09-01,679878,12.5,0
2026-09-01,679985,19.0,0
2026-09-01,679986,19.0,0
2026-09-01,681000,30.5,0
2026-09-01,681001,31.0,0
2026-09-01,681002,31.5,0
2026-09-01,681003,19.0,0
2026-09-01,681004,35.0,0
2026-09-01,681006,79.9,0
2026-09-01,681007,159.9,0
2026-09-01,685452,16.5,0
2026-09-01,687187,19.0,0
2026-09-01,690488,47.0,0
2026-09-01,690496,47.0,0
2026-09-01,690497,47.0,0
2026-09-01,690539,72.5,0
2026-09-01,690559,92.0,0
2026-09-01,690608,56.5,0
2026-09-01,690762,83.0,0
2026-09-01,690956,105.0,0
2026-09-01,691285,12.0,0
2026-09-01,692125,28.0,0
2026-09-01,692128,11.0,0
2026-09-01,692135,6.5,0
2026-09-01,693083,282.0,0
2026-09-01,693150,29.5,0
2026-09-01,693538,110.0,0
2026-09-01,695543,5.4,0
2026-09-01,695563,48.0,0
2026-09-01,695570,69.0,0
2026-09-01,695574,3.8,0
2026-09-01,695580,34.4,0
2026-09-01,695581,37.0,0
2026-09-01,695582,34.4,0
2026-09-01,695585,4.5,0
2026-09-01,695589,3.8,0
2026-09-01,695594,30.0,0
2026-09-01,695603,1.4,0
2026-09-01,695618,1.4,0
2026-09-01,695638,1.4,0
2026-09-01,695643,1.4,0
2026-09-01,695677,69.0,0
2026-09-01,695737,59.5,0
2026-09-01,695738,59.5,0
2026-09-01,695739,59.5,0
2026-09-01,695754,59.5,0
2026-09-01,695770,7.9,0
2026-09-01,695771,7.9,0
2026-09-01,695856,19.5,0
2026-09-01,695905,19.5,0
2026-09-01,696530,26.5,0
2026-09-01,696531,14.7,0
2026-09-01,696532,14.7,0
2026-09-01,696537,29.0,0
2026-09-01,696602,56.0,0
2026-09-01,696646,56.0,0
2026-09-01,696691,28.5,0
2026-09-01,696700,29.0,0
2026-09-01,696715,29.0,0
2026-09-01,697327,8.6,0
2026-09-01,697456,22.5,0
2026-09-01,697783,88.0,0
2026-09-01,697798,56.5,0
2026-09-01,697807,45.5,0
2026-09-01,697812,36.5,0
2026-09-01,697981,3.0,0
2026-09-01,699185,46.0,0
2026-09-01,699248,180.0,0
2026-09-01,699250,180.0,0
2026-09-01,699251,180.0,0
2026-09-01,699253,180.0,0
2026-09-01,699256,180.0,0
2026-09-01,699260,180.0,0
2026-09-01,699269,6.5,0
2026-09-01,699294,54.0,0
2026-09-01,699501,285.0,0
2026-09-01,699521,85.0,0
2026-09-01,699536,100.0,0
2026-09-01,700463,30.9,0
2026-09-01,701016,35.0,0
2026-09-01,701139,33.5,0
2026-09-01,701491,51.4,0
2026-09-01,718718,35.5,0
2026-09-01,724063,156.0,0
2026-09-01,724078,156.0,0
2026-09-01,724083,126.0,0
2026-09-01,724098,176.0,0
2026-09-01,724107,176.0,0
2026-09-01,724112,156.0,0
2026-09-01,724221,178.0,0
2026-09-01,724325,126.0,0
2026-09-01,724583,94.0,0
2026-09-01,724969,8.0,0
2026-09-01,725011,2.3,0
2026-09-01,725051,7.8,0
2026-09-01,725086,50.5,0
2026-09-01,725759,126.0,0
2026-09-01,725833,13.0,0
2026-09-01,725893,6.6,0
2026-09-01,726069,63.0,0
2026-09-01,726232,18.0,0
2026-09-01,726410,2.2,0
2026-09-01,726594,6.2,0
2026-09-01,726605,6.2,0
2026-09-01,726623,20.5,0
2026-09-01,726638,20.5,0
2026-09-01,726752,19.3,0
2026-09-01,726856,28.5,0
2026-09-01,727131,17.9,0
2026-09-01,727146,15.0,0
2026-09-01,727151,15.0,0
2026-09-01,727691,61.5,0
2026-09-01,729033,38.8,0
2026-09-01,729053,38.8,0
2026-09-01,729424,36.5,0
2026-09-01,729766,23.2,0
2026-09-01,729800,14.5,0
2026-09-01,729835,18.0,0
2026-09-01,729840,16.0,0
2026-09-01,729880,30.9,0
2026-09-01,729895,30.9,0
2026-09-01,729999,15.5,0
2026-09-01,731241,246.0,0
2026-09-01,732347,16.7,0
2026-09-01,732389,18.5,0
2026-09-01,735411,245.0,0
2026-09-01,740123,37.5,0
2026-09-01,741202,72.0,0
2026-09-01,741213,48.0,0
2026-09-01,741231,37.5,0
2026-09-01,741234,95.0,0
2026-09-01,741259,29.5,0
2026-09-01,741387,38.0,0
2026-09-01,741563,31.5,0
2026-09-01,741587,10.0,0
2026-09-01,741614,43.5,0
2026-09-01,741693,38.0,0
2026-09-01,742345,37.5,0
2026-09-01,742580,28.0,0
2026-09-01,742631,40.0,0
2026-09-01,742712,34.0,0
2026-09-01,743269,58.0,0
2026-09-01,743652,37.5,0
2026-09-01,744567,37.5,0
2026-09-01,745783,37.5,0
2026-09-01,745790,10.3,0
2026-09-01,746870,37.5,0
2026-09-01,746982,27.5,0
2026-09-01,748725,6.3,0
2026-09-01,749125,30.0,0
2026-09-01,749148,30.0,0
2026-09-01,752417,95.0,0
2026-09-01,760132,90.0,0
2026-09-01,761062,52.0,0
2026-09-01,761203,27.0,0
2026-09-01,761248,33.5,0
2026-09-01,761252,42.0,0
2026-09-01,761263,36.0,0
2026-09-01,761305,34.0,0
2026-09-01,761311,37.5,0
2026-09-01,761314,45.0,0
2026-09-01,761325,90.0,0
2026-09-01,761326,32.5,0
2026-09-01,761328,23.9,0
2026-09-01,761337,37.5,0
2026-09-01,761347,55.0,0
2026-09-01,761348,55.5,0
2026-09-01,761349,30.0,0
2026-09-01,761350,235.0,0
2026-09-01,761357,14.6,0
2026-09-01,761365,55.0,0
2026-09-01,761372,100.0,0
2026-09-01,761374,57.5,0
2026-09-01,761386,18.0,0
2026-09-01,761394,20.0,0
2026-09-01,761419,8.5,0
2026-09-01,761422,8.5,0
2026-09-01,761425,57.0,0
2026-09-01,761430,25.0,0
2026-09-01,761431,8.5,0
2026-09-01,761454,63.0,0
2026-09-01,761457,8.2,0
2026-09-01,761458,32.5,0
2026-09-01,761486,19.0,0
2026-09-01,761487,9.9,0
2026-09-01,761528,20.5,0
2026-09-01,761536,23.5,0
2026-09-01,761548,42.9,0
2026-09-01,761587,17.8,0
2026-09-01,761634,75.0,0
2026-09-01,761638,48.0,0
2026-09-01,761842,48.0,0
2026-09-01,761849,78.0,0
2026-09-01,761872,10.0,0
2026-09-01,761892,137.0,0
2026-09-01,761924,129.0,0
2026-09-01,761937,129.0,0
2026-09-01,761954,20.5,0
2026-09-01,762130,14.4,0
2026-09-01,762132,59.0,0
2026-09-01,762135,17.5,0
2026-09-01,762236,17.5,0
2026-09-01,762314,162.0,0
2026-09-01,762318,30.9,0
2026-09-01,762319,35.0,0
2026-09-01,762321,45.0,0
2026-09-01,762334,49.5,0
2026-09-01,762337,17.5,0
2026-09-01,762346,17.5,0
2026-09-01,762348,75.0,0
2026-09-01,762353,70.0,0
2026-09-01,762365,135.0,0
2026-09-01,762378,59.0,0
2026-09-01,762379,155.0,0
2026-09-01,762382,78.0,0
2026-09-01,762390,180.0,0
2026-09-01,762415,162.0,0
2026-09-01,762417,10.0,0
2026-09-01,762516,162.0,0
2026-09-01,762534,38.9,0
2026-09-01,762538,42.0,0
2026-09-01,762539,11.0,0
2026-09-01,762542,24.7,0
2026-09-01,762581,32.0,0
2026-09-01,762636,52.0,0
2026-09-01,762857,15.0,0
2026-09-01,762972,235.0,0
2026-09-01,763058,42.5,0
2026-09-01,763128,120.0,0
2026-09-01,763219,90.0,0
2026-09-01,763224,16.5,0
2026-09-01,763240,12.5,0
2026-09-01,763245,59.0,0
2026-09-01,763256,29.0,0
2026-09-01,763257,120.0,0
2026-09-01,763450,12.5,0
2026-09-01,763514,8.5,0
2026-09-01,763543,40.9,0
2026-09-01,763648,20.9,0
2026-09-01,763719,120.0,0
2026-09-01,763724,4.7,0
2026-09-01,763739,56.0,0
2026-09-01,763741,56.0,0
2026-09-01,763752,29.0,0
2026-09-01,763762,12.5,0
2026-09-01,763764,69.0,0
2026-09-01,763789,45.0,0
2026-09-01,763863,59.0,0
2026-09-01,763873,38.0,0
2026-09-01,763897,59.0,0
2026-09-01,763928,54.0,0
2026-09-01,763931,54.0,0
2026-09-01,763945,54.0,0
2026-09-01,763954,54.0,0
2026-09-01,763967,54.0,0
2026-09-01,764215,18.5,0
2026-09-01,764219,21.8,0
2026-09-01,764236,9.9,0
2026-09-01,764239,69.0,0
2026-09-01,764312,22.5,0
2026-09-01,764327,38.0,0
2026-09-01,764356,59.0,0
2026-09-01,764423,22.5,0
2026-09-01,764512,15.5,0
2026-09-01,764521,25.0,0
2026-09-01,764524,15.5,0
2026-09-01,764529,28.0,0
2026-09-01,764537,15.5,0
2026-09-01,764549,15.5,0
2026-09-01,764589,47.5,0
2026-09-01,764612,65.0,0
2026-09-01,764726,37.5,0
2026-09-01,764729,29.0,0
2026-09-01,764756,22.5,0
2026-09-01,764812,15.5,0
2026-09-01,764813,7.2,0
2026-09-01,764822,56.0,0
2026-09-01,764825,7.2,0
2026-09-01,764830,50.0,0
2026-09-01,764832,58.0,0
2026-09-01,764833,29.0,0
2026-09-01,764836,7.2,0
2026-09-01,764839,48.0,0
2026-09-01,764847,6.0,0
2026-09-01,764859,13.4,0
2026-09-01,764862,4.5,0
2026-09-01,764893,58.0,0
2026-09-01,765024,12.5,0
2026-09-01,765136,65.0,0
2026-09-01,765148,16.0,0
2026-09-01,765274,15.5,0
2026-09-01,765328,26.0,0
2026-09-01,765329,13.7,0
2026-09-01,765836,19.6,0
2026-09-01,765874,23.0,0
2026-09-01,765883,45.0,0
2026-09-01,765885,79.0,0
2026-09-01,765893,11.0,0
2026-09-01,765947,20.5,0
2026-09-01,765983,47.5,0
2026-09-01,766141,35.0,0
2026-09-01,766210,7.0,0
2026-09-01,766225,39.5,0
2026-09-01,766423,48.0,0
2026-09-01,766438,15.0,0
2026-09-01,766601,89.9,0
2026-09-01,766616,84.9,0
2026-09-01,766809,19.0,0
2026-09-01,766998,15.5,0
2026-09-01,767205,18.0,0
2026-09-01,768330,74.0,0
2026-09-01,768427,68.0,0
2026-09-01,768517,17.8,0
2026-09-01,768724,70.5,0
2026-09-01,768957,74.0,0
2026-09-01,768969,298.0,0
2026-09-01,769214,44.9,0
2026-09-01,769245,99.0,0
2026-09-01,769817,13.5,0
2026-09-01,770110,6.3,0
2026-09-01,770125,6.3,0
2026-09-01,770567,18.0,0
2026-09-01,770576,7.8,0
2026-09-01,770581,102.0,0
2026-09-01,770838,28.5,0
2026-09-01,770898,25.5,0
2026-09-01,770912,80.5,0
2026-09-01,770932,48.0,0
2026-09-01,770947,25.0,0
2026-09-01,770952,69.0,0
2026-09-01,770967,69.0,0
2026-09-01,771044,84.0,0
2026-09-01,771059,68.0,0
2026-09-01,771064,80.0,0
2026-09-01,771099,34.0,0
2026-09-01,771688,77.0,0
2026-09-01,772809,67.5,0
2026-09-01,772814,67.5,0
2026-09-01,772829,67.5,0
2026-09-01,773000,70.0,0
2026-09-01,773075,57.0,0
2026-09-01,774672,12.5,0
2026-09-01,774845,9.2,0
2026-09-01,774949,18.7,0
2026-09-01,775180,24.0,0
2026-09-01,775980,23.5,0
2026-09-01,778154,41.5,0
2026-09-01,779033,22.9,0
2026-09-01,779326,46.5,0
2026-09-01,779417,46.5,0
2026-09-01,779428,46.5,0
2026-09-01,779431,46.5,0
2026-09-01,779472,46.5,0
2026-09-01,780043,189.0,0
2026-09-01,780133,37.5,0
2026-09-01,780347,9.2,0
2026-09-01,780356,13.3,0
2026-09-01,780379,13.5,0
2026-09-01,780441,10.0,0
2026-09-01,780466,15.0,0
2026-09-01,780476,10.0,0
2026-09-01,780479,5.5,0
2026-09-01,780483,5.5,0
2026-09-01,780495,5.5,0
2026-09-01,780694,9.4,0
2026-09-01,780893,14.5,0
2026-09-01,780897,14.5,0
2026-09-01,780989,26.4,0
2026-09-01,781066,27.4,0
2026-09-01,781243,32.5,0
2026-09-01,781322,8.0,0
2026-09-01,781345,6.5,0
2026-09-01,781347,24.0,0
2026-09-01,781430,15.0,0
2026-09-01,781433,5.0,0
2026-09-01,781436,15.5,0
2026-09-01,781475,68.0,0
2026-09-01,781483,12.8,0
2026-09-01,781496,100.8,0
2026-09-01,781517,60.0,0
2026-09-01,781534,110.0,0
2026-09-01,781544,38.0,0
2026-09-01,781547,38.0,0
2026-09-01,781601,11.5,0
2026-09-01,781631,23.5,0
2026-09-01,781642,27.5,0
2026-09-01,781654,48.0,0
2026-09-01,781658,13.5,0
2026-09-01,781679,14.5,0
2026-09-01,781685,26.5,0
2026-09-01,781743,380.0,0
2026-09-01,781839,79.0,0
2026-09-01,781858,16.0,0
2026-09-01,782011,37.0,0
2026-09-01,782013,94.0,0
2026-09-01,782015,37.0,0
2026-09-01,782024,78.0,0
2026-09-01,782032,37.0,0
2026-09-01,782045,37.0,0
2026-09-01,782046,68.0,0
2026-09-01,782064,37.0,0
2026-09-01,782078,37.0,0
2026-09-01,782096,37.0,0
2026-09-01,782142,5.2,0
2026-09-01,782153,5.3,0
2026-09-01,782171,5.3,0
2026-09-01,782175,13.5,0
2026-09-01,782186,13.5,0
2026-09-01,782242,18.0,0
2026-09-01,782302,75.0,0
2026-09-01,782338,24.5,0
2026-09-01,782347,10.9,0
2026-09-01,782416,34.0,0
2026-09-01,782431,62.5,0
2026-09-01,782433,21.5,0
2026-09-01,782440,15.8,0
2026-09-01,782471,15.8,0
2026-09-01,782561,6.2,0
2026-09-01,782573,30.5,0
2026-09-01,782630,30.0,0
2026-09-01,782637,15.0,0
2026-09-01,782652,23.3,0
2026-09-01,782677,14.0,0
2026-09-01,782683,23.3,0
2026-09-01,782697,17.9,0
2026-09-01,782750,29.9,0
2026-09-01,782756,12.0,0
2026-09-01,782765,31.5,0
2026-09-01,782799,18.0,0
2026-09-01,782838,43.0,0
2026-09-01,783011,89.0,0
2026-09-01,783024,212.0,0
2026-09-01,783064,76.0,0
2026-09-01,783067,62.0,0
2026-09-01,783102,16.5,0
2026-09-01,783108,21.9,0
2026-09-01,783120,150.0,0
2026-09-01,783121,110.0,0
2026-09-01,783124,12.5,0
2026-09-01,783134,100.0,0
2026-09-01,783162,92.0,0
2026-09-01,783196,23.8,0
2026-09-01,783223,148.0,0
2026-09-01,783239,89.0,0
2026-09-01,783321,20.0,0
2026-09-01,783346,35.0,0
2026-09-01,783355,32.0,0
2026-09-01,783359,32.5,0
2026-09-01,783374,32.5,0
2026-09-01,783457,9.5,0
2026-09-01,783463,30.9,0
2026-09-01,783469,79.0,0
2026-09-01,783471,37.5,0
2026-09-01,783476,6.3,0
2026-09-01,783478,18.0,0
2026-09-01,783485,26.0,0
2026-09-01,783549,16.9,0
2026-09-01,783593,29.0,0
2026-09-01,783614,34.0,0
2026-09-01,783653,23.5,0
2026-09-01,783654,39.0,0
2026-09-01,783700,56.9,0
2026-09-01,783716,18.5,0
2026-09-01,783725,36.0,0
2026-09-01,783747,5.5,0
2026-09-01,783749,18.5,0
2026-09-01,783758,9.4,0
2026-09-01,783858,12.0,0
2026-09-01,783876,126.0,0
2026-09-01,783927,24.0,0
2026-09-01,783959,30.0,0
2026-09-01,783967,9.3,0
2026-09-01,784001,19.5,0
2026-09-01,784013,19.5,0
2026-09-01,784044,19.5,0
2026-09-01,784056,20.5,0
2026-09-01,784067,19.5,0
2026-09-01,784079,19.5,0
2026-09-01,784116,12.5,0
2026-09-01,784120,60.0,0
2026-09-01,784127,20.0,0
2026-09-01,784133,41.0,0
2026-09-01,784136,12.5,0
2026-09-01,784140,13.0,0
2026-09-01,784142,32.0,0
2026-09-01,784148,11.5,0
2026-09-01,784158,16.3,0
2026-09-01,784163,16.3,0
2026-09-01,784219,9.8,0
2026-09-01,784259,30.5,0
2026-09-01,784314,50.0,0
2026-09-01,784348,69.0,0
2026-09-01,784350,92.0,0
2026-09-01,784385,50.0,0
2026-09-01,784434,29.5,0
2026-09-01,784478,17.5,0
2026-09-01,784487,29.0,0
2026-09-01,784516,24.5,0
2026-09-01,784518,44.5,0
2026-09-01,784522,21.0,0
2026-09-01,784529,21.0,0
2026-09-01,784548,21.0,0
2026-09-01,784588,29.0,0
2026-09-01,784608,13.9,0
2026-09-01,784612,4.9,0
2026-09-01,784613,24.5,0
2026-09-01,784623,162.0,0
2026-09-01,784624,4.9,0
2026-09-01,784635,195.0,0
2026-09-01,784643,4.9,0
2026-09-01,784656,4.9,0
2026-09-01,784657,112.0,0
2026-09-01,784658,120.0,0
2026-09-01,784678,42.5,0
2026-09-01,784679,13.0,0
2026-09-01,784683,28.5,0
2026-09-01,784684,13.0,0
2026-09-01,784690,13.9,0
2026-09-01,784692,10.3,0
2026-09-01,784706,16.0,0
2026-09-01,784728,28.0,0
2026-09-01,784741,16.0,0
2026-09-01,784748,10.6,0
2026-09-01,784769,70.5,0
2026-09-01,784786,138.0,0
2026-09-01,784821,26.9,0
2026-09-01,784829,17.5,0
2026-09-01,784834,23.0,0
2026-09-01,784854,16.2,0
2026-09-01,784871,30.9,0
2026-09-01,784879,18.0,0
2026-09-01,784894,15.5,0
2026-09-01,784897,4.4,0
2026-09-01,784899,4.4,0
2026-09-01,784970,20.0,0
2026-09-01,784973,41.0,0
2026-09-01,785013,38.3,0
2026-09-01,785026,86.0,0
2026-09-01,785033,38.3,0
2026-09-01,785137,41.0,0
2026-09-01,785142,49.0,0
2026-09-01,785156,46.0,0
2026-09-01,785157,7.0,0
2026-09-01,785162,7.0,0
2026-09-01,785177,7.0,0
2026-09-01,785182,7.0,0
2026-09-01,785186,29.0,0
2026-09-01,785211,28.0,0
2026-09-01,785214,57.0,0
2026-09-01,785218,156.0,0
2026-09-01,785267,20.5,0
2026-09-01,785361,25.5,0
2026-09-01,785413,17.0,0
2026-09-01,785421,16.3,0
2026-09-01,785447,46.5,0
2026-09-01,785473,24.0,0
2026-09-01,785476,28.5,0
2026-09-01,785479,18.3,0
2026-09-01,785623,110.0,0
2026-09-01,785629,45.0,0
2026-09-01,785635,165.0,0
2026-09-01,785643,60.0,0
2026-09-01,785645,32.5,0
2026-09-01,785668,76.5,0
2026-09-01,785671,210.0,0
2026-09-01,785674,10.3,0
2026-09-01,785692,26.8,0
2026-09-01,785723,11.9,0
2026-09-01,785737,32.5,0
2026-09-01,785743,66.5,0
2026-09-01,785749,6.5,0
2026-09-01,785765,12.5,0
2026-09-01,785785,129.0,0
2026-09-01,785796,115.0,0
2026-09-01,785797,10.9,0
2026-09-01,785862,15.0,0
2026-09-01,785886,46.0,0
2026-09-01,785894,10.0,0
2026-09-01,785926,41.0,0
2026-09-01,785929,41.0,0
2026-09-01,785931,41.0,0
2026-09-01,785943,19.0,0
2026-09-01,785948,69.0,0
2026-09-01,785998,23.5,0
2026-09-01,786024,9.7,0
2026-09-01,786125,7.8,0
2026-09-01,786133,23.6,0
2026-09-01,786146,23.5,0
2026-09-01,786217,159.0,0
2026-09-01,786319,299.0,0
2026-09-01,786327,32.5,0
2026-09-01,786331,64.0,0
2026-09-01,786332,66.5,0
2026-09-01,786357,24.0,0
2026-09-01,786475,15.5,0
2026-09-01,786495,11.5,0
2026-09-01,786549,60.0,0
2026-09-01,786726,49.9,0
2026-09-01,786728,14.9,0
2026-09-01,786748,32.0,0
2026-09-01,786763,33.9,0
2026-09-01,786795,30.5,0
2026-09-01,786797,25.0,0
2026-09-01,786802,49.0,0
2026-09-01,786811,49.0,0
2026-09-01,786831,15.8,0
2026-09-01,786842,19.5,0
2026-09-01,786855,27.5,0
2026-09-01,786857,15.8,0
2026-09-01,786889,27.5,0
2026-09-01,786893,12.9,0
2026-09-01,786894,15.0,0
2026-09-01,786896,28.5,0
2026-09-01,786936,38.5,0
2026-09-01,786938,77.0,0
2026-09-01,786943,15.5,0
2026-09-01,786952,16.0,0
2026-09-01,786975,19.5,0
2026-09-01,786979,6.5,0
2026-09-01,787039,25.0,0
2026-09-01,787044,33.5,0
2026-09-01,787067,99.0,0
2026-09-01,787074,17.0,0
2026-09-01,787079,5.3,0
2026-09-01,787084,5.3,0
2026-09-01,787233,7.5,0
2026-09-01,787235,198.0,0
2026-09-01,787329,18.5,0
2026-09-01,787398,36.0,0
2026-09-01,787412,125.0,0
2026-09-01,787419,18.5,0
2026-09-01,787430,160.0,0
2026-09-01,787437,36.0,0
2026-09-01,787459,10.3,0
2026-09-01,787469,46.0,0
2026-09-01,787473,49.0,0
2026-09-01,787479,160.0,0
2026-09-01,787493,46.0,0
2026-09-01,787517,92.0,0
2026-09-01,787534,79.0,0
2026-09-01,787552,36.0,0
2026-09-01,787593,36.0,0
2026-09-01,787641,13.5,0
2026-09-01,787657,10.3,0
2026-09-01,787694,46.0,0
2026-09-01,787715,11.5,0
2026-09-01,787764,22.3,0
2026-09-01,787831,10.7,0
2026-09-01,787963,9.6,0
2026-09-01,787967,23.5,0
2026-09-01,787993,7.6,0
2026-09-01,788369,33.5,0
2026-09-01,788389,30.0,0
2026-09-01,788572,8.0,0
2026-09-01,788790,25.0,0
2026-09-01,789020,7.0,0
2026-09-01,789032,26.0,0
2026-09-01,789054,26.0,0
2026-09-01,789056,42.5,0
2026-09-01,789066,26.0,0
2026-09-01,789121,13.8,0
2026-09-01,789132,13.8,0
2026-09-01,789146,12.5,0
2026-09-01,789259,66.5,0
2026-09-01,789326,190.0,0
2026-09-01,789327,27.0,0
2026-09-01,789329,80.5,0
2026-09-01,789339,29.0,0
2026-09-01,789356,44.0,0
2026-09-01,789368,54.9,0
2026-09-01,789423,13.8,0
2026-09-01,789432,20.0,0
2026-09-01,789434,25.7,0
2026-09-01,789438,15.9,0
2026-09-01,789474,64.9,0
2026-09-01,789511,16.0,0
2026-09-01,789526,18.7,0
2026-09-01,789538,13.8,0
2026-09-01,789541,36.0,0
2026-09-01,789572,36.0,0
2026-09-01,789577,18.9,0
2026-09-01,789585,27.5,0
2026-09-01,789587,23.5,0
2026-09-01,789596,70.0,0
2026-09-01,789614,62.5,0
2026-09-01,789618,14.9,0
2026-09-01,789620,152.0,0
2026-09-01,789627,245.0,0
2026-09-01,789629,96.5,0
2026-09-01,789639,65.5,0
2026-09-01,789647,13.8,0
2026-09-01,789656,25.0,0
2026-09-01,789666,60.5,0
2026-09-01,789673,30.5,0
2026-09-01,789676,17.5,0
2026-09-01,789678,58.0,0
2026-09-01,789701,124.0,0
2026-09-01,789715,18.0,0
2026-09-01,789719,46.0,0
2026-09-01,789725,22.9,0
2026-09-01,789731,34.5,0
2026-09-01,789741,140.0,0
2026-09-01,789742,59.0,0
2026-09-01,789745,28.0,0
2026-09-01,789754,72.0,0
2026-09-01,789755,65.0,0
2026-09-01,789757,55.0,0
2026-09-01,789759,35.0,0
2026-09-01,789796,56.0,0
2026-09-01,789803,19.3,0
2026-09-01,789808,75.0,0
2026-09-01,789811,19.3,0
2026-09-01,789826,7.9,0
2026-09-01,789846,11.3,0
2026-09-01,789848,159.0,0
2026-09-01,789859,16.6,0
2026-09-01,790121,15.5,0
2026-09-01,790211,9.0,0
2026-09-01,790222,15.5,0
2026-09-01,790233,9.0,0
2026-09-01,790277,4.9,0
2026-09-01,790961,18.0,0
2026-09-01,790966,24.0,0
2026-09-01,790967,25.0,0
2026-09-01,790976,18.0,0
2026-09-01,790981,20.0,0
2026-09-01,791033,25.0,0
2026-09-01,791048,23.0,0
2026-09-01,791053,20.0,0
2026-09-01,791068,24.0,0
2026-09-01,791073,23.0,0
2026-09-01,791102,24.0,0
2026-09-01,791117,24.0,0
2026-09-01,791137,48.5,0
2026-09-01,791142,55.0,0
2026-09-01,791177,26.9,0
2026-09-01,791182,27.0,0
2026-09-01,791197,22.0,0
2026-09-01,791226,23.0,0
2026-09-01,791232,15.9,0
2026-09-01,791246,47.0,0
2026-09-01,791271,40.0,0
2026-09-01,791286,26.9,0
2026-09-01,791291,26.0,0
2026-09-01,791300,48.0,0
2026-09-01,791478,122.0,0
2026-09-01,791587,15.0,0
2026-09-01,791596,15.0,0
2026-09-01,791697,149.0,0
2026-09-01,791979,10.9,0
2026-09-01,792209,10.0,0
2026-09-01,792214,47.0,0
2026-09-01,792383,23.0,0
2026-09-01,792398,35.0,0
2026-09-01,792407,15.2,0
2026-09-01,792693,33.9,0
2026-09-01,792709,13.7,0
2026-09-01,792714,5.3,0
2026-09-01,792729,12.9,0
2026-09-01,792898,35.0,0
2026-09-01,792932,212.0,0
2026-09-01,792947,159.0,0
2026-09-01,792952,155.0,0
2026-09-01,792987,48.0,0
2026-09-01,793148,4095.0,0
2026-09-01,793514,26.5,0
2026-09-01,793538,26.5,0
2026-09-01,793557,21.0,0
2026-09-01,793561,12.9,0
2026-09-01,793565,19.9,0
2026-09-01,793582,15.9,0
2026-09-01,793596,49.0,0
2026-09-01,793690,19.0,0
2026-09-01,793692,17.5,0
2026-09-01,793696,13.8,0
2026-09-01,793737,22.5,0
2026-09-01,794218,29.0,0
2026-09-01,794237,29.0,0
2026-09-01,795102,34.0,0
2026-09-01,795114,5.0,0
2026-09-01,795117,75.0,0
2026-09-01,795142,180.0,0
2026-09-01,795143,38.0,0
2026-09-01,795147,35.0,0
2026-09-01,795160,28.0,0
2026-09-01,795192,6.5,0
2026-09-01,795209,39.0,0
2026-09-01,795451,38.0,0
2026-09-01,795580,21.0,0
2026-09-01,795748,22.0,0
2026-09-01,795794,252.0,0
2026-09-01,796115,72.0,0
2026-09-01,796321,21.5,0
2026-09-01,796327,23.5,0
2026-09-01,796457,15.5,0
2026-09-01,796483,17.0,0
2026-09-01,796513,27.5,0
2026-09-01,796581,38.0,0
2026-09-01,796728,35.0,0
2026-09-01,796761,24.0,0
2026-09-01,797213,92.0,0
2026-09-01,797223,92.0,0
2026-09-01,797233,92.0,0
2026-09-01,797243,92.0,0
2026-09-01,797253,92.0,0
2026-09-01,797438,23.5,0
2026-09-01,797635,83.9,0
2026-09-01,797837,45.0,0
2026-09-01,798235,13.9,0
2026-09-01,798311,79.0,0
2026-09-01,798322,15.0,0
2026-09-01,798326,16.5,0
2026-09-01,798338,43.0,0
2026-09-01,798342,15.0,0
2026-09-01,798348,240.0,0
2026-09-01,798349,33.5,0
2026-09-01,798352,15.0,0
2026-09-01,798362,15.0,0
2026-09-01,798372,15.0,0
2026-09-01,798412,18.7,0
2026-09-01,798427,33.9,0
2026-09-01,798436,53.5,0
2026-09-01,798452,18.7,0
2026-09-01,798459,33.5,0
2026-09-01,798532,35.5,0
2026-09-01,798537,32.5,0
2026-09-01,798542,17.5,0
2026-09-01,798579,23.5,0
2026-09-01,798628,18.7,0
2026-09-01,798634,43.0,0
2026-09-01,798654,37.5,0
2026-09-01,798768,59.0,0
2026-09-01,799287,40.5,0
2026-09-01,800101,25.0,0
2026-09-01,800108,210.0,0
2026-09-01,800118,215.0,0
2026-09-01,800119,215.0,0
2026-09-01,800122,116.0,0
2026-09-01,800144,215.0,0
2026-09-01,800277,215.0,0
2026-09-01,800661,77.0,0
2026-09-01,800874,35.0,0
2026-09-01,800893,48.0,0
2026-09-01,800897,36.0,0
2026-09-01,800898,49.0,0
2026-09-01,800988,57.0,0
2026-09-01,800990,34.0,0
2026-09-01,800995,34.0,0
2026-09-01,801338,4.0,0
2026-09-01,801355,23.0,0
2026-09-01,801832,66.0,0
2026-09-01,801834,45.0,0
2026-09-01,801956,16.0,0
2026-09-01,801957,12.0,0
2026-09-01,801966,37.0,0
2026-09-01,801968,47.0,0
2026-09-01,801969,37.0,0
2026-09-01,802236,44.0,0
2026-09-01,802254,34.0,0
2026-09-01,802255,50.0,0
2026-09-01,802256,30.0,0
2026-09-01,802365,37.0,0
2026-09-01,802385,37.0,0
2026-09-01,802401,20.0,0
2026-09-01,802402,10.0,0
2026-09-01,802403,19.0,0
2026-09-01,802404,14.0,0
2026-09-01,802433,35.0,0
2026-09-01,802438,70.0,0
2026-09-01,802452,36.0,0
2026-09-01,802481,32.0,0
2026-09-01,802490,32.0,0
2026-09-01,802693,43.2,0
2026-09-01,802695,34.0,0
2026-09-01,802713,55.0,0
2026-09-01,802721,21.0,0
2026-09-01,802732,11.0,0
2026-09-01,802736,15.0,0
2026-09-01,802808,18.0,0
2026-09-01,802834,40.0,0
2026-09-01,802853,31.0,0
2026-09-01,802882,45.0,0
2026-09-01,802938,17.0,0
2026-09-01,802961,86.0,0
2026-09-01,802992,52.0,0
2026-09-01,803051,21.0,0
2026-09-01,803053,24.0,0
2026-09-01,803054,15.0,0
2026-09-01,803132,114.0,0
2026-09-01,803155,16.0,0
2026-09-01,803187,9.0,0
2026-09-01,803190,22.5,0
2026-09-01,803247,63.0,0
2026-09-01,803305,34.0,0
2026-09-01,803472,36.0,0
2026-09-01,803482,26.0,0
2026-09-01,803598,89.0,0
2026-09-01,803654,13.5,0
2026-09-01,803692,107.0,0
2026-09-01,803755,105.0,0
2026-09-01,804028,31.0,0
2026-09-01,804036,27.0,0
2026-09-01,804089,65.0,0
2026-09-01,804092,50.0,0
2026-09-01,804906,42.0,0
2026-09-01,804921,58.0,0
2026-09-01,804922,55.0,0
2026-09-01,804924,29.9,0
2026-09-01,805186,35.0,0
2026-09-01,805537,47.0,0
2026-09-01,805543,5.0,0
2026-09-01,805692,46.0,0
2026-09-01,805701,28.5,0
2026-09-01,805776,6.3,0
2026-09-01,805825,9.9,0
2026-09-01,805830,9.9,0
2026-09-01,805979,48.0,0
2026-09-01,806246,52.0,0
2026-09-01,807388,17.0,0
2026-09-01,807389,410.0,0
2026-09-01,807390,14.0,0
2026-09-01,807391,14.0,0
2026-09-01,807392,138.0,0
2026-09-01,807393,15.0,0
2026-09-01,807394,15.0,0
2026-09-01,807395,19.0,0
2026-09-01,807397,15.0,0
2026-09-01,807398,15.0,0
2026-09-01,807435,25.0,0
2026-09-01,807436,199.0,0
2026-09-01,807438,22.0,0
2026-09-01,807441,22.0,0
2026-09-01,807442,22.0,0
2026-09-01,807446,26.0,0
2026-09-01,807452,47.0,0
2026-09-01,807453,40.0,0
2026-09-01,807454,40.0,0
2026-09-01,807456,40.0,0
2026-09-01,807457,40.0,0
2026-09-01,807459,30.0,0
2026-09-01,807460,31.0,0
2026-09-01,807461,40.0,0
2026-09-01,807462,35.0,0
2026-09-01,807463,46.0,0
2026-09-01,807471,199.0,0
2026-09-01,807486,16.0,0
2026-09-01,807487,20.0,0
2026-09-01,807488,20.0,0
2026-09-01,807489,27.0,0
2026-09-01,807491,16.0,0
2026-09-01,807492,16.0,0
2026-09-01,807493,16.0,0
2026-09-01,807494,16.0,0
2026-09-01,807495,28.0,0
2026-09-01,807496,27.0,0
2026-09-01,807497,15.0,0
2026-09-01,807561,17.0,0
2026-09-01,807562,61.0,0
2026-09-01,807564,50.0,0
2026-09-01,807586,26.0,0
2026-09-01,807587,30.0,0
2026-09-01,807790,12.0,0
2026-09-01,807799,30.0,0
2026-09-01,807832,74.0,0
2026-09-01,807844,57.0,0
2026-09-01,807897,16.5,0
2026-09-01,807904,22.0,0
2026-09-01,807932,22.0,0
2026-09-01,808054,23.0,0
2026-09-01,808077,59.0,0
2026-09-01,808101,599.0,0
2026-09-01,808126,75.0,0
2026-09-01,808131,57.5,0
2026-09-01,808146,28.0,0
2026-09-01,808166,22.5,0
2026-09-01,808288,219.0,0
2026-09-01,808302,220.0,0
2026-09-01,808313,260.0,0
2026-09-01,808368,65.0,0
2026-09-01,808565,79.0,0
2026-09-01,808591,79.0,0
2026-09-01,808593,20.0,0
2026-09-01,808625,79.0,0
2026-09-01,808626,250.0,0
2026-09-01,808671,13.5,0
2026-09-01,808695,79.0,0
2026-09-01,808702,79.0,0
2026-09-01,809041,410.0,0
2026-09-01,809093,410.0,0
2026-09-01,809101,460.0,0
2026-09-01,809162,65.0,0
2026-09-01,809168,25.0,0
2026-09-01,809170,25.0,0
2026-09-01,809171,25.0,0
2026-09-01,809172,25.0,0
2026-09-01,809173,25.0,0
2026-09-01,809177,25.0,0
2026-09-01,809179,18.0,0
2026-09-01,809183,120.0,0
2026-09-01,809185,99.0,0
2026-09-01,809192,49.0,0
2026-09-01,809193,33.0,0
2026-09-01,809196,75.0,0
2026-09-01,809203,42.5,0
2026-09-01,809327,22.5,0
2026-09-01,809450,72.0,0
2026-09-01,809451,72.0,0
2026-09-01,809459,34.0,0
2026-09-01,809460,43.0,0
2026-09-01,809462,53.0,0
2026-09-01,809463,49.0,0
2026-09-01,809464,60.0,0
2026-09-01,809465,34.0,0
2026-09-01,809466,49.0,0
2026-09-01,809467,43.0,0
2026-09-01,809468,53.0,0
2026-09-01,809469,60.0,0
2026-09-01,809472,42.0,0
2026-09-01,809480,22.0,0
2026-09-01,809486,29.0,0
2026-09-01,809487,37.0,0
2026-09-01,809488,51.0,0
2026-09-01,809489,52.0,0
2026-09-01,809490,65.0,0
2026-09-01,809491,29.0,0
2026-09-01,809492,50.0,0
2026-09-01,809495,31.0,0
2026-09-01,809497,33.0,0
2026-09-01,809507,33.0,0
2026-09-01,809508,40.0,0
2026-09-01,809512,33.0,0
2026-09-01,809515,33.0,0
2026-09-01,809516,33.0,0
2026-09-01,809517,30.0,0
2026-09-01,809520,210.0,0
2026-09-01,809523,240.0,0
2026-09-01,809524,190.0,0
2026-09-01,809527,26.0,0
2026-09-01,809528,26.0,0
2026-09-01,809557,106.0,0
2026-09-01,809590,113.0,0
2026-09-01,809603,152.0,0
2026-09-01,809622,19.0,0
2026-09-01,809628,34.9,0
2026-09-01,809637,130.0,0
2026-09-01,809643,130.0,0
2026-09-01,809659,79.0,0
2026-09-01,809660,85.0,0
2026-09-01,809661,85.0,0
2026-09-01,809662,85.0,0
2026-09-01,809664,85.0,0
2026-09-01,809665,85.0,0
2026-09-01,809666,69.0,0
2026-09-01,809667,69.0,0
2026-09-01,809668,69.0,0
2026-09-01,809670,69.0,0
2026-09-01,809671,69.0,0
2026-09-01,809672,69.0,0
2026-09-01,809673,75.0,0
2026-09-01,809675,75.0,0
2026-09-01,809676,75.0,0
2026-09-01,809677,75.0,0
2026-09-01,809678,75.0,0
2026-09-01,809679,75.0,0
2026-09-01,809683,17.0,0
2026-09-01,809685,22.0,0
2026-09-01,809688,60.0,0
2026-09-01,809690,60.0,0
2026-09-01,809692,29.0,0
2026-09-01,809700,22.0,0
2026-09-01,809712,48.0,0
2026-09-01,809714,57.0,0
2026-09-01,809722,43.0,0
2026-09-01,809730,43.0,0
2026-09-01,809732,52.0,0
2026-09-01,809814,129.0,0
2026-09-01,809815,129.0,0
2026-09-01,809816,129.0,0
2026-09-01,809818,119.0,0
2026-09-01,809819,119.0,0
2026-09-01,809821,119.0,0
2026-09-01,809822,86.0,0
2026-09-01,809823,86.0,0
2026-09-01,809831,26.0,0
2026-09-01,809833,53.0,0
2026-09-01,809834,53.0,0
2026-09-01,809896,115.0,0
2026-09-01,809906,92.0,0
2026-09-01,809911,16.0,0
2026-09-01,809915,15.0,0
2026-09-01,809917,15.0,0
2026-09-01,809927,121.0,0
2026-09-01,809930,115.0,0
2026-09-01,809949,36.0,0
2026-09-01,809956,40.0,0
2026-09-01,809978,17.0,0
2026-09-01,809980,37.0,0
2026-09-01,809984,18.0,0
2026-09-01,809990,16.0,0
2026-09-01,810060,71.0,0
2026-09-01,810174,30.0,0
2026-09-01,810175,30.0,0
2026-09-01,810182,22.0,0
2026-09-01,810183,26.0,0
2026-09-01,810242,9.0,0
2026-09-01,810243,55.0,0
2026-09-01,810244,70.0,0
2026-09-01,810246,51.0,0
2026-09-01,810249,26.0,0
2026-09-01,810250,36.0,0
2026-09-01,810251,69.0,0
2026-09-01,810255,54.0,0
2026-09-01,810258,18.0,0
2026-09-01,810338,75.0,0
2026-09-01,810339,39.0,0
2026-09-01,810340,79.0,0
2026-09-01,810522,43.0,0
2026-09-01,810524,45.0,0
2026-09-01,810525,37.0,0
2026-09-01,810526,37.0,0
2026-09-01,810528,45.0,0
2026-09-01,810530,43.0,0
2026-09-01,810531,45.0,0
2026-09-01,810532,45.0,0
2026-09-01,810870,35.0,0
2026-09-01,810871,35.0,0
2026-09-01,810872,35.0,0
2026-09-01,810873,35.0,0
2026-09-01,810874,35.0,0
2026-09-01,810876,35.0,0
2026-09-01,810900,12.0,0
2026-09-01,810901,10.0,0
2026-09-01,810902,14.0,0
2026-09-01,810903,16.0,0
2026-09-01,810904,7.0,0
2026-09-01,810907,9.0,0
2026-09-01,810909,17.0,0
2026-09-01,810912,11.0,0
2026-09-01,810915,12.0,0
2026-09-01,810916,9.0,0
2026-09-01,810918,10.0,0
2026-09-01,810919,8.0,0
2026-09-01,810921,3.0,0
2026-09-01,810922,3.0,0
2026-09-01,810924,5.0,0
2026-09-01,810925,5.0,0
2026-09-01,810936,10.0,0
2026-09-01,810937,10.0,0
2026-09-01,811796,30.9,0
2026-09-01,811982,52.0,0
2026-09-01,812660,60.5,0
2026-09-01,812764,115.0,0
2026-09-01,813158,8.0,0
2026-09-01,813482,35.0,0
2026-09-01,813486,35.0,0
2026-09-01,813487,35.0,0
2026-09-01,813488,35.0,0
2026-09-01,813494,35.0,0
2026-09-01,813495,35.0,0
2026-09-01,813496,42.0,0
2026-09-01,813497,25.0,0
2026-09-01,813498,28.0,0
2026-09-01,813607,28.0,0
2026-09-01,813624,89.0,0
2026-09-01,814032,32.0,0
2026-09-01,814324,19.5,0
2026-09-01,814593,32.0,0
2026-09-01,814623,37.0,0
2026-09-01,814853,64.0,0
2026-09-01,814944,64.0,0
2026-09-01,814945,58.0,0
2026-09-01,815549,66.0,0
2026-09-01,816334,145.0,0
2026-09-01,816361,189.0,0
2026-09-01,816362,162.0,0
2026-09-01,816364,122.0,0
2026-09-01,816365,122.0,0
2026-09-01,816367,205.0,0
2026-09-01,816368,205.0,0
2026-09-01,816369,217.0,0
2026-09-01,816371,135.0,0
2026-09-01,816376,117.0,0
2026-09-01,816377,298.0,0
2026-09-01,816379,333.0,0
2026-09-01,816385,180.0,0
2026-09-01,816387,236.0,0
2026-09-01,816388,211.0,0
2026-09-01,816419,14.5,0
2026-09-01,816428,99.0,0
2026-09-01,816429,109.0,0
2026-09-01,816439,16.0,0
2026-09-01,816502,49.0,0
2026-09-01,816509,625.0,0
2026-09-01,816538,34.0,0
2026-09-01,816556,23.0,0
2026-09-01,816559,77.0,0
2026-09-01,816565,215.0,0
2026-09-01,816570,73.0,0
2026-09-01,816572,165.0,0
2026-09-01,816577,155.0,0
2026-09-01,816580,106.0,0
2026-09-01,816585,19.0,0
2026-09-01,816592,29.0,0
2026-09-01,816594,22.0,0
2026-09-01,816595,20.0,0
2026-09-01,816599,28.0,0
2026-09-01,816756,53.0,0
2026-09-01,816758,37.0,0
2026-09-01,816760,31.9,0
2026-09-01,816761,30.0,0
2026-09-01,816762,99.0,0
2026-09-01,816763,92.0,0
2026-09-01,816806,95.0,0
2026-09-01,816808,113.0,0
2026-09-01,816814,117.0,0
2026-09-01,816819,44.0,0
2026-09-01,816825,20.0,0
2026-09-01,816833,24.0,0
2026-09-01,816834,24.0,0
2026-09-01,816840,24.9,0
2026-09-01,816843,24.0,0
2026-09-01,816856,16.0,0
2026-09-01,816858,9.0,0
2026-09-01,816859,16.0,0
2026-09-01,816864,7.0,0
2026-09-01,816866,37.0,0
2026-09-01,816867,27.0,0
2026-09-01,816868,27.0,0
2026-09-01,816870,29.0,0
2026-09-01,816871,11.0,0
2026-09-01,816873,14.0,0
2026-09-01,816877,58.0,0
2026-09-01,816878,58.0,0
2026-09-01,816881,54.0,0
2026-09-01,816882,56.0,0
2026-09-01,816888,120.0,0
2026-09-01,816890,66.0,0
2026-09-01,816891,145.0,0
2026-09-01,816892,45.0,0
2026-09-01,816893,45.0,0
2026-09-01,816894,35.0,0
2026-09-01,816896,35.0,0
2026-09-01,816897,23.0,0
2026-09-01,816899,38.0,0
2026-09-01,816913,38.0,0
2026-09-01,816928,25.0,0
2026-09-01,816955,5.5,0
2026-09-01,816956,12.5,0
2026-09-01,816963,35.0,0
2026-09-01,816965,65.0,0
2026-09-01,816967,43.0,0
2026-09-01,816968,50.0,0
2026-09-01,816972,29.0,0
2026-09-01,816982,114.0,0
2026-09-01,816989,32.0,0
2026-09-01,816990,30.0,0
2026-09-01,816991,9.0,0
2026-09-01,816992,9.0,0
2026-09-01,816993,9.0,0
2026-09-01,816994,9.0,0
2026-09-01,817057,9.0,0
2026-09-01,817069,34.0,0
2026-09-01,817070,97.0,0
2026-09-01,817071,142.0,0
2026-09-01,817072,153.0,0
2026-09-01,817073,231.0,0
2026-09-01,817075,122.0,0
2026-09-01,817076,59.0,0
2026-09-01,817079,197.0,0
2026-09-01,817080,287.0,0
2026-09-01,817082,120.0,0
2026-09-01,817083,112.0,0
2026-09-01,817084,112.0,0
2026-09-01,817085,112.0,0
2026-09-01,817088,106.0,0
2026-09-01,817089,176.0,0
2026-09-01,817093,112.0,0
2026-09-01,817095,180.0,0
2026-09-01,817096,459.0,0
2026-09-01,817098,203.0,0
2026-09-01,817099,337.0,0
2026-09-01,817100,182.0,0
2026-09-01,817102,142.0,0
2026-09-01,817247,122.0,0
2026-09-01,817272,83.0,0
2026-09-01,817292,439.0,0
2026-09-01,817293,64.0,0
2026-09-01,817301,97.0,0
2026-09-01,817302,142.0,0
2026-09-01,817303,142.0,0
2026-09-01,817304,304.0,0
2026-09-01,817305,162.0,0
2026-09-01,817306,98.0,0
2026-09-01,817307,98.0,0
2026-09-01,817308,66.0,0
2026-09-01,817309,51.0,0
2026-09-01,817318,57.0,0
2026-09-01,817321,33.0,0
2026-09-01,817359,17.0,0
2026-09-01,817363,13.0,0
2026-09-01,817370,8.0,0
2026-09-01,817375,15.0,0
2026-09-01,817376,18.0,0
2026-09-01,817379,6.0,0
2026-09-01,817381,45.0,0
2026-09-01,817395,38.0,0
2026-09-01,817419,475.0,0
2026-09-01,817423,549.0,0
2026-09-01,817426,430.0,0
2026-09-01,817438,475.0,0
2026-09-01,817448,29.0,0
2026-09-01,817465,23.0,0
2026-09-01,817466,23.0,0
2026-09-01,817467,23.0,0
2026-09-01,817468,40.0,0
2026-09-01,817469,29.0,0
2026-09-01,817470,22.0,0
2026-09-01,817471,22.0,0
2026-09-01,817484,49.0,0
2026-09-01,817491,29.0,0
2026-09-01,817492,35.0,0
2026-09-01,817494,99.0,0
2026-09-01,817508,16.0,0
2026-09-01,817516,15.0,0
2026-09-01,817518,13.0,0
2026-09-01,817519,14.0,0
2026-09-01,817525,8.0,0
2026-09-01,817535,8.0,0
2026-09-01,817536,23.0,0
2026-09-01,817539,6.5,0
2026-09-01,817543,19.0,0
2026-09-01,817544,19.0,0
2026-09-01,817545,19.0,0
2026-09-01,817546,15.0,0
2026-09-01,817547,15.0,0
2026-09-01,817548,31.0,0
2026-09-01,817556,57.0,0
2026-09-01,817559,10.0,0
2026-09-01,817560,10.0,0
2026-09-01,817561,11.0,0
2026-09-01,817563,10.0,0
2026-09-01,817568,32.0,0
2026-09-01,817572,23.0,0
2026-09-01,817573,31.0,0
2026-09-01,817576,16.0,0
2026-09-01,817577,33.0,0
2026-09-01,817596,15.0,0
2026-09-01,817599,15.0,0
2026-09-01,817615,9.0,0
2026-09-01,817619,18.0,0
2026-09-01,817620,23.0,0
2026-09-01,817621,18.0,0
2026-09-01,817623,99.0,0
2026-09-01,817629,69.0,0
2026-09-01,817632,11.0,0
2026-09-01,817633,9.0,0
2026-09-01,817634,15.0,0
2026-09-01,817635,125.0,0
2026-09-01,817638,15.0,0
2026-09-01,817654,15.0,0
2026-09-01,817663,165.0,0
2026-09-01,817664,66.0,0
2026-09-01,817673,15.0,0
2026-09-01,817679,21.0,0
2026-09-01,817680,24.0,0
2026-09-01,817683,30.0,0
2026-09-01,817699,77.0,0
2026-09-01,817700,113.0,0
2026-09-01,817701,43.0,0
2026-09-01,817707,7.0,0
2026-09-01,817708,9.0,0
2026-09-01,817710,9.0,0
2026-09-01,817712,9.0,0
2026-09-01,817716,7.0,0
2026-09-01,817717,9.0,0
2026-09-01,817719,9.0,0
2026-09-01,817720,9.0,0
2026-09-01,817721,9.0,0
2026-09-01,817727,8.0,0
2026-09-01,817728,17.0,0
2026-09-01,817735,14.0,0
2026-09-01,817737,36.0,0
2026-09-01,817738,34.0,0
2026-09-01,817744,108.0,0
2026-09-01,817787,46.0,0
2026-09-01,817816,13.0,0
2026-09-01,817828,109.0,0
2026-09-01,817845,109.0,0
2026-09-01,817851,109.0,0
2026-09-01,818228,8.5,0
2026-09-01,818426,28.0,0
2026-09-01,818428,87.0,0
2026-09-01,818431,34.0,0
2026-09-01,818432,120.0,0
2026-09-01,818482,206.0,0
2026-09-01,818502,19.0,0
2026-09-01,818514,25.0,0
2026-09-01,818515,25.0,0
2026-09-01,818516,25.0,0
2026-09-01,818532,40.0,0
2026-09-01,818535,25.0,0
2026-09-01,818541,24.0,0
2026-09-01,818542,24.0,0
2026-09-01,818551,24.0,0
2026-09-01,818564,8.5,0
2026-09-01,818573,68.0,0
2026-09-01,818583,31.0,0
2026-09-01,818585,31.0,0
2026-09-01,818590,130.0,0
2026-09-01,818629,68.0,0
2026-09-01,818630,31.0,0
2026-09-01,818631,31.0,0
2026-09-01,818669,34.0,0
2026-09-01,819220,42.0,0
2026-09-01,819403,107.5,0
2026-09-01,819418,132.0,0
2026-09-01,819423,229.0,0
2026-09-01,819563,150.0,0
2026-09-01,819564,150.0,0
2026-09-01,819647,15.0,0
2026-09-01,819650,45.0,0
2026-09-01,819651,53.0,0
2026-09-01,819654,18.0,0
2026-09-01,819656,205.0,0
2026-09-01,819657,16.0,0
2026-09-01,819661,20.0,0
2026-09-01,819663,46.0,0
2026-09-01,819675,20.0,0
2026-09-01,819676,10.4,0
2026-09-01,819761,25.0,0
2026-09-01,819763,41.0,0
2026-09-01,819764,19.0,0
2026-09-01,819768,17.0,0
2026-09-01,819866,41.0,0
2026-09-01,819868,9.0,0
2026-09-01,819870,14.0,0
2026-09-01,819883,12.0,0
2026-09-01,819884,6.0,0
2026-09-01,819886,7.0,0
2026-09-01,819958,3.0,0
2026-09-01,820002,10.8,0
2026-09-01,820146,21.0,0
2026-09-01,820151,131.0,0
2026-09-01,820319,22.5,0
2026-09-01,820339,113.0,0
2026-09-01,820408,173.0,0
2026-09-01,820428,25.7,0
2026-09-01,820453,59.0,0
2026-09-01,820468,70.0,0
2026-09-01,820519,63.0,0
2026-09-01,820611,27.0,0
2026-09-01,820637,116.0,0
2026-09-01,821014,5.0,0
2026-09-01,821078,30.0,0
2026-09-01,821181,23.0,0
2026-09-01,821185,44.0,0
2026-09-01,821186,29.0,0
2026-09-01,821188,29.0,0
2026-09-01,821199,11.0,0
2026-09-01,821205,10.0,0
2026-09-01,821222,54.0,0
2026-09-01,821224,12.0,0
2026-09-01,821225,19.0,0
2026-09-01,821226,30.0,0
2026-09-01,821227,68.0,0
2026-09-01,821228,12.0,0
2026-09-01,821230,62.0,0
2026-09-01,821279,52.0,0
2026-09-01,821372,15.9,0
2026-09-01,821451,15.5,0
2026-09-01,821452,15.5,0
2026-09-01,821466,17.0,0
2026-09-01,821472,19.0,0
2026-09-01,821474,8.5,0
2026-09-01,821530,77.4,0
2026-09-01,821565,41.6,0
2026-09-01,822062,20.0,0
2026-09-01,822628,6.0,0
2026-09-01,822637,61.5,0
2026-09-01,822939,66.0,0
2026-09-01,823105,63.8,0
2026-09-01,824716,15.0,0
2026-09-01,824831,32.0,0
2026-09-01,824846,32.0,0
2026-09-01,824866,32.0,0
2026-09-01,825641,3.5,0
2026-09-01,825661,3.5,0
2026-09-01,825676,3.5,0
2026-09-01,825705,9.0,0
2026-09-01,825785,51.0,0
2026-09-01,825894,109.0,0
2026-09-01,825903,87.5,0
2026-09-01,826122,98.0,0
2026-09-01,826126,87.0,0
2026-09-01,826127,99.0,0
2026-09-01,826142,24.0,0
2026-09-01,826145,29.0,0
2026-09-01,826273,8.5,0
2026-09-01,826288,15.0,0
2026-09-01,826293,8.5,0
2026-09-01,826302,13.5,0
2026-09-01,826342,13.9,0
2026-09-01,826357,13.3,0
2026-09-01,826426,1189.0,0
2026-09-01,826431,104.0,0
2026-09-01,826446,69.0,0
2026-09-01,826603,3.0,0
2026-09-01,826684,2750.0,0
2026-09-01,826699,30.5,0
2026-09-01,826708,9.8,0
2026-09-01,826721,29.9,0
2026-09-01,826971,55.5,0
2026-09-01,827131,32.0,0
2026-09-01,827396,5.5,0
2026-09-01,827510,98.0,0
2026-09-01,827512,98.0,0
2026-09-01,827513,99.0,0
2026-09-01,827687,27.4,0
2026-09-01,827692,27.4,0
2026-09-01,827736,27.4,0
2026-09-01,827916,16.3,0
2026-09-01,828600,30.0,0
2026-09-01,828724,33.5,0
2026-09-01,829163,14.0,0
2026-09-01,829784,18.0,0
2026-09-01,829876,176.0,0
2026-09-01,830004,20.5,0
2026-09-01,830019,37.5,0
2026-09-01,830400,3.8,0
2026-09-01,830415,3.8,0
2026-09-01,830420,3.8,0
2026-09-01,830435,3.8,0
2026-09-01,830440,1.4,0
2026-09-01,830455,1.4,0
2026-09-01,830460,1.4,0
2026-09-01,830475,1.4,0
2026-09-01,830524,20.5,0
2026-09-01,830564,49.5,0
2026-09-01,830702,35.5,0
2026-09-01,830742,38.0,0
2026-09-01,831142,28.0,0
2026-09-01,831255,20.0,0
2026-09-01,831256,35.0,0
2026-09-01,831285,3.8,0
2026-09-01,831542,38.0,0
2026-09-01,831544,18.5,0
2026-09-01,831644,14.0,0
2026-09-01,831742,90.0,0
2026-09-01,831804,6.0,0
2026-09-01,832713,5.0,0
2026-09-01,832716,11.0,0
2026-09-01,832717,10.0,0
2026-09-01,832797,18.0,0
2026-09-01,832801,43.0,0
2026-09-01,832803,23.0,0
2026-09-01,832813,7.0,0
2026-09-01,832897,9.5,0
2026-09-01,832906,53.0,0
2026-09-01,832918,23.0,0
2026-09-01,832921,50.0,0
2026-09-01,833261,3.2,0
2026-09-01,833414,24.0,0
2026-09-01,834259,77.0,0
2026-09-01,834308,7.0,0
2026-09-01,834313,7.0,0
2026-09-01,834328,7.0,0
2026-09-01,834333,24.0,0
2026-09-01,834353,12.0,0
2026-09-01,834393,120.0,0
2026-09-01,834437,82.5,0
2026-09-01,834457,22.0,0
2026-09-01,834462,9.5,0
2026-09-01,834497,1.4,0
2026-09-01,835115,35.0,0
2026-09-01,835212,86.9,0
2026-09-01,835247,89.0,0
2026-09-01,835267,48.0,0
2026-09-01,835272,86.9,0
2026-09-01,835292,81.0,0
2026-09-01,835316,78.5,0
2026-09-01,835336,102.0,0
2026-09-01,835341,89.0,0
2026-09-01,835356,102.0,0
2026-09-01,835405,70.0,0
2026-09-01,835430,69.0,0
2026-09-01,835450,65.0,0
2026-09-01,835465,74.0,0
2026-09-01,835470,64.0,0
2026-09-01,835509,75.0,0
2026-09-01,835514,60.0,0
2026-09-01,835549,65.0,0
2026-09-01,835616,20.0,0
2026-09-01,835623,79.0,0
2026-09-01,835658,89.0,0
2026-09-01,835767,65.0,0
2026-09-01,835896,69.0,0
2026-09-01,835905,70.0,0
2026-09-01,836127,28.0,0
2026-09-01,836359,160.0,0
2026-09-01,836460,395.0,0
2026-09-01,836646,21.9,0
2026-09-01,836651,22.6,0
2026-09-01,836666,21.9,0
2026-09-01,836671,22.6,0
2026-09-01,836686,21.5,0
2026-09-01,836801,7.5,0
2026-09-01,836860,59.0,0
2026-09-01,836861,59.0,0
2026-09-01,836862,23.0,0
2026-09-01,836884,7.0,0
2026-09-01,836948,12.5,0
2026-09-01,836979,35.0,0
2026-09-01,837150,34.0,0
2026-09-01,837152,22.0,0
2026-09-01,837167,80.0,0
2026-09-01,837544,105.0,0
2026-09-01,837891,40.0,0
2026-09-01,837892,29.0,0
2026-09-01,837893,46.0,0
2026-09-01,837894,40.0,0
2026-09-01,837971,10.0,0
2026-09-01,837976,17.0,0
2026-09-01,837978,26.0,0
2026-09-01,837979,25.0,0
2026-09-01,837999,24.0,0
2026-09-01,838120,60.0,0
2026-09-01,838298,21.0,0
2026-09-01,838300,39.0,0
2026-09-01,838309,19.5,0
2026-09-01,838444,7.0,0
2026-09-01,838459,8.5,0
2026-09-01,838518,155.0,0
2026-09-01,838519,155.0,0
2026-09-01,838559,88.0,0
2026-09-01,838573,175.0,0
2026-09-01,838595,27.5,0
2026-09-01,838596,27.5,0
2026-09-01,838622,20.0,0
2026-09-01,838644,28.0,0
2026-09-01,838676,3.5,0
2026-09-01,838692,28.0,0
2026-09-01,838694,22.0,0
2026-09-01,838696,22.0,0
2026-09-01,838700,28.0,0
2026-09-01,838737,160.0,0
2026-09-01,838763,148.0,0
2026-09-01,838767,16.0,0
2026-09-01,838772,32.0,0
2026-09-01,838861,41.0,0
2026-09-01,838869,17.0,0
2026-09-01,839010,20.0,0
2026-09-01,839081,11.0,0
2026-09-01,839240,145.0,0
2026-09-01,839241,120.0,0
2026-09-01,839243,93.0,0
2026-09-01,839254,13.0,0
2026-09-01,839310,6.0,0
2026-09-01,839338,3.8,0
2026-09-01,839343,27.0,0
2026-09-01,839358,27.0,0
2026-09-01,839371,53.0,0
2026-09-01,839417,80.0,0
2026-09-01,839596,27.5,0
2026-09-01,839601,27.5,0
2026-09-01,839635,72.0,0
2026-09-01,839895,45.0,0
2026-09-01,839896,45.0,0
2026-09-01,839902,45.0,0
2026-09-01,840115,16.5,0
2026-09-01,840213,75.0,0
2026-09-01,840615,54.0,0
2026-09-01,840620,54.0,0
2026-09-01,840635,57.0,0
2026-09-01,840640,65.0,0
2026-09-01,840655,88.0,0
2026-09-01,840659,15.0,0
2026-09-01,840663,15.0,0
2026-09-01,840695,23.8,0
2026-09-01,840704,13.8,0
2026-09-01,840780,25.0,0
2026-09-01,840828,205.0,0
2026-09-01,840834,16.0,0
2026-09-01,840979,15.0,0
2026-09-01,841162,39.9,0
2026-09-01,841164,27.0,0
2026-09-01,841321,85.0,0
2026-09-01,841336,75.0,0
2026-09-01,841390,10.0,0
2026-09-01,841450,31.0,0
2026-09-01,841573,15.0,0
2026-09-01,841616,94.0,0
2026-09-01,841646,9.0,0
2026-09-01,841658,33.5,0
2026-09-01,841663,33.5,0
2026-09-01,841842,74.9,0
2026-09-01,841915,40.0,0
2026-09-01,841918,52.0,0
2026-09-01,841949,12.9,0
2026-09-01,842111,27.1,0
2026-09-01,842139,27.0,0
2026-09-01,842225,47.0,0
2026-09-01,842228,38.0,0
2026-09-01,842350,168.0,0
2026-09-01,842383,22.0,0
2026-09-01,842499,65.0,0
2026-09-01,843151,13.9,0
2026-09-01,843366,35.0,0
2026-09-01,843457,31.0,0
2026-09-01,843460,62.0,0
2026-09-01,843491,40.0,0
2026-09-01,843492,9.0,0
2026-09-01,843608,52.0,0
2026-09-01,843635,9.0,0
2026-09-01,843636,5.0,0
2026-09-01,843637,21.0,0
2026-09-01,843744,25.0,0
2026-09-01,843747,50.0,0
2026-09-01,843948,64.0,0
2026-09-01,844191,138.0,0
2026-09-01,844316,250.0,0
2026-09-01,844588,62.5,0
2026-09-01,844712,26.0,0
2026-09-01,845159,21.0,0
2026-09-01,845234,69.9,0
2026-09-01,845487,21.5,0
2026-09-01,845951,230.0,0
2026-09-01,846186,30.0,0
2026-09-01,846208,12.0,0
2026-09-01,846328,33.0,0
2026-09-01,846344,95.0,0
2026-09-01,846348,40.0,0
2026-09-01,846349,49.0,0
2026-09-01,846427,39.0,0
2026-09-01,846429,25.0,0
2026-09-01,846432,100.0,0
2026-09-01,846460,74.0,0
2026-09-01,846475,99.0,0
2026-09-01,846480,58.5,0
2026-09-01,846495,35.0,0
2026-09-01,846533,49.0,0
2026-09-01,846534,39.0,0
2026-09-01,846620,15.0,0
2026-09-01,846623,19.0,0
2026-09-01,846626,33.0,0
2026-09-01,846631,34.9,0
2026-09-01,846640,42.9,0
2026-09-01,846642,37.0,0
2026-09-01,846643,43.0,0
2026-09-01,846644,15.0,0
2026-09-01,846645,34.9,0
2026-09-01,846646,46.0,0
2026-09-01,846647,21.0,0
2026-09-01,846649,20.0,0
2026-09-01,846650,26.0,0
2026-09-01,846651,50.0,0
2026-09-01,846685,22.9,0
2026-09-01,846686,68.0,0
2026-09-01,846687,60.0,0
2026-09-01,846689,42.0,0
2026-09-01,846690,120.0,0
2026-09-01,846780,50.0,0
2026-09-01,846785,37.0,0
2026-09-01,846791,30.0,0
2026-09-01,846796,21.0,0
2026-09-01,846802,34.0,0
2026-09-01,846804,28.0,0
2026-09-01,846808,17.0,0
2026-09-01,846811,15.5,0
2026-09-01,846837,16.0,0
2026-09-01,846853,46.0,0
2026-09-01,846856,20.0,0
2026-09-01,846857,13.0,0
2026-09-01,846858,34.0,0
2026-09-01,846862,40.0,0
2026-09-01,846870,43.0,0
2026-09-01,846929,48.0,0
2026-09-01,846973,67.9,0
2026-09-01,846974,45.9,0
2026-09-01,847057,20.5,0
2026-09-01,847058,26.0,0
2026-09-01,847059,26.0,0
2026-09-01,847061,19.0,0
2026-09-01,847101,25.5,0
2026-09-01,847369,54.5,0
2026-09-01,847397,30.0,0
2026-09-01,847861,40.0,0
2026-09-01,847934,45.0,0
2026-09-01,848194,53.0,0
2026-09-01,848237,188.0,0
2026-09-01,848399,63.0,0
2026-09-01,848680,398.0,0
2026-09-01,848741,17.0,0
2026-09-01,848749,11.0,0
2026-09-01,848756,13.0,0
2026-09-01,848757,14.5,0
2026-09-01,848758,14.5,0
2026-09-01,848759,10.0,0
2026-09-01,848761,14.5,0
2026-09-01,848765,14.5,0
2026-09-01,848772,14.0,0
2026-09-01,848774,18.0,0
2026-09-01,848775,11.5,0
2026-09-01,848779,53.0,0
2026-09-01,848809,35.0,0
2026-09-01,848826,53.0,0
2026-09-01,849148,28.0,0
2026-09-01,849160,26.0,0
2026-09-01,849316,59.0,0
2026-09-01,849317,59.0,0
2026-09-01,849318,32.0,0
2026-09-01,849319,17.5,0
2026-09-01,849390,21.1,0
2026-09-01,849414,21.0,0
2026-09-01,849846,74.9,0
2026-09-01,849897,74.9,0
2026-09-01,849969,40.5,0
2026-09-01,850022,10.0,0
2026-09-01,850048,98.0,0
2026-09-01,850088,48.0,0
2026-09-01,850157,57.0,0
2026-09-01,850197,19.0,0
2026-09-01,850251,45.0,0
2026-09-01,850475,53.0,0
2026-09-01,850636,14.9,0
2026-09-01,850638,20.9,0
2026-09-01,850667,25.0,0
2026-09-01,850672,59.0,0
2026-09-01,850810,25.0,0
2026-09-01,850839,20.0,0
2026-09-01,850882,20.0,0
2026-09-01,850883,47.0,0
2026-09-01,850990,8.0,0
2026-09-01,850991,16.9,0
2026-09-01,850992,21.0,0
2026-09-01,850997,14.0,0
2026-09-01,851000,13.0,0
2026-09-01,851003,15.0,0
2026-09-01,851006,15.0,0
2026-09-01,851007,24.9,0
2026-09-01,851234,14.9,0
2026-09-01,851398,52.0,0
2026-09-01,851500,21.5,0
2026-09-01,851502,24.0,0
2026-09-01,851505,23.0,0
2026-09-01,851506,21.5,0
2026-09-01,851640,12.0,0
2026-09-01,851742,125.0,0
2026-09-01,852046,14.0,0
2026-09-01,852059,15.0,0
2026-09-01,852084,18.5,0
2026-09-01,852091,140.0,0
2026-09-01,852097,165.0,0
2026-09-01,852103,140.0,0
2026-09-01,852111,85.0,0
2026-09-01,852184,198.0,0
2026-09-01,852210,298.0,0
2026-09-01,852273,14.0,0
2026-09-01,852327,34.0,0
2026-09-01,852364,30.0,0
2026-09-01,852384,39.0,0
2026-09-01,852822,18.0,0
2026-09-01,853007,4.0,0
2026-09-01,853017,122.0,0
2026-09-01,853032,4.0,0
2026-09-01,853041,193.0,0
2026-09-01,853043,120.0,0
2026-09-01,853125,13.0,0
2026-09-01,853283,23.0,0
2026-09-01,853288,25.0,0
2026-09-01,853309,7.0,0
2026-09-01,853314,7.0,0
2026-09-01,853334,20.5,0
2026-09-01,853780,340.0,0
2026-09-01,853787,340.0,0
2026-09-01,853790,15.3,0
2026-09-01,853809,8.7,0
2026-09-01,853894,28.0,0
2026-09-01,853938,83.5,0
2026-09-01,853943,87.0,0
2026-09-01,853961,32.0,0
2026-09-01,853965,205.0,0
2026-09-01,853969,205.0,0
2026-09-01,853971,166.0,0
2026-09-01,854000,100.0,0
2026-09-01,854055,13.7,0
2026-09-01,854060,10.5,0
2026-09-01,854075,10.8,0
2026-09-01,854090,24.0,0
2026-09-01,854128,56.0,0
2026-09-01,854129,30.0,0
2026-09-01,854134,50.0,0
2026-09-01,854144,18.8,0
2026-09-01,854148,50.0,0
2026-09-01,854159,18.8,0
2026-09-01,854179,35.7,0
2026-09-01,854241,299.0,0
2026-09-01,854248,4.7,0
2026-09-01,854317,18.8,0
2026-09-01,854337,22.5,0
2026-09-01,854342,22.5,0
2026-09-01,854357,22.5,0
2026-09-01,854382,20.7,0
2026-09-01,854446,41.0,0
2026-09-01,854462,78.0,0
2026-09-01,854465,182.0,0
2026-09-01,854468,140.0,0
2026-09-01,854548,166.0,0
2026-09-01,854560,19.0,0
2026-09-01,854622,155.0,0
2026-09-01,854715,86.0,0
2026-09-01,854741,12.0,0
2026-09-01,854748,19.7,0
2026-09-01,854753,20.0,0
2026-09-01,854768,20.0,0
2026-09-01,854791,32.0,0
2026-09-01,854796,19.5,0
2026-09-01,854816,50.0,0
2026-09-01,854842,37.5,0
2026-09-01,854864,69.0,0
2026-09-01,854877,39.5,0
2026-09-01,854906,245.0,0
2026-09-01,854911,142.0,0
2026-09-01,854952,71.0,0
2026-09-01,854956,21.0,0
2026-09-01,855003,50.5,0
2026-09-01,855011,25.0,0
2026-09-01,855014,18.0,0
2026-09-01,855018,52.0,0
2026-09-01,855019,19.0,0
2026-09-01,855021,27.0,0
2026-09-01,855023,50.5,0
2026-09-01,855025,24.0,0
2026-09-01,855027,27.0,0
2026-09-01,855028,14.9,0
2026-09-01,855029,24.0,0
2026-09-01,855033,28.0,0
2026-09-01,855036,15.0,0
2026-09-01,855098,159.0,0
2026-09-01,855107,295.0,0
2026-09-01,855112,15.5,0
2026-09-01,855113,8.0,0
2026-09-01,855132,26.5,0
2026-09-01,855136,15.0,0
2026-09-01,855137,16.0,0
2026-09-01,855141,28.0,0
2026-09-01,855147,14.0,0
2026-09-01,855186,14.0,0
2026-09-01,855187,47.0,0
2026-09-01,855189,15.0,0
2026-09-01,855201,54.0,0
2026-09-01,855261,7.8,0
2026-09-01,855310,315.0,0
2026-09-01,855365,20.0,0
2026-09-01,855370,25.5,0
2026-09-01,855534,30.0,0
2026-09-01,855584,89.0,0
2026-09-01,855627,159.0,0
2026-09-01,855630,25.0,0
2026-09-01,855635,35.0,0
2026-09-01,855641,50.0,0
2026-09-01,855642,56.0,0
2026-09-01,855651,56.0,0
2026-09-01,855658,10.0,0
2026-09-01,855764,12.9,0
2026-09-01,855771,21.0,0
2026-09-01,855777,19.0,0
2026-09-01,855783,21.0,0
2026-09-01,855788,249.0,0
2026-09-01,855789,490.0,0
2026-09-01,855791,9.0,0
2026-09-01,856065,37.0,0
2026-09-01,856072,35.0,0
2026-09-01,856078,160.0,0
2026-09-01,856109,104.0,0
2026-09-01,856147,40.0,0
2026-09-01,856159,29.0,0
2026-09-01,856161,18.0,0
2026-09-01,856162,11.0,0
2026-09-01,856165,30.0,0
2026-09-01,856207,54.0,0
2026-09-01,856215,12.0,0
2026-09-01,856336,33.0,0
2026-09-01,856337,21.0,0
2026-09-01,856339,26.0,0
2026-09-01,856340,28.0,0
2026-09-01,856383,78.0,0
2026-09-01,856385,43.0,0
2026-09-01,856390,25.0,0
2026-09-01,856396,20.0,0
2026-09-01,856397,22.0,0
2026-09-01,856398,29.0,0
2026-09-01,856399,54.0,0
2026-09-01,856405,65.0,0
2026-09-01,856429,69.0,0
2026-09-01,856463,25.0,0
2026-09-01,856466,30.0,0
2026-09-01,856467,206.0,0
2026-09-01,856468,206.0,0
2026-09-01,856491,26.0,0
2026-09-01,856496,60.0,0
2026-09-01,856520,43.0,0
2026-09-01,856525,25.0,0
2026-09-01,856527,55.0,0
2026-09-01,856540,21.0,0
2026-09-01,856563,18.0,0
2026-09-01,856582,32.0,0
2026-09-01,856612,49.0,0
2026-09-01,856653,80.0,0
2026-09-01,856654,113.0,0
2026-09-01,856656,126.0,0
2026-09-01,856657,18.0,0
2026-09-01,856658,15.0,0
2026-09-01,856659,16.0,0
2026-09-01,856661,19.0,0
2026-09-01,856662,24.0,0
2026-09-01,856677,20.0,0
2026-09-01,856678,70.0,0
2026-09-01,856681,72.0,0
2026-09-01,856687,72.0,0
2026-09-01,856704,2.9,0
2026-09-01,856727,355.0,0
2026-09-01,856731,109.0,0
2026-09-01,856734,50.0,0
2026-09-01,856988,75.0,0
2026-09-01,857054,44.0,0
2026-09-01,857113,99.0,0
2026-09-01,857114,185.0,0
2026-09-01,857115,167.0,0
2026-09-01,857124,49.0,0
2026-09-01,857148,7.0,0
2026-09-01,857299,69.0,0
2026-09-01,857583,25.0,0
2026-09-01,857595,15.0,0
2026-09-01,857597,12.0,0
2026-09-01,857598,12.0,0
2026-09-01,857602,16.0,0
2026-09-01,857609,33.0,0
2026-09-01,857610,32.0,0
2026-09-01,857611,37.0,0
2026-09-01,858039,7.0,0
2026-09-01,858040,9.0,0
2026-09-01,858043,8.0,0
2026-09-01,858129,9.0,0
2026-09-01,858202,13.0,0
2026-09-01,858203,19.0,0
2026-09-01,858235,54.0,0
2026-09-01,858298,22.0,0
2026-09-01,858319,9.3,0
2026-09-01,858324,20.5,0
2026-09-01,858327,11.0,0
2026-09-01,858364,68.0,0
2026-09-01,858379,68.0,0
2026-09-01,858414,27.0,0
2026-09-01,858415,70.0,0
2026-09-01,858417,60.0,0
2026-09-01,858444,169.0,0
2026-09-01,858449,155.0,0
2026-09-01,858454,19.0,0
2026-09-01,858455,29.0,0
2026-09-01,858458,60.0,0
2026-09-01,858459,59.9,0
2026-09-01,858461,107.0,0
2026-09-01,858463,110.0,0
2026-09-01,858472,72.0,0
2026-09-01,858479,38.0,0
2026-09-01,858480,19.0,0
2026-09-01,858513,8.0,0
2026-09-01,858514,17.0,0
2026-09-01,858525,90.0,0
2026-09-01,858529,24.0,0
2026-09-01,858535,55.0,0
2026-09-01,858544,16.0,0
2026-09-01,858547,33.0,0
2026-09-01,858549,15.0,0
2026-09-01,858561,16.0,0
2026-09-01,858565,47.0,0
2026-09-01,858566,169.0,0
2026-09-01,858567,46.0,0
2026-09-01,858568,34.0,0
2026-09-01,858659,55.0,0
2026-09-01,858674,311.0,0
2026-09-01,858699,228.0,0
2026-09-01,858715,11.8,0
2026-09-01,858873,89.0,0
2026-09-01,858874,89.0,0
2026-09-01,858894,69.9,0
2026-09-01,858895,55.0,0
2026-09-01,858896,29.0,0
2026-09-01,858897,79.9,0
2026-09-01,859018,21.0,0
2026-09-01,859023,3.0,0
2026-09-01,859026,4.0,0
2026-09-01,859082,89.0,0
2026-09-01,859088,48.8,0
2026-09-01,859089,20.0,0
2026-09-01,859091,47.0,0
2026-09-01,859092,28.0,0
2026-09-01,859094,28.5,0
2026-09-01,859129,12.5,0
2026-09-01,859134,10.7,0
2026-09-01,859154,29.0,0
2026-09-01,859211,43.9,0
2026-09-01,859265,12.0,0
2026-09-01,859481,18.5,0
2026-09-01,859496,10.8,0
2026-09-01,859586,19.0,0
2026-09-01,859587,23.0,0
2026-09-01,859996,6.9,0
2026-09-01,860001,15.0,0
2026-09-01,860233,66.0,0
2026-09-01,860260,56.0,0
2026-09-01,860279,23.0,0
2026-09-01,860337,25.0,0
2026-09-01,860990,72.0,0
2026-09-01,861051,32.0,0
2026-09-01,861053,28.0,0
2026-09-01,861055,58.0,0
2026-09-01,861056,53.0,0
2026-09-01,861057,95.0,0
2026-09-01,861064,25.0,0
2026-09-01,861065,90.0,0
2026-09-01,861066,90.0,0
2026-09-01,861069,47.0,0
2026-09-01,861070,70.0,0
2026-09-01,861127,24.0,0
2026-09-01,861222,23.0,0
2026-09-01,861228,46.0,0
2026-09-01,861231,85.0,0
2026-09-01,861235,14.0,0
2026-09-01,861238,85.0,0
2026-09-01,861240,21.0,0
2026-09-01,861245,62.0,0
2026-09-01,861247,31.0,0
2026-09-01,861248,10.0,0
2026-09-01,861250,19.0,0
2026-09-01,861310,49.0,0
2026-09-01,861323,20.0,0
2026-09-01,861335,50.0,0
2026-09-01,861339,54.0,0
2026-09-01,861341,83.0,0
2026-09-01,861346,54.0,0
2026-09-01,861347,83.0,0
2026-09-01,861389,82.0,0
2026-09-01,861397,19.0,0
2026-09-01,861401,10.0,0
2026-09-01,861405,14.0,0
2026-09-01,861447,20.0,0
2026-09-01,861455,40.0,0
2026-09-01,861501,2.5,0
2026-09-01,861508,49.0,0
2026-09-01,861517,6.0,0
2026-09-01,861519,7.0,0
2026-09-01,861521,16.0,0
2026-09-01,861571,55.0,0
2026-09-01,861663,115.0,0
2026-09-01,861836,35.0,0
2026-09-01,861838,55.0,0
2026-09-01,861847,60.0,0
2026-09-01,861901,38.0,0
2026-09-01,861935,15.0,0
2026-09-01,861993,47.0,0
2026-09-01,862221,27.0,0
2026-09-01,862437,22.0,0
2026-09-01,862442,21.5,0
2026-09-01,862531,34.0,0
2026-09-01,862698,370.0,0
2026-09-01,862957,131.0,0
2026-09-01,862959,65.0,0
2026-09-01,862977,120.0,0
2026-09-01,863018,20.0,0
2026-09-01,863029,198.0,0
2026-09-01,863093,4.0,0
2026-09-01,863244,35.0,0
2026-09-01,863245,13.0,0
2026-09-01,863303,90.0,0
2026-09-01,863317,55.0,0
2026-09-01,863426,3.9,0
2026-09-01,863429,78.0,0
2026-09-01,863430,19.5,0
2026-09-01,863445,19.4,0
2026-09-01,863450,19.4,0
2026-09-01,863474,25.0,0
2026-09-01,863492,45.0,0
2026-09-01,863502,59.0,0
2026-09-01,863541,430.0,0
2026-09-01,863542,510.0,0
2026-09-01,863613,85.0,0
2026-09-01,863638,7.8,0
2026-09-01,863718,115.0,0
2026-09-01,863719,104.0,0
2026-09-01,863725,115.0,0
2026-09-01,863793,5.5,0
2026-09-01,863854,44.0,0
2026-09-01,863865,105.0,0
2026-09-01,863867,99.0,0
2026-09-01,863873,7.0,0
2026-09-01,863886,26.0,0
2026-09-01,863899,65.0,0
2026-09-01,863956,49.0,0
2026-09-01,863958,13.0,0
2026-09-01,863959,31.0,0
2026-09-01,863960,43.5,0
2026-09-01,864030,75.0,0
2026-09-01,864081,78.0,0
2026-09-01,864258,22.0,0
2026-09-01,864419,16.0,0
2026-09-01,864502,26.7,0
2026-09-01,864594,240.0,0
2026-09-01,864625,740.0,0
2026-09-01,864628,360.0,0
2026-09-01,864629,360.0,0
2026-09-01,864688,20.0,0
2026-09-01,864788,49.0,0
2026-09-01,864819,83.0,0
2026-09-01,864920,39.0,0
2026-09-01,864935,79.0,0
2026-09-01,864985,85.0,0
2026-09-01,864988,20.0,0
2026-09-01,864992,46.0,0
2026-09-01,865194,51.0,0
2026-09-01,865223,15.9,0
2026-09-01,865243,16.5,0
2026-09-01,865297,620.0,0
2026-09-01,865327,13.0,0
2026-09-01,865388,12.0,0
2026-09-01,865510,7.3,0
2026-09-01,865748,15.0,0
2026-09-01,865812,13.5,0
2026-09-01,865827,13.5,0
2026-09-01,865846,14.0,0
2026-09-01,865848,16.0,0
2026-09-01,865849,32.0,0
2026-09-01,865850,24.0,0
2026-09-01,865851,29.0,0
2026-09-01,865857,40.0,0
2026-09-01,865861,35.0,0
2026-09-01,865993,75.0,0
2026-09-01,866231,12.9,0
2026-09-01,866246,12.9,0
2026-09-01,866253,78.0,0
2026-09-01,866480,42.0,0
2026-09-01,866484,201.0,0
2026-09-01,866518,95.0,0
2026-09-01,866595,85.0,0
2026-09-01,866596,13.0,0
2026-09-01,866657,6.3,0
2026-09-01,866731,18.0,0
2026-09-01,866978,48.0,0
2026-09-01,866997,30.0,0
2026-09-01,867121,3.0,0
2026-09-01,867122,3.0,0
2026-09-01,867123,3.0,0
2026-09-01,867142,40.0,0
2026-09-01,867146,70.0,0
2026-09-01,867147,85.0,0
2026-09-01,867149,45.0,0
2026-09-01,867152,85.0,0
2026-09-01,867154,11.0,0
2026-09-01,867155,31.0,0
2026-09-01,867196,30.0,0
2026-09-01,867198,10.0,0
2026-09-01,867213,120.0,0
2026-09-01,867215,41.0,0
2026-09-01,867263,55.0,0
2026-09-01,867272,110.0,0
2026-09-01,867276,40.0,0
2026-09-01,867283,78.0,0
2026-09-01,867322,29.0,0
2026-09-01,867324,26.0,0
2026-09-01,867358,17.0,0
2026-09-01,867363,17.0,0
2026-09-01,867440,16.0,0
2026-09-01,867478,15.0,0
2026-09-01,867528,80.0,0
2026-09-01,867542,9.5,0
2026-09-01,867546,98.0,0
2026-09-01,867547,110.0,0
2026-09-01,867548,98.0,0
2026-09-01,867627,41.5,0
2026-09-01,867665,75.0,0
2026-09-01,867797,9.0,0
2026-09-01,867880,19.0,0
2026-09-01,867901,55.0,0
2026-09-01,867913,15.0,0
2026-09-01,867987,26.5,0
2026-09-01,868190,46.0,0
2026-09-01,868191,25.0,0
2026-09-01,868435,93.0,0
2026-09-01,868438,21.0,0
2026-09-01,868449,39.0,0
2026-09-01,868450,34.0,0
2026-09-01,868451,41.0,0
2026-09-01,868452,18.0,0
2026-09-01,868453,17.0,0
2026-09-01,868454,108.0,0
2026-09-01,868455,235.0,0
2026-09-01,868456,102.0,0
2026-09-01,868457,86.0,0
2026-09-01,868459,299.0,0
2026-09-01,868460,13.0,0
2026-09-01,868461,179.0,0
2026-09-01,868464,23.0,0
2026-09-01,868465,299.0,0
2026-09-01,868467,299.0,0
2026-09-01,868469,31.0,0
2026-09-01,868472,16.0,0
2026-09-01,868486,32.0,0
2026-09-01,868502,10.0,0
2026-09-01,868525,14.9,0
2026-09-01,868529,12.9,0
2026-09-01,868546,36.0,0
2026-09-01,868547,40.0,0
2026-09-01,868549,47.0,0
2026-09-01,868630,14.0,0
2026-09-01,868659,35.0,0
2026-09-01,868660,75.0,0
2026-09-01,868663,27.0,0
2026-09-01,868664,135.0,0
2026-09-01,868689,34.5,0
2026-09-01,868724,44.0,0
2026-09-01,868865,10.0,0
2026-09-01,868876,28.0,0
2026-09-01,868959,14.0,0
2026-09-01,868966,8.0,0
2026-09-01,869009,99.0,0
2026-09-01,869018,102.0,0
2026-09-01,869138,35.0,0
2026-09-01,869154,25.0,0
2026-09-01,869201,42.0,0
2026-09-01,869321,20.0,0
2026-09-01,869776,6.0,0
2026-09-01,869788,50.0,0
2026-09-01,869790,8.5,0
2026-09-01,869839,240.0,0
2026-09-01,869840,30.0,0
2026-09-01,869881,59.0,0
2026-09-01,869892,28.5,0
2026-09-01,870093,125.0,0
2026-09-01,870449,1150.0,0
2026-09-01,870517,12.5,0
2026-09-01,870532,20.0,0
2026-09-01,870533,25.0,0
2026-09-01,870539,30.0,0
2026-09-01,870604,69.0,0
2026-09-01,870692,23.5,0
2026-09-01,870770,58.0,0
2026-09-01,871042,35.0,0
2026-09-01,871044,60.0,0
2026-09-01,871046,28.9,0
2026-09-01,871047,15.0,0
2026-09-01,871086,25.0,0
2026-09-01,871089,45.0,0
2026-09-01,871090,6.0,0
2026-09-01,871217,39.0,0
2026-09-01,871880,9.0,0
2026-09-01,871948,18.0,0
2026-09-01,871983,15.0,0
2026-09-01,871992,28.0,0
2026-09-01,871993,30.0,0
2026-09-01,872210,14.0,0
2026-09-01,872445,53.0,0
2026-09-01,872447,6.0,0
2026-09-01,872449,6.0,0
2026-09-01,872450,6.0,0
2026-09-01,872662,31.0,0
2026-09-01,872923,9.5,0
2026-09-01,873188,69.0,0
2026-09-01,873282,29.0,0
2026-09-01,873283,18.0,0
2026-09-01,873284,13.5,0
2026-09-01,873302,16.0,0
2026-09-01,873315,16.0,0
2026-09-01,873319,32.0,0
2026-09-01,873540,10.0,0
2026-09-01,873828,30.0,0
2026-09-01,873842,11.0,0
2026-09-01,873850,16.0,0
2026-09-01,873914,155.0,0
2026-09-01,873915,138.0,0
2026-09-01,873940,29.0,0
2026-09-01,873945,63.0,0
2026-09-01,873946,65.0,0
2026-09-01,873956,22.0,0
2026-09-01,874199,58.0,0
2026-09-01,874494,250.0,0
2026-09-01,874544,28.7,0
2026-09-01,874584,14.4,0
2026-09-01,874599,14.4,0
2026-09-01,874608,14.4,0
2026-09-01,874703,160.0,0
2026-09-01,874704,165.0,0
2026-09-01,874723,199.0,0
2026-09-01,874856,14.0,0
2026-09-01,874857,19.0,0
2026-09-01,874866,74.9,0
2026-09-01,874869,12.0,0
2026-09-01,875389,75.0,0
2026-09-01,875398,16.0,0
2026-09-01,875401,22.0,0
2026-09-01,875423,14.0,0
2026-09-01,875438,38.0,0
2026-09-01,875721,69.0,0
2026-09-01,875896,25.0,0
2026-09-01,876069,135.0,0
2026-09-01,876184,9.8,0
2026-09-01,876357,48.0,0
2026-09-01,876654,14.0,0
2026-09-01,876702,19.5,0
2026-09-01,877711,26.0,0
2026-09-01,877730,22.0,0
2026-09-01,877830,89.0,0
2026-09-01,878011,29.0,0
2026-09-01,878069,17.0,0
2026-09-01,878070,18.0,0
2026-09-01,878482,49.5,0
2026-09-01,878526,60.0,0
2026-09-01,878580,37.0,0
2026-09-01,878629,16.5,0
2026-09-01,878630,16.5,0
2026-09-01,878740,9.0,0
2026-09-01,878784,6.3,0
2026-09-01,878848,22.0,0
2026-09-01,878875,25.0,0
2026-09-01,878884,30.0,0
2026-09-01,878894,22.0,0
2026-09-01,878957,15.3,0
2026-09-01,879074,21.5,0
2026-09-01,879163,20.5,0
2026-09-01,879253,53.0,0
2026-09-01,879269,78.0,0
2026-09-01,879283,58.0,0
2026-09-01,879361,16.5,0
2026-09-01,879560,14.0,0
2026-09-01,879601,183.0,0
2026-09-01,879603,29.0,0
2026-09-01,879725,90.0,0
2026-09-01,879749,95.0,0
2026-09-01,879859,273.0,0
2026-09-01,879864,123.0,0
2026-09-01,881124,33.0,0
2026-09-01,881770,21.7,0
2026-09-01,881785,21.7,0
2026-09-01,881790,21.7,0
2026-09-01,881889,52.5,0
2026-09-01,881894,52.5,0
2026-09-01,881903,52.5,0
2026-09-01,881918,52.5,0
2026-09-01,881923,52.5,0
2026-09-01,881938,40.5,0
2026-09-01,881998,14.8,0
2026-09-01,882053,7.0,0
2026-09-01,882057,8.0,0
2026-09-01,882659,6.5,0
2026-09-01,882664,7.5,0
2026-09-01,882674,7.5,0
2026-09-01,882911,15.9,0
2026-09-01,883089,14.0,0
2026-09-01,883100,16.0,0
2026-09-01,883119,198.0,0
2026-09-01,883128,170.0,0
2026-09-01,883134,88.0,0
2026-09-01,883220,18.0,0
2026-09-01,883222,10.0,0
2026-09-01,883256,83.0,0
2026-09-01,883296,72.0,0
2026-09-01,883415,130.0,0
2026-09-01,883416,35.0,0
2026-09-01,883455,15.0,0
2026-09-01,883467,23.0,0
2026-09-01,883468,23.0,0
2026-09-01,883519,28.0,0
2026-09-01,883560,318.0,0
2026-09-01,883629,8.0,0
2026-09-01,883695,22.0,0
2026-09-01,883698,22.0,0
2026-09-01,883699,22.0,0
2026-09-01,883708,72.0,0
2026-09-01,883761,19.0,0
2026-09-01,883776,27.0,0
2026-09-01,883865,21.0,0
2026-09-01,883920,22.0,0
2026-09-01,883924,18.0,0
2026-09-01,883940,26.5,0
2026-09-01,883948,18.0,0
2026-09-01,884006,39.0,0
2026-09-01,884011,25.0,0
2026-09-01,884190,64.0,0
2026-09-01,884419,327.0,0
2026-09-01,885332,44.0,0
2026-09-01,885810,34.8,0
2026-09-01,885975,20.0,0
2026-09-01,886287,23.0,0
2026-09-01,886292,16.0,0
2026-09-01,886296,16.0,0
2026-09-01,886618,30.0,0
2026-09-01,886634,65.5,0
2026-09-01,886732,40.0,0
2026-09-01,886901,68.0,0
2026-09-01,886902,29.0,0
2026-09-01,886903,20.0,0
2026-09-01,887045,27.4,0
2026-09-01,887050,25.4,0
2026-09-01,887065,19.8,0
2026-09-01,887070,18.0,0
2026-09-01,887106,13.0,0
2026-09-01,887252,55.0,0
2026-09-01,887357,47.0,0
2026-09-01,887422,110.0,0
2026-09-01,887449,62.0,0
2026-09-01,887619,2.9,0
2026-09-01,887630,75.0,0
2026-09-01,887646,13.0,0
2026-09-01,887647,30.0,0
2026-09-01,887650,43.0,0
2026-09-01,887653,14.0,0
2026-09-01,887692,1.0,0
2026-09-01,887803,150.0,0
2026-09-01,887967,75.0,0
2026-09-01,887969,110.0,0
2026-09-01,887999,170.0,0
2026-09-01,888259,20.0,0
2026-09-01,888373,72.0,0
2026-09-01,889138,47.0,0
2026-09-01,889140,39.0,0
2026-09-01,889160,39.0,0
2026-09-01,889393,150.0,0
2026-09-01,889394,135.0,0
2026-09-01,889402,70.0,0
2026-09-01,890097,37.0,0
2026-09-01,890261,79.0,0
2026-09-01,890586,31.0,0
2026-09-01,890591,31.0,0
2026-09-01,890829,66.0,0
2026-09-01,890844,7.5,0
2026-09-01,891272,34.5,0
2026-09-01,891287,37.5,0
2026-09-01,891301,8.3,0
2026-09-01,891376,9.5,0
2026-09-01,891402,17.0,0
2026-09-01,891405,12.5,0
2026-09-01,891410,21.0,0
2026-09-01,891416,19.0,0
2026-09-01,891418,27.0,0
2026-09-01,891421,67.0,0
2026-09-01,891423,130.0,0
2026-09-01,891425,186.0,0
2026-09-01,891433,30.0,0
2026-09-01,891440,21.0,0
2026-09-01,891442,26.0,0
2026-09-01,891816,9.0,0
2026-09-01,891821,44.0,0
2026-09-01,891950,18.0,0
2026-09-01,891990,4.4,0
2026-09-01,892017,4.4,0
2026-09-01,892022,4.4,0
2026-09-01,892260,11.0,0
2026-09-01,892272,2.5,0
2026-09-01,892606,320.0,0
2026-09-01,892755,64.0,0
2026-09-01,893829,59.0,0
2026-09-01,893837,94.0,0
2026-09-01,893842,53.0,0
2026-09-01,893848,125.0,0
2026-09-01,893864,29.0,0
2026-09-01,893870,73.0,0
2026-09-01,894411,89.0,0
2026-09-01,895947,27.0,0
2026-09-01,896217,132.0,0
2026-09-01,896346,175.0,0
2026-09-01,896540,19.5,0
2026-09-01,896737,215.0,0
2026-09-01,896782,89.0,0
2026-09-01,896984,33.6,0
2026-09-01,897394,5.5,0
2026-09-01,897522,46.0,0
2026-09-01,897846,72.0,0
2026-09-01,897889,23.0,0
2026-09-01,898052,75.0,0
2026-09-01,898091,198.0,0
2026-09-01,898112,40.0,0
2026-09-01,898208,10.0,0
2026-09-01,898228,44.0,0
2026-09-01,898250,39.0,0
2026-09-01,898257,29.0,0
2026-09-01,898406,72.1,0
2026-09-01,898595,50.2,0
2026-09-01,898626,155.0,0
2026-09-01,898627,150.0,0
2026-09-01,898632,56.0,0
2026-09-01,898789,55.0,0
2026-09-01,898920,8.5,0
2026-09-01,899082,160.0,0
2026-09-01,899398,190.0,0
2026-09-01,899402,49.0,0
2026-09-01,900103,75.0,0
2026-09-01,900361,82.0,0
2026-09-01,900380,95.0,0
2026-09-01,900381,55.0,0
2026-09-01,900808,15.0,0
2026-09-01,901630,6.0,0
2026-09-01,901633,14.0,0
2026-09-01,901999,39.0,0
2026-09-01,902019,32.0,0
2026-09-01,902027,1.5,0
2026-09-01,902028,8.1,0
2026-09-01,902029,17.5,0
2026-09-01,902066,31.2,0
2026-09-01,902068,58.7,0
2026-09-01,902084,20.0,0
2026-09-01,902344,20.0,0
2026-09-01,902348,8.5,0
2026-09-01,902523,30.0,0
2026-09-01,902620,33.6,0
2026-09-01,903486,42.0,0
2026-09-01,903520,110.0,0
2026-09-01,903906,5.0,0
2026-09-01,904083,10.8,0
2026-09-01,905021,36.0,0
2026-09-01,905650,7.5,0
2026-09-01,905652,58.0,0
2026-09-01,905708,59.0,0
2026-09-01,905710,85.0,0
2026-09-01,906096,15.0,0
2026-09-01,906097,27.0,0
2026-09-01,906403,68.0,0
2026-09-01,906421,18.0,0
2026-09-01,906429,4.9,0
2026-09-01,906616,12.5,0
2026-09-01,906781,48.0,0
2026-09-01,906785,40.0,0
2026-09-01,906898,390.0,0
2026-09-01,906954,11.0,0
2026-09-01,906957,19.0,0
2026-09-01,906968,15.0,0
2026-09-01,907213,51.0,0
2026-09-01,907214,74.0,0
2026-09-01,907218,128.0,0
2026-09-01,907685,7.5,0
2026-09-01,908057,135.0,0
2026-09-01,908058,245.0,0
2026-09-01,908602,30.0,0
2026-09-01,908604,30.0,0
2026-09-01,908724,28.0,0
2026-09-01,908727,245.0,0
2026-09-01,908841,11.3,0
2026-09-01,909354,2.0,0
2026-09-01,909962,3.5,0
2026-09-01,910019,68.0,0
2026-09-01,910194,15.8,0
2026-09-01,910368,13.0,0
2026-09-01,913226,12.0,0
2026-09-01,913275,70.0,0
2026-09-01,913279,65.0,0
2026-09-01,913280,43.0,0
2026-09-01,913281,39.0,0
2026-09-01,913315,170.0,0
2026-09-01,913371,12.0,0
2026-09-01,913947,165.0,0
2026-09-01,914012,30.0,0
2026-09-01,914683,25.0,0
2026-09-01,915400,10.0,0
2026-09-01,915409,12.5,0
2026-09-01,915410,18.0,0
2026-09-01,915411,34.0,0
2026-09-01,915412,7.5,0
2026-09-01,915414,28.0,0
2026-09-01,915416,34.0,0
2026-09-01,915418,26.0,0
2026-09-01,915421,24.0,0
2026-09-01,915422,20.0,0
2026-09-01,915424,19.0,0
2026-09-01,915425,18.0,0
2026-09-01,915426,16.0,0
2026-09-01,915430,18.0,0
2026-09-01,915434,8.0,0
2026-09-01,915464,55.0,0
2026-09-01,915794,26.0,0
2026-09-01,915798,34.0,0
2026-09-01,915799,22.0,0
2026-09-01,915800,12.5,0
2026-09-01,915802,18.0,0
2026-09-01,915804,15.5,0
2026-09-01,915805,19.5,0
2026-09-01,915812,24.5,0
2026-09-01,915814,12.0,0
2026-09-01,917089,14.0,0
2026-09-01,917750,13.0,0
2026-09-01,918221,7.0,0
2026-09-01,919316,62.0,0
2026-09-01,919317,42.0,0
2026-09-01,920086,99.0,0
2026-09-01,920093,105.0,0
2026-09-01,920094,70.0,0
2026-09-01,920095,140.0,0
2026-09-01,920099,14.0,0
2026-09-01,920120,48.0,0
2026-09-01,920121,37.0,0
2026-09-01,920148,7.0,0
2026-09-01,920789,39.0,0
2026-09-01,920822,12.5,0
2026-09-01,920823,9.0,0
2026-09-01,920826,12.0,0
2026-09-01,920848,69.0,0
2026-09-01,920849,18.0,0
2026-09-01,920863,18.5,0
2026-09-01,920865,65.0,0
2026-09-01,920867,64.0,0
2026-09-01,920868,87.0,0
2026-09-01,921093,14.0,0
2026-09-01,921228,8.0,0
2026-09-01,921346,22.0,0
2026-09-01,921400,7.0,0
2026-09-01,921407,5.0,0
2026-09-01,921408,15.0,0
2026-09-01,921413,10.0,0
2026-09-01,921434,10.0,0
2026-09-01,921443,9.0,0
2026-09-01,921451,19.0,0
2026-09-01,921518,37.0,0
2026-09-01,921814,10.0,0
2026-09-01,921815,15.0,0
2026-09-01,921816,17.0,0
2026-09-01,921817,30.0,0
2026-09-01,921819,14.0,0
2026-09-01,921820,18.0,0
2026-09-01,921821,49.0,0
2026-09-01,922393,41.0,0
2026-09-01,924195,3.5,0
2026-09-01,924196,9.0,0
2026-09-01,924198,5.0,0
2026-09-01,924679,2.5,0
2026-09-01,924682,20.0,0
2026-09-01,924689,8.0,0
2026-09-01,924809,5.0,0
2026-09-01,924810,5.0,0
2026-09-01,924811,5.0,0
2026-09-01,925033,7.0,0
2026-09-01,925060,4.7,0
2026-09-01,925100,1.0,0
2026-09-01,925101,2.5,0
2026-09-01,925174,2.5,0
2026-09-01,925638,17.0,0
2026-09-01,925749,20.0,0
2026-09-01,925765,30.0,0
2026-09-01,925969,5.0,0
2026-09-01,926104,20.0,0
2026-09-01,926106,9.0,0
2026-09-01,927439,26.5,0
2026-09-01,927442,39.5,0
2026-09-01,927609,20.0,0
2026-09-01,928346,39.0,0
2026-09-01,928584,68.0,0
2026-09-01,928711,64.0,0
2026-09-01,928712,49.0,0
2026-09-01,928713,35.0,0
2026-09-01,928723,49.0,0
2026-09-01,928970,10.0,0
2026-09-01,929022,20.0,0
2026-09-01,929023,14.0,0
2026-09-01,929184,40.0,0
2026-09-01,929408,14.0,0
2026-09-01,929423,25.0,0
2026-09-01,929677,78.0,0
2026-09-01,929797,12.0,0
2026-09-01,929849,10.5,0
2026-09-01,930292,25.0,0
2026-09-01,930293,8.0,0
2026-09-01,930295,8.0,0
2026-09-01,930298,10.0,0
2026-09-01,930306,89.0,0
2026-09-01,931007,12.0,0
2026-09-01,931488,22.0,0
2026-09-01,931489,19.5,0
2026-09-01,931510,12.5,0
2026-09-01,932704,12.0,0
2026-09-01,932752,14.0,0
2026-09-01,932755,7.0,0
2026-09-01,936463,32.0,0
2026-09-01,936609,2.5,0
2026-09-01,937839,15.0,0
2026-09-01,937843,17.0,0
2026-09-01,937845,17.0,0
2026-09-01,937952,50.0,0
2026-09-01,938658,20.0,0
2026-09-01,938659,24.0,0
2026-09-01,938670,27.0,0
2026-09-01,938671,26.0,0
2026-09-01,938673,16.5,0
2026-09-01,938674,36.0,0
2026-09-01,938676,43.0,0
2026-09-01,938884,28.0,0
2026-09-01,939581,3.8,0
2026-09-01,939589,11.0,0
2026-09-01,939617,37.0,0
2026-09-01,940045,8.0,0
2026-09-01,940047,18.0,0
2026-09-01,941037,5.0,0
2026-09-01,941041,6.0,0
2026-09-01,941555,82.0,0
2026-09-01,942359,19.5,0
2026-09-01,945966,23.0,0
2026-09-01,946161,89.0,0
2026-09-01,947236,26.0,0
2026-09-01,947244,28.0,0
2026-09-01,947245,28.0,0
2026-09-01,947355,115.0,0
2026-09-01,947364,210.0,0
2026-09-01,947367,140.0,0
2026-09-01,947370,235.0,0
2026-09-01,947378,340.0,0
2026-09-01,947380,390.0,0
2026-09-01,947529,16.0,0
2026-09-01,947532,19.0,0
2026-09-01,947533,21.0,0
2026-09-01,947537,20.0,0
2026-09-01,947538,15.0,0
2026-09-01,947906,290.0,0
2026-09-01,948326,65.0,0
2026-09-01,948890,6.0,0
2026-09-01,948948,6.5,0
2026-09-01,951543,23.0,0
2026-09-01,952694,21.0,0
2026-09-01,954009,20.0,0
2026-09-01,954076,68.0,0
2026-09-01,956809,40.0,0
2026-09-01,957048,41.0,0
2026-09-01,957049,50.0,0
2026-09-01,957074,5.0,0
2026-09-01,957693,83.0,0
2026-09-01,959610,15.0,0
2026-09-01,959621,22.0,0
2026-09-01,959622,26.0,0
2026-09-01,959632,65.0,0
2026-09-01,960021,9.9,0
2026-09-01,960146,265.0,0
2026-09-01,960240,83.0,0
2026-09-01,960256,169.9,0
2026-09-01,960272,84.9,0
2026-09-01,960838,8.0,0
2026-09-01,960839,8.0,0
2026-09-01,963564,22.0,0
2026-09-01,963565,28.0,0
2026-09-01,964780,10.0,0
2026-09-01,969636,28.0,0
2026-09-01,969878,78.0,0
2026-09-01,970541,10.0,0
2026-09-01,970543,9.0,0
2026-09-01,971455,11.0,0
2026-09-01,971456,18.0,0
2026-09-01,971460,19.0,0
2026-09-01,971461,17.0,0
2026-09-01,971464,9.0,0
2026-09-01,971501,21.0,0
2026-09-01,972689,34.0,0
2026-09-01,974249,11.0,0
2026-09-01,974250,12.0,0
2026-09-01,974251,12.0,0
2026-09-01,974253,17.0,0
2026-09-01,974255,12.0,0
2026-09-01,974257,13.0,0
2026-09-01,976413,3.0,0
2026-09-01,976416,4.0,0
2026-09-01,976418,3.0,0
2026-09-01,979269,21.0,0
2026-09-01,979273,12.0,0
2026-09-01,979274,12.0,0
2026-09-01,979847,13.8,0
2026-09-01,979849,10.0,0
2026-09-01,979996,48.0,0
2026-09-01,980105,9.0,0
2026-09-01,980295,11.0,0
2026-09-01,980297,11.0,0
2026-09-01,981766,11.0,0
2026-09-01,981767,20.0,0
2026-09-01,981768,30.0,0
2026-09-01,981769,40.0,0
2026-09-01,982224,10.0,0
2026-09-01,982228,20.0,0
2026-09-01,982244,6.0,0
2026-09-01,982551,72.0,0
2026-09-01,982552,45.0,0
2026-09-01,983260,5.1,0
2026-09-01,983262,12.2,0
2026-09-01,984161,22.0,0
2026-09-01,984248,49.0,0
2026-09-01,984319,42.0,0
2026-09-01,984367,7.0,0
2026-09-01,984967,81.0,0
2026-09-01,984968,124.0,0
2026-09-01,984972,99.0,0
2026-09-01,987731,2.5,0
2026-09-01,987878,6.0,0
2026-09-01,989050,47.0,0
2026-09-01,989544,27.8,0
2026-09-01,989850,3.6,0
2026-09-01,990664,59.0,0
2026-09-01,990682,21.0,0
2026-09-01,990967,37.5,0
2026-09-01,991288,4.0,0
2026-09-01,991289,4.0,0
2026-09-01,991502,29.0,0
2026-09-01,991504,59.0,0
2026-09-01,991505,60.0,0
2026-09-01,992564,42.0,0
2026-09-01,992625,29.0,0
2026-09-01,993303,24.0,0
2026-09-01,993519,17.5,0
2026-09-01,993675,85.0,0
2026-09-01,993692,6.0,0
2026-09-01,993900,4.0,0
2026-09-01,993945,12.0,0
2026-09-01,993947,14.0,0
2026-09-01,993949,10.0,0
2026-09-01,993978,10.0,0
2026-09-01,995109,11.0,0
2026-09-01,995281,12.0,0
2026-09-01,995528,20.0,0
2026-09-01,995762,22.0,0
2026-09-01,996295,5.0,0
2026-09-01,996297,5.0,0
2026-09-01,996299,9.0,0
2026-09-01,996473,15.0,0
2026-09-01,996474,20.0,0
2026-09-01,996628,25.0,0
2026-09-01,996664,9.0,0
2026-09-01,996665,10.0,0
2026-09-01,996702,16.0,0
2026-09-01,996703,16.0,0
2026-09-01,996942,34.0,0
2026-09-01,998040,10.0,0
2026-09-01,998054,5.0,0
2026-09-01,998071,7.0,0
2026-09-01,998076,2.5,0
2026-09-01,998089,8.0,0
2026-09-01,998090,8.0,0
2026-09-01,998092,4.0,0
2026-09-01,998093,6.0,0
2026-09-01,998097,8.0,0
2026-09-01,998099,10.0,0
2026-09-01,998146,8.0,0
2026-09-01,998147,2.0,0
2026-09-01,999712,15.0,0
2026-09-01,999737,6.0,0
2026-09-01,999953,11.0,0
