fecha,id_producto,precio,oferta
2026-10-01,1007,15.0,0
2026-10-01,1015,15.6,0
2026-10-01,1023,15.0,0
2026-10-01,1031,15.0,0
2026-10-01,1082,26.9,0
2026-10-01,1090,28.0,0
2026-10-01,1104,26.9,0
2026-10-01,1112,26.9,0
2026-10-01,1120,26.9,0
2026-10-01,1139,26.9,0
2026-10-01,1155,26.9,0
2026-10-01,1163,27.5,0
2026-10-01,1198,56.0,0
2026-10-01,1606,45.0,0
2026-10-01,1609,4.5,0
2026-10-01,1621,31.5,0
2026-10-01,1623,31.5,0
2026-10-01,1657,9.3,0
2026-10-01,1661,15.5,0
2026-10-01,1717,83.0,0
2026-10-01,1731,13.5,0
2026-10-01,1746,9.0,0
2026-10-01,1747,28.0,0
2026-10-01,1756,62.5,0
2026-10-01,1758,17.5,0
2026-10-01,1795,29.5,0
2026-10-01,1799,159.0,0
2026-10-01,1800,82.5,0
2026-10-01,1801,20.0,0
2026-10-01,1825,66.0,0
2026-10-01,1831,15.5,0
2026-10-01,1832,21.5,0
2026-10-01,1833,22.0,0
2026-10-01,1834,22.0,0
2026-10-01,1839,4.4,0
2026-10-01,1840,3.9,0
2026-10-01,1842,27.0,0
2026-10-01,1849,8.0,0
2026-10-01,1863,8.0,0
2026-10-01,1867,375.0,0
2026-10-01,1870,37.5,0
2026-10-01,1880,37.5,0
2026-10-01,1883,138.0,0
2026-10-01,1885,59.5,0
2026-10-01,1888,59.5,0
2026-10-01,1891,138.0,0
2026-10-01,1893,599.0,0
2026-10-01,1920,43.9,0
2026-10-01,1971,19.5,0
2026-10-01,2194,9.9,0
2026-10-01,2585,25.0,0
2026-10-01,2640,89.9,0
2026-10-01,2677,19.5,0
2026-10-01,3265,52.5,0
2026-10-01,3270,77.5,0
2026-10-01,3573,8.4,0
2026-10-01,3705,149.0,0
2026-10-01,3710,29.9,0
2026-10-01,3744,115.0,0
2026-10-01,3751,14.5,0
2026-10-01,3757,19.2,0
2026-10-01,3794,16.9,0
2026-10-01,3824,16.9,0
2026-10-01,3873,103.0,0
2026-10-01,3883,15.0,0
2026-10-01,4795,24.5,0
2026-10-01,4797,32.0,0
2026-10-01,4928,11.0,0
2026-10-01,4944,11.0,0
2026-10-01,5003,35.2,0
2026-10-01,5007,57.7,0
2026-10-01,5008,8.9,0
2026-10-01,5011,12.8,0
2026-10-01,5012,6.5,0
2026-10-01,5014,37.9,0
2026-10-01,5015,10.4,0
2026-10-01,5016,21.9,0
2026-10-01,5017,15.9,0
2026-10-01,5018,13.2,0
2026-10-01,5021,27.9,0
2026-10-01,5023,12.9,0
2026-10-01,5025,13.8,0
2026-10-01,5026,21.5,0
2026-10-01,5030,4.9,0
2026-10-01,5031,10.9,0
2026-10-01,5032,14.2,0
2026-10-01,5035,65.0,0
2026-10-01,5036,14.0,0
2026-10-01,5038,6.8,0
2026-10-01,5040,15.3,0
2026-10-01,5044,10.9,0
2026-10-01,5048,75.0,0
2026-10-01,5049,99.4,0
2026-10-01,5050,25.3,0
2026-10-01,5054,14.0,0
2026-10-01,5055,29.0,0
2026-10-01,5056,12.9,0
2026-10-01,5057,20.0,0
2026-10-01,5059,13.9,0
2026-10-01,5060,16.8,0
2026-10-01,5062,17.3,0
2026-10-01,5063,12.9,0
2026-10-01,5064,9.2,0
2026-10-01,5065,18.7,0
2026-10-01,5067,13.0,0
2026-10-01,5068,39.6,0
2026-10-01,5070,48.5,0
2026-10-01,5071,17.9,0
2026-10-01,5072,13.9,0
2026-10-01,5073,12.5,0
2026-10-01,5075,31.3,0
2026-10-01,5077,17.7,0
2026-10-01,5081,20.2,0
2026-10-01,5083,16.1,0
2026-10-01,5085,32.2,0
2026-10-01,5087,14.9,0
2026-10-01,5088,9.5,0
2026-10-01,5089,16.8,0
2026-10-01,5093,10.5,0
2026-10-01,5094,18.3,0
2026-10-01,5095,22.5,0
2026-10-01,5097,19.0,0
2026-10-01,5098,8.6,0
2026-10-01,5101,13.5,0
2026-10-01,5102,18.8,0
2026-10-01,5103,13.5,0
2026-10-01,5104,18.5,0
2026-10-01,5105,18.9,0
2026-10-01,5106,25.0,0
2026-10-01,5107,12.3,0
2026-10-01,5108,8.6,0
2026-10-01,5111,10.9,0
2026-10-01,5113,20.6,0
2026-10-01,5115,9.6,0
2026-10-01,5118,11.0,0
2026-10-01,5119,68.5,0
2026-10-01,5121,9.0,0
2026-10-01,5126,6.0,0
2026-10-01,5127,16.9,0
2026-10-01,5129,32.6,0
2026-10-01,5134,25.9,0
2026-10-01,5135,57.2,0
2026-10-01,5153,36.0,0
2026-10-01,5154,38.5,0
2026-10-01,5156,24.0,0
2026-10-01,5158,27.0,0
2026-10-01,5167,24.5,0
2026-10-01,5171,30.0,0
2026-10-01,5173,23.5,0
2026-10-01,5175,21.0,0
2026-10-01,5187,17.3,0
2026-10-01,5196,10.5,0
2026-10-01,5199,39.1,0
2026-10-01,5201,71.5,0
2026-10-01,5203,34.0,0
2026-10-01,5209,75.9,0
2026-10-01,5212,25.2,0
2026-10-01,5213,21.0,0
2026-10-01,5226,13.0,0
2026-10-01,5230,25.0,0
2026-10-01,5231,7.0,0
2026-10-01,5235,29.9,0
2026-10-01,5236,68.6,0
2026-10-01,5363,16.0,0
2026-10-01,5472,30.3,0
2026-10-01,5521,13.0,0
2026-10-01,5523,13.4,0
2026-10-01,5535,25.5,0
2026-10-01,5549,26.4,0
2026-10-01,5634,42.3,0
2026-10-01,5726,36.0,0
2026-10-01,5727,39.0,0
2026-10-01,5788,29.9,0
2026-10-01,6720,45.5,0
2026-10-01,6753,6.0,0
2026-10-01,6754,6.0,0
2026-10-01,6756,6.0,0
2026-10-01,6778,18.5,0
2026-10-01,6878,35.4,0
2026-10-01,7975,43.0,0
2026-10-01,8176,48.5,0
2026-10-01,8184,72.5,0
2026-10-01,8192,48.5,0
2026-10-01,8206,49.5,0
2026-10-01,8210,7.0,0
2026-10-01,8214,26.0,0
2026-10-01,8222,26.0,0
2026-10-01,8257,27.5,0
2026-10-01,8265,28.5,0
2026-10-01,8354,30.5,0
2026-10-01,8362,30.5,0
2026-10-01,8487,49.0,0
2026-10-01,8774,31.0,0
2026-10-01,9040,38.0,0
2026-10-01,9199,31.0,0
2026-10-01,9202,34.5,0
2026-10-01,10669,8.4,0
2026-10-01,10971,19.5,0
2026-10-01,10972,35.0,0
2026-10-01,10973,35.0,0
2026-10-01,11045,62.5,0
2026-10-01,11053,113.6,0
2026-10-01,11078,14.5,0
2026-10-01,11080,14.5,0
2026-10-01,11096,36.22,0
2026-10-01,11201,27.5,0
2026-10-01,11223,21.9,0
2026-10-01,11339,38.0,0
2026-10-01,11347,38.0,0
2026-10-01,11363,38.0,0
2026-10-01,11507,799.0,0
2026-10-01,11571,29.5,0
2026-10-01,11649,30.0,0
2026-10-01,11671,10.0,0
2026-10-01,11672,10.0,0
2026-10-01,11785,30.0,0
2026-10-01,12105,20.0,0
2026-10-01,12173,11.5,0
2026-10-01,12174,8.5,0
2026-10-01,12175,4.5,0
2026-10-01,12177,9.5,0
2026-10-01,12183,104.0,0
2026-10-01,12184,96.0,0
2026-10-01,12185,9.5,0
2026-10-01,12187,14.0,0
2026-10-01,12191,24.0,0
2026-10-01,12192,69.0,0
2026-10-01,12193,52.0,0
2026-10-01,12194,68.0,0
2026-10-01,12197,135.0,0
2026-10-01,12204,23.0,0
2026-10-01,12331,85.0,0
2026-10-01,12332,85.0,0
2026-10-01,12338,85.0,0
2026-10-01,12429,11.5,0
2026-10-01,12561,19.0,0
2026-10-01,12562,53.0,0
2026-10-01,13200,5.0,0
2026-10-01,13293,12.5,0
2026-10-01,14013,90.5,0
2026-10-01,14014,42.5,0
2026-10-01,14015,25.0,0
2026-10-01,14020,26.0,0
2026-10-01,14030,15.9,0
2026-10-01,14041,19.0,0
2026-10-01,14043,24.0,0
2026-10-01,14045,19.0,0
2026-10-01,14050,22.5,0
2026-10-01,14051,22.5,0
2026-10-01,14053,22.5,0
2026-10-01,14054,22.5,0
2026-10-01,14055,16.0,0
2026-10-01,14056,31.0,0
2026-10-01,14063,58.0,0
2026-10-01,14064,39.0,0
2026-10-01,14071,25.0,0
2026-10-01,14072,28.8,0
2026-10-01,14091,18.0,0
2026-10-01,14098,37.5,0
2026-10-01,14099,70.5,0
2026-10-01,14156,13.5,0
2026-10-01,14159,61.5,0
2026-10-01,14161,12.5,0
2026-10-01,14170,11.3,0
2026-10-01,14171,61.5,0
2026-10-01,14195,20.5,0
2026-10-01,14204,12.5,0
2026-10-01,14205,12.5,0
2026-10-01,14206,12.5,0
2026-10-01,14207,20.5,0
2026-10-01,14208,22.0,0
2026-10-01,14209,25.0,0
2026-10-01,14210,22.0,0
2026-10-01,14211,53.5,0
2026-10-01,14220,11.7,0
2026-10-01,14234,25.0,0
2026-10-01,14239,37.5,0
2026-10-01,14240,25.0,0
2026-10-01,14242,25.0,0
2026-10-01,14243,12.5,0
2026-10-01,14248,32.0,0
2026-10-01,14255,2290.0,0
2026-10-01,14258,19.5,0
2026-10-01,14274,37.9,0
2026-10-01,14278,38.5,0
2026-10-01,14284,47.5,0
2026-10-01,14285,44.9,0
2026-10-01,14286,50.0,0
2026-10-01,14287,55.5,0
2026-10-01,14295,118.5,0
2026-10-01,14296,149.0,0
2026-10-01,14299,49.5,0
2026-10-01,14322,69.5,0
2026-10-01,14328,29.5,0
2026-10-01,14332,93.5,0
2026-10-01,14355,149.0,0
2026-10-01,14359,8.0,0
2026-10-01,14361,9.5,0
2026-10-01,14364,78.5,0
2026-10-01,14365,9.5,0
2026-10-01,14375,49.5,0
2026-10-01,14381,30.0,0
2026-10-01,14382,8.8,0
2026-10-01,14384,132.5,0
2026-10-01,14398,110.0,0
2026-10-01,14424,139.0,0
2026-10-01,14428,5.0,0
2026-10-01,14429,5.0,0
2026-10-01,14438,40.0,0
2026-10-01,14439,33.8,0
2026-10-01,14440,30.9,0
2026-10-01,14441,50.0,0
2026-10-01,14450,39.5,0
2026-10-01,14465,23.5,0
2026-10-01,14469,94.9,0
2026-10-01,14477,27.5,0
2026-10-01,14483,14.9,0
2026-10-01,14486,14.5,0
2026-10-01,14487,14.5,0
2026-10-01,14488,14.5,0
2026-10-01,14489,14.5,0
2026-10-01,14490,13.5,0
2026-10-01,14491,13.5,0
2026-10-01,14499,5.5,0
2026-10-01,14512,28.5,0
2026-10-01,14530,28.5,0
2026-10-01,14532,28.5,0
2026-10-01,14534,699.0,0
2026-10-01,14535,7.0,0
2026-10-01,14550,9.0,0
2026-10-01,14555,135.0,0
2026-10-01,14567,45.5,0
2026-10-01,14570,41.5,0
2026-10-01,14572,20.4,0
2026-10-01,14573,20.4,0
2026-10-01,14574,20.4,0
2026-10-01,14600,6.0,0
2026-10-01,14605,23.5,0
2026-10-01,14626,147.0,0
2026-10-01,14631,26.0,0
2026-10-01,14639,31.0,0
2026-10-01,14649,30.0,0
2026-10-01,14655,135.0,0
2026-10-01,14660,19.5,0
2026-10-01,14666,19.9,0
2026-10-01,14667,12.9,0
2026-10-01,14668,10.5,0
2026-10-01,14676,9.0,0
2026-10-01,14679,15.9,0
2026-10-01,14697,22.0,0
2026-10-01,14703,9.0,0
2026-10-01,14720,28.0,0
2026-10-01,14730,13.8,0
2026-10-01,14731,13.8,0
2026-10-01,14739,7.5,0
2026-10-01,14750,52.0,0
2026-10-01,14756,17.5,0
2026-10-01,14766,29.5,0
2026-10-01,14770,13.5,0
2026-10-01,14775,10.5,0
2026-10-01,14776,10.5,0
2026-10-01,14782,37.0,0
2026-10-01,14788,85.5,0
2026-10-01,14791,27.0,0
2026-10-01,14792,8.0,0
2026-10-01,14796,39.5,0
2026-10-01,14798,58.0,0
2026-10-01,15054,78.0,0
2026-10-01,15059,9.5,0
2026-10-01,15067,16.5,0
2026-10-01,15075,16.5,0
2026-10-01,15077,30.5,0
2026-10-01,15078,54.5,0
2026-10-01,15083,16.5,0
2026-10-01,15091,15.0,0
2026-10-01,15250,21.5,0
2026-10-01,15251,21.5,0
2026-10-01,15252,20.5,0
2026-10-01,15255,21.5,0
2026-10-01,15550,150.0,0
2026-10-01,15553,81.0,0
2026-10-01,15554,27.0,0
2026-10-01,15556,43.5,0
2026-10-01,15558,40.5,0
2026-10-01,15559,113.0,0
2026-10-01,15628,19.5,0
2026-10-01,15782,28.0,0
2026-10-01,15788,23.0,0
2026-10-01,15789,29.5,0
2026-10-01,15790,51.0,0
2026-10-01,15878,90.5,0
2026-10-01,15977,44.0,0
2026-10-01,16001,16.0,0
2026-10-01,16025,90.5,0
2026-10-01,16033,209.0,0
2026-10-01,16040,1250.0,0
2026-10-01,16053,13.5,0
2026-10-01,16078,15.9,0
2026-10-01,16079,15.9,0
2026-10-01,16080,48.5,0
2026-10-01,16081,15.9,0
2026-10-01,16082,15.9,0
2026-10-01,16085,14.8,0
2026-10-01,16086,23.0,0
2026-10-01,16087,22.0,0
2026-10-01,16098,77.0,0
2026-10-01,16099,55.0,0
2026-10-01,16102,8.5,0
2026-10-01,16513,39.5,0
2026-10-01,16526,7.5,0
2026-10-01,16671,77.0,0
2026-10-01,16873,28.0,0
2026-10-01,16875,28.0,0
2026-10-01,16876,28.0,0
2026-10-01,16877,28.0,0
2026-10-01,17001,22.5,0
2026-10-01,17002,22.5,0
2026-10-01,17005,13.8,0
2026-10-01,17006,7.5,0
2026-10-01,17007,7.5,0
2026-10-01,17049,15.0,0
2026-10-01,17050,25.0,0
2026-10-01,17058,27.5,0
2026-10-01,17060,11.5,0
2026-10-01,17061,27.5,0
2026-10-01,17065,16.0,0
2026-10-01,17066,20.0,0
2026-10-01,17067,20.0,0
2026-10-01,17078,12.5,0
2026-10-01,17100,99.5,0
2026-10-01,17124,9.0,0
2026-10-01,17130,6.6,0
2026-10-01,17131,24.0,0
2026-10-01,17152,82.0,0
2026-10-01,17154,10.9,0
2026-10-01,17155,10.9,0
2026-10-01,17156,10.9,0
2026-10-01,17161,41.0,0
2026-10-01,17178,3.5,0
2026-10-01,17181,25.0,0
2026-10-01,17187,69.0,0
2026-10-01,17191,37.5,0
2026-10-01,17221,19.8,0
2026-10-01,17222,19.8,0
2026-10-01,17223,19.5,0
2026-10-01,17225,10.5,0
2026-10-01,17226,10.5,0
2026-10-01,17227,10.5,0
2026-10-01,17231,39.4,0
2026-10-01,17232,6.5,0
2026-10-01,17233,15.9,0
2026-10-01,17237,61.0,0
2026-10-01,17241,7.0,0
2026-10-01,17243,3.6,0
2026-10-01,17245,165.0,0
2026-10-01,17251,299.0,0
2026-10-01,17270,28.0,0
2026-10-01,17280,47.0,0
2026-10-01,17281,21.5,0
2026-10-01,17283,94.5,0
2026-10-01,17286,14.0,0
2026-10-01,17296,304.0,0
2026-10-01,17298,21.5,0
2026-10-01,17299,47.0,0
2026-10-01,17300,47.0,0
2026-10-01,17301,45.5,0
2026-10-01,17302,45.5,0
2026-10-01,17306,399.0,0
2026-10-01,17322,38.5,0
2026-10-01,17331,27.0,0
2026-10-01,17332,47.0,0
2026-10-01,17333,24.0,0
2026-10-01,17335,68.0,0
2026-10-01,17336,33.5,0
2026-10-01,17337,26.5,0
2026-10-01,17353,19.5,0
2026-10-01,17365,159.0,0
2026-10-01,17367,7.5,0
2026-10-01,17372,42.5,0
2026-10-01,17373,24.5,0
2026-10-01,17377,91.0,0
2026-10-01,17379,77.0,0
2026-10-01,17384,26.8,0
2026-10-01,17388,14.0,0
2026-10-01,17389,31.5,0
2026-10-01,17391,42.0,0
2026-10-01,17392,43.5,0
2026-10-01,17393,43.5,0
2026-10-01,17394,7.5,0
2026-10-01,17397,93.0,0
2026-10-01,17399,86.5,0
2026-10-01,17400,35.5,0
2026-10-01,17401,35.5,0
2026-10-01,17423,113.0,0
2026-10-01,17474,42.0,0
2026-10-01,17477,38.8,0
2026-10-01,17485,47.5,0
2026-10-01,17501,7.5,0
2026-10-01,17533,57.0,0
2026-10-01,17538,6.9,0
2026-10-01,17546,8.9,0
2026-10-01,17553,219.0,0
2026-10-01,17555,249.0,0
2026-10-01,17575,6.2,0
2026-10-01,17576,8.9,0
2026-10-01,17577,6.2,0
2026-10-01,17578,8.9,0
2026-10-01,17579,6.2,0
2026-10-01,17580,8.9,0
2026-10-01,17590,56.0,0
2026-10-01,17605,47.5,0
2026-10-01,17612,8.0,0
2026-10-01,17616,5.9,0
2026-10-01,17624,28.5,0
2026-10-01,17642,135.0,0
2026-10-01,17650,8.0,0
2026-10-01,17654,23.5,0
2026-10-01,17668,45.5,0
2026-10-01,17676,39.0,0
2026-10-01,17677,44.5,0
2026-10-01,17679,187.0,0
2026-10-01,17680,185.0,0
2026-10-01,17684,97.5,0
2026-10-01,17685,97.5,0
2026-10-01,17686,97.5,0
2026-10-01,17691,52.5,0
2026-10-01,17692,52.5,0
2026-10-01,17697,31.5,0
2026-10-01,17698,33.0,0
2026-10-01,17699,29.5,0
2026-10-01,17700,32.0,0
2026-10-01,17704,13.8,0
2026-10-01,17706,12.0,0
2026-10-01,17707,15.0,0
2026-10-01,17708,11.5,0
2026-10-01,17721,51.5,0
2026-10-01,17722,20.0,0
2026-10-01,17727,161.0,0
2026-10-01,17731,20.0,0
2026-10-01,17739,36.5,0
2026-10-01,17740,53.5,0
2026-10-01,17761,11.5,0
2026-10-01,17772,123.5,0
2026-10-01,17773,115.0,0
2026-10-01,17774,106.0,0
2026-10-01,17778,10.0,0
2026-10-01,17791,77.5,0
2026-10-01,17792,77.5,0
2026-10-01,17802,9.5,0
2026-10-01,17820,65.0,0
2026-10-01,17822,449.0,0
2026-10-01,17823,37.5,0
2026-10-01,17824,105.0,0
2026-10-01,17831,37.4,0
2026-10-01,17833,20.0,0
2026-10-01,17837,24.5,0
2026-10-01,17838,24.5,0
2026-10-01,17847,78.5,0
2026-10-01,17849,61.5,0
2026-10-01,17850,57.0,0
2026-10-01,17851,57.0,0
2026-10-01,17859,210.0,0
2026-10-01,17861,102.5,0
2026-10-01,17862,102.5,0
2026-10-01,17873,16.0,0
2026-10-01,17874,7.0,0
2026-10-01,17876,163.0,0
2026-10-01,17879,151.0,0
2026-10-01,17883,25.5,0
2026-10-01,17884,28.5,0
2026-10-01,17885,69.0,0
2026-10-01,17887,15.5,0
2026-10-01,17890,11.0,0
2026-10-01,17904,259.0,0
2026-10-01,17919,11.5,0
2026-10-01,17920,31.0,0
2026-10-01,17921,31.0,0
2026-10-01,17923,47.0,0
2026-10-01,17924,128.0,0
2026-10-01,17942,31.0,0
2026-10-01,17943,31.0,0
2026-10-01,17950,45.5,0
2026-10-01,17951,105.0,0
2026-10-01,17953,29.5,0
2026-10-01,17954,4.9,0
2026-10-01,17955,4.9,0
2026-10-01,17957,32.0,0
2026-10-01,17958,6.3,0
2026-10-01,17959,6.3,0
2026-10-01,17960,6.3,0
2026-10-01,17966,6.3,0
2026-10-01,17967,6.3,0
2026-10-01,17968,6.3,0
2026-10-01,17971,14.5,0
2026-10-01,17972,14.5,0
2026-10-01,18017,18.0,0
2026-10-01,18021,44.0,0
2026-10-01,18023,44.0,0
2026-10-01,18038,7.6,0
2026-10-01,18064,289.0,0
2026-10-01,18069,14.4,0
2026-10-01,18087,78.5,0
2026-10-01,18710,199.9,0
2026-10-01,18717,115.0,0
2026-10-01,19178,26.0,0
2026-10-01,19785,38.0,0
2026-10-01,19823,50.0,0
2026-10-01,20246,31.0,0
2026-10-01,20487,17.0,0
2026-10-01,20488,299.0,0
2026-10-01,20679,8.5,0
2026-10-01,20781,32.5,0
2026-10-01,20798,56.0,0
2026-10-01,20858,11.5,0
2026-10-01,21401,23.0,0
2026-10-01,21402,15.0,0
2026-10-01,22195,21.9,0
2026-10-01,22209,38.0,0
2026-10-01,22247,35.0,0
2026-10-01,22342,26.0,0
2026-10-01,22343,21.0,0
2026-10-01,22344,24.5,0
2026-10-01,22346,69.9,0
2026-10-01,22347,10.0,0
2026-10-01,22348,51.0,0
2026-10-01,22382,7.5,0
2026-10-01,22701,33.9,0
2026-10-01,22703,37.0,0
2026-10-01,22750,13.5,0
2026-10-01,22755,18.5,0
2026-10-01,22757,36.5,0
2026-10-01,22785,17.5,0
2026-10-01,22805,30.9,0
2026-10-01,22806,31.5,0
2026-10-01,22807,12.3,0
2026-10-01,23264,78.9,0
2026-10-01,23272,84.9,0
2026-10-01,23477,48.9,0
2026-10-01,23523,12.2,0
2026-10-01,23531,83.9,0
2026-10-01,23540,24.0,0
2026-10-01,24001,220.0,0
2026-10-01,24007,24.0,0
2026-10-01,24016,12.0,0
2026-10-01,24017,12.0,0
2026-10-01,24018,10.0,0
2026-10-01,24019,10.0,0
2026-10-01,24020,112.0,0
2026-10-01,24029,28.0,0
2026-10-01,24042,20.0,0
2026-10-01,24043,20.0,0
2026-10-01,24044,20.0,0
2026-10-01,24045,24.9,0
2026-10-01,24046,24.9,0
2026-10-01,24048,50.0,0
2026-10-01,24049,35.0,0
2026-10-01,24050,35.0,0
2026-10-01,24051,12.0,0
2026-10-01,24052,12.0,0
2026-10-01,24064,35.9,0
2026-10-01,24071,37.0,0
2026-10-01,24072,11.5,0
2026-10-01,24073,16.0,0
2026-10-01,24080,309.0,0
2026-10-01,24081,309.0,0
2026-10-01,24083,7.5,0
2026-10-01,24084,7.5,0
2026-10-01,24085,7.5,0
2026-10-01,24086,7.5,0
2026-10-01,24087,7.5,0
2026-10-01,24088,7.5,0
2026-10-01,24089,49.5,0
2026-10-01,24091,218.0,0
2026-10-01,24092,499.0,0
2026-10-01,24097,16.5,0
2026-10-01,24098,16.0,0
2026-10-01,24099,16.0,0
2026-10-01,24100,16.0,0
2026-10-01,24105,72.9,0
2026-10-01,24106,129.0,0
2026-10-01,24109,10.0,0
2026-10-01,24111,14.5,0
2026-10-01,24113,14.5,0
2026-10-01,24117,16.0,0
2026-10-01,24118,12.5,0
2026-10-01,24124,30.5,0
2026-10-01,24125,30.5,0
2026-10-01,24126,17.0,0
2026-10-01,24127,8.6,0
2026-10-01,24130,27.0,0
2026-10-01,24131,27.0,0
2026-10-01,24132,7.5,0
2026-10-01,24133,7.5,0
2026-10-01,24134,7.5,0
2026-10-01,24135,2.5,0
2026-10-01,24136,2.5,0
2026-10-01,24137,2.5,0
2026-10-01,24138,29.0,0
2026-10-01,24140,29.0,0
2026-10-01,24143,41.9,0
2026-10-01,24145,44.0,0
2026-10-01,24152,78.0,0
2026-10-01,24153,113.5,0
2026-10-01,24161,165.0,0
2026-10-01,24162,165.0,0
2026-10-01,24170,34.0,0
2026-10-01,24172,22.0,0
2026-10-01,24173,35.5,0
2026-10-01,24175,18.0,0
2026-10-01,24306,86.0,0
2026-10-01,24402,41.0,0
2026-10-01,24459,8.8,0
2026-10-01,24463,8.8,0
2026-10-01,24464,8.8,0
2026-10-01,24465,8.8,0
2026-10-01,24514,23.0,0
2026-10-01,24515,47.5,0
2026-10-01,24699,109.0,0
2026-10-01,24870,4.5,0
2026-10-01,24887,5.2,0
2026-10-01,24888,14.5,0
2026-10-01,25001,14.0,0
2026-10-01,25006,48.5,0
2026-10-01,25021,14.0,0
2026-10-01,25025,13.5,0
2026-10-01,25026,10.5,0
2026-10-01,25031,11.0,0
2026-10-01,25032,26.0,0
2026-10-01,25035,22.0,0
2026-10-01,25037,137.5,0
2026-10-01,25049,99.0,0
2026-10-01,25050,89.9,0
2026-10-01,25059,9.0,0
2026-10-01,25060,8.6,0
2026-10-01,25061,8.6,0
2026-10-01,25062,47.0,0
2026-10-01,25071,17.5,0
2026-10-01,25072,17.5,0
2026-10-01,25073,17.5,0
2026-10-01,25078,5.0,0
2026-10-01,25087,8.6,0
2026-10-01,25088,8.6,0
2026-10-01,25093,9.5,0
2026-10-01,25094,20.0,0
2026-10-01,25098,9.5,0
2026-10-01,25099,26.9,0
2026-10-01,25101,11.0,0
2026-10-01,25102,305.0,0
2026-10-01,25104,23.5,0
2026-10-01,25108,14.5,0
2026-10-01,25109,14.5,0
2026-10-01,25110,14.5,0
2026-10-01,25112,9.5,0
2026-10-01,25113,7.5,0
2026-10-01,25114,9.5,0
2026-10-01,25118,15.0,0
2026-10-01,25120,149.0,0
2026-10-01,25121,33.0,0
2026-10-01,25122,33.0,0
2026-10-01,25123,33.0,0
2026-10-01,25130,19.8,0
2026-10-01,25137,6.5,0
2026-10-01,25139,7.0,0
2026-10-01,25141,10.5,0
2026-10-01,25145,19.5,0
2026-10-01,25146,13.5,0
2026-10-01,25152,11.0,0
2026-10-01,25161,20.0,0
2026-10-01,25166,13.5,0
2026-10-01,25168,16.5,0
2026-10-01,25173,4.5,0
2026-10-01,25175,35.0,0
2026-10-01,25180,20.0,0
2026-10-01,25185,46.9,0
2026-10-01,25188,10.0,0
2026-10-01,25194,21.9,0
2026-10-01,25200,10.0,0
2026-10-01,25201,10.0,0
2026-10-01,25202,10.0,0
2026-10-01,25203,10.0,0
2026-10-01,25211,2.5,0
2026-10-01,25212,2.0,0
2026-10-01,25213,2.5,0
2026-10-01,25214,2.5,0
2026-10-01,25223,10.0,0
2026-10-01,25239,14.5,0
2026-10-01,25240,63.0,0
2026-10-01,25241,30.0,0
2026-10-01,25243,8.5,0
2026-10-01,25244,8.5,0
2026-10-01,25246,76.0,0
2026-10-01,25252,23.5,0
2026-10-01,25255,2.5,0
2026-10-01,25259,42.0,0
2026-10-01,25260,19.5,0
2026-10-01,25265,12.8,0
2026-10-01,25266,14.0,0
2026-10-01,25268,19.5,0
2026-10-01,25269,19.5,0
2026-10-01,25275,40.0,0
2026-10-01,25276,34.5,0
2026-10-01,25279,24.5,0
2026-10-01,25286,18.5,0
2026-10-01,25287,20.5,0
2026-10-01,25289,17.0,0
2026-10-01,25292,18.5,0
2026-10-01,25294,68.5,0
2026-10-01,25295,249.0,0
2026-10-01,25298,50.0,0
2026-10-01,25299,55.0,0
2026-10-01,25303,13.9,0
2026-10-01,25304,28.9,0
2026-10-01,25307,109.0,0
2026-10-01,25308,13.5,0
2026-10-01,25314,24.0,0
2026-10-01,25315,7.5,0
2026-10-01,25318,285.0,0
2026-10-01,25320,26.0,0
2026-10-01,25322,26.5,0
2026-10-01,25323,22.0,0
2026-10-01,25324,14.5,0
2026-10-01,25325,26.0,0
2026-10-01,25326,26.0,0
2026-10-01,25327,26.0,0
2026-10-01,25332,21.9,0
2026-10-01,25334,44.5,0
2026-10-01,25338,5.0,0
2026-10-01,25341,38.9,0
2026-10-01,25342,16.8,0
2026-10-01,25344,9.9,0
2026-10-01,25345,75.0,0
2026-10-01,25346,75.0,0
2026-10-01,25347,24.5,0
2026-10-01,25349,7.5,0
2026-10-01,25350,7.5,0
2026-10-01,25360,125.0,0
2026-10-01,25363,305.0,0
2026-10-01,25365,16.0,0
2026-10-01,25369,17.5,0
2026-10-01,25377,155.0,0
2026-10-01,25379,14.0,0
2026-10-01,25387,71.5,0
2026-10-01,25388,72.5,0
2026-10-01,25392,25.5,0
2026-10-01,25401,17.9,0
2026-10-01,25402,17.9,0
2026-10-01,25403,23.5,0
2026-10-01,25404,12.0,0
2026-10-01,25406,16.0,0
2026-10-01,25409,29.9,0
2026-10-01,25410,9.2,0
2026-10-01,25427,65.0,0
2026-10-01,25428,32.5,0
2026-10-01,25430,10.5,0
2026-10-01,25431,9.5,0
2026-10-01,25440,44.5,0
2026-10-01,25441,53.0,0
2026-10-01,25451,35.0,0
2026-10-01,25454,20.0,0
2026-10-01,25461,11.5,0
2026-10-01,25462,11.5,0
2026-10-01,25483,112.5,0
2026-10-01,25486,16.0,0
2026-10-01,25487,16.0,0
2026-10-01,25489,15.5,0
2026-10-01,25493,15.5,0
2026-10-01,25494,10.5,0
2026-10-01,25495,17.5,0
2026-10-01,25640,43.5,0
2026-10-01,25771,15.5,0
2026-10-01,25946,16.9,0
2026-10-01,25947,20.5,0
2026-10-01,25948,16.9,0
2026-10-01,25950,48.0,0
2026-10-01,25951,7.0,0
2026-10-01,25952,7.0,0
2026-10-01,25954,197.5,0
2026-10-01,25955,11.0,0
2026-10-01,25957,14.5,0
2026-10-01,25958,16.9,0
2026-10-01,25959,20.0,0
2026-10-01,25960,16.9,0
2026-10-01,25961,20.0,0
2026-10-01,25962,16.9,0
2026-10-01,25964,24.5,0
2026-10-01,25965,28.0,0
2026-10-01,25969,56.0,0
2026-10-01,25970,18.0,0
2026-10-01,25978,8.5,0
2026-10-01,25979,8.5,0
2026-10-01,25980,17.5,0
2026-10-01,25981,10.5,0
2026-10-01,25982,89.0,0
2026-10-01,25985,6.9,0
2026-10-01,25986,6.9,0
2026-10-01,25989,32.0,0
2026-10-01,25990,24.0,0
2026-10-01,25993,97.5,0
2026-10-01,25994,97.5,0
2026-10-01,25996,47.5,0
2026-10-01,25997,37.5,0
2026-10-01,25998,34.5,0
2026-10-01,25999,12.5,0
2026-10-01,26001,7.6,0
2026-10-01,26002,9.5,0
2026-10-01,26004,10.5,0
2026-10-01,26015,57.5,0
2026-10-01,26022,8.9,0
2026-10-01,26035,40.0,0
2026-10-01,26036,40.0,0
2026-10-01,26041,29.0,0
2026-10-01,26042,24.0,0
2026-10-01,26043,30.5,0
2026-10-01,26045,103.5,0
2026-10-01,26046,205.0,0
2026-10-01,26047,299.0,0
2026-10-01,26050,29.5,0
2026-10-01,26054,69.0,0
2026-10-01,26055,60.0,0
2026-10-01,26056,92.0,0
2026-10-01,26057,60.0,0
2026-10-01,26060,86.0,0
2026-10-01,26062,22.0,0
2026-10-01,26063,19.5,0
2026-10-01,26071,67.5,0
2026-10-01,26073,23.0,0
2026-10-01,26074,23.0,0
2026-10-01,26075,21.5,0
2026-10-01,26082,14.0,0
2026-10-01,26092,30.9,0
2026-10-01,26094,33.3,0
2026-10-01,26095,32.0,0
2026-10-01,26106,33.3,0
2026-10-01,26107,33.3,0
2026-10-01,26108,33.3,0
2026-10-01,26112,75.0,0
2026-10-01,26113,75.0,0
2026-10-01,26114,75.0,0
2026-10-01,26117,63.0,0
2026-10-01,26124,30.9,0
2026-10-01,26125,33.3,0
2026-10-01,26129,33.3,0
2026-10-01,26130,33.3,0
2026-10-01,26131,30.9,0
2026-10-01,26132,33.3,0
2026-10-01,26133,33.3,0
2026-10-01,26134,30.9,0
2026-10-01,26135,30.9,0
2026-10-01,26150,30.5,0
2026-10-01,26151,17.5,0
2026-10-01,26162,26.0,0
2026-10-01,26163,25.5,0
2026-10-01,26164,49.9,0
2026-10-01,26173,28.5,0
2026-10-01,26174,28.5,0
2026-10-01,26175,13.5,0
2026-10-01,26176,13.5,0
2026-10-01,26177,13.5,0
2026-10-01,26178,13.5,0
2026-10-01,26188,22.0,0
2026-10-01,26189,22.0,0
2026-10-01,26190,22.0,0
2026-10-01,26191,60.0,0
2026-10-01,26193,22.0,0
2026-10-01,26194,51.0,0
2026-10-01,26200,23.5,0
2026-10-01,26216,33.9,0
2026-10-01,26217,26.5,0
2026-10-01,26232,28.5,0
2026-10-01,26233,220.0,0
2026-10-01,27001,11.0,0
2026-10-01,27005,11.0,0
2026-10-01,27008,13.7,0
2026-10-01,27011,8.0,0
2026-10-01,27015,125.0,0
2026-10-01,27018,11.5,0
2026-10-01,27025,30.0,0
2026-10-01,27026,30.0,0
2026-10-01,27028,30.0,0
2026-10-01,27030,30.0,0
2026-10-01,27031,30.0,0
2026-10-01,27032,30.0,0
2026-10-01,27033,30.0,0
2026-10-01,27036,125.0,0
2026-10-01,27037,108.0,0
2026-10-01,27044,21.0,0
2026-10-01,27048,7.5,0
2026-10-01,27049,7.5,0
2026-10-01,27050,6.9,0
2026-10-01,27051,20.5,0
2026-10-01,27061,29.5,0
2026-10-01,27065,10.0,0
2026-10-01,27066,18.5,0
2026-10-01,27067,16.9,0
2026-10-01,27068,16.0,0
2026-10-01,27073,16.0,0
2026-10-01,27074,7.5,0
2026-10-01,27092,6.0,0
2026-10-01,27093,30.0,0
2026-10-01,27094,60.0,0
2026-10-01,27096,36.9,0
2026-10-01,27099,93.5,0
2026-10-01,27110,13.5,0
2026-10-01,29001,227.0,0
2026-10-01,29003,15.0,0
2026-10-01,29004,14.5,0
2026-10-01,29005,5.9,0
2026-10-01,29011,99.0,0
2026-10-01,29015,30.0,0
2026-10-01,29018,33.0,0
2026-10-01,29019,7.5,0
2026-10-01,29022,18.8,0
2026-10-01,29023,8.9,0
2026-10-01,29042,17.5,0
2026-10-01,29043,17.5,0
2026-10-01,29044,14.9,0
2026-10-01,29045,102.5,0
2026-10-01,29049,14.3,0
2026-10-01,29054,31.0,0
2026-10-01,29055,31.0,0
2026-10-01,29056,31.0,0
2026-10-01,29057,21.5,0
2026-10-01,29059,28.5,0
2026-10-01,29064,435.0,0
2026-10-01,29065,103.5,0
2026-10-01,29066,15.0,0
2026-10-01,29069,15.0,0
2026-10-01,29070,20.0,0
2026-10-01,29071,21.0,0
2026-10-01,29072,15.5,0
2026-10-01,29073,25.0,0
2026-10-01,29074,21.0,0
2026-10-01,29080,19.5,0
2026-10-01,29081,19.5,0
2026-10-01,29082,6.0,0
2026-10-01,29088,64.9,0
2026-10-01,29099,40.0,0
2026-10-01,29102,20.5,0
2026-10-01,29103,17.5,0
2026-10-01,29104,10.5,0
2026-10-01,29105,21.0,0
2026-10-01,29107,20.0,0
2026-10-01,29116,76.9,0
2026-10-01,29117,8.5,0
2026-10-01,29118,4.0,0
2026-10-01,29120,6.2,0
2026-10-01,29121,6.2,0
2026-10-01,29125,16.0,0
2026-10-01,29129,58.6,0
2026-10-01,29132,8.0,0
2026-10-01,29136,18.5,0
2026-10-01,29137,18.5,0
2026-10-01,29138,60.0,0
2026-10-01,29139,60.0,0
2026-10-01,29142,60.0,0
2026-10-01,29144,130.0,0
2026-10-01,29145,85.0,0
2026-10-01,29147,67.5,0
2026-10-01,29148,12.5,0
2026-10-01,29246,8.5,0
2026-10-01,29789,24.0,0
2026-10-01,29790,24.0,0
2026-10-01,30101,9.9,0
2026-10-01,30102,14.0,0
2026-10-01,30103,12.0,0
2026-10-01,30123,29.5,0
2026-10-01,30124,35.0,0
2026-10-01,30127,5.0,0
2026-10-01,30153,35.0,0
2026-10-01,30158,30.0,0
2026-10-01,30160,88.9,0
2026-10-01,30161,88.9,0
2026-10-01,30162,11.5,0
2026-10-01,30165,8.8,0
2026-10-01,30173,241.0,0
2026-10-01,30174,4.0,0
2026-10-01,30180,12.0,0
2026-10-01,30181,12.0,0
2026-10-01,30193,124.9,0
2026-10-01,30194,124.9,0
2026-10-01,30197,5.5,0
2026-10-01,30219,11.5,0
2026-10-01,30221,66.5,0
2026-10-01,30237,11.5,0
2026-10-01,30238,7.8,0
2026-10-01,30242,7.5,0
2026-10-01,30243,62.5,0
2026-10-01,30247,48.5,0
2026-10-01,30251,19.5,0
2026-10-01,30265,96.5,0
2026-10-01,30266,61.5,0
2026-10-01,30267,39.9,0
2026-10-01,30275,16.9,0
2026-10-01,30277,56.0,0
2026-10-01,30280,56.0,0
2026-10-01,30283,5.4,0
2026-10-01,30284,5.4,0
2026-10-01,30285,5.4,0
2026-10-01,30286,5.4,0
2026-10-01,30315,38.0,0
2026-10-01,30332,6.0,0
2026-10-01,30334,6.5,0
2026-10-01,30337,13.0,0
2026-10-01,30338,13.0,0
2026-10-01,30339,13.0,0
2026-10-01,30353,20.0,0
2026-10-01,30357,745.0,0
2026-10-01,30402,37.0,0
2026-10-01,30408,27.5,0
2026-10-01,30409,34.5,0
2026-10-01,30410,41.0,0
2026-10-01,30411,20.0,0
2026-10-01,30412,13.5,0
2026-10-01,30413,20.0,0
2026-10-01,30415,20.0,0
2026-10-01,30416,33.0,0
2026-10-01,30469,19.0,0
2026-10-01,30470,28.0,0
2026-10-01,30471,20.5,0
2026-10-01,30472,12.4,0
2026-10-01,30473,15.5,0
2026-10-01,30474,15.5,0
2026-10-01,30475,23.0,0
2026-10-01,30476,18.0,0
2026-10-01,30477,28.8,0
2026-10-01,30479,33.5,0
2026-10-01,30486,69.9,0
2026-10-01,30493,82.0,0
2026-10-01,30503,18.9,0
2026-10-01,30504,21.5,0
2026-10-01,30505,18.9,0
2026-10-01,30508,97.5,0
2026-10-01,30509,97.5,0
2026-10-01,30510,329.0,0
2026-10-01,30515,44.5,0
2026-10-01,30518,22.5,0
2026-10-01,30519,13.5,0
2026-10-01,30520,13.5,0
2026-10-01,30535,13.8,0
2026-10-01,30536,13.8,0
2026-10-01,30544,20.5,0
2026-10-01,30547,199.0,0
2026-10-01,30554,78.0,0
2026-10-01,30584,177.5,0
2026-10-01,30587,67.0,0
2026-10-01,30597,107.5,0
2026-10-01,30598,52.5,0
2026-10-01,30600,48.8,0
2026-10-01,30602,189.0,0
2026-10-01,30610,8.8,0
2026-10-01,30613,29.0,0
2026-10-01,30614,36.0,0
2026-10-01,30616,29.5,0
2026-10-01,30620,24.9,0
2026-10-01,30621,24.9,0
2026-10-01,30622,24.9,0
2026-10-01,30623,24.9,0
2026-10-01,30624,43.5,0
2026-10-01,30626,42.0,0
2026-10-01,30644,33.0,0
2026-10-01,30645,33.0,0
2026-10-01,30647,13.5,0
2026-10-01,30648,13.5,0
2026-10-01,30652,13.0,0
2026-10-01,30654,59.5,0
2026-10-01,30655,26.0,0
2026-10-01,30656,45.5,0
2026-10-01,30657,71.5,0
2026-10-01,30670,187.0,0
2026-10-01,30671,187.0,0
2026-10-01,30673,4.5,0
2026-10-01,30676,5.0,0
2026-10-01,30680,6.8,0
2026-10-01,30699,293.0,0
2026-10-01,30725,44.5,0
2026-10-01,30726,9.5,0
2026-10-01,30736,99.0,0
2026-10-01,30738,37.9,0
2026-10-01,30739,37.9,0
2026-10-01,30742,125.0,0
2026-10-01,30743,19.5,0
2026-10-01,30744,19.5,0
2026-10-01,30745,35.0,0
2026-10-01,30746,43.5,0
2026-10-01,30747,62.5,0
2026-10-01,30750,81.0,0
2026-10-01,30756,44.5,0
2026-10-01,30758,23.0,0
2026-10-01,30759,23.0,0
2026-10-01,30760,23.0,0
2026-10-01,30763,20.0,0
2026-10-01,30766,32.9,0
2026-10-01,30768,15.0,0
2026-10-01,30771,125.0,0
2026-10-01,30779,15.0,0
2026-10-01,30784,99.5,0
2026-10-01,30789,5.7,0
2026-10-01,30790,5.7,0
2026-10-01,30801,52.5,0
2026-10-01,30805,9.0,0
2026-10-01,30808,7.8,0
2026-10-01,30812,45.5,0
2026-10-01,30818,18.0,0
2026-10-01,30830,5.0,0
2026-10-01,30831,5.0,0
2026-10-01,30835,58.0,0
2026-10-01,30837,4.0,0
2026-10-01,30838,4.0,0
2026-10-01,30840,36.0,0
2026-10-01,30854,11.0,0
2026-10-01,30855,115.0,0
2026-10-01,30861,20.0,0
2026-10-01,30863,26.5,0
2026-10-01,30865,44.0,0
2026-10-01,30866,65.0,0
2026-10-01,30867,65.0,0
2026-10-01,30869,14.0,0
2026-10-01,30871,41.0,0
2026-10-01,30872,41.0,0
2026-10-01,30873,21.5,0
2026-10-01,30874,21.0,0
2026-10-01,30875,34.9,0
2026-10-01,30877,13.5,0
2026-10-01,30878,13.5,0
2026-10-01,30889,41.0,0
2026-10-01,30892,33.0,0
2026-10-01,30893,9.5,0
2026-10-01,30895,6.5,0
2026-10-01,30896,13.0,0
2026-10-01,30897,17.5,0
2026-10-01,30898,9.0,0
2026-10-01,30900,25.0,0
2026-10-01,30903,187.0,0
2026-10-01,30909,16.9,0
2026-10-01,30911,16.9,0
2026-10-01,30912,16.5,0
2026-10-01,30917,8.9,0
2026-10-01,30918,21.5,0
2026-10-01,30919,21.5,0
2026-10-01,30921,249.0,0
2026-10-01,30922,8.0,0
2026-10-01,30923,8.0,0
2026-10-01,30924,8.0,0
2026-10-01,30929,16.5,0
2026-10-01,30932,17.5,0
2026-10-01,30933,9.3,0
2026-10-01,30935,115.0,0
2026-10-01,30938,5.0,0
2026-10-01,30939,5.0,0
2026-10-01,30940,5.0,0
2026-10-01,30941,9.9,0
2026-10-01,30945,9.5,0
2026-10-01,30946,9.5,0
2026-10-01,30947,5.0,0
2026-10-01,30948,5.0,0
2026-10-01,30952,11.5,0
2026-10-01,30953,11.5,0
2026-10-01,30957,39.9,0
2026-10-01,30958,23.5,0
2026-10-01,30961,187.0,0
2026-10-01,30962,97.0,0
2026-10-01,30966,14.5,0
2026-10-01,30969,20.0,0
2026-10-01,30970,25.0,0
2026-10-01,30996,16.5,0
2026-10-01,30998,31.5,0
2026-10-01,31007,3.9,0
2026-10-01,31013,83.0,0
2026-10-01,31014,83.0,0
2026-10-01,31028,5.5,0
2026-10-01,31029,7.5,0
2026-10-01,31030,61.0,0
2026-10-01,31031,42.0,0
2026-10-01,31032,26.0,0
2026-10-01,31035,14.0,0
2026-10-01,31037,23.5,0
2026-10-01,31039,23.5,0
2026-10-01,31043,12.0,0
2026-10-01,31045,17.5,0
2026-10-01,31047,29.0,0
2026-10-01,31048,59.9,0
2026-10-01,31049,22.0,0
2026-10-01,31050,14.0,0
2026-10-01,31053,64.5,0
2026-10-01,31064,209.0,0
2026-10-01,31066,209.0,0
2026-10-01,31075,209.0,0
2026-10-01,31078,35.9,0
2026-10-01,31095,22.5,0
2026-10-01,31102,66.0,0
2026-10-01,31108,26.0,0
2026-10-01,31109,26.0,0
2026-10-01,31112,115.0,0
2026-10-01,31120,12.4,0
2026-10-01,31121,42.0,0
2026-10-01,31131,43.0,0
2026-10-01,31139,281.0,0
2026-10-01,31143,28.0,0
2026-10-01,31144,19.0,0
2026-10-01,31146,205.0,0
2026-10-01,31150,57.5,0
2026-10-01,31152,13.0,0
2026-10-01,31153,18.0,0
2026-10-01,31154,10.0,0
2026-10-01,31155,40.0,0
2026-10-01,31157,18.5,0
2026-10-01,31158,34.5,0
2026-10-01,31169,11.5,0
2026-10-01,31185,10.0,0
2026-10-01,31186,14.5,0
2026-10-01,31187,14.5,0
2026-10-01,31200,7.9,0
2026-10-01,31205,114.0,0
2026-10-01,31218,115.0,0
2026-10-01,31219,120.0,0
2026-10-01,31231,20.0,0
2026-10-01,31233,48.5,0
2026-10-01,31235,4.7,0
2026-10-01,31253,19.5,0
2026-10-01,31262,20.0,0
2026-10-01,31263,112.0,0
2026-10-01,31264,112.0,0
2026-10-01,31265,112.0,0
2026-10-01,31268,31.0,0
2026-10-01,31269,31.0,0
2026-10-01,31272,4.7,0
2026-10-01,31286,155.0,0
2026-10-01,31287,155.0,0
2026-10-01,31296,8.5,0
2026-10-01,31297,8.0,0
2026-10-01,31308,125.0,0
2026-10-01,31310,42.5,0
2026-10-01,31312,61.0,0
2026-10-01,31331,42.5,0
2026-10-01,31339,6.0,0
2026-10-01,31340,6.0,0
2026-10-01,31351,45.0,0
2026-10-01,31358,19.5,0
2026-10-01,31359,26.0,0
2026-10-01,31360,26.0,0
2026-10-01,31361,22.5,0
2026-10-01,31363,36.0,0
2026-10-01,31364,36.0,0
2026-10-01,31365,20.5,0
2026-10-01,31370,56.0,0
2026-10-01,31372,122.5,0
2026-10-01,31373,122.5,0
2026-10-01,31386,9.0,0
2026-10-01,31391,25.0,0
2026-10-01,31395,22.5,0
2026-10-01,31396,5.0,0
2026-10-01,31404,128.0,0
2026-10-01,31413,12.2,0
2026-10-01,31416,359.0,0
2026-10-01,31423,7.0,0
2026-10-01,31428,24.5,0
2026-10-01,31429,15.0,0
2026-10-01,31431,4.8,0
2026-10-01,31432,4.8,0
2026-10-01,31443,13.5,0
2026-10-01,31444,15.0,0
2026-10-01,31463,188.0,0
2026-10-01,31464,21.5,0
2026-10-01,31469,20.0,0
2026-10-01,31470,30.0,0
2026-10-01,31472,28.0,0
2026-10-01,31473,42.0,0
2026-10-01,31475,28.0,0
2026-10-01,31476,42.0,0
2026-10-01,31477,25.0,0
2026-10-01,31478,25.0,0
2026-10-01,31479,19.5,0
2026-10-01,31480,25.0,0
2026-10-01,31481,19.5,0
2026-10-01,31482,19.5,0
2026-10-01,31487,21.0,0
2026-10-01,31489,21.0,0
2026-10-01,31495,24.5,0
2026-10-01,31496,24.5,0
2026-10-01,31507,187.0,0
2026-10-01,31533,187.0,0
2026-10-01,31535,218.0,0
2026-10-01,31538,39.0,0
2026-10-01,31541,16.9,0
2026-10-01,31543,16.9,0
2026-10-01,31553,8.0,0
2026-10-01,31556,180.0,0
2026-10-01,31558,9.8,0
2026-10-01,31560,12.0,0
2026-10-01,31561,10.0,0
2026-10-01,31571,99.9,0
2026-10-01,31572,16.5,0
2026-10-01,31573,16.5,0
2026-10-01,31578,12.0,0
2026-10-01,31581,26.5,0
2026-10-01,31582,26.5,0
2026-10-01,31583,26.5,0
2026-10-01,31599,68.0,0
2026-10-01,32182,23.0,0
2026-10-01,33687,38.5,0
2026-10-01,33770,28.0,0
2026-10-01,33771,28.0,0
2026-10-01,33878,15.5,0
2026-10-01,34114,39.5,0
2026-10-01,34115,39.5,0
2026-10-01,34717,36.5,0
2026-10-01,34811,35.0,0
2026-10-01,34871,8.7,0
2026-10-01,35070,36.0,0
2026-10-01,35071,68.0,0
2026-10-01,35073,36.5,0
2026-10-01,35075,38.0,0
2026-10-01,35076,73.5,0
2026-10-01,35077,35.0,0
2026-10-01,35400,33.3,0
2026-10-01,35403,30.9,0
2026-10-01,35445,50.0,0
2026-10-01,35446,50.0,0
2026-10-01,35447,50.0,0
2026-10-01,35788,25.5,0
2026-10-01,35789,25.5,0
2026-10-01,35790,25.5,0
2026-10-01,35791,9.8,0
2026-10-01,35792,18.0,0
2026-10-01,35793,8.9,0
2026-10-01,35794,18.9,0
2026-10-01,35795,10.9,0
2026-10-01,35796,24.9,0
2026-10-01,35797,44.9,0
2026-10-01,35798,11.5,0
2026-10-01,35799,26.5,0
2026-10-01,36589,32.5,0
2026-10-01,36590,32.5,0
2026-10-01,37041,9.5,0
2026-10-01,37345,14.0,0
2026-10-01,37356,60.0,0
2026-10-01,37359,8.0,0
2026-10-01,37400,21.5,0
2026-10-01,37401,22.5,0
2026-10-01,37402,19.5,0
2026-10-01,37413,143.5,0
2026-10-01,37425,17.5,0
2026-10-01,37428,275.0,0
2026-10-01,37715,8.5,0
2026-10-01,38110,27.0,0
2026-10-01,38111,26.5,0
2026-10-01,38172,46.0,0
2026-10-01,38199,205.0,0
2026-10-01,38234,11.5,0
2026-10-01,38296,64.0,0
2026-10-01,38297,198.0,0
2026-10-01,38300,39.0,0
2026-10-01,38342,13.0,0
2026-10-01,38350,13.0,0
2026-10-01,38407,4.5,0
2026-10-01,38415,4.5,0
2026-10-01,38425,4.6,0
2026-10-01,38788,12.5,0
2026-10-01,38789,11.3,0
2026-10-01,38881,3.8,0
2026-10-01,38882,7.5,0
2026-10-01,38938,4.3,0
2026-10-01,38946,8.0,0
2026-10-01,38962,3.2,0
2026-10-01,39616,28.5,0
2026-10-01,39718,87.0,0
2026-10-01,40001,22.0,0
2026-10-01,40011,45.0,0
2026-10-01,40467,18.5,0
2026-10-01,40470,152.0,0
2026-10-01,41516,125.0,0
2026-10-01,41977,42.0,0
2026-10-01,42056,19.7,0
2026-10-01,42064,19.7,0
2026-10-01,42161,63.0,0
2026-10-01,43354,73.5,0
2026-10-01,44977,17.5,0
2026-10-01,45233,120.0,0
2026-10-01,45314,24.9,0
2026-10-01,45549,22.5,0
2026-10-01,45788,76.0,0
2026-10-01,45789,40.0,0
2026-10-01,45792,37.5,0
2026-10-01,45793,17.5,0
2026-10-01,46106,6.0,0
2026-10-01,46108,5.5,0
2026-10-01,46135,5.5,0
2026-10-01,46351,18.0,0
2026-10-01,46655,35.4,0
2026-10-01,46663,35.4,0
2026-10-01,46710,5.8,0
2026-10-01,47187,7.0,0
2026-10-01,47189,75.5,0
2026-10-01,47392,519.0,0
2026-10-01,47397,19.0,0
2026-10-01,47398,15.0,0
2026-10-01,47457,165.0,0
2026-10-01,47678,649.0,0
2026-10-01,48526,41.5,0
2026-10-01,48658,12.7,0
2026-10-01,48666,16.9,0
2026-10-01,48674,82.0,0
2026-10-01,48704,16.9,0
2026-10-01,48720,81.9,0
2026-10-01,48778,18.5,0
2026-10-01,49701,37.9,0
2026-10-01,49905,132.0,0
2026-10-01,50030,165.0,0
2026-10-01,50032,11.0,0
2026-10-01,50066,84.9,0
2026-10-01,50075,319.0,0
2026-10-01,50106,19.9,0
2026-10-01,50145,79.5,0
2026-10-01,51064,64.5,0
2026-10-01,51284,26.0,0
2026-10-01,51471,5.0,0
2026-10-01,51616,134.0,0
2026-10-01,51993,9.3,0
2026-10-01,52257,339.0,0
2026-10-01,54060,11.5,0
2026-10-01,54061,11.0,0
2026-10-01,54062,19.9,0
2026-10-01,54063,19.9,0
2026-10-01,56030,120.0,0
2026-10-01,56057,68.0,0
2026-10-01,57117,35.5,0
2026-10-01,57771,33.0,0
2026-10-01,57773,32.5,0
2026-10-01,58360,32.9,0
2026-10-01,58378,16.9,0
2026-10-01,58424,18.9,0
2026-10-01,59041,6.5,0
2026-10-01,59366,10.5,0
2026-10-01,60002,56.0,0
2026-10-01,60003,33.0,0
2026-10-01,60005,175.0,0
2026-10-01,60013,82.5,0
2026-10-01,60028,26.0,0
2026-10-01,60041,21.9,0
2026-10-01,60042,21.9,0
2026-10-01,60043,47.5,0
2026-10-01,60044,33.5,0
2026-10-01,60045,33.5,0
2026-10-01,60051,10.0,0
2026-10-01,60053,29.5,0
2026-10-01,60059,33.5,0
2026-10-01,60061,19.5,0
2026-10-01,60062,17.5,0
2026-10-01,60063,26.0,0
2026-10-01,60064,26.0,0
2026-10-01,60065,26.0,0
2026-10-01,60066,30.0,0
2026-10-01,60069,21.9,0
2026-10-01,60070,21.9,0
2026-10-01,60071,21.9,0
2026-10-01,60072,81.0,0
2026-10-01,60073,36.0,0
2026-10-01,60076,239.0,0
2026-10-01,60080,21.9,0
2026-10-01,60081,81.0,0
2026-10-01,60083,81.0,0
2026-10-01,60084,81.0,0
2026-10-01,60086,28.0,0
2026-10-01,60088,48.5,0
2026-10-01,60089,8.0,0
2026-10-01,60090,8.0,0
2026-10-01,60091,8.0,0
2026-10-01,60092,7.5,0
2026-10-01,60109,42.0,0
2026-10-01,60114,15.0,0
2026-10-01,60468,95.5,0
2026-10-01,61719,31.5,0
2026-10-01,61972,216.6,0
2026-10-01,62190,6.5,0
2026-10-01,62510,36.5,0
2026-10-01,62511,29.0,0
2026-10-01,62618,34.0,0
2026-10-01,62626,19.5,0
2026-10-01,62669,37.5,0
2026-10-01,62717,18.0,0
2026-10-01,63101,71.0,0
2026-10-01,63102,137.5,0
2026-10-01,63401,5.5,0
2026-10-01,63402,5.5,0
2026-10-01,63403,5.5,0
2026-10-01,63404,5.5,0
2026-10-01,63789,76.0,0
2026-10-01,64003,38.9,0
2026-10-01,64190,3.5,0
2026-10-01,64262,8.8,0
2026-10-01,64289,74.5,0
2026-10-01,64291,26.0,0
2026-10-01,64292,14.9,0
2026-10-01,64297,45.0,0
2026-10-01,64416,34.0,0
2026-10-01,64424,37.0,0
2026-10-01,64710,30.0,0
2026-10-01,64771,73.9,0
2026-10-01,64866,20.0,0
2026-10-01,65293,15.5,0
2026-10-01,65411,26.5,0
2026-10-01,65416,30.0,0
2026-10-01,65417,47.5,0
2026-10-01,66818,32.5,0
2026-10-01,67047,41.9,0
2026-10-01,67096,16.0,0
2026-10-01,67097,16.0,0
2026-10-01,67117,28.0,0
2026-10-01,67580,14.0,0
2026-10-01,67679,14.0,0
2026-10-01,67681,5.5,0
2026-10-01,67683,22.5,0
2026-10-01,67781,31.9,0
2026-10-01,67980,33.5,0
2026-10-01,68110,13.0,0
2026-10-01,68438,30.0,0
2026-10-01,68718,12.5,0
2026-10-01,68837,17.5,0
2026-10-01,68845,35.0,0
2026-10-01,68926,24.0,0
2026-10-01,68934,13.5,0
2026-10-01,68977,13.5,0
2026-10-01,69000,13.5,0
2026-10-01,69027,13.5,0
2026-10-01,69051,13.5,0
2026-10-01,69124,13.5,0
2026-10-01,69230,29.5,0
2026-10-01,69248,27.5,0
2026-10-01,69256,28.0,0
2026-10-01,69719,23.0,0
2026-10-01,69850,24.0,0
2026-10-01,69868,42.0,0
2026-10-01,69876,42.0,0
2026-10-01,69877,58.5,0
2026-10-01,69884,53.0,0
2026-10-01,69892,75.0,0
2026-10-01,69906,24.0,0
2026-10-01,69914,41.0,0
2026-10-01,71064,84.0,0
2026-10-01,71129,84.0,0
2026-10-01,71170,89.9,0
2026-10-01,71173,39.5,0
2026-10-01,71612,10.0,0
2026-10-01,71650,42.0,0
2026-10-01,71714,42.0,0
2026-10-01,72150,193.0,0
2026-10-01,72160,20.0,0
2026-10-01,72166,69.5,0
2026-10-01,72169,34.5,0
2026-10-01,72171,29.5,0
2026-10-01,72173,30.0,0
2026-10-01,72184,193.0,0
2026-10-01,72214,193.0,0
2026-10-01,72230,225.0,0
2026-10-01,73326,66.0,0
2026-10-01,73458,24.0,0
2026-10-01,73466,38.0,0
2026-10-01,73490,51.0,0
2026-10-01,73512,22.0,0
2026-10-01,74454,81.0,0
2026-10-01,74941,7.0,0
2026-10-01,75191,10.0,0
2026-10-01,75825,599.0,0
2026-10-01,77178,12.0,0
2026-10-01,82414,12.7,0
2026-10-01,82422,18.0,0
2026-10-01,82430,91.9,0
2026-10-01,82570,41.9,0
2026-10-01,82627,38.9,0
2026-10-01,82643,54.9,0
2026-10-01,83992,169.0,0
2026-10-01,85001,40.9,0
2026-10-01,85002,76.5,0
2026-10-01,85003,76.5,0
2026-10-01,85004,44.5,0
2026-10-01,85005,83.0,0
2026-10-01,85006,44.5,0
2026-10-01,85007,83.0,0
2026-10-01,85092,177.0,0
2026-10-01,85093,193.0,0
2026-10-01,85094,177.0,0
2026-10-01,86126,125.0,0
2026-10-01,86134,125.0,0
2026-10-01,86667,6.3,0
2026-10-01,87887,128.0,0
2026-10-01,89966,155.0,0
2026-10-01,90018,99.0,0
2026-10-01,90115,51.0,0
2026-10-01,90123,6.7,0
2026-10-01,90131,11.0,0
2026-10-01,90140,12.5,0
2026-10-01,90158,4.5,0
2026-10-01,90166,4.2,0
2026-10-01,90174,5.5,0
2026-10-01,90182,5.5,0
2026-10-01,90239,9.0,0
2026-10-01,90247,11.0,0
2026-10-01,90263,8.5,0
2026-10-01,90298,10.5,0
2026-10-01,90310,12.0,0
2026-10-01,90328,7.2,0
2026-10-01,90387,15.5,0
2026-10-01,90395,24.5,0
2026-10-01,90433,15.0,0
2026-10-01,90441,15.0,0
2026-10-01,90492,14.5,0
2026-10-01,90506,12.0,0
2026-10-01,90530,33.0,0
2026-10-01,90573,21.0,0
2026-10-01,90590,21.0,0
2026-10-01,94749,19.9,0
2026-10-01,94757,15.5,0
2026-10-01,95060,12.0,0
2026-10-01,95087,9.0,0
2026-10-01,95095,8.5,0
2026-10-01,95109,9.5,0
2026-10-01,95117,9.5,0
2026-10-01,95133,27.5,0
2026-10-01,95150,17.5,0
2026-10-01,96024,6.6,0
2026-10-01,96075,6.6,0
2026-10-01,97079,29.5,0
2026-10-01,97215,52.5,0
2026-10-01,97267,49.9,0
2026-10-01,98720,30.0,0
2026-10-01,98723,30.0,0
2026-10-01,100037,11.5,0
2026-10-01,100038,15.9,0
2026-10-01,100042,6.3,0
2026-10-01,100043,6.5,0
2026-10-01,100044,81.0,0
2026-10-01,100045,6.3,0
2026-10-01,100049,22.5,0
2026-10-01,100056,44.6,0
2026-10-01,100057,54.6,0
2026-10-01,100059,45.9,0
2026-10-01,100069,137.5,0
2026-10-01,100071,55.5,0
2026-10-01,100081,40.5,0
2026-10-01,100082,40.5,0
2026-10-01,100083,40.5,0
2026-10-01,100084,42.0,0
2026-10-01,100085,42.0,0
2026-10-01,100096,45.9,0
2026-10-01,100098,47.9,0
2026-10-01,100099,21.9,0
2026-10-01,100109,10.0,0
2026-10-01,100149,47.9,0
2026-10-01,100182,68.0,0
2026-10-01,100189,47.0,0
2026-10-01,100208,118.0,0
2026-10-01,100209,120.0,0
2026-10-01,100211,115.0,0
2026-10-01,100212,115.0,0
2026-10-01,100219,7.5,0
2026-10-01,100244,63.9,0
2026-10-01,100263,7.5,0
2026-10-01,100264,7.5,0
2026-10-01,100265,47.0,0
2026-10-01,100267,50.5,0
2026-10-01,100276,105.0,0
2026-10-01,100297,32.5,0
2026-10-01,100299,32.5,0
2026-10-01,100323,12.0,0
2026-10-01,100350,19.8,0
2026-10-01,100356,77.9,0
2026-10-01,100361,174.9,0
2026-10-01,100384,6.0,0
2026-10-01,100424,11.9,0
2026-10-01,100426,11.9,0
2026-10-01,100427,11.9,0
2026-10-01,100428,11.9,0
2026-10-01,100469,39.5,0
2026-10-01,100496,215.0,0
2026-10-01,100506,9.7,0
2026-10-01,100525,11.9,0
2026-10-01,100534,15.0,0
2026-10-01,100567,14.5,0
2026-10-01,100576,77.0,0
2026-10-01,100577,77.0,0
2026-10-01,100586,59.5,0
2026-10-01,100589,55.0,0
2026-10-01,100593,23.0,0
2026-10-01,100594,20.5,0
2026-10-01,100596,26.5,0
2026-10-01,100600,54.0,0
2026-10-01,100602,12.5,0
2026-10-01,100603,7.5,0
2026-10-01,100604,32.5,0
2026-10-01,100606,7.5,0
2026-10-01,100607,7.5,0
2026-10-01,100621,12.5,0
2026-10-01,100625,16.5,0
2026-10-01,100626,15.0,0
2026-10-01,100628,7.5,0
2026-10-01,100629,7.5,0
2026-10-01,100630,5.5,0
2026-10-01,100631,15.3,0
2026-10-01,100638,20.0,0
2026-10-01,100642,20.0,0
2026-10-01,100644,320.0,0
2026-10-01,100646,33.5,0
2026-10-01,100647,73.5,0
2026-10-01,100648,71.0,0
2026-10-01,100672,5.8,0
2026-10-01,100675,73.5,0
2026-10-01,100693,24.5,0
2026-10-01,100723,48.0,0
2026-10-01,100732,92.0,0
2026-10-01,100758,12.4,0
2026-10-01,100761,12.4,0
2026-10-01,100818,37.5,0
2026-10-01,100819,12.5,0
2026-10-01,100820,9.5,0
2026-10-01,100821,9.5,0
2026-10-01,100822,9.5,0
2026-10-01,100823,9.5,0
2026-10-01,100835,26.5,0
2026-10-01,100836,20.7,0
2026-10-01,100926,17.5,0
2026-10-01,100930,17.5,0
2026-10-01,100944,15.0,0
2026-10-01,100965,19.5,0
2026-10-01,100975,106.0,0
2026-10-01,100977,240.0,0
2026-10-01,100979,112.5,0
2026-10-01,100980,112.5,0
2026-10-01,100987,29.5,0
2026-10-01,100988,29.5,0
2026-10-01,100992,29.5,0
2026-10-01,101006,44.9,0
2026-10-01,101028,5.5,0
2026-10-01,101029,10.5,0
2026-10-01,101045,7.5,0
2026-10-01,101064,20.5,0
2026-10-01,101065,23.0,0
2026-10-01,101066,24.5,0
2026-10-01,101070,21.9,0
2026-10-01,101094,94.9,0
2026-10-01,101096,94.9,0
2026-10-01,101155,110.0,0
2026-10-01,101176,4.7,0
2026-10-01,101199,25.5,0
2026-10-01,101204,25.5,0
2026-10-01,101205,12.5,0
2026-10-01,101206,16.0,0
2026-10-01,101207,15.8,0
2026-10-01,101226,43.5,0
2026-10-01,101227,103.5,0
2026-10-01,101228,47.0,0
2026-10-01,101229,43.8,0
2026-10-01,101230,43.8,0
2026-10-01,101234,64.8,0
2026-10-01,101235,42.5,0
2026-10-01,101236,42.5,0
2026-10-01,101244,39.0,0
2026-10-01,101245,19.5,0
2026-10-01,101249,43.8,0
2026-10-01,101273,13.0,0
2026-10-01,101281,4.5,0
2026-10-01,101295,24.1,0
2026-10-01,101302,24.1,0
2026-10-01,101306,4.3,0
2026-10-01,101307,76.5,0
2026-10-01,101312,42.0,0
2026-10-01,101326,28.5,0
2026-10-01,101331,106.0,0
2026-10-01,101375,23.5,0
2026-10-01,101401,62.0,0
2026-10-01,101403,26.5,0
2026-10-01,101404,26.5,0
2026-10-01,101405,26.5,0
2026-10-01,101406,26.5,0
2026-10-01,101412,359.0,0
2026-10-01,101414,61.5,0
2026-10-01,101415,154.0,0
2026-10-01,101416,24.5,0
2026-10-01,101418,39.9,0
2026-10-01,101419,99.0,0
2026-10-01,101423,70.0,0
2026-10-01,101427,16.5,0
2026-10-01,101479,42.0,0
2026-10-01,101482,24.5,0
2026-10-01,101484,29.5,0
2026-10-01,101485,29.5,0
2026-10-01,101491,31.8,0
2026-10-01,101495,10.0,0
2026-10-01,101505,19.5,0
2026-10-01,101507,16.9,0
2026-10-01,101509,8.7,0
2026-10-01,101511,10.5,0
2026-10-01,101512,9.0,0
2026-10-01,101515,58.7,0
2026-10-01,101520,44.9,0
2026-10-01,101531,59.5,0
2026-10-01,101533,20.9,0
2026-10-01,101534,20.9,0
2026-10-01,101535,20.9,0
2026-10-01,101537,20.9,0
2026-10-01,101538,11.0,0
2026-10-01,101541,12.0,0
2026-10-01,101548,10.8,0
2026-10-01,101549,9.7,0
2026-10-01,101551,36.0,0
2026-10-01,101553,135.0,0
2026-10-01,101564,20.9,0
2026-10-01,101567,18.0,0
2026-10-01,101569,16.0,0
2026-10-01,101576,25.0,0
2026-10-01,101583,159.0,0
2026-10-01,101585,98.0,0
2026-10-01,101587,24.5,0
2026-10-01,101620,7.0,0
2026-10-01,101621,7.0,0
2026-10-01,101625,165.0,0
2026-10-01,101635,44.5,0
2026-10-01,101642,32.5,0
2026-10-01,101643,16.5,0
2026-10-01,101644,14.0,0
2026-10-01,101651,16.0,0
2026-10-01,101652,16.0,0
2026-10-01,101653,16.0,0
2026-10-01,101666,26.5,0
2026-10-01,101672,24.5,0
2026-10-01,101673,24.5,0
2026-10-01,101688,12.5,0
2026-10-01,101689,23.0,0
2026-10-01,101690,44.0,0
2026-10-01,101692,47.3,0
2026-10-01,101693,41.5,0
2026-10-01,101695,8.0,0
2026-10-01,101700,172.0,0
2026-10-01,101707,19.0,0
2026-10-01,101709,20.0,0
2026-10-01,101711,16.0,0
2026-10-01,101714,17.0,0
2026-10-01,101715,13.0,0
2026-10-01,101716,23.0,0
2026-10-01,101734,20.0,0
2026-10-01,101735,12.5,0
2026-10-01,101741,15.5,0
2026-10-01,101742,15.5,0
2026-10-01,101744,22.0,0
2026-10-01,101763,12.0,0
2026-10-01,101804,15.5,0
2026-10-01,101831,40.5,0
2026-10-01,101832,40.5,0
2026-10-01,101833,40.5,0
2026-10-01,101835,40.5,0
2026-10-01,101837,40.5,0
2026-10-01,101843,77.5,0
2026-10-01,101849,74.0,0
2026-10-01,101863,27.5,0
2026-10-01,101865,12.5,0
2026-10-01,101866,11.0,0
2026-10-01,101880,43.9,0
2026-10-01,101901,218.0,0
2026-10-01,101902,123.0,0
2026-10-01,101903,81.0,0
2026-10-01,101904,81.0,0
2026-10-01,101905,218.0,0
2026-10-01,101911,23.0,0
2026-10-01,101913,7.0,0
2026-10-01,101914,11.5,0
2026-10-01,101923,10.0,0
2026-10-01,101926,46.9,0
2026-10-01,101927,31.0,0
2026-10-01,101928,31.0,0
2026-10-01,101929,48.0,0
2026-10-01,101930,48.9,0
2026-10-01,101933,70.0,0
2026-10-01,101934,56.0,0
2026-10-01,101935,61.5,0
2026-10-01,101938,44.0,0
2026-10-01,101939,44.0,0
2026-10-01,101940,15.0,0
2026-10-01,101948,49.0,0
2026-10-01,101950,189.0,0
2026-10-01,101964,8.5,0
2026-10-01,101979,15.5,0
2026-10-01,101980,28.0,0
2026-10-01,101984,45.9,0
2026-10-01,101994,13.5,0
2026-10-01,101997,45.0,0
2026-10-01,101998,45.0,0
2026-10-01,102009,63.0,0
2026-10-01,102042,26.3,0
2026-10-01,102046,166.7,0
2026-10-01,102050,82.7,0
2026-10-01,102057,99.9,0
2026-10-01,102058,62.5,0
2026-10-01,102059,110.0,0
2026-10-01,102065,110.0,0
2026-10-01,102066,110.0,0
2026-10-01,102068,110.0,0
2026-10-01,102069,62.5,0
2026-10-01,102072,62.5,0
2026-10-01,102073,62.5,0
2026-10-01,102091,259.0,0
2026-10-01,102093,63.0,0
2026-10-01,102096,13.0,0
2026-10-01,102097,23.5,0
2026-10-01,102111,35.5,0
2026-10-01,102118,31.5,0
2026-10-01,102124,26.5,0
2026-10-01,102125,6.5,0
2026-10-01,102133,25.5,0
2026-10-01,102134,31.5,0
2026-10-01,102135,19.5,0
2026-10-01,102153,32.0,0
2026-10-01,102154,67.0,0
2026-10-01,102157,38.0,0
2026-10-01,102160,11.0,0
2026-10-01,102161,10.5,0
2026-10-01,102162,8.0,0
2026-10-01,102163,68.0,0
2026-10-01,102194,43.0,0
2026-10-01,102201,65.4,0
2026-10-01,102250,125.5,0
2026-10-01,102505,8.0,0
2026-10-01,102507,8.0,0
2026-10-01,102508,8.0,0
2026-10-01,102509,21.0,0
2026-10-01,102510,21.0,0
2026-10-01,102511,21.0,0
2026-10-01,102512,21.0,0
2026-10-01,102573,4.0,0
2026-10-01,102717,25.0,0
2026-10-01,102720,25.0,0
2026-10-01,102775,6.0,0
2026-10-01,103020,95.0,0
2026-10-01,103060,24.0,0
2026-10-01,103730,88.0,0
2026-10-01,103905,22.9,0
2026-10-01,103906,22.9,0
2026-10-01,103908,22.9,0
2026-10-01,103909,22.9,0
2026-10-01,104007,131.6,0
2026-10-01,104008,131.6,0
2026-10-01,104010,16.0,0
2026-10-01,104013,16.2,0
2026-10-01,104017,97.4,0
2026-10-01,104019,97.4,0
2026-10-01,104067,74.7,0
2026-10-01,104090,43.0,0
2026-10-01,104157,42.5,0
2026-10-01,104210,149.9,0
2026-10-01,104211,14.4,0
2026-10-01,104214,10.4,0
2026-10-01,104215,10.4,0
2026-10-01,104217,9.9,0
2026-10-01,104218,9.9,0
2026-10-01,104225,11.6,0
2026-10-01,104226,11.6,0
2026-10-01,104227,11.6,0
2026-10-01,104228,6.1,0
2026-10-01,104229,6.1,0
2026-10-01,104230,6.1,0
2026-10-01,104231,6.1,0
2026-10-01,104260,50.5,0
2026-10-01,104261,87.5,0
2026-10-01,104262,37.0,0
2026-10-01,104414,237.0,0
2026-10-01,104550,4.8,0
2026-10-01,104560,30.0,0
2026-10-01,104561,30.0,0
2026-10-01,104562,30.0,0
2026-10-01,104563,30.0,0
2026-10-01,104564,30.0,0
2026-10-01,104565,30.0,0
2026-10-01,104567,30.0,0
2026-10-01,104610,25.0,0
2026-10-01,104631,99.0,0
2026-10-01,104633,25.0,0
2026-10-01,104634,31.0,0
2026-10-01,104635,13.0,0
2026-10-01,104636,47.5,0
2026-10-01,104678,29.5,0
2026-10-01,104681,80.0,0
2026-10-01,104683,80.0,0
2026-10-01,104720,30.0,0
2026-10-01,104721,30.0,0
2026-10-01,104796,19.0,0
2026-10-01,104797,59.3,0
2026-10-01,104798,31.4,0
2026-10-01,104799,50.9,0
2026-10-01,104800,35.9,0
2026-10-01,104807,44.8,0
2026-10-01,104808,52.9,0
2026-10-01,104810,25.0,0
2026-10-01,104926,75.0,0
2026-10-01,104927,75.0,0
2026-10-01,104928,83.0,0
2026-10-01,104935,78.4,0
2026-10-01,104936,62.0,0
2026-10-01,104937,78.4,0
2026-10-01,104938,62.0,0
2026-10-01,104939,78.0,0
2026-10-01,104987,18.0,0
2026-10-01,104988,87.5,0
2026-10-01,104989,87.5,0
2026-10-01,104990,60.5,0
2026-10-01,104991,47.5,0
2026-10-01,104993,47.5,0
2026-10-01,104994,47.5,0
2026-10-01,104995,43.8,0
2026-10-01,105010,75.0,0
2026-10-01,105011,26.4,0
2026-10-01,105012,27.6,0
2026-10-01,105014,30.0,0
2026-10-01,105015,26.0,0
2026-10-01,105049,65.9,0
2026-10-01,105050,65.9,0
2026-10-01,105060,42.9,0
2026-10-01,105092,13.2,0
2026-10-01,105097,75.0,0
2026-10-01,105098,75.0,0
2026-10-01,105099,75.0,0
2026-10-01,105260,144.9,0
2026-10-01,105321,21.0,0
2026-10-01,105445,29.9,0
2026-10-01,105452,24.5,0
2026-10-01,105454,24.9,0
2026-10-01,105455,31.0,0
2026-10-01,105462,42.5,0
2026-10-01,105485,44.0,0
2026-10-01,105488,17.5,0
2026-10-01,105646,59.0,0
2026-10-01,105647,59.0,0
2026-10-01,105683,132.0,0
2026-10-01,105687,59.0,0
2026-10-01,105711,59.0,0
2026-10-01,105712,59.0,0
2026-10-01,105715,8.9,0
2026-10-01,105727,167.4,0
2026-10-01,105728,99.9,0
2026-10-01,105730,18.6,0
2026-10-01,105731,18.6,0
2026-10-01,105732,99.9,0
2026-10-01,105740,50.0,0
2026-10-01,105762,37.3,0
2026-10-01,105771,7.9,0
2026-10-01,105775,37.9,0
2026-10-01,105778,5.8,0
2026-10-01,105788,20.5,0
2026-10-01,105791,37.3,0
2026-10-01,105810,61.3,0
2026-10-01,105831,10.2,0
2026-10-01,105840,20.9,0
2026-10-01,105842,20.9,0
2026-10-01,105843,20.9,0
2026-10-01,105844,20.9,0
2026-10-01,105848,65.9,0
2026-10-01,105851,15.4,0
2026-10-01,105861,22.0,0
2026-10-01,105862,7.7,0
2026-10-01,105863,10.0,0
2026-10-01,105864,10.0,0
2026-10-01,105865,16.2,0
2026-10-01,105866,18.7,0
2026-10-01,105867,27.5,0
2026-10-01,105868,42.5,0
2026-10-01,105911,42.5,0
2026-10-01,105912,105.8,0
2026-10-01,105931,6.9,0
2026-10-01,105960,86.0,0
2026-10-01,106012,88.4,0
2026-10-01,106071,28.0,0
2026-10-01,106072,60.5,0
2026-10-01,106074,87.5,0
2026-10-01,106078,60.5,0
2026-10-01,106079,60.5,0
2026-10-01,106083,36.8,0
2026-10-01,106084,59.4,0
2026-10-01,106152,47.9,0
2026-10-01,106153,47.9,0
2026-10-01,106277,11.5,0
2026-10-01,106278,11.5,0
2026-10-01,106530,14.0,0
2026-10-01,106532,14.0,0
2026-10-01,106586,53.9,0
2026-10-01,106588,31.4,0
2026-10-01,106592,83.0,0
2026-10-01,106607,185.9,0
2026-10-01,106612,46.0,0
2026-10-01,106613,46.0,0
2026-10-01,106678,8.1,0
2026-10-01,106679,13.4,0
2026-10-01,106680,8.1,0
2026-10-01,106681,11.1,0
2026-10-01,106682,13.4,0
2026-10-01,106683,13.4,0
2026-10-01,106684,8.1,0
2026-10-01,106685,31.4,0
2026-10-01,106686,6.5,0
2026-10-01,106687,24.0,0
2026-10-01,106779,50.0,0
2026-10-01,106831,41.9,0
2026-10-01,106840,35.6,0
2026-10-01,106910,42.5,0
2026-10-01,107010,20.9,0
2026-10-01,107011,20.9,0
2026-10-01,107012,20.9,0
2026-10-01,107015,29.5,0
2026-10-01,107016,29.5,0
2026-10-01,107025,20.0,0
2026-10-01,107027,20.0,0
2026-10-01,107028,139.0,0
2026-10-01,107029,20.0,0
2026-10-01,107031,89.0,0
2026-10-01,107032,75.0,0
2026-10-01,107033,75.0,0
2026-10-01,107035,75.0,0
2026-10-01,107120,17.0,0
2026-10-01,107202,51.0,0
2026-10-01,107207,22.5,0
2026-10-01,107213,24.5,0
2026-10-01,107216,8.5,0
2026-10-01,107492,74.9,0
2026-10-01,107717,18.5,0
2026-10-01,107815,10.0,0
2026-10-01,107818,10.0,0
2026-10-01,107977,81.0,0
2026-10-01,108037,195.0,0
2026-10-01,108038,195.0,0
2026-10-01,108039,195.0,0
2026-10-01,108090,31.0,0
2026-10-01,108091,34.5,0
2026-10-01,108120,19.5,0
2026-10-01,108131,189.2,0
2026-10-01,108185,42.5,0
2026-10-01,108186,39.5,0
2026-10-01,108222,20.0,0
2026-10-01,108223,20.0,0
2026-10-01,108530,96.0,0
2026-10-01,108531,96.0,0
2026-10-01,108532,114.0,0
2026-10-01,108533,13.0,0
2026-10-01,108534,57.6,0
2026-10-01,108535,9.6,0
2026-10-01,108552,51.0,0
2026-10-01,108561,94.9,0
2026-10-01,108591,25.0,0
2026-10-01,108592,25.0,0
2026-10-01,108634,20.0,0
2026-10-01,108635,24.0,0
2026-10-01,108637,46.0,0
2026-10-01,108638,30.8,0
2026-10-01,108639,79.9,0
2026-10-01,108655,86.4,0
2026-10-01,108656,96.0,0
2026-10-01,108660,71.5,0
2026-10-01,108663,71.5,0
2026-10-01,108664,76.7,0
2026-10-01,108665,76.7,0
2026-10-01,108705,59.3,0
2026-10-01,108706,59.3,0
2026-10-01,108720,61.5,0
2026-10-01,108721,46.3,0
2026-10-01,108752,18.0,0
2026-10-01,108753,97.4,0
2026-10-01,108760,95.2,0
2026-10-01,108761,129.5,0
2026-10-01,108820,15.0,0
2026-10-01,108821,15.0,0
2026-10-01,108863,10.0,0
2026-10-01,108871,34.5,0
2026-10-01,108875,62.4,0
2026-10-01,108876,62.4,0
2026-10-01,108890,21.0,0
2026-10-01,108893,21.0,0
2026-10-01,108912,14.0,0
2026-10-01,109021,16.8,0
2026-10-01,109022,27.5,0
2026-10-01,109023,64.5,0
2026-10-01,109060,66.4,0
2026-10-01,109061,83.0,0
2026-10-01,109062,83.0,0
2026-10-01,109064,13.0,0
2026-10-01,109070,29.0,0
2026-10-01,109071,19.5,0
2026-10-01,109091,123.5,0
2026-10-01,109093,188.5,0
2026-10-01,109095,27.5,0
2026-10-01,109127,17.0,0
2026-10-01,109213,11.0,0
2026-10-01,109216,25.0,0
2026-10-01,109219,59.0,0
2026-10-01,109230,14.4,0
2026-10-01,109232,14.4,0
2026-10-01,109233,38.8,0
2026-10-01,109234,27.9,0
2026-10-01,109240,29.3,0
2026-10-01,109241,29.3,0
2026-10-01,109242,29.2,0
2026-10-01,109243,29.0,0
2026-10-01,109245,15.0,0
2026-10-01,109246,14.0,0
2026-10-01,109249,18.2,0
2026-10-01,109250,19.0,0
2026-10-01,109251,19.2,0
2026-10-01,109252,19.2,0
2026-10-01,109253,18.2,0
2026-10-01,109254,23.9,0
2026-10-01,109255,23.9,0
2026-10-01,109256,23.9,0
2026-10-01,109257,23.9,0
2026-10-01,109265,14.4,0
2026-10-01,109266,57.5,0
2026-10-01,109267,16.0,0
2026-10-01,109268,20.9,0
2026-10-01,109271,11.7,0
2026-10-01,109272,21.3,0
2026-10-01,109273,118.0,0
2026-10-01,109274,118.0,0
2026-10-01,109276,118.0,0
2026-10-01,109277,118.0,0
2026-10-01,109291,64.5,0
2026-10-01,109292,42.9,0
2026-10-01,109295,77.4,0
2026-10-01,109296,77.4,0
2026-10-01,109310,226.9,0
2026-10-01,109311,226.9,0
2026-10-01,109312,226.9,0
2026-10-01,109313,226.9,0
2026-10-01,109314,19.0,0
2026-10-01,109411,41.3,0
2026-10-01,109413,78.3,0
2026-10-01,109415,29.9,0
2026-10-01,109496,39.0,0
2026-10-01,109519,101.0,0
2026-10-01,109523,33.0,0
2026-10-01,109524,26.0,0
2026-10-01,109526,26.0,0
2026-10-01,109551,75.0,0
2026-10-01,109552,75.0,0
2026-10-01,109553,75.0,0
2026-10-01,109555,187.0,0
2026-10-01,109556,187.0,0
2026-10-01,109558,74.0,0
2026-10-01,109574,163.0,0
2026-10-01,109575,163.0,0
2026-10-01,109578,61.0,0
2026-10-01,109581,63.0,0
2026-10-01,109582,63.0,0
2026-10-01,109620,24.0,0
2026-10-01,109621,18.0,0
2026-10-01,109622,6.2,0
2026-10-01,109623,8.4,0
2026-10-01,109625,25.0,0
2026-10-01,109626,25.0,0
2026-10-01,109627,20.6,0
2026-10-01,109628,18.6,0
2026-10-01,109642,26.0,0
2026-10-01,109643,33.0,0
2026-10-01,109644,26.0,0
2026-10-01,109645,33.0,0
2026-10-01,109646,33.0,0
2026-10-01,109648,21.0,0
2026-10-01,109649,21.0,0
2026-10-01,109650,33.0,0
2026-10-01,109651,33.0,0
2026-10-01,109653,21.0,0
2026-10-01,109654,21.0,0
2026-10-01,109655,26.0,0
2026-10-01,109656,26.0,0
2026-10-01,109658,26.0,0
2026-10-01,109716,14.4,0
2026-10-01,109717,25.2,0
2026-10-01,109756,11.0,0
2026-10-01,109760,29.0,0
2026-10-01,109763,44.0,0
2026-10-01,109805,24.8,0
2026-10-01,109809,90.0,0
2026-10-01,109956,12.0,0
2026-10-01,109957,45.6,0
2026-10-01,109958,90.0,0
2026-10-01,109959,12.0,0
2026-10-01,109960,45.6,0
2026-10-01,109961,90.0,0
2026-10-01,110022,44.9,0
2026-10-01,110078,27.4,0
2026-10-01,110151,27.5,0
2026-10-01,110201,82.0,0
2026-10-01,110202,39.5,0
2026-10-01,110203,39.5,0
2026-10-01,110207,39.5,0
2026-10-01,110210,39.5,0
2026-10-01,110214,39.5,0
2026-10-01,110215,29.0,0
2026-10-01,110277,105.0,0
2026-10-01,110435,12.5,0
2026-10-01,110510,9.9,0
2026-10-01,110701,30.5,0
2026-10-01,110877,31.0,0
2026-10-01,110879,31.0,0
2026-10-01,111054,48.5,0
2026-10-01,111058,48.5,0
2026-10-01,111087,41.0,0
2026-10-01,111116,67.5,0
2026-10-01,111118,67.5,0
2026-10-01,111214,20.0,0
2026-10-01,111219,85.0,0
2026-10-01,111221,53.9,0
2026-10-01,111224,36.9,0
2026-10-01,111226,49.8,0
2026-10-01,111228,22.5,0
2026-10-01,111310,23.9,0
2026-10-01,111374,78.0,0
2026-10-01,111561,5.0,0
2026-10-01,111590,71.9,0
2026-10-01,111591,146.5,0
2026-10-01,111610,22.5,0
2026-10-01,111611,22.5,0
2026-10-01,111612,22.0,0
2026-10-01,111613,101.0,0
2026-10-01,111655,28.6,0
2026-10-01,111656,35.0,0
2026-10-01,111666,13.5,0
2026-10-01,111668,22.5,0
2026-10-01,111670,14.6,0
2026-10-01,111674,8.8,0
2026-10-01,111676,8.8,0
2026-10-01,111685,126.2,0
2026-10-01,111686,106.2,0
2026-10-01,111687,136.3,0
2026-10-01,111692,62.5,0
2026-10-01,111697,31.3,0
2026-10-01,111698,41.3,0
2026-10-01,111699,31.3,0
2026-10-01,111702,56.3,0
2026-10-01,111703,31.0,0
2026-10-01,111831,55.5,0
2026-10-01,111835,43.3,0
2026-10-01,111912,60.0,0
2026-10-01,111913,42.9,0
2026-10-01,111990,94.9,0
2026-10-01,112017,45.0,0
2026-10-01,112018,30.3,0
2026-10-01,112189,13.3,0
2026-10-01,112251,42.5,0
2026-10-01,112277,26.2,0
2026-10-01,112292,11.7,0
2026-10-01,112293,11.7,0
2026-10-01,112294,11.7,0
2026-10-01,112296,11.7,0
2026-10-01,112297,11.7,0
2026-10-01,112299,11.7,0
2026-10-01,112302,17.0,0
2026-10-01,112303,17.0,0
2026-10-01,112304,17.0,0
2026-10-01,112368,25.2,0
2026-10-01,112390,7.9,0
2026-10-01,112391,10.0,0
2026-10-01,112394,90.0,0
2026-10-01,112395,90.0,0
2026-10-01,112396,90.0,0
2026-10-01,112397,90.0,0
2026-10-01,112398,90.0,0
2026-10-01,112407,148.0,0
2026-10-01,112423,42.0,0
2026-10-01,112424,42.0,0
2026-10-01,112431,46.0,0
2026-10-01,112435,9.0,0
2026-10-01,112438,189.7,0
2026-10-01,112440,189.7,0
2026-10-01,112510,7.9,0
2026-10-01,112540,27.0,0
2026-10-01,112541,27.0,0
2026-10-01,112542,60.0,0
2026-10-01,112544,99.0,0
2026-10-01,112545,99.0,0
2026-10-01,112570,15.4,0
2026-10-01,112572,23.1,0
2026-10-01,112573,13.5,0
2026-10-01,112575,310.0,0
2026-10-01,112577,310.0,0
2026-10-01,112579,13.0,0
2026-10-01,112580,20.0,0
2026-10-01,112582,27.5,0
2026-10-01,112586,23.5,0
2026-10-01,112590,22.3,0
2026-10-01,112731,102.5,0
2026-10-01,112810,24.9,0
2026-10-01,112811,24.9,0
2026-10-01,112813,49.7,0
2026-10-01,112814,49.7,0
2026-10-01,112815,49.7,0
2026-10-01,112871,57.3,0
2026-10-01,112938,14.6,0
2026-10-01,112941,42.0,0
2026-10-01,112967,26.0,0
2026-10-01,112970,26.0,0
2026-10-01,112971,26.0,0
2026-10-01,112973,33.0,0
2026-10-01,112975,33.0,0
2026-10-01,113042,211.6,0
2026-10-01,113043,243.4,0
2026-10-01,113075,45.0,0
2026-10-01,113102,48.7,0
2026-10-01,113103,48.7,0
2026-10-01,113104,24.1,0
2026-10-01,113105,24.1,0
2026-10-01,113106,24.1,0
2026-10-01,113115,17.0,0
2026-10-01,113310,35.4,0
2026-10-01,113317,30.0,0
2026-10-01,113529,82.6,0
2026-10-01,113530,82.6,0
2026-10-01,113531,60.9,0
2026-10-01,113535,60.9,0
2026-10-01,113537,82.6,0
2026-10-01,113538,82.6,0
2026-10-01,113540,195.0,0
2026-10-01,113549,21.0,0
2026-10-01,113550,21.0,0
2026-10-01,113626,37.1,0
2026-10-01,113638,75.0,0
2026-10-01,113639,15.0,0
2026-10-01,113640,15.0,0
2026-10-01,113680,31.0,0
2026-10-01,113813,45.9,0
2026-10-01,113814,45.9,0
2026-10-01,113815,23.2,0
2026-10-01,113888,49.9,0
2026-10-01,114085,44.0,0
2026-10-01,114087,44.0,0
2026-10-01,114089,37.0,0
2026-10-01,114091,55.0,0
2026-10-01,114098,53.0,0
2026-10-01,114134,60.0,0
2026-10-01,114135,60.0,0
2026-10-01,114136,61.5,0
2026-10-01,114155,39.0,0
2026-10-01,114158,38.0,0
2026-10-01,114159,38.0,0
2026-10-01,114206,60.5,0
2026-10-01,114216,26.2,0
2026-10-01,114219,32.5,0
2026-10-01,114229,25.0,0
2026-10-01,114231,25.0,0
2026-10-01,114232,25.0,0
2026-10-01,114233,25.0,0
2026-10-01,114234,374.1,0
2026-10-01,114236,11.6,0
2026-10-01,114237,11.6,0
2026-10-01,114240,7.5,0
2026-10-01,114241,7.5,0
2026-10-01,114242,26.7,0
2026-10-01,114246,15.9,0
2026-10-01,114247,45.9,0
2026-10-01,114251,42.0,0
2026-10-01,114252,42.0,0
2026-10-01,114263,128.0,0
2026-10-01,114271,25.0,0
2026-10-01,114277,25.0,0
2026-10-01,114278,21.0,0
2026-10-01,114279,25.0,0
2026-10-01,114280,20.0,0
2026-10-01,114281,25.0,0
2026-10-01,114290,199.5,0
2026-10-01,114310,15.0,0
2026-10-01,114311,7.5,0
2026-10-01,114318,20.6,0
2026-10-01,114319,20.6,0
2026-10-01,114320,19.0,0
2026-10-01,114321,19.0,0
2026-10-01,114360,45.4,0
2026-10-01,114378,59.0,0
2026-10-01,114379,59.0,0
2026-10-01,114390,47.1,0
2026-10-01,114455,63.0,0
2026-10-01,114471,17.5,0
2026-10-01,114540,49.9,0
2026-10-01,114656,28.6,0
2026-10-01,114790,75.0,0
2026-10-01,114791,75.0,0
2026-10-01,114792,75.0,0
2026-10-01,114841,53.0,0
2026-10-01,114910,38.0,0
2026-10-01,114911,20.9,0
2026-10-01,114912,11.0,0
2026-10-01,114913,7.0,0
2026-10-01,114914,3.7,0
2026-10-01,114985,46.9,0
2026-10-01,114995,26.9,0
2026-10-01,115001,20.0,0
2026-10-01,115011,20.0,0
2026-10-01,115017,20.0,0
2026-10-01,115050,151.6,0
2026-10-01,115051,151.6,0
2026-10-01,115060,14.0,0
2026-10-01,115110,25.0,0
2026-10-01,115111,25.0,0
2026-10-01,115112,25.0,0
2026-10-01,115113,25.0,0
2026-10-01,115116,25.0,0
2026-10-01,115117,26.5,0
2026-10-01,115150,66.0,0
2026-10-01,115151,43.0,0
2026-10-01,115220,44.6,0
2026-10-01,115250,39.9,0
2026-10-01,115350,194.0,0
2026-10-01,115354,215.0,0
2026-10-01,115362,173.0,0
2026-10-01,115363,173.0,0
2026-10-01,115603,17.9,0
2026-10-01,115707,19.0,0
2026-10-01,115800,19.9,0
2026-10-01,115802,19.9,0
2026-10-01,115912,28.0,0
2026-10-01,116014,43.5,0
2026-10-01,116015,90.0,0
2026-10-01,116016,43.0,0
2026-10-01,116019,94.0,0
2026-10-01,116038,63.0,0
2026-10-01,116040,20.5,0
2026-10-01,116057,10.7,0
2026-10-01,116058,4.5,0
2026-10-01,116059,24.0,0
2026-10-01,116060,9.0,0
2026-10-01,116061,4.0,0
2026-10-01,116062,4.0,0
2026-10-01,116063,14.0,0
2026-10-01,116064,21.0,0
2026-10-01,116065,21.0,0
2026-10-01,116102,47.0,0
2026-10-01,116103,45.0,0
2026-10-01,116130,39.1,0
2026-10-01,116302,20.5,0
2026-10-01,116304,42.0,0
2026-10-01,116340,25.0,0
2026-10-01,116347,73.2,0
2026-10-01,116408,10.5,0
2026-10-01,116450,8.3,0
2026-10-01,116451,39.9,0
2026-10-01,116500,64.8,0
2026-10-01,116501,103.5,0
2026-10-01,116690,27.0,0
2026-10-01,116840,7.1,0
2026-10-01,116998,12.4,0
2026-10-01,117007,105.0,0
2026-10-01,117031,59.0,0
2026-10-01,117071,10.9,0
2026-10-01,117072,10.9,0
2026-10-01,117073,10.9,0
2026-10-01,117074,10.9,0
2026-10-01,117077,15.5,0
2026-10-01,117101,4.5,0
2026-10-01,117103,6.0,0
2026-10-01,117140,52.2,0
2026-10-01,117141,52.2,0
2026-10-01,117144,24.0,0
2026-10-01,117151,90.4,0
2026-10-01,117196,14.5,0
2026-10-01,117226,8.8,0
2026-10-01,117560,79.9,0
2026-10-01,117757,12.5,0
2026-10-01,117781,2.9,0
2026-10-01,117977,13.5,0
2026-10-01,118001,3.0,0
2026-10-01,118026,94.0,0
2026-10-01,118027,94.0,0
2026-10-01,118028,3.1,0
2026-10-01,118029,66.0,0
2026-10-01,118116,32.8,0
2026-10-01,118141,63.0,0
2026-10-01,118144,13.8,0
2026-10-01,118188,40.5,0
2026-10-01,118410,50.9,0
2026-10-01,118411,45.2,0
2026-10-01,118778,65.5,0
2026-10-01,118800,18.8,0
2026-10-01,118870,81.5,0
2026-10-01,118871,47.9,0
2026-10-01,118874,18.0,0
2026-10-01,118875,37.5,0
2026-10-01,118879,62.0,0
2026-10-01,118923,18.8,0
2026-10-01,119008,33.5,0
2026-10-01,119009,8.8,0
2026-10-01,119012,67.1,0
2026-10-01,119013,67.1,0
2026-10-01,119023,44.9,0
2026-10-01,119032,18.8,0
2026-10-01,119040,19.0,0
2026-10-01,119100,25.0,0
2026-10-01,119156,3.6,0
2026-10-01,119229,19.4,0
2026-10-01,119325,30.0,0
2026-10-01,119327,35.0,0
2026-10-01,119351,26.9,0
2026-10-01,119355,15.5,0
2026-10-01,119356,15.5,0
2026-10-01,119396,24.0,0
2026-10-01,119397,24.0,0
2026-10-01,119398,24.0,0
2026-10-01,119427,50.9,0
2026-10-01,119436,85.0,0
2026-10-01,119441,72.8,0
2026-10-01,119450,151.6,0
2026-10-01,119460,13.0,0
2026-10-01,119491,24.9,0
2026-10-01,119500,21.0,0
2026-10-01,119501,15.0,0
2026-10-01,119502,94.0,0
2026-10-01,119543,68.0,0
2026-10-01,119545,65.0,0
2026-10-01,119546,65.0,0
2026-10-01,119547,68.0,0
2026-10-01,119570,30.0,0
2026-10-01,119572,30.0,0
2026-10-01,119574,30.0,0
2026-10-01,119576,30.0,0
2026-10-01,119578,20.0,0
2026-10-01,119760,36.8,0
2026-10-01,119786,20.0,0
2026-10-01,119906,18.0,0
2026-10-01,120045,29.5,0
2026-10-01,120065,14.9,0
2026-10-01,120120,155.0,0
2026-10-01,120523,31.0,0
2026-10-01,120524,31.0,0
2026-10-01,120525,31.0,0
2026-10-01,120526,31.0,0
2026-10-01,120528,25.0,0
2026-10-01,120545,18.0,0
2026-10-01,120550,36.0,0
2026-10-01,120551,36.0,0
2026-10-01,120552,36.0,0
2026-10-01,120554,36.0,0
2026-10-01,120555,36.0,0
2026-10-01,120556,36.0,0
2026-10-01,120557,36.0,0
2026-10-01,120573,15.5,0
2026-10-01,120574,159.2,0
2026-10-01,120717,15.5,0
2026-10-01,120718,18.5,0
2026-10-01,120719,25.5,0
2026-10-01,120720,23.5,0
2026-10-01,120726,20.0,0
2026-10-01,121353,34.9,0
2026-10-01,121452,49.0,0
2026-10-01,121538,49.0,0
2026-10-01,121563,51.0,0
2026-10-01,121564,49.9,0
2026-10-01,121573,30.0,0
2026-10-01,121821,200.0,0
2026-10-01,121873,22.0,0
2026-10-01,121874,23.0,0
2026-10-01,121875,26.5,0
2026-10-01,121876,34.5,0
2026-10-01,121877,19.9,0
2026-10-01,121880,15.0,0
2026-10-01,121884,22.0,0
2026-10-01,121888,21.5,0
2026-10-01,121889,15.0,0
2026-10-01,121891,15.0,0
2026-10-01,121892,15.0,0
2026-10-01,121893,15.0,0
2026-10-01,121894,15.0,0
2026-10-01,121895,15.0,0
2026-10-01,121896,15.0,0
2026-10-01,121897,15.0,0
2026-10-01,121899,13.9,0
2026-10-01,121915,31.5,0
2026-10-01,121916,69.9,0
2026-10-01,121930,51.0,0
2026-10-01,122022,17.0,0
2026-10-01,122050,74.5,0
2026-10-01,122097,11.5,0
2026-10-01,122157,19.0,0
2026-10-01,122191,54.0,0
2026-10-01,122192,95.0,0
2026-10-01,122301,60.0,0
2026-10-01,122309,19.5,0
2026-10-01,122329,36.0,0
2026-10-01,122745,139.0,0
2026-10-01,122770,185.0,0
2026-10-01,122815,8.0,0
2026-10-01,122823,19.9,0
2026-10-01,122880,182.2,0
2026-10-01,122881,62.0,0
2026-10-01,122883,98.0,0
2026-10-01,122884,62.0,0
2026-10-01,122885,85.0,0
2026-10-01,122902,36.0,0
2026-10-01,122903,36.0,0
2026-10-01,122906,36.0,0
2026-10-01,122916,12.6,0
2026-10-01,122919,21.0,0
2026-10-01,122959,48.0,0
2026-10-01,122969,40.0,0
2026-10-01,122979,21.0,0
2026-10-01,122983,29.0,0
2026-10-01,122984,29.0,0
2026-10-01,122985,29.0,0
2026-10-01,122986,29.0,0
2026-10-01,122991,60.0,0
2026-10-01,123024,14.3,0
2026-10-01,123059,3.5,0
2026-10-01,123061,299.0,0
2026-10-01,123617,30.9,0
2026-10-01,124060,76.5,0
2026-10-01,125462,26.0,0
2026-10-01,125717,6.0,0
2026-10-01,125719,6.0,0
2026-10-01,126011,20.0,0
2026-10-01,126013,96.9,0
2026-10-01,126024,42.7,0
2026-10-01,126489,10.5,0
2026-10-01,126587,83.0,0
2026-10-01,128317,26.5,0
2026-10-01,128538,75.0,0
2026-10-01,129097,12.0,0
2026-10-01,129240,8.5,0
2026-10-01,129275,37.9,0
2026-10-01,129283,8.0,0
2026-10-01,129348,7.6,0
2026-10-01,129399,8.5,0
2026-10-01,129429,15.3,0
2026-10-01,129437,42.5,0
2026-10-01,129445,23.0,0
2026-10-01,129461,9.2,0
2026-10-01,129470,8.2,0
2026-10-01,129608,20.7,0
2026-10-01,130100,14.9,0
2026-10-01,130431,23.5,0
2026-10-01,130680,41.0,0
2026-10-01,131132,68.8,0
2026-10-01,131134,64.8,0
2026-10-01,131135,103.5,0
2026-10-01,131241,20.0,0
2026-10-01,131292,118.0,0
2026-10-01,131423,61.0,0
2026-10-01,131431,61.0,0
2026-10-01,131458,27.5,0
2026-10-01,131466,53.9,0
2026-10-01,131474,12.5,0
2026-10-01,131829,38.9,0
2026-10-01,131830,38.9,0
2026-10-01,131831,43.3,0
2026-10-01,131832,43.3,0
2026-10-01,131941,50.3,0
2026-10-01,132270,42.8,0
2026-10-01,132271,36.7,0
2026-10-01,132272,41.5,0
2026-10-01,132277,47.9,0
2026-10-01,132477,112.0,0
2026-10-01,132478,112.0,0
2026-10-01,132489,88.0,0
2026-10-01,132519,31.5,0
2026-10-01,132527,29.5,0
2026-10-01,132608,7.5,0
2026-10-01,132624,11.0,0
2026-10-01,133566,57.0,0
2026-10-01,133795,195.0,0
2026-10-01,134261,20.9,0
2026-10-01,135135,159.9,0
2026-10-01,135143,179.0,0
2026-10-01,135151,32.5,0
2026-10-01,135194,37.0,0
2026-10-01,135216,34.9,0
2026-10-01,135623,49.7,0
2026-10-01,136344,62.5,0
2026-10-01,136450,43.5,0
2026-10-01,136501,31.0,0
2026-10-01,136522,31.0,0
2026-10-01,136524,31.0,0
2026-10-01,136576,290.0,0
2026-10-01,137022,21.5,0
2026-10-01,137120,47.5,0
2026-10-01,137170,47.5,0
2026-10-01,137677,14.5,0
2026-10-01,137901,20.3,0
2026-10-01,137910,20.3,0
2026-10-01,137928,20.3,0
2026-10-01,137936,20.3,0
2026-10-01,138058,139.0,0
2026-10-01,138215,13.0,0
2026-10-01,138223,14.5,0
2026-10-01,138231,14.5,0
2026-10-01,138517,60.0,0
2026-10-01,138614,7.0,0
2026-10-01,138860,9.5,0
2026-10-01,139386,47.5,0
2026-10-01,139521,65.5,0
2026-10-01,139653,76.0,0
2026-10-01,139718,56.1,0
2026-10-01,139807,50.0,0
2026-10-01,139890,74.9,0
2026-10-01,139963,65.5,0
2026-10-01,140376,24.5,0
2026-10-01,140465,22.0,0
2026-10-01,140805,19.9,0
2026-10-01,141100,8.9,0
2026-10-01,141414,11.5,0
2026-10-01,141428,12.5,0
2026-10-01,141958,109.0,0
2026-10-01,141959,49.9,0
2026-10-01,142233,21.5,0
2026-10-01,142542,10.0,0
2026-10-01,142794,41.0,0
2026-10-01,143006,42.9,0
2026-10-01,143049,8.0,0
2026-10-01,143322,21.5,0
2026-10-01,143804,41.3,0
2026-10-01,143863,107.5,0
2026-10-01,143871,56.9,0
2026-10-01,144460,70.4,0
2026-10-01,145432,47.3,0
2026-10-01,146064,6.6,0
2026-10-01,146200,27.4,0
2026-10-01,146366,41.0,0
2026-10-01,146455,37.5,0
2026-10-01,146536,45.5,0
2026-10-01,146560,14.0,0
2026-10-01,146625,16.0,0
2026-10-01,146633,16.0,0
2026-10-01,146749,49.6,0
2026-10-01,147206,237.5,0
2026-10-01,147447,103.2,0
2026-10-01,149101,53.0,0
2026-10-01,149268,42.0,0
2026-10-01,149659,29.5,0
2026-10-01,150001,21.5,0
2026-10-01,150006,161.0,0
2026-10-01,150180,18.0,0
2026-10-01,150182,29.8,0
2026-10-01,150187,32.0,0
2026-10-01,150418,14.0,0
2026-10-01,150560,10.5,0
2026-10-01,150561,31.5,0
2026-10-01,150677,45.0,0
2026-10-01,150681,4.0,0
2026-10-01,150682,32.5,0
2026-10-01,150695,98.8,0
2026-10-01,150783,14.0,0
2026-10-01,150795,20.5,0
2026-10-01,150812,36.3,0
2026-10-01,150816,47.0,0
2026-10-01,150817,68.0,0
2026-10-01,150875,40.0,0
2026-10-01,150877,29.0,0
2026-10-01,151031,18.5,0
2026-10-01,151117,80.0,0
2026-10-01,151128,53.8,0
2026-10-01,151131,81.0,0
2026-10-01,151199,45.0,0
2026-10-01,151212,14.0,0
2026-10-01,151302,80.0,0
2026-10-01,151384,23.7,0
2026-10-01,151390,23.7,0
2026-10-01,151395,32.6,0
2026-10-01,151396,23.7,0
2026-10-01,151568,95.0,0
2026-10-01,151576,25.9,0
2026-10-01,151594,69.9,0
2026-10-01,151713,14.2,0
2026-10-01,152202,80.1,0
2026-10-01,152204,39.0,0
2026-10-01,152293,2.0,0
2026-10-01,152420,33.0,0
2026-10-01,152684,17.0,0
2026-10-01,152820,54.9,0
2026-10-01,152824,15.5,0
2026-10-01,153017,6.9,0
2026-10-01,153026,6.9,0
2026-10-01,153119,16.0,0
2026-10-01,153312,50.0,0
2026-10-01,153462,10.7,0
2026-10-01,153532,859.0,0
2026-10-01,153648,33.0,0
2026-10-01,153700,17.0,0
2026-10-01,153702,31.9,0
2026-10-01,153705,10.5,0
2026-10-01,153710,60.0,0
2026-10-01,153761,46.2,0
2026-10-01,153821,38.9,0
2026-10-01,153823,38.9,0
2026-10-01,153907,3.5,0
2026-10-01,154717,26.0,0
2026-10-01,155150,37.0,0
2026-10-01,155713,5.0,0
2026-10-01,155720,45.0,0
2026-10-01,155763,10.5,0
2026-10-01,155764,35.0,0
2026-10-01,155765,86.5,0
2026-10-01,155766,23.0,0
2026-10-01,155768,14.0,0
2026-10-01,155770,13.5,0
2026-10-01,155771,13.5,0
2026-10-01,155772,13.0,0
2026-10-01,155773,13.0,0
2026-10-01,155774,16.3,0
2026-10-01,155787,75.0,0
2026-10-01,155788,75.0,0
2026-10-01,155789,76.0,0
2026-10-01,155790,83.0,0
2026-10-01,155809,205.0,0
2026-10-01,155810,205.0,0
2026-10-01,155812,51.6,0
2026-10-01,155928,23.0,0
2026-10-01,155930,72.2,0
2026-10-01,156130,18.5,0
2026-10-01,156203,217.6,0
2026-10-01,156204,217.6,0
2026-10-01,156205,115.0,0
2026-10-01,156206,115.0,0
2026-10-01,156207,115.0,0
2026-10-01,156208,115.0,0
2026-10-01,156211,217.6,0
2026-10-01,156212,299.0,0
2026-10-01,156213,299.0,0
2026-10-01,156240,17.0,0
2026-10-01,156248,11.5,0
2026-10-01,157264,13.0,0
2026-10-01,157700,23.5,0
2026-10-01,157721,205.0,0
2026-10-01,157732,195.0,0
2026-10-01,158470,8.8,0
2026-10-01,158526,66.5,0
2026-10-01,158718,11.0,0
2026-10-01,158747,44.0,0
2026-10-01,158815,32.9,0
2026-10-01,158829,4.5,0
2026-10-01,158830,4.5,0
2026-10-01,158895,79.9,0
2026-10-01,160148,38.6,0
2026-10-01,161928,49.9,0
2026-10-01,162035,76.1,0
2026-10-01,162036,32.8,0
2026-10-01,162042,19.7,0
2026-10-01,162043,32.2,0
2026-10-01,162434,3.5,0
2026-10-01,162515,83.0,0
2026-10-01,163155,29.5,0
2026-10-01,164216,14.5,0
2026-10-01,164372,6.0,0
2026-10-01,164380,22.5,0
2026-10-01,165182,13.0,0
2026-10-01,165310,22.0,0
2026-10-01,165735,40.5,0
2026-10-01,165743,45.0,0
2026-10-01,165890,24.9,0
2026-10-01,165971,43.0,0
2026-10-01,165972,66.0,0
2026-10-01,166332,12.5,0
2026-10-01,169102,45.0,0
2026-10-01,169856,34.9,0
2026-10-01,170232,315.0,0
2026-10-01,170429,13.9,0
2026-10-01,174645,76.8,0
2026-10-01,174661,38.5,0
2026-10-01,174670,7.8,0
2026-10-01,174700,299.0,0
2026-10-01,174726,205.0,0
2026-10-01,174755,20.4,0
2026-10-01,174756,20.4,0
2026-10-01,174757,20.4,0
2026-10-01,174783,113.8,0
2026-10-01,174784,113.8,0
2026-10-01,174785,244.0,0
2026-10-01,175020,25.0,0
2026-10-01,175021,25.0,0
2026-10-01,175023,20.0,0
2026-10-01,175024,25.0,0
2026-10-01,175025,25.0,0
2026-10-01,175026,42.0,0
2026-10-01,175027,42.0,0
2026-10-01,175028,31.0,0
2026-10-01,175029,44.5,0
2026-10-01,175031,25.0,0
2026-10-01,175032,25.0,0
2026-10-01,175033,25.0,0
2026-10-01,175034,25.0,0
2026-10-01,175756,18.6,0
2026-10-01,175790,17.5,0
2026-10-01,176133,889.0,0
2026-10-01,176508,13.5,0
2026-10-01,176559,13.5,0
2026-10-01,176567,13.5,0
2026-10-01,177113,99.9,0
2026-10-01,177871,16.9,0
2026-10-01,177881,243.9,0
2026-10-01,178039,76.0,0
2026-10-01,178047,76.0,0
2026-10-01,178551,14.0,0
2026-10-01,180092,17.0,0
2026-10-01,180325,108.0,0
2026-10-01,181704,18.0,0
2026-10-01,181710,26.8,0
2026-10-01,181711,68.0,0
2026-10-01,182036,31.9,0
2026-10-01,182287,77.5,0
2026-10-01,183018,61.0,0
2026-10-01,183020,82.2,0
2026-10-01,187818,23.5,0
2026-10-01,187877,81.0,0
2026-10-01,187971,7.0,0
2026-10-01,189359,258.9,0
2026-10-01,189375,237.5,0
2026-10-01,191630,20.6,0
2026-10-01,192643,43.9,0
2026-10-01,193380,16.5,0
2026-10-01,193828,32.2,0
2026-10-01,193946,35.5,0
2026-10-01,194175,61.0,0
2026-10-01,194456,34.9,0
2026-10-01,194457,34.9,0
2026-10-01,194778,45.0,0
2026-10-01,195447,48.7,0
2026-10-01,195626,71.5,0
2026-10-01,195634,71.5,0
2026-10-01,197487,102.5,0
2026-10-01,198004,56.0,0
2026-10-01,198005,33.5,0
2026-10-01,198480,244.0,0
2026-10-01,198596,52.5,0
2026-10-01,198597,70.0,0
2026-10-01,198600,50.0,0
2026-10-01,198610,132.0,0
2026-10-01,199958,94.0,0
2026-10-01,200185,16.5,0
2026-10-01,200225,15.5,0
2026-10-01,200226,23.5,0
2026-10-01,200254,9.9,0
2026-10-01,200278,7.0,0
2026-10-01,200327,6.5,0
2026-10-01,200345,7.0,0
2026-10-01,200400,35.9,0
2026-10-01,200435,19.5,0
2026-10-01,200449,8.0,0
2026-10-01,200496,85.0,0
2026-10-01,200715,72.0,0
2026-10-01,200753,8.0,0
2026-10-01,201014,19.9,0
2026-10-01,201015,19.9,0
2026-10-01,201112,27.0,0
2026-10-01,201210,14.8,0
2026-10-01,201280,30.0,0
2026-10-01,201281,43.0,0
2026-10-01,201282,21.9,0
2026-10-01,201284,26.9,0
2026-10-01,201285,45.5,0
2026-10-01,201289,43.0,0
2026-10-01,201290,45.5,0
2026-10-01,201291,45.5,0
2026-10-01,201292,52.0,0
2026-10-01,201293,52.0,0
2026-10-01,201339,28.5,0
2026-10-01,201341,16.5,0
2026-10-01,201350,2.9,0
2026-10-01,201354,47.9,0
2026-10-01,201383,57.5,0
2026-10-01,201778,12.5,0
2026-10-01,201816,78.5,0
2026-10-01,201863,49.0,0
2026-10-01,201898,27.0,0
2026-10-01,201971,12.0,0
2026-10-01,201978,50.0,0
2026-10-01,202088,18.7,0
2026-10-01,202131,32.0,0
2026-10-01,202132,17.0,0
2026-10-01,202133,45.9,0
2026-10-01,202135,17.0,0
2026-10-01,202136,27.9,0
2026-10-01,202137,27.9,0
2026-10-01,202140,40.9,0
2026-10-01,202155,8.5,0
2026-10-01,202167,33.5,0
2026-10-01,202273,20.9,0
2026-10-01,202276,104.9,0
2026-10-01,202504,20.0,0
2026-10-01,202618,20.7,0
2026-10-01,202781,41.9,0
2026-10-01,202783,41.9,0
2026-10-01,203080,24.9,0
2026-10-01,203138,45.9,0
2026-10-01,203227,29.5,0
2026-10-01,203582,93.0,0
2026-10-01,203707,17.5,0
2026-10-01,203710,13.8,0
2026-10-01,204015,37.5,0
2026-10-01,204017,234.9,0
2026-10-01,204035,49.0,0
2026-10-01,204109,54.0,0
2026-10-01,204251,6.5,0
2026-10-01,204279,78.5,0
2026-10-01,204310,28.5,0
2026-10-01,204313,19.5,0
2026-10-01,204318,28.5,0
2026-10-01,204319,39.0,0
2026-10-01,204322,50.0,0
2026-10-01,204351,36.5,0
2026-10-01,204487,32.5,0
2026-10-01,204550,26.0,0
2026-10-01,204762,7.0,0
2026-10-01,204763,7.0,0
2026-10-01,204764,7.0,0
2026-10-01,204767,7.0,0
2026-10-01,204768,7.0,0
2026-10-01,204811,12.0,0
2026-10-01,204812,11.9,0
2026-10-01,204991,51.5,0
2026-10-01,205177,79.5,0
2026-10-01,205213,228.5,0
2026-10-01,205871,51.9,0
2026-10-01,205877,51.9,0
2026-10-01,205975,40.0,0
2026-10-01,205976,40.0,0
2026-10-01,205981,8.5,0
2026-10-01,206718,15.5,0
2026-10-01,206779,1099.0,0
2026-10-01,206879,34.0,0
2026-10-01,207174,19.5,0
2026-10-01,207365,6.0,0
2026-10-01,207373,6.0,0
2026-10-01,207710,20.5,0
2026-10-01,207795,16.9,0
2026-10-01,207797,21.9,0
2026-10-01,207901,10.0,0
2026-10-01,208178,5.9,0
2026-10-01,208395,27.0,0
2026-10-01,208639,28.9,0
2026-10-01,208717,49.0,0
2026-10-01,208971,103.5,0
2026-10-01,209053,225.0,0
2026-10-01,209054,225.0,0
2026-10-01,209070,35.0,0
2026-10-01,209072,19.0,0
2026-10-01,209079,61.2,0
2026-10-01,209080,99.9,0
2026-10-01,209083,82.5,0
2026-10-01,209084,82.5,0
2026-10-01,209087,25.0,0
2026-10-01,209088,25.0,0
2026-10-01,209120,20.6,0
2026-10-01,209121,54.4,0
2026-10-01,209122,77.4,0
2026-10-01,209126,13.4,0
2026-10-01,209127,8.1,0
2026-10-01,209128,17.0,0
2026-10-01,209129,17.0,0
2026-10-01,209273,21.3,0
2026-10-01,209274,23.4,0
2026-10-01,209325,34.5,0
2026-10-01,209533,23.8,0
2026-10-01,209534,72.5,0
2026-10-01,209539,89.9,0
2026-10-01,209541,16.7,0
2026-10-01,209542,30.0,0
2026-10-01,209543,68.5,0
2026-10-01,209544,31.0,0
2026-10-01,209545,31.0,0
2026-10-01,209547,31.1,0
2026-10-01,209549,24.2,0
2026-10-01,209551,167.0,0
2026-10-01,209552,167.0,0
2026-10-01,209559,225.0,0
2026-10-01,209560,225.0,0
2026-10-01,209678,14.5,0
2026-10-01,209701,15.0,0
2026-10-01,209703,15.5,0
2026-10-01,209718,4.5,0
2026-10-01,209730,15.5,0
2026-10-01,209731,15.5,0
2026-10-01,209735,4.5,0
2026-10-01,209736,4.5,0
2026-10-01,209741,8.0,0
2026-10-01,209777,5.5,0
2026-10-01,210003,16.9,0
2026-10-01,210018,125.0,0
2026-10-01,210031,30.0,0
2026-10-01,210033,30.0,0
2026-10-01,210044,85.0,0
2026-10-01,210052,35.9,0
2026-10-01,210053,35.9,0
2026-10-01,210054,37.9,0
2026-10-01,210065,14.9,0
2026-10-01,210066,16.9,0
2026-10-01,210080,26.0,0
2026-10-01,210081,10.0,0
2026-10-01,210082,10.0,0
2026-10-01,210083,41.0,0
2026-10-01,210084,75.9,0
2026-10-01,210085,6.0,0
2026-10-01,210153,30.5,0
2026-10-01,210500,12.0,0
2026-10-01,210504,5.0,0
2026-10-01,210505,10.4,0
2026-10-01,210718,69.0,0
2026-10-01,210986,56.9,0
2026-10-01,211002,95.0,0
2026-10-01,211003,95.0,0
2026-10-01,211005,30.0,0
2026-10-01,211006,30.0,0
2026-10-01,211007,9.0,0
2026-10-01,211008,9.0,0
2026-10-01,211010,75.0,0
2026-10-01,211012,14.5,0
2026-10-01,211338,20.0,0
2026-10-01,211346,37.5,0
2026-10-01,211729,38.0,0
2026-10-01,211782,56.9,0
2026-10-01,213015,27.4,0
2026-10-01,213016,27.4,0
2026-10-01,213101,30.0,0
2026-10-01,213611,32.2,0
2026-10-01,213764,125.0,0
2026-10-01,214491,43.5,0
2026-10-01,215252,2.7,0
2026-10-01,215414,46.0,0
2026-10-01,215422,99.9,0
2026-10-01,215771,35.5,0
2026-10-01,215773,31.5,0
2026-10-01,215780,13.2,0
2026-10-01,215787,9.0,0
2026-10-01,215996,6.7,0
2026-10-01,216046,26.5,0
2026-10-01,216771,21.0,0
2026-10-01,217125,5.5,0
2026-10-01,217126,5.5,0
2026-10-01,217127,5.5,0
2026-10-01,217133,15.0,0
2026-10-01,217137,15.9,0
2026-10-01,217138,21.0,0
2026-10-01,217433,42.1,0
2026-10-01,217441,4.5,0
2026-10-01,217735,241.5,0
2026-10-01,217743,18.2,0
2026-10-01,217791,15.7,0
2026-10-01,218480,6.5,0
2026-10-01,218634,25.0,0
2026-10-01,218780,43.0,0
2026-10-01,218781,43.0,0
2026-10-01,219746,168.0,0
2026-10-01,219747,15.0,0
2026-10-01,219748,8.5,0
2026-10-01,219776,12.5,0
2026-10-01,219777,12.5,0
2026-10-01,219979,32.0,0
2026-10-01,220069,14.5,0
2026-10-01,220111,30.8,0
2026-10-01,220130,36.4,1
2026-10-01,220367,61.0,0
2026-10-01,220368,61.0,0
2026-10-01,220373,61.0,0
2026-10-01,220375,61.0,0
2026-10-01,220376,34.0,0
2026-10-01,220389,28.9,0
2026-10-01,220390,28.9,0
2026-10-01,220411,27.0,0
2026-10-01,220412,19.6,0
2026-10-01,220413,16.8,0
2026-10-01,220414,24.0,0
2026-10-01,220454,19.9,0
2026-10-01,220511,54.4,0
2026-10-01,220514,129.0,0
2026-10-01,220517,29.9,0
2026-10-01,220518,29.9,0
2026-10-01,220519,35.4,0
2026-10-01,220520,3.5,0
2026-10-01,220521,8.0,0
2026-10-01,220522,34.0,0
2026-10-01,220524,7.8,0
2026-10-01,220525,6.9,0
2026-10-01,220526,19.0,0
2026-10-01,220571,39.0,0
2026-10-01,220577,23.5,0
2026-10-01,220581,14.9,0
2026-10-01,220600,25.4,0
2026-10-01,220640,9.5,0
2026-10-01,220678,14.4,0
2026-10-01,220679,14.4,0
2026-10-01,220700,15.6,0
2026-10-01,220702,15.6,0
2026-10-01,220703,15.6,0
2026-10-01,220704,15.6,0
2026-10-01,220705,15.6,0
2026-10-01,220706,21.0,0
2026-10-01,220707,14.4,0
2026-10-01,220708,20.4,0
2026-10-01,220709,20.4,0
2026-10-01,220711,20.4,0
2026-10-01,220712,20.4,0
2026-10-01,220713,20.4,0
2026-10-01,220714,20.4,0
2026-10-01,220725,31.5,0
2026-10-01,220726,37.3,0
2026-10-01,220727,31.5,0
2026-10-01,220729,239.0,0
2026-10-01,220740,14.6,0
2026-10-01,220741,28.7,0
2026-10-01,220742,15.0,0
2026-10-01,220743,15.0,0
2026-10-01,220746,139.4,0
2026-10-01,220763,26.8,0
2026-10-01,220780,16.1,0
2026-10-01,220877,130.0,0
2026-10-01,220878,130.0,0
2026-10-01,220907,132.0,0
2026-10-01,220913,23.0,0
2026-10-01,220970,31.9,0
2026-10-01,220971,31.9,0
2026-10-01,220975,31.9,0
2026-10-01,220976,31.9,0
2026-10-01,220977,31.9,0
2026-10-01,221107,109.0,0
2026-10-01,221109,109.0,0
2026-10-01,221212,99.0,0
2026-10-01,221376,14.5,0
2026-10-01,221505,39.0,0
2026-10-01,221506,37.0,0
2026-10-01,221871,125.0,0
2026-10-01,221922,107.5,0
2026-10-01,221925,83.7,0
2026-10-01,221926,83.7,0
2026-10-01,222070,25.0,0
2026-10-01,222128,56.3,0
2026-10-01,222129,56.3,0
2026-10-01,222130,56.3,0
2026-10-01,222131,17.9,0
2026-10-01,222132,56.3,0
2026-10-01,222133,56.3,0
2026-10-01,222134,56.3,0
2026-10-01,222136,56.3,0
2026-10-01,222137,56.3,0
2026-10-01,222140,90.0,0
2026-10-01,222141,115.0,0
2026-10-01,222142,140.0,0
2026-10-01,222147,48.0,0
2026-10-01,222153,22.5,0
2026-10-01,222156,39.4,0
2026-10-01,222163,24.9,0
2026-10-01,222165,82.6,0
2026-10-01,222168,27.9,0
2026-10-01,222169,38.8,0
2026-10-01,222170,26.4,0
2026-10-01,222173,36.0,0
2026-10-01,222175,45.0,0
2026-10-01,222181,21.0,0
2026-10-01,222183,21.0,0
2026-10-01,222184,21.0,0
2026-10-01,222190,61.3,0
2026-10-01,222198,5.5,0
2026-10-01,222199,5.5,0
2026-10-01,222200,47.0,0
2026-10-01,222201,62.4,0
2026-10-01,222206,38.5,0
2026-10-01,222210,156.0,0
2026-10-01,222217,185.0,0
2026-10-01,222218,185.0,0
2026-10-01,222219,185.0,0
2026-10-01,222220,185.0,0
2026-10-01,222221,185.0,0
2026-10-01,222228,81.0,0
2026-10-01,222229,81.0,0
2026-10-01,222230,81.0,0
2026-10-01,222231,81.0,0
2026-10-01,222234,81.0,0
2026-10-01,222235,12.0,0
2026-10-01,222236,14.0,0
2026-10-01,222240,25.0,0
2026-10-01,222248,18.9,0
2026-10-01,222252,37.0,0
2026-10-01,222261,48.0,0
2026-10-01,222264,18.5,0
2026-10-01,222266,94.9,0
2026-10-01,222268,139.0,0
2026-10-01,222278,140.0,0
2026-10-01,222280,140.0,0
2026-10-01,222281,140.0,0
2026-10-01,222288,46.0,0
2026-10-01,222294,24.4,0
2026-10-01,222305,22.0,0
2026-10-01,222306,23.0,0
2026-10-01,222337,29.5,0
2026-10-01,222338,29.2,0
2026-10-01,222339,29.3,0
2026-10-01,222382,37.2,0
2026-10-01,222384,19.5,0
2026-10-01,222399,6.9,0
2026-10-01,222505,21.9,0
2026-10-01,222506,25.2,0
2026-10-01,222507,25.2,0
2026-10-01,222508,12.6,0
2026-10-01,222509,25.2,0
2026-10-01,222615,10.5,0
2026-10-01,222716,61.0,0
2026-10-01,222757,12.0,0
2026-10-01,222758,12.0,0
2026-10-01,222759,17.0,0
2026-10-01,222807,33.0,0
2026-10-01,222813,16.0,0
2026-10-01,222825,12.0,0
2026-10-01,222920,22.0,0
2026-10-01,222927,15.0,0
2026-10-01,222971,26.4,0
2026-10-01,223035,11.0,0
2026-10-01,223036,10.5,0
2026-10-01,223038,16.0,0
2026-10-01,223093,9.5,0
2026-10-01,223345,28.5,0
2026-10-01,223611,15.0,0
2026-10-01,223615,101.0,0
2026-10-01,223616,101.0,0
2026-10-01,223617,39.9,0
2026-10-01,223619,96.9,0
2026-10-01,223620,38.9,0
2026-10-01,223621,31.9,0
2026-10-01,223622,31.9,0
2026-10-01,223626,10.5,0
2026-10-01,223627,10.5,0
2026-10-01,223628,10.5,0
2026-10-01,223638,48.0,0
2026-10-01,223655,65.9,0
2026-10-01,223658,59.0,0
2026-10-01,223678,22.0,0
2026-10-01,223679,39.0,0
2026-10-01,223681,15.0,0
2026-10-01,223682,15.0,0
2026-10-01,223709,7.5,0
2026-10-01,223710,7.5,0
2026-10-01,223711,7.5,0
2026-10-01,223712,7.5,0
2026-10-01,223718,24.9,0
2026-10-01,223719,143.8,0
2026-10-01,223720,193.7,0
2026-10-01,223722,43.3,0
2026-10-01,223723,61.0,0
2026-10-01,223724,61.0,0
2026-10-01,223725,40.0,0
2026-10-01,223727,13.4,0
2026-10-01,223730,33.9,0
2026-10-01,223731,25.3,0
2026-10-01,223733,22.0,0
2026-10-01,223734,28.8,0
2026-10-01,223763,14.5,0
2026-10-01,223764,14.5,0
2026-10-01,223765,14.5,0
2026-10-01,223766,14.5,0
2026-10-01,223792,151.2,0
2026-10-01,223805,9.0,0
2026-10-01,223811,94.0,0
2026-10-01,223812,94.0,0
2026-10-01,223817,20.9,0
2026-10-01,223819,87.9,0
2026-10-01,223825,167.0,0
2026-10-01,223826,167.0,0
2026-10-01,223833,17.0,0
2026-10-01,223837,17.5,0
2026-10-01,223839,176.0,0
2026-10-01,223840,176.0,0
2026-10-01,223859,13.2,0
2026-10-01,223868,65.0,0
2026-10-01,223869,65.0,0
2026-10-01,223870,65.0,0
2026-10-01,223871,65.0,0
2026-10-01,223873,38.5,0
2026-10-01,223874,65.0,0
2026-10-01,223881,163.0,0
2026-10-01,223882,180.0,0
2026-10-01,223883,131.0,0
2026-10-01,223884,185.0,0
2026-10-01,223885,20.9,0
2026-10-01,223897,56.5,0
2026-10-01,223906,33.0,0
2026-10-01,223909,36.9,0
2026-10-01,223910,20.0,0
2026-10-01,223913,47.0,0
2026-10-01,223914,163.0,0
2026-10-01,223915,149.0,0
2026-10-01,223919,62.0,0
2026-10-01,223920,83.0,0
2026-10-01,223921,78.0,0
2026-10-01,223923,18.0,0
2026-10-01,223953,24.9,0
2026-10-01,223954,108.0,0
2026-10-01,223955,18.6,0
2026-10-01,223956,30.0,0
2026-10-01,223976,309.0,0
2026-10-01,223977,32.0,0
2026-10-01,223979,45.9,0
2026-10-01,223982,46.0,0
2026-10-01,223983,49.4,0
2026-10-01,223989,343.3,0
2026-10-01,223990,362.9,0
2026-10-01,223992,132.7,0
2026-10-01,223993,117.0,0
2026-10-01,223995,144.0,0
2026-10-01,224019,94.0,0
2026-10-01,224035,14.5,0
2026-10-01,224036,19.5,0
2026-10-01,224042,33.6,0
2026-10-01,224048,119.6,0
2026-10-01,224075,40.9,0
2026-10-01,224083,129.0,0
2026-10-01,224084,79.0,0
2026-10-01,224085,129.0,0
2026-10-01,224095,18.6,0
2026-10-01,224096,161.7,0
2026-10-01,224097,97.0,0
2026-10-01,224098,107.0,0
2026-10-01,224101,64.8,0
2026-10-01,224140,17.5,0
2026-10-01,224187,22.5,0
2026-10-01,224471,26.0,0
2026-10-01,224479,29.5,0
2026-10-01,224798,31.0,0
2026-10-01,224904,27.0,0
2026-10-01,225031,81.0,0
2026-10-01,225032,81.0,0
2026-10-01,225033,10.0,0
2026-10-01,225034,18.0,0
2026-10-01,225035,20.9,0
2026-10-01,225038,25.9,0
2026-10-01,225039,46.8,0
2026-10-01,225043,90.0,0
2026-10-01,225044,90.0,0
2026-10-01,225046,90.0,0
2026-10-01,225047,90.0,0
2026-10-01,225048,56.3,0
2026-10-01,225049,87.5,0
2026-10-01,225060,90.0,0
2026-10-01,225062,90.0,0
2026-10-01,225063,90.0,0
2026-10-01,225075,12.9,0
2026-10-01,225076,25.2,0
2026-10-01,225079,45.0,0
2026-10-01,225080,61.3,0
2026-10-01,225081,22.0,0
2026-10-01,225082,20.0,0
2026-10-01,225083,20.0,0
2026-10-01,225084,20.0,0
2026-10-01,225085,21.0,0
2026-10-01,225086,21.0,0
2026-10-01,225087,21.0,0
2026-10-01,225089,25.0,0
2026-10-01,225091,45.0,0
2026-10-01,225092,99.0,0
2026-10-01,225094,222.0,0
2026-10-01,225095,222.0,0
2026-10-01,225097,120.0,0
2026-10-01,225098,120.0,0
2026-10-01,225099,45.0,0
2026-10-01,225110,24.3,0
2026-10-01,225112,18.6,0
2026-10-01,225116,52.0,0
2026-10-01,225117,52.0,0
2026-10-01,225119,52.5,0
2026-10-01,225120,87.5,0
2026-10-01,225124,21.3,0
2026-10-01,225125,27.4,0
2026-10-01,225127,30.7,0
2026-10-01,225128,34.0,0
2026-10-01,225129,91.0,0
2026-10-01,225132,32.0,0
2026-10-01,225133,21.3,0
2026-10-01,225135,20.9,0
2026-10-01,225136,20.9,0
2026-10-01,225137,20.9,0
2026-10-01,225142,7.5,0
2026-10-01,225150,38.5,0
2026-10-01,225153,45.0,0
2026-10-01,225155,98.0,0
2026-10-01,225156,98.0,0
2026-10-01,225157,49.6,0
2026-10-01,225158,49.6,0
2026-10-01,225163,111.0,0
2026-10-01,225177,7.5,0
2026-10-01,225183,6.3,0
2026-10-01,225184,21.0,0
2026-10-01,225185,7.5,0
2026-10-01,225186,21.0,0
2026-10-01,225193,7.5,0
2026-10-01,225194,8.0,0
2026-10-01,225195,220.0,0
2026-10-01,225196,36.0,0
2026-10-01,225198,36.0,0
2026-10-01,225201,36.0,0
2026-10-01,225202,36.0,0
2026-10-01,225203,36.0,0
2026-10-01,225204,36.0,0
2026-10-01,225205,36.0,0
2026-10-01,225206,36.0,0
2026-10-01,225208,36.0,0
2026-10-01,225209,36.0,0
2026-10-01,225210,36.0,0
2026-10-01,225211,36.0,0
2026-10-01,225212,36.0,0
2026-10-01,225214,36.0,0
2026-10-01,225216,36.0,0
2026-10-01,225218,36.0,0
2026-10-01,225219,36.0,0
2026-10-01,225220,36.0,0
2026-10-01,225221,36.0,0
2026-10-01,225222,81.0,0
2026-10-01,225224,46.2,0
2026-10-01,225225,45.0,0
2026-10-01,225226,81.0,0
2026-10-01,225227,81.0,0
2026-10-01,225228,81.0,0
2026-10-01,225229,81.0,0
2026-10-01,225230,81.0,0
2026-10-01,225401,4.5,0
2026-10-01,225510,35.5,0
2026-10-01,225517,15.5,0
2026-10-01,225557,61.0,0
2026-10-01,225580,19.8,0
2026-10-01,225581,12.4,0
2026-10-01,225582,46.0,0
2026-10-01,225585,31.0,0
2026-10-01,225595,33.0,0
2026-10-01,225596,33.0,0
2026-10-01,225597,34.0,0
2026-10-01,225598,48.0,0
2026-10-01,225599,48.0,0
2026-10-01,225630,33.5,0
2026-10-01,225673,36.0,0
2026-10-01,225681,33.5,0
2026-10-01,225703,11.0,0
2026-10-01,225789,16.9,0
2026-10-01,225959,14.5,0
2026-10-01,226010,12.6,0
2026-10-01,226014,66.0,0
2026-10-01,226018,14.4,0
2026-10-01,226019,14.4,0
2026-10-01,226020,57.6,0
2026-10-01,226021,59.0,0
2026-10-01,226022,28.0,0
2026-10-01,226024,18.6,0
2026-10-01,226026,15.6,0
2026-10-01,226027,21.6,0
2026-10-01,226477,52.5,0
2026-10-01,226998,12.0,0
2026-10-01,227095,19.7,0
2026-10-01,227096,148.0,0
2026-10-01,227098,60.0,0
2026-10-01,227100,110.4,0
2026-10-01,227104,195.0,0
2026-10-01,227105,195.0,0
2026-10-01,227109,158.0,0
2026-10-01,227112,31.0,0
2026-10-01,227113,31.0,0
2026-10-01,227122,31.9,0
2026-10-01,227124,27.0,0
2026-10-01,227135,15.5,0
2026-10-01,227136,15.5,0
2026-10-01,227142,100.1,0
2026-10-01,227143,232.0,0
2026-10-01,227146,85.0,0
2026-10-01,227148,179.1,0
2026-10-01,227149,179.1,0
2026-10-01,227150,179.1,0
2026-10-01,227157,60.5,0
2026-10-01,227158,87.5,0
2026-10-01,227160,36.8,0
2026-10-01,227163,43.3,0
2026-10-01,227164,38.9,0
2026-10-01,227165,38.9,0
2026-10-01,227166,47.5,0
2026-10-01,227167,87.5,0
2026-10-01,227168,87.5,0
2026-10-01,227169,60.5,0
2026-10-01,227172,47.5,0
2026-10-01,227174,9.6,0
2026-10-01,227176,57.6,0
2026-10-01,227179,14.4,0
2026-10-01,227182,18.6,0
2026-10-01,227183,90.0,0
2026-10-01,227487,180.0,0
2026-10-01,227712,139.9,0
2026-10-01,227785,63.0,0
2026-10-01,227820,125.0,0
2026-10-01,227878,23.0,0
2026-10-01,227919,8.5,0
2026-10-01,228011,99.0,0
2026-10-01,228012,99.0,0
2026-10-01,228015,19.5,0
2026-10-01,228028,14.0,0
2026-10-01,228032,75.0,0
2026-10-01,228033,75.0,0
2026-10-01,228034,66.4,0
2026-10-01,228035,36.0,0
2026-10-01,228037,36.0,0
2026-10-01,228038,36.0,0
2026-10-01,228040,36.0,0
2026-10-01,228041,36.0,0
2026-10-01,228042,36.0,0
2026-10-01,228043,160.0,0
2026-10-01,228045,160.0,0
2026-10-01,228049,9.7,0
2026-10-01,228056,21.0,0
2026-10-01,228057,21.0,0
2026-10-01,228059,21.0,0
2026-10-01,228061,21.0,0
2026-10-01,228083,75.0,0
2026-10-01,228084,6.1,0
2026-10-01,228085,15.7,0
2026-10-01,228086,31.0,0
2026-10-01,228088,25.5,0
2026-10-01,228089,21.0,0
2026-10-01,228090,21.0,0
2026-10-01,228091,11.0,0
2026-10-01,228093,63.0,0
2026-10-01,228096,63.0,0
2026-10-01,228097,45.0,0
2026-10-01,228098,63.0,0
2026-10-01,228099,45.0,0
2026-10-01,228101,36.0,0
2026-10-01,228102,36.0,0
2026-10-01,228113,18.9,0
2026-10-01,228114,7.5,0
2026-10-01,228115,11.0,0
2026-10-01,228121,19.0,0
2026-10-01,228122,19.0,0
2026-10-01,228126,60.5,0
2026-10-01,228127,47.5,0
2026-10-01,228128,47.5,0
2026-10-01,228129,87.5,0
2026-10-01,228130,87.5,0
2026-10-01,228131,87.5,0
2026-10-01,228132,59.4,0
2026-10-01,228134,36.8,0
2026-10-01,228139,14.6,0
2026-10-01,228142,32.0,0
2026-10-01,228143,32.0,0
2026-10-01,228144,47.0,0
2026-10-01,228145,117.0,0
2026-10-01,228146,7.5,0
2026-10-01,228147,7.5,0
2026-10-01,228148,7.5,0
2026-10-01,228149,34.0,0
2026-10-01,228151,34.0,0
2026-10-01,228152,34.0,0
2026-10-01,228153,21.0,0
2026-10-01,228154,7.5,0
2026-10-01,228156,11.0,0
2026-10-01,228157,7.5,0
2026-10-01,228158,11.0,0
2026-10-01,228169,33.0,0
2026-10-01,228175,21.0,0
2026-10-01,228178,98.0,0
2026-10-01,228179,62.0,0
2026-10-01,228180,62.0,0
2026-10-01,228181,98.0,0
2026-10-01,228182,78.0,0
2026-10-01,228183,83.0,0
2026-10-01,228191,31.9,0
2026-10-01,228193,63.8,0
2026-10-01,228202,68.3,0
2026-10-01,228204,68.3,0
2026-10-01,228205,68.3,0
2026-10-01,228221,266.0,0
2026-10-01,228223,27.5,0
2026-10-01,228224,18.2,0
2026-10-01,228225,17.5,0
2026-10-01,228226,7.8,0
2026-10-01,228227,180.0,0
2026-10-01,228228,32.5,0
2026-10-01,228229,40.0,0
2026-10-01,228231,61.0,0
2026-10-01,228233,63.8,0
2026-10-01,228239,40.8,0
2026-10-01,228240,40.8,0
2026-10-01,228241,27.0,0
2026-10-01,228242,90.0,0
2026-10-01,228243,126.0,0
2026-10-01,228244,44.4,0
2026-10-01,228248,38.7,0
2026-10-01,228250,38.7,0
2026-10-01,228271,188.0,0
2026-10-01,228280,143.0,0
2026-10-01,228283,143.0,0
2026-10-01,228284,143.0,0
2026-10-01,228285,143.0,0
2026-10-01,228286,143.0,0
2026-10-01,228288,143.0,0
2026-10-01,228289,143.0,0
2026-10-01,228291,167.0,0
2026-10-01,228296,26.0,0
2026-10-01,228298,21.0,0
2026-10-01,228299,33.0,0
2026-10-01,228301,33.0,0
2026-10-01,228302,33.0,0
2026-10-01,228304,21.0,0
2026-10-01,228306,68.0,0
2026-10-01,228319,57.0,0
2026-10-01,228322,14.8,0
2026-10-01,228323,11.0,0
2026-10-01,228324,14.0,0
2026-10-01,228332,105.0,0
2026-10-01,228334,170.0,0
2026-10-01,228337,226.0,0
2026-10-01,228345,45.0,0
2026-10-01,228347,45.0,0
2026-10-01,228349,45.0,0
2026-10-01,228350,45.0,0
2026-10-01,228351,45.0,0
2026-10-01,228352,45.0,0
2026-10-01,228353,45.0,0
2026-10-01,228359,180.0,0
2026-10-01,228360,36.0,0
2026-10-01,228361,36.0,0
2026-10-01,228365,36.0,0
2026-10-01,228366,36.0,0
2026-10-01,228367,36.0,0
2026-10-01,228368,36.0,0
2026-10-01,228378,2.8,0
2026-10-01,228379,15.5,0
2026-10-01,228380,14.0,0
2026-10-01,228391,45.0,0
2026-10-01,228392,30.3,0
2026-10-01,228393,15.4,0
2026-10-01,228394,27.2,0
2026-10-01,228395,17.5,0
2026-10-01,228396,27.0,0
2026-10-01,228398,60.0,0
2026-10-01,228423,30.0,0
2026-10-01,228452,21.0,0
2026-10-01,228453,45.0,0
2026-10-01,228457,50.0,0
2026-10-01,228458,31.0,0
2026-10-01,228459,49.0,0
2026-10-01,228540,15.5,0
2026-10-01,228670,28.0,0
2026-10-01,228671,52.0,0
2026-10-01,228673,6.9,0
2026-10-01,228771,29.5,0
2026-10-01,228772,45.9,0
2026-10-01,228834,43.9,0
2026-10-01,228975,65.9,0
2026-10-01,228976,17.9,0
2026-10-01,228977,15.5,0
2026-10-01,228978,18.9,0
2026-10-01,228979,31.6,0
2026-10-01,228980,70.6,0
2026-10-01,228981,16.2,0
2026-10-01,228983,23.0,0
2026-10-01,228984,23.0,0
2026-10-01,228985,23.0,0
2026-10-01,228989,31.5,0
2026-10-01,228996,34.1,0
2026-10-01,228998,31.5,0
2026-10-01,229000,31.5,0
2026-10-01,229005,32.8,0
2026-10-01,229006,17.0,0
2026-10-01,229013,14.5,0
2026-10-01,229016,18.0,0
2026-10-01,229017,47.9,0
2026-10-01,229018,100.0,0
2026-10-01,229019,18.0,0
2026-10-01,229025,47.9,0
2026-10-01,229026,100.3,0
2026-10-01,229027,18.0,0
2026-10-01,229028,47.9,0
2026-10-01,229029,100.0,0
2026-10-01,229030,18.0,0
2026-10-01,229031,47.9,0
2026-10-01,229033,100.3,0
2026-10-01,229034,14.7,0
2026-10-01,229044,405.0,0
2026-10-01,229045,440.0,0
2026-10-01,229048,207.0,0
2026-10-01,229049,165.0,0
2026-10-01,229073,28.0,0
2026-10-01,229074,27.9,0
2026-10-01,229100,108.0,0
2026-10-01,229101,108.0,0
2026-10-01,229102,108.0,0
2026-10-01,229103,79.0,0
2026-10-01,229106,79.0,0
2026-10-01,229108,45.0,0
2026-10-01,229111,45.0,0
2026-10-01,229112,45.0,0
2026-10-01,229114,45.0,0
2026-10-01,229115,144.0,0
2026-10-01,229119,83.0,0
2026-10-01,229122,299.0,0
2026-10-01,229123,28.7,0
2026-10-01,229124,57.0,0
2026-10-01,229125,57.0,0
2026-10-01,229131,30.0,0
2026-10-01,229134,27.0,0
2026-10-01,229147,80.9,0
2026-10-01,229149,80.9,0
2026-10-01,229151,105.9,0
2026-10-01,229154,45.0,0
2026-10-01,229158,35.9,0
2026-10-01,229159,18.9,0
2026-10-01,229160,50.9,0
2026-10-01,229718,103.5,0
2026-10-01,229865,10.0,0
2026-10-01,229874,10.0,0
2026-10-01,230090,197.0,0
2026-10-01,230103,191.0,0
2026-10-01,230278,252.5,0
2026-10-01,230324,128.8,0
2026-10-01,230411,34.1,0
2026-10-01,230421,163.5,0
2026-10-01,230464,139.9,0
2026-10-01,230488,28.8,0
2026-10-01,230489,56.0,0
2026-10-01,230491,74.9,0
2026-10-01,230492,74.9,0
2026-10-01,230494,143.8,0
2026-10-01,230498,168.0,0
2026-10-01,230499,25.6,0
2026-10-01,230514,50.0,0
2026-10-01,230524,16.0,0
2026-10-01,230540,38.9,0
2026-10-01,230541,25.9,0
2026-10-01,230542,32.9,0
2026-10-01,230547,58.0,0
2026-10-01,230550,45.0,0
2026-10-01,230551,30.3,0
2026-10-01,230552,45.0,0
2026-10-01,230554,30.3,0
2026-10-01,230555,26.0,0
2026-10-01,230556,26.0,0
2026-10-01,230558,26.0,0
2026-10-01,230559,33.0,0
2026-10-01,230560,33.0,0
2026-10-01,230580,6.0,0
2026-10-01,230591,9.2,0
2026-10-01,230595,9.2,0
2026-10-01,230597,9.2,0
2026-10-01,230640,79.2,0
2026-10-01,230641,57.0,0
2026-10-01,230645,58.5,0
2026-10-01,230646,79.8,0
2026-10-01,230648,16.5,0
2026-10-01,230701,40.8,0
2026-10-01,230702,114.6,0
2026-10-01,230705,73.0,0
2026-10-01,230811,75.0,0
2026-10-01,230851,8.0,0
2026-10-01,230920,149.5,0
2026-10-01,230921,51.0,0
2026-10-01,230922,22.0,0
2026-10-01,230923,199.0,0
2026-10-01,230924,28.8,0
2026-10-01,230926,50.0,0
2026-10-01,230938,95.0,0
2026-10-01,230939,95.0,0
2026-10-01,230940,30.7,0
2026-10-01,230941,30.7,0
2026-10-01,230942,21.5,0
2026-10-01,231001,27.9,0
2026-10-01,231002,27.9,0
2026-10-01,231006,42.9,0
2026-10-01,231008,11.0,0
2026-10-01,231009,10.0,0
2026-10-01,231020,225.0,0
2026-10-01,231215,8.8,0
2026-10-01,231445,27.0,0
2026-10-01,231510,91.0,0
2026-10-01,231511,91.0,0
2026-10-01,231512,91.0,0
2026-10-01,231513,110.0,0
2026-10-01,231514,110.0,0
2026-10-01,231515,110.0,0
2026-10-01,231516,14.8,0
2026-10-01,231536,99.0,0
2026-10-01,231537,20.0,0
2026-10-01,231540,25.7,0
2026-10-01,231542,25.7,0
2026-10-01,231552,13.8,0
2026-10-01,231553,13.8,0
2026-10-01,231554,37.5,0
2026-10-01,231555,92.5,0
2026-10-01,231556,37.5,0
2026-10-01,231565,18.6,0
2026-10-01,231566,45.0,0
2026-10-01,231569,95.0,0
2026-10-01,231570,95.0,0
2026-10-01,231571,95.0,0
2026-10-01,231572,19.4,0
2026-10-01,231582,201.0,0
2026-10-01,231612,94.0,0
2026-10-01,231631,52.5,0
2026-10-01,231632,89.9,0
2026-10-01,231633,89.9,0
2026-10-01,231636,52.5,0
2026-10-01,231637,89.9,0
2026-10-01,231638,52.5,0
2026-10-01,231639,25.9,0
2026-10-01,231640,30.0,0
2026-10-01,231644,9.9,0
2026-10-01,231645,9.8,0
2026-10-01,231646,9.0,0
2026-10-01,231647,22.5,0
2026-10-01,231650,29.1,0
2026-10-01,231652,240.0,0
2026-10-01,231653,138.0,0
2026-10-01,231654,215.0,0
2026-10-01,231655,46.9,0
2026-10-01,231656,30.9,0
2026-10-01,231658,46.9,0
2026-10-01,231660,46.9,0
2026-10-01,231662,46.9,0
2026-10-01,231663,46.9,0
2026-10-01,231670,18.0,0
2026-10-01,231672,53.0,0
2026-10-01,231673,47.0,0
2026-10-01,231674,53.0,0
2026-10-01,231675,80.0,0
2026-10-01,231676,44.0,0
2026-10-01,231677,80.0,0
2026-10-01,231678,44.0,0
2026-10-01,231679,80.0,0
2026-10-01,231680,44.0,0
2026-10-01,231691,80.0,0
2026-10-01,231692,53.0,0
2026-10-01,231699,46.9,0
2026-10-01,231715,190.0,0
2026-10-01,231716,195.0,0
2026-10-01,231718,143.0,0
2026-10-01,231730,173.0,0
2026-10-01,231731,143.0,0
2026-10-01,231734,128.0,0
2026-10-01,231736,26.5,0
2026-10-01,231737,26.5,0
2026-10-01,231739,26.5,0
2026-10-01,231740,65.9,0
2026-10-01,231741,65.9,0
2026-10-01,231742,65.9,0
2026-10-01,231743,65.9,0
2026-10-01,231744,65.9,0
2026-10-01,231748,14.0,0
2026-10-01,231749,28.0,0
2026-10-01,231755,38.2,0
2026-10-01,231756,27.7,0
2026-10-01,231765,44.0,0
2026-10-01,231798,15.9,0
2026-10-01,231799,26.2,0
2026-10-01,231801,26.2,0
2026-10-01,231802,65.9,0
2026-10-01,231804,15.9,0
2026-10-01,231805,15.9,0
2026-10-01,231818,143.0,0
2026-10-01,231877,36.9,0
2026-10-01,231887,37.5,0
2026-10-01,231899,56.0,0
2026-10-01,231900,26.2,0
2026-10-01,231901,26.2,0
2026-10-01,231902,15.9,0
2026-10-01,231903,15.9,0
2026-10-01,231922,24.0,0
2026-10-01,231925,23.0,0
2026-10-01,231928,25.0,0
2026-10-01,231929,25.0,0
2026-10-01,231930,25.0,0
2026-10-01,231931,26.2,0
2026-10-01,231933,36.0,0
2026-10-01,232003,20.0,0
2026-10-01,232006,6.0,0
2026-10-01,232047,80.0,0
2026-10-01,232048,80.0,0
2026-10-01,232049,80.0,0
2026-10-01,232051,80.0,0
2026-10-01,232052,80.0,0
2026-10-01,232053,80.0,0
2026-10-01,232054,80.0,0
2026-10-01,232055,98.0,0
2026-10-01,232056,144.0,0
2026-10-01,232057,83.0,0
2026-10-01,232058,62.0,0
2026-10-01,232059,78.0,0
2026-10-01,232060,98.0,0
2026-10-01,232061,62.0,0
2026-10-01,232062,180.0,0
2026-10-01,232064,49.5,0
2026-10-01,232065,35.0,0
2026-10-01,232066,35.0,0
2026-10-01,232067,35.0,0
2026-10-01,232069,35.0,0
2026-10-01,232084,149.5,0
2026-10-01,232234,29.5,0
2026-10-01,232235,29.0,0
2026-10-01,232236,29.3,0
2026-10-01,232491,27.4,0
2026-10-01,232513,19.5,0
2026-10-01,232750,53.5,0
2026-10-01,232939,27.4,0
2026-10-01,233048,52.8,0
2026-10-01,233471,20.0,0
2026-10-01,234015,46.9,0
2026-10-01,234016,55.0,0
2026-10-01,234017,55.0,0
2026-10-01,234018,63.0,0
2026-10-01,234019,34.9,0
2026-10-01,234020,230.0,0
2026-10-01,234021,9.0,0
2026-10-01,234022,10.5,0
2026-10-01,234023,100.8,0
2026-10-01,234025,118.0,0
2026-10-01,234026,118.0,0
2026-10-01,234044,118.0,0
2026-10-01,234046,140.0,0
2026-10-01,234047,140.0,0
2026-10-01,234060,83.0,0
2026-10-01,234061,78.4,0
2026-10-01,234062,78.4,0
2026-10-01,234063,49.6,0
2026-10-01,234064,78.0,0
2026-10-01,234067,132.0,0
2026-10-01,234068,92.0,0
2026-10-01,234070,116.0,0
2026-10-01,234071,110.0,0
2026-10-01,234072,116.0,0
2026-10-01,234074,116.0,0
2026-10-01,234931,31.0,0
2026-10-01,236900,54.0,0
2026-10-01,237171,31.0,0
2026-10-01,237277,40.5,0
2026-10-01,237507,27.4,0
2026-10-01,238406,149.9,0
2026-10-01,238481,43.1,0
2026-10-01,238562,6.0,0
2026-10-01,238570,6.0,0
2026-10-01,238589,6.0,0
2026-10-01,238619,20.0,0
2026-10-01,238880,16.8,0
2026-10-01,238945,26.7,0
2026-10-01,239038,23.0,0
2026-10-01,239062,23.0,0
2026-10-01,239240,26.0,0
2026-10-01,239259,24.0,0
2026-10-01,240123,47.9,0
2026-10-01,240535,56.0,0
2026-10-01,240537,23.9,0
2026-10-01,240542,18.0,0
2026-10-01,240543,18.0,0
2026-10-01,240544,18.0,0
2026-10-01,240546,18.6,0
2026-10-01,240548,20.0,0
2026-10-01,240549,25.0,0
2026-10-01,240550,6.6,0
2026-10-01,240552,6.6,0
2026-10-01,240610,52.0,0
2026-10-01,240611,144.0,0
2026-10-01,240614,63.7,0
2026-10-01,240615,20.9,0
2026-10-01,240624,21.3,0
2026-10-01,240625,21.3,0
2026-10-01,240626,27.4,0
2026-10-01,240627,27.4,0
2026-10-01,240628,20.9,0
2026-10-01,240632,13.9,0
2026-10-01,240633,20.5,0
2026-10-01,240634,20.5,0
2026-10-01,240635,45.9,0
2026-10-01,240636,20.6,0
2026-10-01,240637,20.6,0
2026-10-01,240639,160.0,0
2026-10-01,240640,99.0,0
2026-10-01,240644,42.9,0
2026-10-01,240646,87.5,0
2026-10-01,240650,65.2,0
2026-10-01,240651,92.4,0
2026-10-01,240653,19.4,0
2026-10-01,240654,11.2,0
2026-10-01,240663,77.9,0
2026-10-01,240668,113.0,0
2026-10-01,240673,118.0,0
2026-10-01,240684,18.6,0
2026-10-01,240685,14.6,0
2026-10-01,240686,99.9,0
2026-10-01,240689,94.9,0
2026-10-01,240693,19.5,0
2026-10-01,240696,90.0,0
2026-10-01,240697,90.0,0
2026-10-01,240698,50.0,0
2026-10-01,240700,62.4,0
2026-10-01,240701,62.4,0
2026-10-01,240703,62.4,0
2026-10-01,240704,78.0,0
2026-10-01,240705,62.4,0
2026-10-01,240706,62.4,0
2026-10-01,240707,62.4,0
2026-10-01,240708,62.4,0
2026-10-01,240711,82.5,0
2026-10-01,240718,43.9,0
2026-10-01,240720,28.5,0
2026-10-01,240724,26.4,0
2026-10-01,240736,15.5,0
2026-10-01,240738,15.5,0
2026-10-01,240739,15.5,0
2026-10-01,240744,6.6,0
2026-10-01,240746,11.2,0
2026-10-01,240747,4.5,0
2026-10-01,240748,4.5,0
2026-10-01,240749,37.9,0
2026-10-01,240750,91.0,0
2026-10-01,240751,90.9,0
2026-10-01,240754,22.0,0
2026-10-01,240755,20.0,0
2026-10-01,240756,20.0,0
2026-10-01,240757,20.0,0
2026-10-01,240773,27.9,0
2026-10-01,240774,27.9,0
2026-10-01,240775,15.0,0
2026-10-01,240776,14.0,0
2026-10-01,240793,11.7,0
2026-10-01,240794,21.3,0
2026-10-01,240804,38.7,0
2026-10-01,240805,38.7,0
2026-10-01,240807,17.2,0
2026-10-01,240808,17.2,0
2026-10-01,240813,46.5,0
2026-10-01,240814,35.4,0
2026-10-01,240838,62.0,0
2026-10-01,240845,12.5,0
2026-10-01,240846,22.3,0
2026-10-01,240847,39.2,0
2026-10-01,240848,29.0,0
2026-10-01,240849,28.0,0
2026-10-01,240852,9.7,0
2026-10-01,240853,29.3,0
2026-10-01,240855,99.0,0
2026-10-01,240863,168.0,0
2026-10-01,240864,168.0,0
2026-10-01,240898,20.2,0
2026-10-01,240900,138.0,0
2026-10-01,240901,199.5,0
2026-10-01,241172,11.1,0
2026-10-01,241300,38.9,0
2026-10-01,241784,27.0,0
2026-10-01,241806,84.9,0
2026-10-01,241881,46.0,0
2026-10-01,242136,114.9,0
2026-10-01,242164,15.5,0
2026-10-01,242166,75.0,0
2026-10-01,242438,29.9,0
2026-10-01,242446,29.9,0
2026-10-01,243010,90.1,0
2026-10-01,243011,25.9,0
2026-10-01,243012,40.6,0
2026-10-01,243027,13.3,0
2026-10-01,243272,61.0,0
2026-10-01,243277,40.5,0
2026-10-01,243540,24.5,0
2026-10-01,243850,6.3,0
2026-10-01,243930,16.0,0
2026-10-01,244775,4.6,0
2026-10-01,244791,166.0,0
2026-10-01,244953,69.5,0
2026-10-01,244961,89.0,0
2026-10-01,245021,52.0,0
2026-10-01,245100,20.5,0
2026-10-01,245788,5.9,0
2026-10-01,245790,13.5,0
2026-10-01,245791,13.5,0
2026-10-01,245792,16.0,0
2026-10-01,245793,18.5,0
2026-10-01,245794,37.5,0
2026-10-01,245799,16.0,0
2026-10-01,246120,71.5,0
2026-10-01,246263,32.9,0
2026-10-01,248483,16.7,0
2026-10-01,248778,133.0,0
2026-10-01,248780,26.4,0
2026-10-01,248908,11.0,0
2026-10-01,249002,11.4,0
2026-10-01,249003,8.4,0
2026-10-01,249004,8.0,0
2026-10-01,249011,28.0,0
2026-10-01,249012,53.9,0
2026-10-01,249013,20.9,0
2026-10-01,249014,20.9,0
2026-10-01,249026,243.0,0
2026-10-01,249027,243.0,0
2026-10-01,249029,45.6,0
2026-10-01,249030,77.5,0
2026-10-01,249031,143.3,0
2026-10-01,249032,45.6,0
2026-10-01,249034,6.3,0
2026-10-01,249035,21.0,0
2026-10-01,249063,45.0,0
2026-10-01,249082,13.1,0
2026-10-01,249319,95.5,0
2026-10-01,249394,95.5,0
2026-10-01,249793,65.0,0
2026-10-01,249807,94.0,0
2026-10-01,249971,55.0,0
2026-10-01,250100,95.0,0
2026-10-01,250101,31.9,0
2026-10-01,250102,47.9,0
2026-10-01,250103,47.9,0
2026-10-01,250506,14.4,0
2026-10-01,250525,18.9,0
2026-10-01,250526,18.9,0
2026-10-01,250550,14.5,0
2026-10-01,250592,11.5,0
2026-10-01,250732,62.9,0
2026-10-01,251055,15.5,0
2026-10-01,251056,15.5,0
2026-10-01,251057,15.5,0
2026-10-01,251059,15.5,0
2026-10-01,251111,18.6,0
2026-10-01,251112,12.6,0
2026-10-01,251113,21.9,0
2026-10-01,251114,12.6,0
2026-10-01,251115,18.6,0
2026-10-01,251116,12.6,0
2026-10-01,251117,8.0,0
2026-10-01,251451,27.5,0
2026-10-01,251770,59.9,0
2026-10-01,251775,6.0,0
2026-10-01,251776,20.5,0
2026-10-01,251984,8.0,0
2026-10-01,252013,42.0,0
2026-10-01,252014,42.0,0
2026-10-01,252015,42.0,0
2026-10-01,252016,42.0,0
2026-10-01,252019,42.0,0
2026-10-01,252022,42.0,0
2026-10-01,252024,42.0,0
2026-10-01,252025,42.0,0
2026-10-01,252027,42.0,0
2026-10-01,252718,68.9,0
2026-10-01,253110,96.6,0
2026-10-01,253634,27.5,0
2026-10-01,253774,24.5,0
2026-10-01,253804,21.5,0
2026-10-01,253871,13.0,0
2026-10-01,254130,38.5,0
2026-10-01,254131,36.0,0
2026-10-01,254161,5.0,0
2026-10-01,254162,8.6,0
2026-10-01,254163,7.5,0
2026-10-01,254164,7.5,0
2026-10-01,254165,7.5,0
2026-10-01,254166,5.0,0
2026-10-01,254665,32.9,0
2026-10-01,255023,82.6,0
2026-10-01,255026,60.9,0
2026-10-01,255224,81.0,0
2026-10-01,255416,110.2,0
2026-10-01,255771,19.2,0
2026-10-01,256099,38.0,0
2026-10-01,256102,21.0,0
2026-10-01,256595,31.9,0
2026-10-01,259050,24.2,0
2026-10-01,259306,30.0,0
2026-10-01,259454,10.9,0
2026-10-01,259470,9.5,0
2026-10-01,259667,9.5,0
2026-10-01,259675,62.0,0
2026-10-01,259691,123.6,0
2026-10-01,259705,14.6,0
2026-10-01,260152,23.0,0
2026-10-01,260187,30.0,0
2026-10-01,260230,16.4,0
2026-10-01,260305,225.0,0
2026-10-01,260711,32.5,0
2026-10-01,260820,80.1,0
2026-10-01,260890,16.9,0
2026-10-01,261963,15.0,0
2026-10-01,263025,65.0,0
2026-10-01,263026,65.0,0
2026-10-01,263572,104.0,0
2026-10-01,263577,109.0,0
2026-10-01,263578,109.0,0
2026-10-01,263579,109.0,0
2026-10-01,263580,104.0,0
2026-10-01,263581,104.0,0
2026-10-01,263582,104.0,0
2026-10-01,263737,16.9,0
2026-10-01,264776,25.0,0
2026-10-01,266043,21.0,0
2026-10-01,266051,21.0,0
2026-10-01,266280,50.0,0
2026-10-01,266469,293.9,0
2026-10-01,267384,146.0,0
2026-10-01,268160,30.5,0
2026-10-01,268313,4.5,0
2026-10-01,269123,21.5,0
2026-10-01,269590,46.0,0
2026-10-01,269877,125.0,0
2026-10-01,269878,78.5,0
2026-10-01,269879,78.5,0
2026-10-01,270108,49.0,0
2026-10-01,270227,9.5,0
2026-10-01,270377,149.0,0
2026-10-01,270450,19.5,0
2026-10-01,270454,23.0,0
2026-10-01,270459,23.0,0
2026-10-01,270474,56.9,0
2026-10-01,270830,10.0,0
2026-10-01,271616,15.0,0
2026-10-01,271624,13.8,0
2026-10-01,271781,9.5,0
2026-10-01,271819,9.5,0
2026-10-01,273201,42.5,0
2026-10-01,274798,29.0,0
2026-10-01,275700,24.5,0
2026-10-01,276162,98.0,0
2026-10-01,276371,55.6,0
2026-10-01,276372,69.0,0
2026-10-01,277229,7.7,0
2026-10-01,277810,7.9,0
2026-10-01,277811,7.9,0
2026-10-01,277815,7.9,0
2026-10-01,279021,132.0,0
2026-10-01,280131,10.0,0
2026-10-01,280140,35.0,0
2026-10-01,280141,15.0,0
2026-10-01,280153,29.7,0
2026-10-01,280160,22.9,0
2026-10-01,280161,16.8,0
2026-10-01,280163,16.8,0
2026-10-01,280164,22.9,0
2026-10-01,280165,22.9,0
2026-10-01,280166,22.9,0
2026-10-01,280174,15.5,0
2026-10-01,280175,15.5,0
2026-10-01,280176,15.5,0
2026-10-01,280189,16.9,0
2026-10-01,280190,16.9,0
2026-10-01,280512,19.0,0
2026-10-01,281871,26.0,0
2026-10-01,282021,55.2,0
2026-10-01,282024,67.6,0
2026-10-01,282029,55.9,0
2026-10-01,282037,68.9,0
2026-10-01,282039,44.8,0
2026-10-01,282040,26.9,0
2026-10-01,282043,29.0,0
2026-10-01,282625,80.1,0
2026-10-01,282642,11.0,0
2026-10-01,283990,39.9,0
2026-10-01,283991,8.2,0
2026-10-01,284084,17.0,0
2026-10-01,284092,17.0,0
2026-10-01,284107,17.0,0
2026-10-01,284769,18.8,0
2026-10-01,286800,61.0,0
2026-10-01,286818,61.0,0
2026-10-01,287130,74.9,0
2026-10-01,287245,61.0,0
2026-10-01,287300,61.0,0
2026-10-01,288013,149.9,0
2026-10-01,288046,160.0,0
2026-10-01,288098,14.5,0
2026-10-01,288101,14.5,0
2026-10-01,288144,12.0,0
2026-10-01,288250,6.8,0
2026-10-01,288268,14.8,0
2026-10-01,288276,40.0,0
2026-10-01,288349,31.2,0
2026-10-01,288527,11.4,0
2026-10-01,289010,27.4,0
2026-10-01,289051,124.0,0
2026-10-01,289671,30.5,0
2026-10-01,290530,62.0,0
2026-10-01,290823,17.0,0
2026-10-01,290874,110.0,0
2026-10-01,291001,90.3,0
2026-10-01,291002,90.3,0
2026-10-01,291324,31.0,0
2026-10-01,291325,31.0,0
2026-10-01,291326,41.0,0
2026-10-01,291595,13.5,0
2026-10-01,291641,55.0,0
2026-10-01,291986,12.5,0
2026-10-01,292022,18.6,0
2026-10-01,292176,60.0,0
2026-10-01,292505,36.8,0
2026-10-01,293018,183.0,0
2026-10-01,293023,122.5,0
2026-10-01,293036,43.3,0
2026-10-01,293038,38.9,0
2026-10-01,293039,38.9,0
2026-10-01,293042,15.5,0
2026-10-01,293050,98.0,0
2026-10-01,293090,89.0,0
2026-10-01,293092,89.0,0
2026-10-01,293093,89.0,0
2026-10-01,293094,89.0,0
2026-10-01,293095,169.0,0
2026-10-01,293106,57.5,0
2026-10-01,293108,64.8,0
2026-10-01,293109,103.5,0
2026-10-01,293110,70.9,0
2026-10-01,293111,102.3,0
2026-10-01,293114,59.4,0
2026-10-01,293116,36.8,0
2026-10-01,293140,94.0,0
2026-10-01,293141,94.0,0
2026-10-01,293687,14.5,0
2026-10-01,293695,14.5,0
2026-10-01,294411,36.5,0
2026-10-01,295272,51.9,0
2026-10-01,295388,11.7,0
2026-10-01,295396,11.7,0
2026-10-01,295434,3.5,0
2026-10-01,295750,39.5,0
2026-10-01,296120,60.5,0
2026-10-01,296122,60.5,0
2026-10-01,296146,191.0,0
2026-10-01,297451,15.5,0
2026-10-01,297968,17.0,0
2026-10-01,297976,31.5,0
2026-10-01,298034,37.5,0
2026-10-01,298531,13.5,0
2026-10-01,298711,11.5,0
2026-10-01,299529,59.4,0
2026-10-01,299553,36.8,0
2026-10-01,299693,8.0,0
2026-10-01,299740,8.0,0
2026-10-01,299790,47.9,0
2026-10-01,299812,26.2,0
2026-10-01,299820,26.2,0
2026-10-01,300140,23.0,0
2026-10-01,300141,37.4,0
2026-10-01,300142,37.0,0
2026-10-01,300225,4.5,0
2026-10-01,300349,8.0,0
2026-10-01,300505,87.5,0
2026-10-01,300506,87.5,0
2026-10-01,300536,50.0,0
2026-10-01,301026,47.3,0
2026-10-01,301029,86.6,0
2026-10-01,301031,86.6,0
2026-10-01,301032,86.6,0
2026-10-01,301111,132.0,0
2026-10-01,301118,54.0,0
2026-10-01,301420,54.0,0
2026-10-01,301421,54.0,0
2026-10-01,301423,73.0,0
2026-10-01,302090,37.9,0
2026-10-01,302173,40.5,0
2026-10-01,302178,40.5,0
2026-10-01,302333,13.0,0
2026-10-01,302515,21.5,0
2026-10-01,302600,11.0,0
2026-10-01,302781,13.5,0
2026-10-01,302852,63.2,0
2026-10-01,303235,10.0,0
2026-10-01,303523,91.0,0
2026-10-01,303541,84.5,0
2026-10-01,303593,16.5,0
2026-10-01,303607,31.3,0
2026-10-01,303615,5.2,0
2026-10-01,303836,38.9,0
2026-10-01,303879,28.0,0
2026-10-01,304007,20.5,0
2026-10-01,304014,87.5,0
2026-10-01,304110,21.5,0
2026-10-01,304189,25.0,0
2026-10-01,304352,11.9,0
2026-10-01,304504,22.5,0
2026-10-01,304741,65.0,0
2026-10-01,304792,63.0,0
2026-10-01,304972,10.0,0
2026-10-01,305110,18.4,0
2026-10-01,305146,31.7,0
2026-10-01,305152,16.9,0
2026-10-01,305235,16.6,0
2026-10-01,305400,34.0,0
2026-10-01,305415,5.0,0
2026-10-01,305448,63.1,0
2026-10-01,305527,27.0,0
2026-10-01,305537,37.8,0
2026-10-01,305711,5.6,0
2026-10-01,305712,15.5,0
2026-10-01,305716,23.0,0
2026-10-01,305717,4.8,0
2026-10-01,305718,13.8,0
2026-10-01,305722,22.0,0
2026-10-01,305789,81.0,0
2026-10-01,305799,35.7,0
2026-10-01,305815,22.5,0
2026-10-01,305820,110.0,0
2026-10-01,305857,37.5,0
2026-10-01,305878,34.9,0
2026-10-01,305960,15.5,0
2026-10-01,306051,17.5,0
2026-10-01,306197,35.5,0
2026-10-01,306410,105.0,0
2026-10-01,306441,14.5,0
2026-10-01,306442,14.5,0
2026-10-01,306577,32.5,0
2026-10-01,306701,81.0,0
2026-10-01,306702,81.0,0
2026-10-01,306705,81.0,0
2026-10-01,306778,29.5,0
2026-10-01,306783,17.0,0
2026-10-01,306787,43.5,0
2026-10-01,307100,10.0,0
2026-10-01,307107,28.0,0
2026-10-01,307114,18.9,0
2026-10-01,307122,18.9,0
2026-10-01,307130,18.9,0
2026-10-01,307170,40.0,0
2026-10-01,307726,15.0,0
2026-10-01,307885,14.9,0
2026-10-01,308048,12.5,0
2026-10-01,308181,25.0,0
2026-10-01,308187,28.0,0
2026-10-01,308269,59.4,0
2026-10-01,308579,8.5,0
2026-10-01,309747,100.0,0
2026-10-01,309771,11.3,0
2026-10-01,309775,11.3,0
2026-10-01,309971,48.5,0
2026-10-01,309982,21.0,0
2026-10-01,310371,15.0,0
2026-10-01,310372,29.5,0
2026-10-01,310383,22.5,0
2026-10-01,310386,34.5,0
2026-10-01,310390,199.0,0
2026-10-01,310398,12.5,0
2026-10-01,310399,10.0,0
2026-10-01,310539,14.8,0
2026-10-01,310931,28.0,0
2026-10-01,311077,33.0,0
2026-10-01,311584,16.5,0
2026-10-01,311586,16.5,0
2026-10-01,311790,25.6,0
2026-10-01,311804,25.6,0
2026-10-01,312050,59.4,0
2026-10-01,312052,36.8,0
2026-10-01,312102,57.5,0
2026-10-01,312103,57.5,0
2026-10-01,312104,16.5,0
2026-10-01,312105,16.5,0
2026-10-01,312107,14.9,0
2026-10-01,312109,18.5,0
2026-10-01,312110,30.0,0
2026-10-01,312111,30.0,0
2026-10-01,312113,9.5,0
2026-10-01,312114,31.5,0
2026-10-01,312117,10.5,0
2026-10-01,312119,7.5,0
2026-10-01,312122,239.0,0
2026-10-01,312128,5.0,0
2026-10-01,312130,11.0,0
2026-10-01,312133,48.0,0
2026-10-01,312135,31.5,0
2026-10-01,312136,31.5,0
2026-10-01,312137,31.5,0
2026-10-01,312138,5.5,0
2026-10-01,312139,5.5,0
2026-10-01,312144,31.5,0
2026-10-01,312145,31.5,0
2026-10-01,312146,36.0,0
2026-10-01,312147,20.5,0
2026-10-01,312148,37.0,0
2026-10-01,312149,37.0,0
2026-10-01,312151,10.0,0
2026-10-01,312153,37.0,0
2026-10-01,312154,16.0,0
2026-10-01,312155,150.0,0
2026-10-01,312158,37.0,0
2026-10-01,312159,37.0,0
2026-10-01,312161,25.0,0
2026-10-01,312164,10.9,0
2026-10-01,312168,115.0,0
2026-10-01,312170,115.0,0
2026-10-01,312172,18.5,0
2026-10-01,312175,7.5,0
2026-10-01,312178,7.5,0
2026-10-01,312180,132.5,0
2026-10-01,312182,49.5,0
2026-10-01,312183,28.5,0
2026-10-01,312184,180.0,0
2026-10-01,312186,180.0,0
2026-10-01,312187,41.0,0
2026-10-01,312188,27.0,0
2026-10-01,312192,48.0,0
2026-10-01,312195,59.0,0
2026-10-01,312196,39.5,0
2026-10-01,312197,10.0,0
2026-10-01,312199,75.0,0
2026-10-01,312203,9.8,0
2026-10-01,312204,9.8,0
2026-10-01,312211,173.9,0
2026-10-01,312213,17.5,0
2026-10-01,312214,17.5,0
2026-10-01,312217,12.5,0
2026-10-01,312218,21.0,0
2026-10-01,312219,16.0,0
2026-10-01,312220,21.0,0
2026-10-01,312221,21.0,0
2026-10-01,312227,110.0,0
2026-10-01,312233,62.0,0
2026-10-01,312238,115.0,0
2026-10-01,312239,13.8,0
2026-10-01,312241,16.5,0
2026-10-01,312242,16.5,0
2026-10-01,312247,13.0,0
2026-10-01,312248,13.0,0
2026-10-01,312249,22.5,0
2026-10-01,312250,22.5,0
2026-10-01,312252,15.5,0
2026-10-01,312253,118.5,0
2026-10-01,312254,118.5,0
2026-10-01,312255,118.5,0
2026-10-01,312257,47.5,0
2026-10-01,312261,12.9,0
2026-10-01,312262,69.5,0
2026-10-01,312263,12.4,0
2026-10-01,312278,15.5,0
2026-10-01,312284,10.0,0
2026-10-01,312291,30.0,0
2026-10-01,312294,8.0,0
2026-10-01,312295,13.5,0
2026-10-01,312296,14.5,0
2026-10-01,312297,19.0,0
2026-10-01,312298,44.0,0
2026-10-01,312302,12.5,0
2026-10-01,312303,12.5,0
2026-10-01,312308,10.0,0
2026-10-01,312311,44.0,0
2026-10-01,312711,26.0,0
2026-10-01,313160,47.0,0
2026-10-01,313232,215.0,0
2026-10-01,313234,215.0,0
2026-10-01,313254,75.0,0
2026-10-01,313310,14.3,0
2026-10-01,313370,10.4,0
2026-10-01,313373,21.5,0
2026-10-01,313375,43.3,0
2026-10-01,313550,16.3,0
2026-10-01,313551,16.3,0
2026-10-01,313639,46.0,0
2026-10-01,313641,128.0,0
2026-10-01,313643,128.0,0
2026-10-01,313644,128.0,0
2026-10-01,313646,128.0,0
2026-10-01,313647,97.5,0
2026-10-01,313820,16.0,0
2026-10-01,313910,23.5,0
2026-10-01,314024,27.4,0
2026-10-01,314028,31.8,0
2026-10-01,314029,31.8,0
2026-10-01,314031,31.8,0
2026-10-01,314033,31.8,0
2026-10-01,314036,20.9,0
2026-10-01,314039,20.9,0
2026-10-01,314049,20.9,0
2026-10-01,314055,20.9,0
2026-10-01,314060,35.0,0
2026-10-01,314081,21.0,0
2026-10-01,314978,57.5,0
2026-10-01,315509,32.2,0
2026-10-01,315923,55.0,0
2026-10-01,316121,7.5,0
2026-10-01,316331,21.0,0
2026-10-01,316369,127.0,0
2026-10-01,316512,13.0,0
2026-10-01,316539,50.6,0
2026-10-01,316580,91.6,0
2026-10-01,316778,26.5,0
2026-10-01,316779,26.5,0
2026-10-01,316814,31.0,0
2026-10-01,316822,40.5,1
2026-10-01,316830,31.0,0
2026-10-01,317269,16.3,0
2026-10-01,317659,18.9,0
2026-10-01,317748,23.4,0
2026-10-01,317764,23.4,0
2026-10-01,317810,23.4,0
2026-10-01,317829,23.4,0
2026-10-01,317918,10.9,0
2026-10-01,317926,10.9,0
2026-10-01,318671,22.2,0
2026-10-01,318698,14.0,0
2026-10-01,318990,17.5,0
2026-10-01,319554,58.0,0
2026-10-01,320122,24.8,0
2026-10-01,320133,34.9,0
2026-10-01,320140,26.9,0
2026-10-01,320146,30.9,1
2026-10-01,320147,26.9,0
2026-10-01,320152,28.3,0
2026-10-01,320154,28.3,0
2026-10-01,320169,18.6,0
2026-10-01,320170,21.0,0
2026-10-01,320172,18.6,0
2026-10-01,320186,41.3,0
2026-10-01,320189,41.3,0
2026-10-01,321009,22.0,0
2026-10-01,321011,19.0,0
2026-10-01,321012,73.5,0
2026-10-01,321077,42.0,0
2026-10-01,321078,28.5,0
2026-10-01,321112,42.5,0
2026-10-01,321115,42.5,0
2026-10-01,321176,16.5,0
2026-10-01,321276,7.5,0
2026-10-01,321339,35.0,0
2026-10-01,321342,45.0,0
2026-10-01,321347,68.5,0
2026-10-01,321348,68.5,0
2026-10-01,321349,137.5,0
2026-10-01,321351,31.0,0
2026-10-01,321352,35.0,0
2026-10-01,321353,37.5,0
2026-10-01,321355,35.0,0
2026-10-01,321358,69.9,0
2026-10-01,321364,7.0,0
2026-10-01,321366,25.5,0
2026-10-01,321368,16.9,0
2026-10-01,321369,16.9,0
2026-10-01,321374,33.5,0
2026-10-01,321375,15.0,0
2026-10-01,321378,65.9,0
2026-10-01,321379,65.9,0
2026-10-01,321381,63.9,0
2026-10-01,321383,65.9,0
2026-10-01,321386,75.0,0
2026-10-01,321387,49.9,0
2026-10-01,321390,42.0,0
2026-10-01,321391,7.5,0
2026-10-01,321392,7.5,0
2026-10-01,321393,7.5,0
2026-10-01,321394,7.5,0
2026-10-01,321395,33.5,0
2026-10-01,321399,57.5,0
2026-10-01,321440,68.5,0
2026-10-01,321441,68.5,0
2026-10-01,321444,53.5,0
2026-10-01,321452,81.0,0
2026-10-01,321454,68.5,0
2026-10-01,321455,93.5,0
2026-10-01,321456,9.5,0
2026-10-01,321462,85.0,0
2026-10-01,321949,15.9,0
2026-10-01,321950,26.2,0
2026-10-01,321973,31.2,0
2026-10-01,321975,31.2,0
2026-10-01,321976,31.2,0
2026-10-01,321977,31.2,0
2026-10-01,321978,9.7,0
2026-10-01,321979,10.9,0
2026-10-01,321980,10.9,0
2026-10-01,321984,65.9,0
2026-10-01,321988,94.9,0
2026-10-01,321989,129.0,0
2026-10-01,321992,94.9,0
2026-10-01,322101,125.0,0
2026-10-01,322157,46.5,0
2026-10-01,322718,19.5,0
2026-10-01,322720,19.5,0
2026-10-01,323350,24.0,0
2026-10-01,323351,41.0,0
2026-10-01,323630,68.0,0
2026-10-01,323633,71.0,0
2026-10-01,323766,14.0,0
2026-10-01,324134,250.0,0
2026-10-01,324135,69.0,0
2026-10-01,324230,3.2,0
2026-10-01,324329,29.9,0
2026-10-01,324401,9.8,0
2026-10-01,324411,34.0,0
2026-10-01,324507,6.4,0
2026-10-01,324523,6.4,0
2026-10-01,324540,6.4,0
2026-10-01,324558,6.2,0
2026-10-01,324566,6.4,0
2026-10-01,324871,19.4,0
2026-10-01,324877,109.0,0
2026-10-01,325023,15.0,0
2026-10-01,325115,126.5,0
2026-10-01,325420,29.8,0
2026-10-01,325511,6.4,0
2026-10-01,325672,4.5,0
2026-10-01,325678,4.5,0
2026-10-01,325929,21.5,0
2026-10-01,325937,5.0,0
2026-10-01,326646,63.0,0
2026-10-01,327181,18.5,0
2026-10-01,327185,18.5,0
2026-10-01,327186,18.5,0
2026-10-01,327187,12.0,0
2026-10-01,327260,24.5,0
2026-10-01,327468,63.5,0
2026-10-01,327581,27.0,0
2026-10-01,327786,36.0,0
2026-10-01,327815,17.9,0
2026-10-01,327832,21.0,0
2026-10-01,327867,36.0,0
2026-10-01,327921,20.0,0
2026-10-01,328022,24.0,0
2026-10-01,328057,79.9,0
2026-10-01,328065,138.9,0
2026-10-01,328103,204.9,0
2026-10-01,328120,11.7,0
2026-10-01,328154,185.0,0
2026-10-01,328187,4.0,0
2026-10-01,328336,169.0,0
2026-10-01,328337,54.0,0
2026-10-01,328339,54.0,0
2026-10-01,328345,54.0,0
2026-10-01,328360,1650.0,0
2026-10-01,328374,57.4,0
2026-10-01,328409,6.5,0
2026-10-01,328471,60.0,0
2026-10-01,328474,5990.0,0
2026-10-01,328475,100.0,0
2026-10-01,328552,23.5,0
2026-10-01,328566,35.0,0
2026-10-01,328567,35.0,0
2026-10-01,328599,40.0,0
2026-10-01,328650,41.0,0
2026-10-01,328678,21.5,0
2026-10-01,328679,21.5,0
2026-10-01,328740,66.0,0
2026-10-01,328758,170.9,0
2026-10-01,328802,103.0,0
2026-10-01,328803,180.0,0
2026-10-01,328829,63.5,0
2026-10-01,328839,57.0,0
2026-10-01,328847,20.0,0
2026-10-01,328863,45.0,0
2026-10-01,328884,21.0,0
2026-10-01,328920,32.0,0
2026-10-01,329533,11.5,0
2026-10-01,329871,20.0,0
2026-10-01,330170,75.0,0
2026-10-01,330199,9.0,0
2026-10-01,330200,9.0,0
2026-10-01,330230,38.0,0
2026-10-01,330460,23.7,0
2026-10-01,330563,28.6,0
2026-10-01,330820,65.9,0
2026-10-01,330931,9.0,0
2026-10-01,331060,66.0,0
2026-10-01,331150,6.5,0
2026-10-01,331151,6.9,0
2026-10-01,331156,8.5,0
2026-10-01,331195,92.6,0
2026-10-01,331505,28.5,0
2026-10-01,331506,28.4,0
2026-10-01,331531,15.6,0
2026-10-01,331722,25.7,0
2026-10-01,331723,28.5,0
2026-10-01,331871,6.5,0
2026-10-01,331893,25.5,0
2026-10-01,332001,6.5,0
2026-10-01,332151,20.9,0
2026-10-01,332171,16.0,0
2026-10-01,332172,15.0,0
2026-10-01,332291,325.0,0
2026-10-01,332507,31.5,0
2026-10-01,332552,47.9,0
2026-10-01,332578,14.5,0
2026-10-01,332595,14.0,0
2026-10-01,332656,14.0,0
2026-10-01,332778,23.5,0
2026-10-01,333026,25.0,0
2026-10-01,333053,29.4,0
2026-10-01,333062,31.9,0
2026-10-01,333143,95.0,0
2026-10-01,333144,95.0,0
2026-10-01,333145,115.0,0
2026-10-01,333160,27.0,0
2026-10-01,333168,32.1,0
2026-10-01,333266,55.0,0
2026-10-01,333277,48.0,0
2026-10-01,333287,28.9,0
2026-10-01,333302,31.2,0
2026-10-01,333304,31.2,0
2026-10-01,333305,31.2,0
2026-10-01,333371,6.2,0
2026-10-01,333420,80.0,0
2026-10-01,333451,29.0,0
2026-10-01,333452,29.0,0
2026-10-01,333453,29.0,0
2026-10-01,333454,46.0,0
2026-10-01,333470,19.5,0
2026-10-01,333513,33.0,0
2026-10-01,333557,37.5,0
2026-10-01,333558,37.5,0
2026-10-01,333561,44.9,0
2026-10-01,333565,56.0,0
2026-10-01,333577,7.5,0
2026-10-01,333586,79.0,0
2026-10-01,333644,60.9,0
2026-10-01,333645,99.9,0
2026-10-01,333750,21.0,0
2026-10-01,333754,51.0,0
2026-10-01,333755,50.0,0
2026-10-01,333770,32.8,0
2026-10-01,333775,12.0,0
2026-10-01,333796,69.0,0
2026-10-01,333823,28.0,0
2026-10-01,333825,28.0,0
2026-10-01,333826,28.0,0
2026-10-01,333912,17.0,0
2026-10-01,333956,49.9,0
2026-10-01,333963,128.0,0
2026-10-01,333996,26.0,0
2026-10-01,333997,26.0,0
2026-10-01,333998,26.0,0
2026-10-01,334065,26.9,0
2026-10-01,334079,8.5,0
2026-10-01,334090,25.0,0
2026-10-01,334105,28.0,0
2026-10-01,334111,21.5,0
2026-10-01,334120,20.0,0
2026-10-01,334138,30.0,0
2026-10-01,334146,20.5,0
2026-10-01,334390,28.5,0
2026-10-01,334535,45.0,0
2026-10-01,334536,45.0,0
2026-10-01,334566,31.5,0
2026-10-01,334680,105.0,0
2026-10-01,334681,100.0,0
2026-10-01,334682,99.0,0
2026-10-01,334683,100.0,0
2026-10-01,334758,57.5,0
2026-10-01,335011,28.5,0
2026-10-01,335055,74.9,0
2026-10-01,335579,31.0,0
2026-10-01,335580,26.6,0
2026-10-01,335582,31.0,0
2026-10-01,335610,13.0,0
2026-10-01,335755,29.5,0
2026-10-01,335756,29.5,0
2026-10-01,335757,29.5,0
2026-10-01,335781,48.0,0
2026-10-01,335787,10.9,0
2026-10-01,335805,28.0,0
2026-10-01,335967,63.0,0
2026-10-01,336066,25.9,0
2026-10-01,336275,72.0,0
2026-10-01,336341,43.1,0
2026-10-01,336386,13.6,0
2026-10-01,336394,16.0,0
2026-10-01,336424,14.9,0
2026-10-01,336513,14.5,0
2026-10-01,336521,14.9,0
2026-10-01,336530,13.9,0
2026-10-01,336548,13.9,0
2026-10-01,336564,13.5,0
2026-10-01,336572,14.9,0
2026-10-01,336573,25.5,0
2026-10-01,336750,16.5,0
2026-10-01,336769,29.0,0
2026-10-01,336833,20.9,0
2026-10-01,336939,15.0,0
2026-10-01,336947,15.0,0
2026-10-01,337020,39.4,0
2026-10-01,337090,25.9,0
2026-10-01,337091,25.9,0
2026-10-01,337093,30.8,0
2026-10-01,337187,35.0,0
2026-10-01,337307,33.5,0
2026-10-01,337358,17.5,0
2026-10-01,337366,15.0,0
2026-10-01,337374,16.5,0
2026-10-01,337729,186.5,0
2026-10-01,337733,18.5,0
2026-10-01,337801,11.7,0
2026-10-01,337891,64.8,0
2026-10-01,338048,52.5,0
2026-10-01,338050,43.0,0
2026-10-01,338717,53.0,0
2026-10-01,338740,25.5,0
2026-10-01,338744,23.3,0
2026-10-01,338746,23.3,0
2026-10-01,338748,23.3,0
2026-10-01,338816,132.5,0
2026-10-01,338817,40.0,0
2026-10-01,338819,40.0,0
2026-10-01,338823,16.3,0
2026-10-01,338914,82.3,0
2026-10-01,338982,13.5,0
2026-10-01,338989,74.9,0
2026-10-01,338990,15.5,0
2026-10-01,339126,37.5,0
2026-10-01,339129,43.5,0
2026-10-01,339131,62.5,0
2026-10-01,339132,34.0,0
2026-10-01,339134,23.5,0
2026-10-01,339135,21.0,0
2026-10-01,339136,8.0,0
2026-10-01,339137,28.5,0
2026-10-01,339141,80.0,0
2026-10-01,339220,80.4,0
2026-10-01,339733,19.7,0
2026-10-01,339811,87.5,0
2026-10-01,339813,87.5,0
2026-10-01,340087,1.5,0
2026-10-01,340088,4.5,0
2026-10-01,340137,67.0,0
2026-10-01,340151,23.4,0
2026-10-01,340171,160.0,0
2026-10-01,340200,27.8,0
2026-10-01,340234,40.0,0
2026-10-01,340235,27.8,0
2026-10-01,340238,40.0,0
2026-10-01,340243,27.8,0
2026-10-01,340251,27.8,0
2026-10-01,340260,27.8,0
2026-10-01,340272,12.0,0
2026-10-01,340273,12.0,0
2026-10-01,340412,22.5,0
2026-10-01,340413,12.7,0
2026-10-01,340450,32.0,0
2026-10-01,340451,32.0,0
2026-10-01,340457,32.0,0
2026-10-01,340517,11.0,0
2026-10-01,340533,22.5,0
2026-10-01,340540,11.0,0
2026-10-01,340541,9.0,0
2026-10-01,340618,23.9,0
2026-10-01,340660,18.6,0
2026-10-01,340692,34.0,0
2026-10-01,340702,140.0,0
2026-10-01,340750,63.0,0
2026-10-01,340751,37.0,0
2026-10-01,340752,47.0,0
2026-10-01,340753,47.0,0
2026-10-01,340782,35.5,0
2026-10-01,340790,58.0,0
2026-10-01,340811,15.0,0
2026-10-01,340855,35.5,0
2026-10-01,340925,25.5,0
2026-10-01,340956,50.3,0
2026-10-01,340961,47.1,0
2026-10-01,341150,49.9,0
2026-10-01,341243,8.8,0
2026-10-01,341444,7.0,0
2026-10-01,341552,25.0,0
2026-10-01,341835,100.0,0
2026-10-01,342092,30.8,0
2026-10-01,342219,10.5,0
2026-10-01,342234,10.5,0
2026-10-01,342332,11.0,0
2026-10-01,342564,35.4,0
2026-10-01,343285,80.0,0
2026-10-01,343323,80.0,0
2026-10-01,343541,58.0,0
2026-10-01,343803,7.5,0
2026-10-01,344024,11.5,0
2026-10-01,344044,23.0,0
2026-10-01,344233,25.9,0
2026-10-01,344320,71.0,0
2026-10-01,344346,35.0,0
2026-10-01,344451,48.8,0
2026-10-01,344583,23.9,0
2026-10-01,345541,25.0,0
2026-10-01,345589,26.0,0
2026-10-01,346373,21.9,0
2026-10-01,346381,25.0,0
2026-10-01,346489,25.5,0
2026-10-01,346544,99.0,0
2026-10-01,349788,4.8,0
2026-10-01,350115,22.0,0
2026-10-01,350200,38.0,0
2026-10-01,350210,38.0,0
2026-10-01,350211,36.2,0
2026-10-01,350417,15.0,0
2026-10-01,350465,15.5,0
2026-10-01,350477,15.5,0
2026-10-01,350479,15.5,0
2026-10-01,350506,88.5,0
2026-10-01,350509,88.5,0
2026-10-01,350561,24.5,0
2026-10-01,350601,16.9,0
2026-10-01,350760,121.2,0
2026-10-01,350992,36.8,0
2026-10-01,351000,72.4,0
2026-10-01,351002,82.1,0
2026-10-01,351011,109.0,0
2026-10-01,351020,10.5,0
2026-10-01,351078,37.5,0
2026-10-01,351101,3.5,0
2026-10-01,351117,24.0,0
2026-10-01,351130,126.0,0
2026-10-01,351135,16.5,0
2026-10-01,351155,135.0,0
2026-10-01,351202,175.0,0
2026-10-01,351203,13.5,0
2026-10-01,351214,38.7,0
2026-10-01,351229,34.6,0
2026-10-01,351510,12.5,0
2026-10-01,351558,18.0,0
2026-10-01,351768,62.5,0
2026-10-01,351770,21.9,0
2026-10-01,351814,22.5,0
2026-10-01,351830,22.5,0
2026-10-01,351871,29.5,0
2026-10-01,351872,53.0,0
2026-10-01,351873,20.5,0
2026-10-01,351878,34.0,0
2026-10-01,351890,31.0,0
2026-10-01,352214,12.5,0
2026-10-01,352220,359.0,0
2026-10-01,352221,359.0,0
2026-10-01,352462,14.5,0
2026-10-01,352555,45.9,0
2026-10-01,352558,45.9,0
2026-10-01,352730,32.2,0
2026-10-01,352772,15.0,0
2026-10-01,352837,31.0,0
2026-10-01,352845,10.5,0
2026-10-01,352849,8.0,0
2026-10-01,352850,51.0,0
2026-10-01,352934,26.0,0
2026-10-01,352943,15.5,0
2026-10-01,353031,24.2,0
2026-10-01,353280,41.5,0
2026-10-01,353286,21.5,0
2026-10-01,353323,59.4,0
2026-10-01,353338,13.5,0
2026-10-01,353384,98.0,0
2026-10-01,353385,98.0,0
2026-10-01,353386,98.0,0
2026-10-01,353387,98.0,0
2026-10-01,353389,98.0,0
2026-10-01,353396,91.0,0
2026-10-01,353460,29.8,0
2026-10-01,353572,44.9,0
2026-10-01,353573,42.0,0
2026-10-01,353686,82.5,0
2026-10-01,353699,60.5,0
2026-10-01,353700,60.5,0
2026-10-01,353702,60.5,0
2026-10-01,353720,70.8,0
2026-10-01,353721,38.3,0
2026-10-01,353835,131.0,0
2026-10-01,353836,85.0,0
2026-10-01,353837,182.2,0
2026-10-01,353838,182.2,0
2026-10-01,353839,182.2,0
2026-10-01,353934,39.9,0
2026-10-01,353936,39.9,0
2026-10-01,353950,20.9,0
2026-10-01,353951,20.9,0
2026-10-01,353954,20.9,0
2026-10-01,353982,35.0,0
2026-10-01,353983,34.0,0
2026-10-01,354077,27.5,0
2026-10-01,354083,21.0,0
2026-10-01,354139,14.5,0
2026-10-01,354169,67.0,0
2026-10-01,354190,24.0,0
2026-10-01,354228,10.0,0
2026-10-01,354233,8.0,0
2026-10-01,354260,42.5,0
2026-10-01,354279,42.5,0
2026-10-01,354287,42.5,0
2026-10-01,354366,50.0,0
2026-10-01,354367,50.0,0
2026-10-01,354370,87.5,0
2026-10-01,354410,23.5,0
2026-10-01,354554,10.0,0
2026-10-01,354561,57.5,0
2026-10-01,354563,72.8,0
2026-10-01,354597,7.5,0
2026-10-01,354651,11.5,0
2026-10-01,354655,21.5,0
2026-10-01,354686,23.5,0
2026-10-01,354694,21.9,0
2026-10-01,354930,16.8,0
2026-10-01,354931,16.8,0
2026-10-01,354932,16.8,0
2026-10-01,355010,62.9,0
2026-10-01,355110,11.5,0
2026-10-01,355667,59.4,0
2026-10-01,355780,13.9,0
2026-10-01,355974,61.3,0
2026-10-01,355975,70.0,0
2026-10-01,355977,70.0,0
2026-10-01,355991,91.0,0
2026-10-01,355993,91.0,0
2026-10-01,355994,91.0,0
2026-10-01,355996,106.0,0
2026-10-01,356001,27.9,0
2026-10-01,356002,27.9,0
2026-10-01,356004,27.9,0
2026-10-01,356011,27.9,0
2026-10-01,356014,27.9,0
2026-10-01,356016,27.9,0
2026-10-01,356017,27.9,0
2026-10-01,356030,42.0,0
2026-10-01,356031,42.0,0
2026-10-01,356032,42.0,0
2026-10-01,356239,6.3,0
2026-10-01,356654,30.0,0
2026-10-01,356670,25.5,0
2026-10-01,356890,18.4,0
2026-10-01,357072,26.8,0
2026-10-01,357308,197.5,0
2026-10-01,357448,41.3,0
2026-10-01,357495,4.0,0
2026-10-01,357881,38.0,0
2026-10-01,357910,11.0,0
2026-10-01,358060,59.3,0
2026-10-01,358171,17.5,0
2026-10-01,358178,17.5,0
2026-10-01,358193,399.0,0
2026-10-01,358258,180.0,0
2026-10-01,358921,62.9,0
2026-10-01,358922,62.9,0
2026-10-01,358967,142.5,0
2026-10-01,358970,79.0,0
2026-10-01,359059,35.6,0
2026-10-01,359060,35.6,0
2026-10-01,359061,35.6,0
2026-10-01,359062,35.6,0
2026-10-01,359063,35.6,0
2026-10-01,359065,35.6,0
2026-10-01,359069,35.6,0
2026-10-01,359071,35.6,0
2026-10-01,359072,35.6,0
2026-10-01,359073,35.6,0
2026-10-01,359541,20.7,0
2026-10-01,359561,20.0,0
2026-10-01,359653,47.0,0
2026-10-01,359953,62.5,0
2026-10-01,359963,34.0,0
2026-10-01,360170,26.2,0
2026-10-01,360211,26.9,0
2026-10-01,360336,126.0,0
2026-10-01,360560,43.0,0
2026-10-01,360581,48.0,0
2026-10-01,360710,31.0,0
2026-10-01,360711,31.0,0
2026-10-01,360725,25.9,0
2026-10-01,360752,18.0,0
2026-10-01,360753,18.0,0
2026-10-01,360780,9.0,0
2026-10-01,360781,5.0,0
2026-10-01,360782,3.0,0
2026-10-01,360787,81.0,0
2026-10-01,360802,15.6,0
2026-10-01,360804,15.6,0
2026-10-01,360899,38.4,0
2026-10-01,360909,39.9,0
2026-10-01,360926,45.9,0
2026-10-01,360927,45.9,0
2026-10-01,360952,34.1,0
2026-10-01,360954,32.8,0
2026-10-01,360955,34.1,0
2026-10-01,360956,26.3,0
2026-10-01,360958,65.6,0
2026-10-01,361030,44.0,0
2026-10-01,361205,36.9,0
2026-10-01,361210,28.0,0
2026-10-01,361511,30.0,0
2026-10-01,362144,50.9,0
2026-10-01,362770,26.0,0
2026-10-01,362778,15.9,0
2026-10-01,362786,15.9,0
2026-10-01,362910,13.5,0
2026-10-01,363030,155.0,0
2026-10-01,363073,118.0,0
2026-10-01,363110,78.0,0
2026-10-01,363120,133.0,0
2026-10-01,363124,119.0,0
2026-10-01,363126,119.0,0
2026-10-01,363220,65.6,0
2026-10-01,363278,194.0,0
2026-10-01,363322,65.3,0
2026-10-01,363325,109.0,0
2026-10-01,363326,141.0,0
2026-10-01,363327,118.0,0
2026-10-01,363352,105.0,0
2026-10-01,363353,85.0,0
2026-10-01,363391,75.0,0
2026-10-01,363520,31.5,0
2026-10-01,363532,21.0,0
2026-10-01,363738,19.9,0
2026-10-01,363739,77.0,0
2026-10-01,363821,26.4,0
2026-10-01,363823,26.4,0
2026-10-01,363824,54.0,0
2026-10-01,363825,54.0,0
2026-10-01,363827,21.6,0
2026-10-01,363851,30.7,0
2026-10-01,363852,46.8,0
2026-10-01,363853,30.7,0
2026-10-01,363854,46.8,0
2026-10-01,363887,24.9,0
2026-10-01,363920,139.0,0
2026-10-01,363921,139.0,0
2026-10-01,364022,51.6,0
2026-10-01,364051,39.9,0
2026-10-01,364215,4.7,0
2026-10-01,364355,92.9,0
2026-10-01,364357,3.0,0
2026-10-01,364371,53.9,0
2026-10-01,364541,12.5,0
2026-10-01,364576,12.5,0
2026-10-01,364681,24.5,0
2026-10-01,365020,16.3,0
2026-10-01,365087,5.0,0
2026-10-01,365088,5.0,0
2026-10-01,365089,5.0,0
2026-10-01,365090,118.4,0
2026-10-01,365411,25.5,0
2026-10-01,365506,53.0,0
2026-10-01,366889,57.9,0
2026-10-01,366900,235.0,0
2026-10-01,367141,52.5,0
2026-10-01,367150,58.0,0
2026-10-01,367222,34.8,0
2026-10-01,367311,3.0,0
2026-10-01,367315,46.5,0
2026-10-01,367316,52.5,0
2026-10-01,367320,3.0,0
2026-10-01,367443,6.9,0
2026-10-01,367500,22.5,0
2026-10-01,367501,43.0,0
2026-10-01,367729,94.0,0
2026-10-01,367737,75.5,0
2026-10-01,367761,94.5,0
2026-10-01,367971,11.5,0
2026-10-01,368210,112.9,0
2026-10-01,368326,51.7,0
2026-10-01,368369,99.9,0
2026-10-01,368570,21.0,0
2026-10-01,368572,10.9,0
2026-10-01,368741,7.2,0
2026-10-01,369041,24.0,0
2026-10-01,369042,11.5,0
2026-10-01,370253,14.4,0
2026-10-01,370524,24.9,0
2026-10-01,370610,22.8,0
2026-10-01,371079,16.9,0
2026-10-01,371190,28.0,0
2026-10-01,371205,56.0,0
2026-10-01,371298,44.0,0
2026-10-01,371299,44.0,0
2026-10-01,371301,44.0,0
2026-10-01,371302,44.0,0
2026-10-01,371303,44.0,0
2026-10-01,371304,44.0,0
2026-10-01,371305,37.0,0
2026-10-01,371306,37.0,0
2026-10-01,371307,37.0,0
2026-10-01,371405,47.0,0
2026-10-01,372106,21.0,0
2026-10-01,372108,45.0,0
2026-10-01,372109,54.0,0
2026-10-01,372149,311.0,0
2026-10-01,372157,299.0,0
2026-10-01,372178,145.0,0
2026-10-01,372179,66.0,0
2026-10-01,372282,59.0,0
2026-10-01,372560,37.5,0
2026-10-01,372950,18.0,0
2026-10-01,372951,22.3,0
2026-10-01,373467,95.0,0
2026-10-01,373524,13.0,0
2026-10-01,373560,16.2,0
2026-10-01,373561,16.2,0
2026-10-01,373562,16.2,0
2026-10-01,373563,16.2,0
2026-10-01,373815,27.1,0
2026-10-01,373823,64.0,0
2026-10-01,373824,64.0,0
2026-10-01,373827,26.5,0
2026-10-01,373828,13.3,0
2026-10-01,373951,70.0,0
2026-10-01,373955,92.0,0
2026-10-01,373956,75.0,0
2026-10-01,374010,16.5,0
2026-10-01,374012,12.5,0
2026-10-01,374334,22.0,0
2026-10-01,374750,5.2,0
2026-10-01,375010,31.9,0
2026-10-01,375179,31.5,0
2026-10-01,375373,68.0,0
2026-10-01,375381,54.0,0
2026-10-01,375390,62.0,0
2026-10-01,375403,33.0,0
2026-10-01,375438,10.5,0
2026-10-01,376469,70.0,0
2026-10-01,376507,68.8,0
2026-10-01,376540,54.8,0
2026-10-01,376710,75.0,0
2026-10-01,377631,74.0,0
2026-10-01,377673,31.0,0
2026-10-01,377688,65.0,0
2026-10-01,377890,72.0,0
2026-10-01,378313,5.2,0
2026-10-01,378453,48.0,0
2026-10-01,378461,45.0,0
2026-10-01,378488,61.0,0
2026-10-01,378712,17.6,0
2026-10-01,378917,56.6,0
2026-10-01,378925,52.5,0
2026-10-01,380108,13.7,0
2026-10-01,380110,175.0,0
2026-10-01,380122,42.0,0
2026-10-01,380180,28.0,0
2026-10-01,380187,188.0,0
2026-10-01,380221,59.9,0
2026-10-01,380222,62.9,0
2026-10-01,380571,19.0,0
2026-10-01,380721,62.9,0
2026-10-01,380731,39.9,0
2026-10-01,380819,77.4,0
2026-10-01,380904,27.9,0
2026-10-01,380916,10.5,0
2026-10-01,380917,21.0,0
2026-10-01,380921,48.0,0
2026-10-01,381010,25.0,0
2026-10-01,381030,27.0,0
2026-10-01,381031,20.0,0
2026-10-01,381033,20.0,0
2026-10-01,381034,17.0,0
2026-10-01,381035,14.0,0
2026-10-01,381036,24.5,0
2026-10-01,381037,20.0,0
2026-10-01,381222,7.0,0
2026-10-01,381251,19.8,0
2026-10-01,381280,12.7,0
2026-10-01,381281,12.7,0
2026-10-01,381403,35.6,0
2026-10-01,381438,51.8,0
2026-10-01,381454,64.4,0
2026-10-01,381489,166.8,0
2026-10-01,381497,166.8,0
2026-10-01,381543,25.9,0
2026-10-01,381558,45.0,0
2026-10-01,381627,17.0,0
2026-10-01,382035,33.0,0
2026-10-01,382043,65.0,0
2026-10-01,382078,27.5,0
2026-10-01,382175,45.0,0
2026-10-01,382191,45.0,0
2026-10-01,382526,9.9,0
2026-10-01,382527,9.9,0
2026-10-01,382528,9.9,0
2026-10-01,382529,9.9,0
2026-10-01,382541,173.9,0
2026-10-01,382542,173.9,0
2026-10-01,382612,55.0,0
2026-10-01,382833,57.5,0
2026-10-01,383036,20.6,0
2026-10-01,383995,102.0,0
2026-10-01,383997,190.0,0
2026-10-01,384208,61.0,0
2026-10-01,384259,75.0,0
2026-10-01,385281,290.4,0
2026-10-01,385352,12.6,0
2026-10-01,385478,205.0,0
2026-10-01,386081,59.9,0
2026-10-01,386090,61.5,0
2026-10-01,386528,122.0,0
2026-10-01,386774,120.0,0
2026-10-01,387077,8.0,0
2026-10-01,387401,11.0,0
2026-10-01,388378,147.6,0
2026-10-01,388711,44.9,0
2026-10-01,388793,57.0,0
2026-10-01,388996,25.2,0
2026-10-01,388997,25.2,0
2026-10-01,389382,59.1,0
2026-10-01,389404,49.9,0
2026-10-01,390065,270.0,0
2026-10-01,390110,8.5,0
2026-10-01,390178,6.0,0
2026-10-01,390186,11.0,0
2026-10-01,390431,18.0,0
2026-10-01,390487,27.9,0
2026-10-01,390658,9.8,0
2026-10-01,390908,34.4,0
2026-10-01,390910,34.4,0
2026-10-01,390918,96.9,0
2026-10-01,390919,39.9,0
2026-10-01,390939,18.3,0
2026-10-01,390943,103.2,0
2026-10-01,391009,29.9,0
2026-10-01,391016,18.0,0
2026-10-01,391017,18.0,0
2026-10-01,391019,18.0,0
2026-10-01,391024,21.3,0
2026-10-01,391025,21.3,0
2026-10-01,391027,21.3,0
2026-10-01,391028,21.0,0
2026-10-01,391032,21.3,0
2026-10-01,391033,21.0,0
2026-10-01,391035,21.3,0
2026-10-01,391036,21.0,0
2026-10-01,391038,23.4,0
2026-10-01,391039,23.4,0
2026-10-01,391040,23.4,0
2026-10-01,391041,23.4,0
2026-10-01,391043,23.4,0
2026-10-01,391047,18.0,0
2026-10-01,391087,7.0,0
2026-10-01,391182,23.5,0
2026-10-01,391219,91.7,0
2026-10-01,391221,96.6,0
2026-10-01,391239,49.9,0
2026-10-01,391260,139.0,0
2026-10-01,391261,28.7,0
2026-10-01,391262,24.0,0
2026-10-01,391328,62.9,0
2026-10-01,391549,15.5,0
2026-10-01,391689,27.5,0
2026-10-01,391697,27.5,0
2026-10-01,391704,145.0,0
2026-10-01,391883,24.5,0
2026-10-01,391891,22.0,0
2026-10-01,392002,26.2,0
2026-10-01,392060,163.5,0
2026-10-01,392061,163.5,0
2026-10-01,392367,5.5,0
2026-10-01,392383,5.5,0
2026-10-01,392391,5.5,0
2026-10-01,392405,5.5,0
2026-10-01,392421,5.5,0
2026-10-01,392430,5.5,0
2026-10-01,393185,14.5,0
2026-10-01,393193,21.9,0
2026-10-01,393207,16.9,0
2026-10-01,393410,14.5,0
2026-10-01,393495,6.9,0
2026-10-01,393509,7.5,0
2026-10-01,393517,6.9,0
2026-10-01,393541,16.9,0
2026-10-01,393550,4.5,0
2026-10-01,393568,7.0,0
2026-10-01,393711,29.0,0
2026-10-01,393754,29.0,0
2026-10-01,393763,9.5,0
2026-10-01,393764,9.5,0
2026-10-01,394092,3.7,0
2026-10-01,394106,3.7,0
2026-10-01,395253,78.0,0
2026-10-01,395254,83.0,0
2026-10-01,395261,61.0,0
2026-10-01,395382,7.5,0
2026-10-01,395528,19.5,0
2026-10-01,395602,21.0,0
2026-10-01,396206,394.9,0
2026-10-01,396672,7.9,0
2026-10-01,396680,7.9,0
2026-10-01,397181,45.9,0
2026-10-01,397353,39.0,0
2026-10-01,397354,39.0,0
2026-10-01,397355,39.0,0
2026-10-01,397695,75.0,0
2026-10-01,397717,75.0,0
2026-10-01,397733,34.0,0
2026-10-01,397920,70.0,0
2026-10-01,398055,14.0,0
2026-10-01,398070,40.5,0
2026-10-01,398077,40.5,0
2026-10-01,398381,35.5,0
2026-10-01,398403,16.9,0
2026-10-01,398420,16.9,0
2026-10-01,398438,9.7,0
2026-10-01,398717,81.0,0
2026-10-01,399060,14.5,0
2026-10-01,399426,95.5,0
2026-10-01,399434,95.5,0
2026-10-01,399469,95.5,0
2026-10-01,399752,17.0,0
2026-10-01,399840,12.0,0
2026-10-01,400475,185.3,0
2026-10-01,400645,25.0,0
2026-10-01,401013,12.5,0
2026-10-01,401021,12.5,0
2026-10-01,401056,12.5,0
2026-10-01,401091,43.0,0
2026-10-01,401092,45.0,0
2026-10-01,401129,39.0,0
2026-10-01,401170,6.9,0
2026-10-01,401171,509.0,0
2026-10-01,401173,509.0,0
2026-10-01,401196,11.5,0
2026-10-01,401222,45.0,0
2026-10-01,401240,16.5,0
2026-10-01,401245,16.5,0
2026-10-01,401255,53.0,0
2026-10-01,401285,21.9,0
2026-10-01,401293,21.9,0
2026-10-01,401520,24.0,0
2026-10-01,402257,14.0,0
2026-10-01,402894,113.6,0
2026-10-01,403211,37.5,0
2026-10-01,403232,82.5,0
2026-10-01,403431,7.5,0
2026-10-01,403511,223.0,0
2026-10-01,403725,4.5,0
2026-10-01,403954,66.5,0
2026-10-01,404011,112.0,0
2026-10-01,404013,102.0,0
2026-10-01,404020,10.5,0
2026-10-01,404300,125.0,0
2026-10-01,404555,120.0,0
2026-10-01,404861,12.5,0
2026-10-01,405081,25.9,0
2026-10-01,405515,175.0,0
2026-10-01,406171,19.5,0
2026-10-01,406309,43.0,0
2026-10-01,407089,33.9,0
2026-10-01,407177,41.0,0
2026-10-01,408103,33.4,0
2026-10-01,408104,26.8,0
2026-10-01,408717,188.0,0
2026-10-01,410134,25.0,0
2026-10-01,410138,15.0,0
2026-10-01,410144,7.5,0
2026-10-01,411877,29.5,0
2026-10-01,411914,53.0,0
2026-10-01,412163,28.0,0
2026-10-01,412210,28.0,0
2026-10-01,412228,28.0,0
2026-10-01,412236,28.0,0
2026-10-01,412244,28.0,0
2026-10-01,412252,28.0,0
2026-10-01,412279,28.0,0
2026-10-01,412481,48.8,0
2026-10-01,412490,48.8,0
2026-10-01,412643,69.0,0
2026-10-01,412878,28.5,0
2026-10-01,413305,11.0,0
2026-10-01,413488,2.1,0
2026-10-01,414031,27.4,0
2026-10-01,414032,27.4,0
2026-10-01,414035,27.4,0
2026-10-01,414036,27.4,0
2026-10-01,414069,92.5,0
2026-10-01,414182,6.0,0
2026-10-01,414403,11.3,0
2026-10-01,414405,11.3,0
2026-10-01,414407,11.8,0
2026-10-01,414410,11.3,0
2026-10-01,415987,50.9,0
2026-10-01,416487,70.6,0
2026-10-01,416665,65.0,0
2026-10-01,416835,89.9,0
2026-10-01,417548,20.3,0
2026-10-01,421045,16.5,0
2026-10-01,421123,54.0,0
2026-10-01,421223,105.0,0
2026-10-01,421422,23.5,0
2026-10-01,421557,60.5,0
2026-10-01,421634,120.0,0
2026-10-01,421758,120.0,0
2026-10-01,422335,20.0,0
2026-10-01,423031,8.0,0
2026-10-01,423333,6.5,0
2026-10-01,423491,51.0,0
2026-10-01,423564,107.0,0
2026-10-01,423882,7.0,0
2026-10-01,423883,21.1,0
2026-10-01,423884,28.6,0
2026-10-01,423890,4.5,0
2026-10-01,423998,146.0,0
2026-10-01,424006,146.0,0
2026-10-01,424113,67.0,0
2026-10-01,424235,290.4,0
2026-10-01,425346,21.0,0
2026-10-01,426113,7.5,0
2026-10-01,426121,49.9,0
2026-10-01,426172,193.0,0
2026-10-01,426571,41.0,0
2026-10-01,426768,69.0,0
2026-10-01,426784,60.0,0
2026-10-01,427365,18.0,0
2026-10-01,427373,18.0,0
2026-10-01,427390,10.5,0
2026-10-01,427411,54.5,0
2026-10-01,427578,11.0,0
2026-10-01,427900,33.5,0
2026-10-01,427985,649.0,0
2026-10-01,428060,52.0,0
2026-10-01,428718,19.5,0
2026-10-01,429420,7.8,0
2026-10-01,429619,5.8,0
2026-10-01,430065,81.0,0
2026-10-01,430200,19.9,0
2026-10-01,430285,21.9,0
2026-10-01,430631,96.9,0
2026-10-01,431001,33.5,0
2026-10-01,431028,15.0,0
2026-10-01,431036,11.2,0
2026-10-01,431126,24.5,0
2026-10-01,431354,9.0,0
2026-10-01,431362,13.0,0
2026-10-01,431540,32.5,0
2026-10-01,431605,51.0,0
2026-10-01,431842,26.0,0
2026-10-01,432035,110.3,0
2026-10-01,432063,23.0,0
2026-10-01,432064,23.0,0
2026-10-01,432065,24.0,0
2026-10-01,432066,24.0,0
2026-10-01,432076,24.0,0
2026-10-01,432413,10.5,0
2026-10-01,432600,20.9,0
2026-10-01,432881,26.0,0
2026-10-01,432903,26.0,0
2026-10-01,432911,26.0,0
2026-10-01,433306,14.9,0
2026-10-01,433330,43.9,0
2026-10-01,433365,32.5,0
2026-10-01,433390,39.9,0
2026-10-01,433580,46.0,0
2026-10-01,433772,60.0,0
2026-10-01,434078,6.9,0
2026-10-01,434094,6.9,0
2026-10-01,434112,84.9,0
2026-10-01,434122,35.5,0
2026-10-01,434233,12.0,0
2026-10-01,434426,99.9,0
2026-10-01,434493,39.9,0
2026-10-01,434590,64.9,0
2026-10-01,435001,76.4,0
2026-10-01,435538,27.8,0
2026-10-01,435546,44.8,0
2026-10-01,435681,6.5,0
2026-10-01,436160,19.5,0
2026-10-01,436186,262.5,0
2026-10-01,436214,62.0,0
2026-10-01,436224,150.9,0
2026-10-01,436227,29.0,0
2026-10-01,436330,120.0,0
2026-10-01,436356,210.0,0
2026-10-01,436852,19.5,0
2026-10-01,436860,19.5,0
2026-10-01,437280,36.0,0
2026-10-01,437419,8.5,0
2026-10-01,437859,11.0,0
2026-10-01,437878,589.0,0
2026-10-01,437913,11.0,0
2026-10-01,438120,12.4,0
2026-10-01,438586,45.0,0
2026-10-01,438716,41.3,0
2026-10-01,438790,49.9,0
2026-10-01,439020,20.4,0
2026-10-01,439106,32.1,0
2026-10-01,439107,57.5,0
2026-10-01,439363,17.9,0
2026-10-01,439533,25.0,0
2026-10-01,439835,21.5,0
2026-10-01,439851,43.1,0
2026-10-01,441350,75.0,0
2026-10-01,441531,70.0,0
2026-10-01,442356,15.6,0
2026-10-01,442801,15.5,0
2026-10-01,442828,6.0,0
2026-10-01,443816,42.9,0
2026-10-01,443948,36.5,0
2026-10-01,445127,24.5,0
2026-10-01,445614,15.6,0
2026-10-01,445703,52.0,0
2026-10-01,445711,52.0,0
2026-10-01,445797,10.5,0
2026-10-01,445940,41.3,0
2026-10-01,445959,81.4,0
2026-10-01,446114,30.8,0
2026-10-01,446408,7.0,0
2026-10-01,446416,7.0,0
2026-10-01,446572,53.3,0
2026-10-01,446653,7.3,0
2026-10-01,447668,5.0,0
2026-10-01,447974,38.0,0
2026-10-01,447975,72.5,0
2026-10-01,449288,9.5,0
2026-10-01,449512,28.0,0
2026-10-01,449520,28.0,0
2026-10-01,449539,77.5,0
2026-10-01,449547,77.5,0
2026-10-01,450191,45.0,0
2026-10-01,450354,45.0,0
2026-10-01,450405,24.9,0
2026-10-01,450559,86.0,0
2026-10-01,450962,30.5,0
2026-10-01,450964,31.0,0
2026-10-01,451015,94.0,0
2026-10-01,451510,67.5,0
2026-10-01,451511,48.5,0
2026-10-01,451886,98.0,0
2026-10-01,452144,39.2,0
2026-10-01,452342,51.0,0
2026-10-01,452612,94.9,0
2026-10-01,452614,94.9,0
2026-10-01,452669,51.5,0
2026-10-01,452726,20.7,0
2026-10-01,453714,13.1,0
2026-10-01,453890,95.0,0
2026-10-01,453929,16.2,0
2026-10-01,453942,16.2,0
2026-10-01,454117,7.0,0
2026-10-01,454118,7.0,0
2026-10-01,454125,7.0,0
2026-10-01,454215,77.4,0
2026-10-01,454216,83.9,0
2026-10-01,454678,94.9,0
2026-10-01,454679,94.9,0
2026-10-01,455412,249.0,0
2026-10-01,455709,19.0,0
2026-10-01,455830,9.5,0
2026-10-01,455849,24.7,0
2026-10-01,455962,72.5,0
2026-10-01,455970,34.5,0
2026-10-01,456225,19.9,0
2026-10-01,456799,83.9,0
2026-10-01,456926,51.0,0
2026-10-01,457051,13.5,0
2026-10-01,457078,18.0,0
2026-10-01,457086,18.0,0
2026-10-01,457094,18.0,0
2026-10-01,457834,9.5,0
2026-10-01,458727,9.9,0
2026-10-01,459025,94.9,0
2026-10-01,459097,16.0,0
2026-10-01,459129,60.7,0
2026-10-01,459133,95.0,0
2026-10-01,459136,90.0,0
2026-10-01,459137,90.0,0
2026-10-01,459138,90.0,0
2026-10-01,459569,21.0,0
2026-10-01,459630,72.6,0
2026-10-01,459632,72.6,0
2026-10-01,459633,72.6,0
2026-10-01,459674,45.0,0
2026-10-01,459818,89.6,0
2026-10-01,459887,17.5,0
2026-10-01,460223,98.0,0
2026-10-01,460225,47.5,0
2026-10-01,460226,51.5,0
2026-10-01,460273,26.9,0
2026-10-01,460348,57.0,0
2026-10-01,460545,71.0,0
2026-10-01,461091,58.5,0
2026-10-01,461238,17.0,0
2026-10-01,461275,66.5,0
2026-10-01,461276,66.5,0
2026-10-01,461277,66.4,0
2026-10-01,461759,155.0,0
2026-10-01,461857,16.9,0
2026-10-01,461865,16.9,0
2026-10-01,462003,13.3,0
2026-10-01,462193,19.4,0
2026-10-01,462194,11.2,0
2026-10-01,462196,19.4,0
2026-10-01,462197,11.2,0
2026-10-01,462199,19.4,0
2026-10-01,462200,4.5,0
2026-10-01,462233,7.5,0
2026-10-01,462249,23.0,0
2026-10-01,462250,7.4,0
2026-10-01,462251,23.0,0
2026-10-01,462254,18.5,0
2026-10-01,462341,47.7,0
2026-10-01,462382,44.8,0
2026-10-01,462383,44.6,0
2026-10-01,462385,44.6,0
2026-10-01,462522,19.0,0
2026-10-01,462810,44.9,0
2026-10-01,462845,73.5,0
2026-10-01,462981,96.5,0
2026-10-01,463065,53.0,0
2026-10-01,463066,53.1,0
2026-10-01,463275,159.9,0
2026-10-01,463442,116.9,0
2026-10-01,463505,109.5,0
2026-10-01,463512,5.0,0
2026-10-01,464325,10.9,0
2026-10-01,464333,24.0,0
2026-10-01,464350,23.0,0
2026-10-01,464597,4.5,0
2026-10-01,464627,4.5,0
2026-10-01,465271,53.0,0
2026-10-01,465420,56.0,0
2026-10-01,465423,31.5,0
2026-10-01,466365,92.0,0
2026-10-01,466474,87.0,0
2026-10-01,466817,150.0,0
2026-10-01,466841,25.7,0
2026-10-01,466882,37.5,0
2026-10-01,466884,40.0,0
2026-10-01,466885,43.5,0
2026-10-01,467324,33.9,0
2026-10-01,467618,9.6,0
2026-10-01,467626,9.6,0
2026-10-01,467634,9.6,0
2026-10-01,467642,9.6,0
2026-10-01,467677,9.6,0
2026-10-01,467685,9.6,0
2026-10-01,467693,9.6,0
2026-10-01,467820,241.0,0
2026-10-01,469009,16.9,0
2026-10-01,469021,5.3,0
2026-10-01,469344,98.0,0
2026-10-01,469459,50.0,0
2026-10-01,469467,50.0,0
2026-10-01,469475,50.0,0
2026-10-01,469513,60.0,0
2026-10-01,470108,13.5,0
2026-10-01,470121,41.5,0
2026-10-01,470457,15.9,0
2026-10-01,470520,147.6,0
2026-10-01,471660,22.9,0
2026-10-01,471810,75.0,0
2026-10-01,472033,15.5,0
2026-10-01,472573,26.0,0
2026-10-01,473766,25.0,0
2026-10-01,474215,139.0,0
2026-10-01,474231,4.8,0
2026-10-01,474363,14.5,0
2026-10-01,475149,6.4,0
2026-10-01,475521,41.5,0
2026-10-01,475530,41.5,0
2026-10-01,476609,39.9,0
2026-10-01,477656,32.5,0
2026-10-01,477664,32.5,0
2026-10-01,477672,33.0,0
2026-10-01,478687,7.5,0
2026-10-01,479241,22.4,0
2026-10-01,479691,75.0,0
2026-10-01,479837,11.5,0
2026-10-01,479845,11.0,0
2026-10-01,479918,189.9,0
2026-10-01,479934,12.5,0
2026-10-01,480159,10.4,0
2026-10-01,480165,10.0,0
2026-10-01,480166,13.8,0
2026-10-01,480167,21.0,0
2026-10-01,480178,15.5,0
2026-10-01,480180,16.9,0
2026-10-01,480187,16.9,0
2026-10-01,480192,15.5,0
2026-10-01,480341,99.0,0
2026-10-01,480355,72.5,0
2026-10-01,480410,25.0,0
2026-10-01,480468,7.2,0
2026-10-01,480469,14.3,0
2026-10-01,480470,23.9,0
2026-10-01,480475,11.9,0
2026-10-01,480484,12.4,0
2026-10-01,480504,11.5,0
2026-10-01,480531,11.0,0
2026-10-01,480532,11.0,0
2026-10-01,480579,15.5,0
2026-10-01,481150,23.0,0
2026-10-01,481151,24.0,0
2026-10-01,481807,14.0,0
2026-10-01,481823,22.5,0
2026-10-01,481874,31.5,0
2026-10-01,481882,25.0,0
2026-10-01,482011,14.5,0
2026-10-01,482013,82.0,0
2026-10-01,482057,38.0,0
2026-10-01,482058,38.0,0
2026-10-01,482060,59.7,0
2026-10-01,482307,43.0,0
2026-10-01,482315,43.0,0
2026-10-01,482323,45.0,0
2026-10-01,482340,89.9,0
2026-10-01,482537,26.0,0
2026-10-01,482540,26.0,0
2026-10-01,482790,49.5,0
2026-10-01,482801,6.0,0
2026-10-01,483011,48.6,0
2026-10-01,483012,40.0,0
2026-10-01,483013,37.3,0
2026-10-01,483305,33.0,0
2026-10-01,483532,54.0,0
2026-10-01,484142,32.9,0
2026-10-01,484709,39.0,0
2026-10-01,484776,22.0,0
2026-10-01,484911,46.9,0
2026-10-01,485020,55.0,0
2026-10-01,485942,32.9,0
2026-10-01,486949,15.6,0
2026-10-01,486950,15.6,0
2026-10-01,488240,19.0,0
2026-10-01,488259,19.0,0
2026-10-01,489590,75.5,0
2026-10-01,489794,56.0,0
2026-10-01,490120,26.2,0
2026-10-01,490466,48.4,0
2026-10-01,490784,25.5,0
2026-10-01,491934,5.9,0
2026-10-01,492026,13.9,0
2026-10-01,492029,13.9,0
2026-10-01,492031,13.9,0
2026-10-01,492033,48.4,0
2026-10-01,492248,24.9,0
2026-10-01,492337,93.5,0
2026-10-01,492400,32.5,0
2026-10-01,492418,18.5,0
2026-10-01,492426,17.5,0
2026-10-01,492515,11.5,0
2026-10-01,492531,11.5,0
2026-10-01,492532,27.5,0
2026-10-01,492533,43.5,0
2026-10-01,492534,79.9,0
2026-10-01,492538,26.0,0
2026-10-01,492539,26.0,0
2026-10-01,492544,21.0,0
2026-10-01,492545,21.0,0
2026-10-01,492546,21.0,0
2026-10-01,492671,10.0,0
2026-10-01,493279,469.0,0
2026-10-01,493295,239.0,0
2026-10-01,493694,7.5,0
2026-10-01,493705,49.5,0
2026-10-01,493712,23.5,0
2026-10-01,493716,37.9,0
2026-10-01,493724,8.1,0
2026-10-01,494283,18.5,0
2026-10-01,495177,20.0,0
2026-10-01,495178,20.0,0
2026-10-01,495180,35.0,0
2026-10-01,495573,32.9,0
2026-10-01,495581,32.9,0
2026-10-01,496138,2.1,0
2026-10-01,496758,104.9,0
2026-10-01,496804,25.0,0
2026-10-01,497126,17.0,0
2026-10-01,497150,27.0,0
2026-10-01,497320,86.5,0
2026-10-01,497877,27.5,0
2026-10-01,498250,9.9,0
2026-10-01,499331,15.5,0
2026-10-01,499501,206.0,0
2026-10-01,500262,55.9,0
2026-10-01,500263,48.9,0
2026-10-01,500264,51.9,0
2026-10-01,500265,55.9,0
2026-10-01,500266,49.9,0
2026-10-01,500268,49.9,0
2026-10-01,500270,51.9,0
2026-10-01,500271,55.9,0
2026-10-01,500272,48.9,0
2026-10-01,500273,49.9,0
2026-10-01,500274,35.9,0
2026-10-01,500276,55.9,0
2026-10-01,500277,49.9,0
2026-10-01,500278,35.5,0
2026-10-01,500279,35.5,0
2026-10-01,500280,48.9,0
2026-10-01,500281,36.9,0
2026-10-01,500284,49.9,0
2026-10-01,500285,52.9,0
2026-10-01,500286,43.9,0
2026-10-01,500287,43.9,0
2026-10-01,500288,35.5,0
2026-10-01,500289,55.9,0
2026-10-01,500290,53.9,0
2026-10-01,500292,49.9,0
2026-10-01,500293,37.9,0
2026-10-01,500294,34.9,0
2026-10-01,500771,6.0,0
2026-10-01,501510,125.0,0
2026-10-01,501717,25.0,0
2026-10-01,501718,25.0,0
2026-10-01,501775,10.5,0
2026-10-01,502415,949.0,0
2026-10-01,502530,53.3,0
2026-10-01,502605,89.0,0
2026-10-01,502620,374.1,0
2026-10-01,502630,65.6,0
2026-10-01,502638,45.0,0
2026-10-01,502640,30.3,0
2026-10-01,502648,45.0,0
2026-10-01,502649,30.3,0
2026-10-01,502651,24.5,0
2026-10-01,502952,25.0,0
2026-10-01,503681,6.2,0
2026-10-01,503690,5.0,0
2026-10-01,504270,11.0,0
2026-10-01,504396,33.5,0
2026-10-01,504513,75.5,0
2026-10-01,504877,24.5,0
2026-10-01,504879,25.0,0
2026-10-01,505579,11.8,0
2026-10-01,506040,21.0,0
2026-10-01,506982,26.5,0
2026-10-01,507040,21.0,0
2026-10-01,507046,21.0,0
2026-10-01,507870,11.5,0
2026-10-01,507875,11.5,0
2026-10-01,508144,11.0,0
2026-10-01,508225,5.5,0
2026-10-01,508799,25.9,0
2026-10-01,508802,19.9,0
2026-10-01,508829,27.0,0
2026-10-01,509064,12.0,0
2026-10-01,509087,73.4,0
2026-10-01,509310,76.0,0
2026-10-01,510036,63.9,0
2026-10-01,510418,16.5,0
2026-10-01,510475,65.0,0
2026-10-01,511166,23.5,0
2026-10-01,511307,19.0,0
2026-10-01,511374,109.9,0
2026-10-01,511617,25.0,0
2026-10-01,511846,109.9,0
2026-10-01,511870,60.5,0
2026-10-01,513040,23.5,0
2026-10-01,513440,39.0,0
2026-10-01,513458,42.0,0
2026-10-01,513503,34.5,0
2026-10-01,513725,249.4,0
2026-10-01,514411,5.2,0
2026-10-01,514817,9.5,0
2026-10-01,515153,7.5,0
2026-10-01,516112,21.5,0
2026-10-01,516119,53.0,0
2026-10-01,516139,9.6,0
2026-10-01,516211,9.5,0
2026-10-01,516236,12.5,0
2026-10-01,516287,4.9,0
2026-10-01,516807,25.0,0
2026-10-01,517313,15.5,0
2026-10-01,517321,20.0,0
2026-10-01,517372,79.9,0
2026-10-01,518004,25.0,0
2026-10-01,518038,119.0,0
2026-10-01,518039,118.0,0
2026-10-01,518187,22.0,0
2026-10-01,518344,28.0,0
2026-10-01,518711,12.5,0
2026-10-01,518718,125.0,0
2026-10-01,519707,20.0,0
2026-10-01,519731,125.0,0
2026-10-01,519758,157.5,0
2026-10-01,519804,55.0,0
2026-10-01,520305,48.7,0
2026-10-01,520310,39.9,0
2026-10-01,520314,19.0,0
2026-10-01,520315,34.4,0
2026-10-01,520320,13.2,0
2026-10-01,520324,26.5,0
2026-10-01,520374,30.8,0
2026-10-01,521302,31.2,0
2026-10-01,521353,72.2,0
2026-10-01,521663,93.0,0
2026-10-01,521950,41.3,0
2026-10-01,522007,69.9,0
2026-10-01,522538,7.5,0
2026-10-01,522546,20.0,0
2026-10-01,522562,10.9,0
2026-10-01,522600,10.9,0
2026-10-01,523879,23.9,0
2026-10-01,524050,316.6,0
2026-10-01,524150,50.0,0
2026-10-01,524387,56.9,0
2026-10-01,524824,13.5,0
2026-10-01,525464,31.0,0
2026-10-01,525847,24.0,0
2026-10-01,527700,125.0,0
2026-10-01,527718,125.0,0
2026-10-01,527726,225.0,0
2026-10-01,528005,23.6,0
2026-10-01,528510,11.0,0
2026-10-01,528544,9.0,0
2026-10-01,528609,9.0,0
2026-10-01,530110,24.0,0
2026-10-01,530111,24.0,0
2026-10-01,530113,24.0,0
2026-10-01,530251,21.5,0
2026-10-01,530252,33.5,0
2026-10-01,530831,8.0,0
2026-10-01,533098,96.0,0
2026-10-01,533530,98.0,0
2026-10-01,534250,66.0,0
2026-10-01,534609,22.0,0
2026-10-01,534641,21.5,0
2026-10-01,534668,15.0,0
2026-10-01,534714,10.5,0
2026-10-01,536210,23.5,0
2026-10-01,536849,19.3,0
2026-10-01,537438,16.5,0
2026-10-01,537470,10.5,0
2026-10-01,537803,31.5,0
2026-10-01,538221,27.5,0
2026-10-01,539198,138.3,0
2026-10-01,539244,129.8,0
2026-10-01,539252,128.6,0
2026-10-01,539260,193.0,0
2026-10-01,539856,33.1,0
2026-10-01,540161,72.2,0
2026-10-01,540196,63.3,0
2026-10-01,540250,13.5,0
2026-10-01,540269,13.5,0
2026-10-01,540439,20.5,0
2026-10-01,540455,25.9,0
2026-10-01,540463,24.0,0
2026-10-01,540498,53.9,0
2026-10-01,540501,50.0,0
2026-10-01,540528,30.0,0
2026-10-01,540544,24.5,0
2026-10-01,540745,24.9,0
2026-10-01,540746,26.0,0
2026-10-01,540749,10.5,0
2026-10-01,540757,10.5,0
2026-10-01,540765,13.5,0
2026-10-01,540900,19.5,0
2026-10-01,540919,94.9,0
2026-10-01,540927,17.9,0
2026-10-01,540932,42.5,0
2026-10-01,540933,26.5,0
2026-10-01,540935,85.0,0
2026-10-01,541079,13.5,0
2026-10-01,541087,19.5,0
2026-10-01,541223,11.7,0
2026-10-01,542116,134.0,0
2026-10-01,542246,13.5,0
2026-10-01,542288,15.9,0
2026-10-01,542320,40.5,0
2026-10-01,543661,68.9,0
2026-10-01,543695,24.8,0
2026-10-01,544329,52.5,0
2026-10-01,544337,95.0,0
2026-10-01,544418,52.5,0
2026-10-01,544434,52.5,0
2026-10-01,544450,80.7,0
2026-10-01,544477,50.0,0
2026-10-01,544493,61.3,0
2026-10-01,544540,6.0,0
2026-10-01,544558,4.0,0
2026-10-01,544647,6.5,0
2026-10-01,544736,59.4,0
2026-10-01,544752,36.8,0
2026-10-01,544760,36.8,0
2026-10-01,545090,19.4,0
2026-10-01,545104,23.1,0
2026-10-01,545201,72.0,0
2026-10-01,545465,52.5,0
2026-10-01,545538,81.3,0
2026-10-01,547743,49.9,0
2026-10-01,547751,49.9,0
2026-10-01,547999,69.0,0
2026-10-01,550007,75.0,0
2026-10-01,550009,104.0,0
2026-10-01,550029,12.5,0
2026-10-01,550069,20.0,0
2026-10-01,550070,20.0,0
2026-10-01,550084,23.5,0
2026-10-01,550085,23.5,0
2026-10-01,550087,19.5,0
2026-10-01,550090,285.0,0
2026-10-01,550091,559.0,0
2026-10-01,550093,259.0,0
2026-10-01,550100,569.0,0
2026-10-01,550101,52.0,0
2026-10-01,550104,8.0,0
2026-10-01,550105,18.5,0
2026-10-01,550109,26.9,0
2026-10-01,550110,37.9,0
2026-10-01,550111,26.9,0
2026-10-01,550180,37.9,0
2026-10-01,550182,10.0,0
2026-10-01,550268,41.0,0
2026-10-01,550277,11.0,0
2026-10-01,550278,36.0,0
2026-10-01,550282,51.5,0
2026-10-01,550283,43.5,0
2026-10-01,550297,63.5,0
2026-10-01,550308,35.0,0
2026-10-01,550309,35.0,0
2026-10-01,550312,19.5,0
2026-10-01,550314,102.5,0
2026-10-01,550315,102.5,0
2026-10-01,550316,97.5,0
2026-10-01,550317,125.0,0
2026-10-01,550318,55.0,0
2026-10-01,550319,62.5,0
2026-10-01,550341,349.0,0
2026-10-01,550343,28.0,0
2026-10-01,550344,27.0,0
2026-10-01,550348,41.5,0
2026-10-01,550349,45.0,0
2026-10-01,550350,40.5,0
2026-10-01,550351,45.0,0
2026-10-01,550355,147.5,0
2026-10-01,550356,81.0,0
2026-10-01,550357,78.5,0
2026-10-01,550358,62.5,0
2026-10-01,550359,37.5,0
2026-10-01,550360,41.9,0
2026-10-01,550377,21.0,0
2026-10-01,550378,21.0,0
2026-10-01,550379,23.5,0
2026-10-01,550381,22.0,0
2026-10-01,550392,13.5,0
2026-10-01,550394,49.5,0
2026-10-01,550395,56.0,0
2026-10-01,550397,78.5,0
2026-10-01,550404,6.0,0
2026-10-01,550405,34.9,0
2026-10-01,550411,27.5,0
2026-10-01,550412,30.0,0
2026-10-01,550414,6.0,0
2026-10-01,550415,14.0,0
2026-10-01,550425,152.5,0
2026-10-01,550431,79.5,0
2026-10-01,550433,113.0,0
2026-10-01,550436,33.5,0
2026-10-01,550452,10.0,0
2026-10-01,550459,25.0,0
2026-10-01,550461,97.0,0
2026-10-01,550466,7.5,0
2026-10-01,550467,6.2,0
2026-10-01,550468,7.5,0
2026-10-01,550470,5.0,0
2026-10-01,550473,52.5,0
2026-10-01,550474,9.3,0
2026-10-01,550475,8.8,0
2026-10-01,550476,15.5,0
2026-10-01,550478,6.2,0
2026-10-01,550490,30.0,0
2026-10-01,550491,17.5,0
2026-10-01,550492,161.0,0
2026-10-01,550513,15.5,0
2026-10-01,550546,5.0,0
2026-10-01,550560,106.0,0
2026-10-01,550568,6.2,0
2026-10-01,550569,7.0,0
2026-10-01,550570,6.9,0
2026-10-01,550577,30.0,0
2026-10-01,550579,33.5,0
2026-10-01,550580,33.5,0
2026-10-01,550581,28.5,0
2026-10-01,550583,28.5,0
2026-10-01,550584,125.0,0
2026-10-01,550590,71.5,0
2026-10-01,550596,162.5,0
2026-10-01,550610,69.5,0
2026-10-01,550623,24.5,0
2026-10-01,550624,24.5,0
2026-10-01,550625,98.0,0
2026-10-01,550626,112.0,0
2026-10-01,550627,114.0,0
2026-10-01,550628,114.0,0
2026-10-01,550629,93.0,0
2026-10-01,550630,38.5,0
2026-10-01,550634,7.0,0
2026-10-01,550643,459.0,0
2026-10-01,550652,35.5,0
2026-10-01,550666,24.0,0
2026-10-01,550667,16.0,0
2026-10-01,550668,15.0,0
2026-10-01,550669,47.5,0
2026-10-01,550670,37.5,0
2026-10-01,550672,28.8,0
2026-10-01,550673,45.6,0
2026-10-01,550674,40.0,0
2026-10-01,550675,40.0,0
2026-10-01,550678,32.5,0
2026-10-01,550682,37.5,0
2026-10-01,550683,37.5,0
2026-10-01,550684,33.5,0
2026-10-01,550685,32.5,0
2026-10-01,550686,15.0,0
2026-10-01,550687,15.0,0
2026-10-01,550694,7.5,0
2026-10-01,550709,11.9,0
2026-10-01,550711,11.9,0
2026-10-01,550738,12.5,0
2026-10-01,550741,43.5,0
2026-10-01,550746,85.0,0
2026-10-01,550749,137.5,0
2026-10-01,550750,96.0,0
2026-10-01,550756,42.5,0
2026-10-01,550764,12.9,0
2026-10-01,550766,14.0,0
2026-10-01,550767,14.0,0
2026-10-01,550777,22.5,0
2026-10-01,550801,15.5,0
2026-10-01,550803,29.5,0
2026-10-01,550804,29.5,0
2026-10-01,550805,29.5,0
2026-10-01,550806,29.5,0
2026-10-01,550808,67.9,0
2026-10-01,550812,5.8,0
2026-10-01,550831,124.0,0
2026-10-01,550834,165.0,0
2026-10-01,550835,56.0,0
2026-10-01,550836,25.0,0
2026-10-01,550838,18.0,0
2026-10-01,550842,70.5,0
2026-10-01,550851,24.0,0
2026-10-01,550852,29.5,0
2026-10-01,550856,29.5,0
2026-10-01,550870,7.5,0
2026-10-01,550871,7.5,0
2026-10-01,550873,18.8,0
2026-10-01,550874,15.0,0
2026-10-01,550875,11.0,0
2026-10-01,550881,67.0,0
2026-10-01,550887,24.0,0
2026-10-01,550911,67.5,0
2026-10-01,550912,140.0,0
2026-10-01,550913,47.9,0
2026-10-01,550915,12.5,0
2026-10-01,550917,26.5,0
2026-10-01,550919,16.5,0
2026-10-01,550931,55.0,0
2026-10-01,550939,35.9,0
2026-10-01,550940,35.9,0
2026-10-01,550941,35.9,0
2026-10-01,550942,35.9,0
2026-10-01,550944,35.9,0
2026-10-01,550945,37.5,0
2026-10-01,550946,37.5,0
2026-10-01,550947,90.0,0
2026-10-01,550948,70.0,0
2026-10-01,550952,22.0,0
2026-10-01,550959,6.0,0
2026-10-01,550970,11.9,0
2026-10-01,550971,15.9,0
2026-10-01,550972,17.0,0
2026-10-01,550974,17.0,0
2026-10-01,550975,17.0,0
2026-10-01,550976,17.0,0
2026-10-01,550977,10.0,0
2026-10-01,550984,47.5,0
2026-10-01,550985,47.5,0
2026-10-01,550986,43.0,0
2026-10-01,550989,118.5,0
2026-10-01,550992,12.5,0
2026-10-01,550993,15.0,0
2026-10-01,550994,15.0,0
2026-10-01,550995,15.5,0
2026-10-01,550996,15.5,0
2026-10-01,550997,15.0,0
2026-10-01,550998,13.5,0
2026-10-01,550999,13.5,0
2026-10-01,551002,19.5,0
2026-10-01,551005,55.0,0
2026-10-01,551008,55.0,0
2026-10-01,551009,55.0,0
2026-10-01,551011,59.5,0
2026-10-01,551012,55.0,0
2026-10-01,551013,69.5,0
2026-10-01,551022,165.0,0
2026-10-01,551024,229.0,0
2026-10-01,551025,135.0,0
2026-10-01,551027,165.0,0
2026-10-01,551028,165.0,0
2026-10-01,551030,100.0,0
2026-10-01,551032,100.0,0
2026-10-01,551042,96.5,0
2026-10-01,551048,52.5,0
2026-10-01,551051,147.5,0
2026-10-01,551053,215.0,0
2026-10-01,551080,3.0,0
2026-10-01,551092,6.0,0
2026-10-01,551094,15.5,0
2026-10-01,551095,12.0,0
2026-10-01,551099,89.0,0
2026-10-01,551121,295.0,0
2026-10-01,551122,320.0,0
2026-10-01,551124,250.0,0
2026-10-01,551129,10.9,0
2026-10-01,551130,11.5,0
2026-10-01,551132,11.5,0
2026-10-01,551134,41.9,0
2026-10-01,551149,20.0,0
2026-10-01,551150,20.0,0
2026-10-01,551152,5.1,0
2026-10-01,551160,14.9,0
2026-10-01,551167,37.5,0
2026-10-01,551168,20.0,0
2026-10-01,551169,23.5,0
2026-10-01,551177,35.9,0
2026-10-01,551178,17.5,0
2026-10-01,551179,18.7,0
2026-10-01,551181,20.5,0
2026-10-01,551182,20.5,0
2026-10-01,551185,17.5,0
2026-10-01,551187,20.5,0
2026-10-01,551188,24.5,0
2026-10-01,551189,6.3,0
2026-10-01,551194,345.0,0
2026-10-01,551195,309.0,0
2026-10-01,551196,219.0,0
2026-10-01,551197,210.0,0
2026-10-01,551200,470.0,0
2026-10-01,551202,168.0,0
2026-10-01,551203,415.0,0
2026-10-01,551204,315.0,0
2026-10-01,551206,220.0,0
2026-10-01,551208,240.0,0
2026-10-01,551209,245.0,0
2026-10-01,551211,219.0,0
2026-10-01,551213,173.0,0
2026-10-01,551215,140.0,0
2026-10-01,551216,285.0,0
2026-10-01,551217,159.0,0
2026-10-01,551220,155.0,0
2026-10-01,551224,87.5,0
2026-10-01,551230,12.0,1
2026-10-01,551238,38.9,0
2026-10-01,551281,14.5,0
2026-10-01,551284,17.0,0
2026-10-01,551285,17.0,0
2026-10-01,551286,17.0,0
2026-10-01,551288,17.0,0
2026-10-01,551290,179.0,0
2026-10-01,551323,41.5,0
2026-10-01,551332,14.9,0
2026-10-01,551336,84.0,0
2026-10-01,551337,84.0,0
2026-10-01,551338,179.0,0
2026-10-01,551339,179.0,0
2026-10-01,551340,84.0,0
2026-10-01,551342,179.0,0
2026-10-01,551343,179.0,0
2026-10-01,551344,84.0,0
2026-10-01,551359,14.0,0
2026-10-01,551360,14.0,0
2026-10-01,551409,55.0,0
2026-10-01,551451,17.9,0
2026-10-01,551456,14.9,0
2026-10-01,551458,14.9,0
2026-10-01,551459,14.9,0
2026-10-01,551494,52.5,0
2026-10-01,551495,25.0,0
2026-10-01,551498,50.0,0
2026-10-01,551499,21.0,0
2026-10-01,551500,21.5,0
2026-10-01,551501,19.5,0
2026-10-01,551502,150.0,0
2026-10-01,551510,81.5,0
2026-10-01,551523,38.0,0
2026-10-01,551542,82.0,0
2026-10-01,551546,4.5,0
2026-10-01,551553,33.0,0
2026-10-01,551555,11.0,0
2026-10-01,551556,28.5,0
2026-10-01,551558,22.5,0
2026-10-01,551559,35.9,0
2026-10-01,551560,41.5,0
2026-10-01,551566,28.0,0
2026-10-01,551567,28.0,0
2026-10-01,551568,28.0,0
2026-10-01,551569,28.0,0
2026-10-01,551571,41.0,0
2026-10-01,551572,41.0,0
2026-10-01,551573,41.0,0
2026-10-01,551574,21.0,0
2026-10-01,551578,25.0,0
2026-10-01,551579,22.5,0
2026-10-01,551580,22.5,0
2026-10-01,551581,22.5,0
2026-10-01,551582,20.0,0
2026-10-01,551586,25.0,0
2026-10-01,551595,17.0,0
2026-10-01,551596,9.0,0
2026-10-01,551598,11.0,0
2026-10-01,551599,8.9,0
2026-10-01,551601,23.5,0
2026-10-01,551602,14.5,0
2026-10-01,551603,6.3,0
2026-10-01,551607,10.9,0
2026-10-01,551608,10.9,0
2026-10-01,551610,4.0,0
2026-10-01,551611,4.0,0
2026-10-01,551612,4.0,0
2026-10-01,551613,4.0,0
2026-10-01,551614,12.5,0
2026-10-01,551621,14.0,0
2026-10-01,551625,223.0,0
2026-10-01,551626,244.0,0
2026-10-01,551628,179.0,0
2026-10-01,551630,37.0,0
2026-10-01,551632,37.0,0
2026-10-01,551633,37.0,0
2026-10-01,551636,175.0,0
2026-10-01,551655,16.0,0
2026-10-01,551656,16.0,0
2026-10-01,551657,18.0,0
2026-10-01,551687,87.5,0
2026-10-01,551688,168.5,0
2026-10-01,551692,21.0,0
2026-10-01,551693,21.0,0
2026-10-01,551695,21.0,0
2026-10-01,551696,21.0,0
2026-10-01,551697,21.0,0
2026-10-01,551709,212.5,0
2026-10-01,551711,43.5,0
2026-10-01,551712,43.5,0
2026-10-01,551717,3.5,0
2026-10-01,551718,33.5,0
2026-10-01,551719,33.5,0
2026-10-01,551725,37.5,0
2026-10-01,551733,42.5,0
2026-10-01,551734,26.5,0
2026-10-01,551735,44.5,0
2026-10-01,551736,35.5,0
2026-10-01,551737,103.5,0
2026-10-01,551739,26.9,0
2026-10-01,551741,41.0,0
2026-10-01,551749,11.8,0
2026-10-01,551751,30.5,0
2026-10-01,551752,31.5,0
2026-10-01,551753,35.9,0
2026-10-01,551754,37.0,0
2026-10-01,551762,8.5,0
2026-10-01,551799,15.5,0
2026-10-01,551803,7.7,0
2026-10-01,551804,11.9,0
2026-10-01,551807,16.0,0
2026-10-01,551817,37.5,0
2026-10-01,551829,19.5,0
2026-10-01,551831,15.0,0
2026-10-01,551832,20.0,0
2026-10-01,551833,23.5,0
2026-10-01,551834,19.5,0
2026-10-01,551835,19.5,0
2026-10-01,551838,81.0,0
2026-10-01,551844,109.9,0
2026-10-01,551853,15.5,0
2026-10-01,551855,58.0,0
2026-10-01,551857,56.0,0
2026-10-01,551858,68.0,0
2026-10-01,551859,65.0,0
2026-10-01,551897,33.5,0
2026-10-01,551898,33.5,0
2026-10-01,551900,15.0,0
2026-10-01,551901,15.0,0
2026-10-01,551903,15.0,0
2026-10-01,551904,15.0,0
2026-10-01,551905,15.0,0
2026-10-01,551906,15.0,0
2026-10-01,551909,37.5,0
2026-10-01,551911,13.9,0
2026-10-01,551915,28.5,0
2026-10-01,551916,28.5,0
2026-10-01,551917,28.5,0
2026-10-01,551918,28.5,0
2026-10-01,551920,46.0,0
2026-10-01,551922,46.0,0
2026-10-01,551950,32.5,0
2026-10-01,551951,31.0,0
2026-10-01,551976,22.0,0
2026-10-01,551977,15.0,0
2026-10-01,551978,15.5,0
2026-10-01,551979,15.5,0
2026-10-01,551980,15.5,0
2026-10-01,551985,12.5,0
2026-10-01,551991,15.9,0
2026-10-01,551993,178.0,0
2026-10-01,551994,8.2,0
2026-10-01,552006,7.6,0
2026-10-01,552058,9.5,0
2026-10-01,552059,3.9,0
2026-10-01,552060,19.0,0
2026-10-01,552063,18.0,0
2026-10-01,552064,23.0,0
2026-10-01,552084,30.0,0
2026-10-01,552086,35.0,0
2026-10-01,552087,38.5,0
2026-10-01,552088,35.0,0
2026-10-01,552091,30.0,0
2026-10-01,552099,10.5,0
2026-10-01,552101,10.5,0
2026-10-01,552130,16.8,0
2026-10-01,552136,8.0,0
2026-10-01,552137,13.0,0
2026-10-01,552140,8.0,0
2026-10-01,552141,13.0,0
2026-10-01,552146,94.9,0
2026-10-01,552152,12.0,0
2026-10-01,552182,16.9,0
2026-10-01,552183,16.9,0
2026-10-01,552184,16.9,0
2026-10-01,552193,27.9,0
2026-10-01,552195,27.9,0
2026-10-01,552196,54.5,0
2026-10-01,552198,9.0,0
2026-10-01,552212,42.0,0
2026-10-01,552219,12.4,0
2026-10-01,552220,7.0,0
2026-10-01,552228,8.0,0
2026-10-01,552239,249.0,0
2026-10-01,552242,245.0,0
2026-10-01,552251,399.0,0
2026-10-01,552256,36.0,0
2026-10-01,552257,38.0,0
2026-10-01,552258,15.0,0
2026-10-01,552260,16.9,0
2026-10-01,552265,49.0,0
2026-10-01,552266,11.0,0
2026-10-01,552293,5.5,0
2026-10-01,552294,17.5,0
2026-10-01,552295,17.5,0
2026-10-01,552296,17.5,0
2026-10-01,552298,22.5,0
2026-10-01,552299,30.0,0
2026-10-01,552300,20.0,0
2026-10-01,552301,9.7,0
2026-10-01,552302,12.5,0
2026-10-01,552306,12.5,0
2026-10-01,552307,19.5,0
2026-10-01,552308,11.9,0
2026-10-01,552319,5.7,0
2026-10-01,552320,5.7,0
2026-10-01,552322,5.7,0
2026-10-01,552329,22.5,0
2026-10-01,552331,22.5,0
2026-10-01,552333,23.5,0
2026-10-01,552345,48.0,0
2026-10-01,552346,173.9,0
2026-10-01,552354,42.5,0
2026-10-01,552355,42.5,0
2026-10-01,552357,42.5,0
2026-10-01,552358,42.5,0
2026-10-01,552359,38.5,0
2026-10-01,552360,42.5,0
2026-10-01,552362,42.5,0
2026-10-01,552363,42.5,0
2026-10-01,552367,11.0,0
2026-10-01,552368,11.0,0
2026-10-01,552369,11.0,0
2026-10-01,552374,48.0,0
2026-10-01,552375,48.0,0
2026-10-01,552387,26.0,0
2026-10-01,552388,46.5,0
2026-10-01,552390,13.0,0
2026-10-01,552391,13.0,0
2026-10-01,552392,13.0,0
2026-10-01,552397,11.0,0
2026-10-01,552398,20.0,0
2026-10-01,552400,26.5,0
2026-10-01,552405,125.0,0
2026-10-01,552409,25.0,0
2026-10-01,552411,15.5,0
2026-10-01,552413,148.0,0
2026-10-01,552416,34.9,0
2026-10-01,552418,69.5,0
2026-10-01,552419,87.5,0
2026-10-01,552420,32.5,0
2026-10-01,552422,20.0,0
2026-10-01,552424,6.8,0
2026-10-01,552430,77.5,0
2026-10-01,552431,9.5,0
2026-10-01,552432,93.0,0
2026-10-01,552433,93.0,0
2026-10-01,552436,76.0,0
2026-10-01,552438,76.0,0
2026-10-01,552443,17.0,0
2026-10-01,552446,12.9,0
2026-10-01,552447,17.0,0
2026-10-01,552451,10.0,0
2026-10-01,552453,23.5,0
2026-10-01,552454,16.5,0
2026-10-01,552455,43.5,0
2026-10-01,552458,87.5,0
2026-10-01,552459,112.5,0
2026-10-01,552462,22.5,0
2026-10-01,552464,43.5,0
2026-10-01,552467,109.0,0
2026-10-01,552471,185.0,0
2026-10-01,552472,285.0,0
2026-10-01,552473,188.0,0
2026-10-01,552474,11.0,0
2026-10-01,552475,11.0,0
2026-10-01,552476,11.0,0
2026-10-01,552477,15.0,0
2026-10-01,552478,7.5,0
2026-10-01,552479,8.9,0
2026-10-01,552480,8.9,0
2026-10-01,552481,8.9,0
2026-10-01,552482,2.0,0
2026-10-01,552483,110.0,0
2026-10-01,552488,15.0,0
2026-10-01,552489,11.5,0
2026-10-01,552495,6.8,0
2026-10-01,552496,6.8,0
2026-10-01,552497,7.3,0
2026-10-01,552498,7.3,0
2026-10-01,552499,7.3,0
2026-10-01,552500,18.5,0
2026-10-01,552501,6.9,0
2026-10-01,552513,130.0,0
2026-10-01,552519,18.0,0
2026-10-01,552562,36.9,0
2026-10-01,552565,5.4,0
2026-10-01,552670,129.9,0
2026-10-01,552671,12.4,0
2026-10-01,552674,12.4,0
2026-10-01,552675,12.0,0
2026-10-01,552676,8.7,0
2026-10-01,552688,95.0,0
2026-10-01,552689,13.7,0
2026-10-01,552690,15.0,0
2026-10-01,552691,25.0,0
2026-10-01,552692,25.0,0
2026-10-01,552693,12.5,0
2026-10-01,552694,21.5,0
2026-10-01,552695,12.5,0
2026-10-01,552707,9.0,0
2026-10-01,552708,9.0,0
2026-10-01,552710,4.9,0
2026-10-01,552712,14.0,0
2026-10-01,552714,8.0,0
2026-10-01,552715,8.0,0
2026-10-01,552720,28.0,0
2026-10-01,552721,109.9,0
2026-10-01,552730,3.0,0
2026-10-01,552731,3.0,0
2026-10-01,552732,3.0,0
2026-10-01,552733,3.0,0
2026-10-01,552734,3.0,0
2026-10-01,552735,4.9,0
2026-10-01,552736,4.0,0
2026-10-01,552751,3.0,0
2026-10-01,552752,76.0,0
2026-10-01,552753,17.5,0
2026-10-01,552754,36.9,0
2026-10-01,552755,36.9,0
2026-10-01,552756,14.3,0
2026-10-01,552761,27.5,0
2026-10-01,552764,31.5,0
2026-10-01,552768,13.8,0
2026-10-01,552769,25.0,0
2026-10-01,552774,37.5,0
2026-10-01,552777,37.0,0
2026-10-01,552778,33.5,0
2026-10-01,552779,33.5,0
2026-10-01,552780,8.5,0
2026-10-01,552781,6.5,0
2026-10-01,552782,8.5,0
2026-10-01,552791,17.5,0
2026-10-01,552794,15.5,0
2026-10-01,552795,26.9,0
2026-10-01,552798,26.5,0
2026-10-01,552809,140.0,0
2026-10-01,552814,5.5,0
2026-10-01,552818,162.0,0
2026-10-01,552838,145.0,0
2026-10-01,552846,35.0,0
2026-10-01,552847,40.0,0
2026-10-01,552855,11.0,0
2026-10-01,552857,19.8,0
2026-10-01,552860,13.9,0
2026-10-01,552862,499.0,0
2026-10-01,552864,13.9,0
2026-10-01,552865,13.9,0
2026-10-01,552866,23.0,0
2026-10-01,552867,23.0,0
2026-10-01,552868,23.0,0
2026-10-01,552876,118.5,0
2026-10-01,552891,23.5,0
2026-10-01,552896,230.0,0
2026-10-01,552897,93.5,0
2026-10-01,552898,97.5,0
2026-10-01,552899,78.5,0
2026-10-01,552900,62.5,0
2026-10-01,552902,112.0,0
2026-10-01,552906,19.0,0
2026-10-01,552908,148.0,0
2026-10-01,552929,62.5,0
2026-10-01,552934,37.5,0
2026-10-01,552935,37.5,0
2026-10-01,552937,80.0,0
2026-10-01,552938,68.0,0
2026-10-01,552940,49.5,0
2026-10-01,552947,89.9,0
2026-10-01,552948,89.9,0
2026-10-01,552950,115.0,0
2026-10-01,552951,115.0,0
2026-10-01,552953,52.0,0
2026-10-01,552966,4.0,0
2026-10-01,552967,4.0,0
2026-10-01,552968,22.5,0
2026-10-01,552970,23.0,0
2026-10-01,552971,23.0,0
2026-10-01,552972,23.0,0
2026-10-01,552977,22.5,0
2026-10-01,552981,99.5,0
2026-10-01,552998,44.5,0
2026-10-01,553001,94.5,0
2026-10-01,553005,24.0,0
2026-10-01,553008,35.0,0
2026-10-01,553016,21.0,0
2026-10-01,553017,20.0,0
2026-10-01,553019,39.0,0
2026-10-01,553022,88.9,0
2026-10-01,553026,23.0,0
2026-10-01,553027,26.5,0
2026-10-01,553028,28.5,0
2026-10-01,553033,220.0,0
2026-10-01,553034,220.0,0
2026-10-01,553035,120.0,0
2026-10-01,553036,120.0,0
2026-10-01,553037,120.0,0
2026-10-01,553038,120.0,0
2026-10-01,553039,89.9,0
2026-10-01,553043,47.5,0
2026-10-01,553044,47.5,0
2026-10-01,553045,47.5,0
2026-10-01,553046,35.0,0
2026-10-01,553047,31.0,0
2026-10-01,553048,31.0,0
2026-10-01,553050,20.5,0
2026-10-01,553053,4.0,0
2026-10-01,553054,4.0,0
2026-10-01,553055,4.0,0
2026-10-01,553056,4.0,0
2026-10-01,553057,9.0,0
2026-10-01,553060,10.5,0
2026-10-01,553064,31.9,0
2026-10-01,553066,17.5,0
2026-10-01,553072,41.5,0
2026-10-01,553074,18.5,0
2026-10-01,553075,31.0,0
2026-10-01,553076,22.5,0
2026-10-01,553077,47.5,0
2026-10-01,553087,50.5,0
2026-10-01,553088,56.9,0
2026-10-01,553090,31.0,0
2026-10-01,553091,65.0,0
2026-10-01,553093,103.9,0
2026-10-01,553098,104.9,0
2026-10-01,553099,20.9,0
2026-10-01,553100,165.0,0
2026-10-01,553118,16.5,0
2026-10-01,553120,23.0,0
2026-10-01,553121,23.0,0
2026-10-01,553122,16.5,0
2026-10-01,553123,16.5,0
2026-10-01,553124,30.0,0
2026-10-01,553137,173.9,0
2026-10-01,553139,30.0,0
2026-10-01,553140,120.0,0
2026-10-01,553146,16.5,0
2026-10-01,553147,17.5,0
2026-10-01,553148,14.0,0
2026-10-01,553150,11.0,0
2026-10-01,553151,55.0,0
2026-10-01,553152,37.5,0
2026-10-01,553153,50.0,0
2026-10-01,553164,16.55,0
2026-10-01,553167,3.5,0
2026-10-01,553170,11.5,0
2026-10-01,553172,140.0,0
2026-10-01,553173,125.0,0
2026-10-01,553174,225.0,0
2026-10-01,553175,22.5,0
2026-10-01,553177,14.5,0
2026-10-01,553178,13.0,0
2026-10-01,553179,13.0,0
2026-10-01,553180,10.0,0
2026-10-01,553181,12.5,0
2026-10-01,553182,12.5,0
2026-10-01,553183,12.5,0
2026-10-01,553184,22.0,0
2026-10-01,553185,25.0,0
2026-10-01,553187,37.5,0
2026-10-01,553188,37.5,0
2026-10-01,553189,37.5,0
2026-10-01,553192,22.0,0
2026-10-01,553194,25.0,0
2026-10-01,553195,25.0,0
2026-10-01,553196,25.0,0
2026-10-01,553197,32.0,0
2026-10-01,553198,32.0,0
2026-10-01,553200,37.5,0
2026-10-01,553201,27.5,0
2026-10-01,553202,27.5,0
2026-10-01,553203,27.5,0
2026-10-01,553204,27.5,0
2026-10-01,553205,27.5,0
2026-10-01,553206,27.5,0
2026-10-01,553209,10.0,0
2026-10-01,553210,25.0,0
2026-10-01,553211,31.0,0
2026-10-01,553212,35.0,0
2026-10-01,553214,7.5,0
2026-10-01,553215,7.5,0
2026-10-01,553217,29.5,0
2026-10-01,553218,12.0,0
2026-10-01,553219,19.5,0
2026-10-01,553222,16.5,0
2026-10-01,553223,16.5,0
2026-10-01,553225,10.5,0
2026-10-01,553226,24.0,0
2026-10-01,553227,48.0,0
2026-10-01,553230,15.5,0
2026-10-01,553231,18.9,0
2026-10-01,553232,15.5,0
2026-10-01,553233,15.5,0
2026-10-01,553235,49.9,0
2026-10-01,553236,2.9,0
2026-10-01,553237,293.0,0
2026-10-01,553241,22.0,0
2026-10-01,553242,57.5,0
2026-10-01,553243,137.5,0
2026-10-01,553245,114.0,0
2026-10-01,553246,81.0,0
2026-10-01,553247,43.5,0
2026-10-01,553248,43.5,0
2026-10-01,553249,56.0,0
2026-10-01,553250,36.9,0
2026-10-01,553251,38.0,0
2026-10-01,553252,2.5,0
2026-10-01,553262,145.0,0
2026-10-01,553270,9.0,0
2026-10-01,553277,30.0,0
2026-10-01,553282,26.5,0
2026-10-01,553283,27.5,0
2026-10-01,553284,27.5,0
2026-10-01,553294,12.5,0
2026-10-01,553295,12.5,0
2026-10-01,553296,2.9,0
2026-10-01,553297,9.5,0
2026-10-01,553298,30.0,0
2026-10-01,553299,30.0,0
2026-10-01,553301,43.5,0
2026-10-01,553303,28.5,0
2026-10-01,553304,25.0,0
2026-10-01,553305,25.0,0
2026-10-01,553306,25.0,0
2026-10-01,553307,25.0,0
2026-10-01,553308,25.0,0
2026-10-01,553309,20.5,0
2026-10-01,553310,7.5,0
2026-10-01,553311,33.5,0
2026-10-01,553314,37.5,0
2026-10-01,553315,37.5,0
2026-10-01,553316,37.5,0
2026-10-01,553317,55.0,0
2026-10-01,553318,55.0,0
2026-10-01,553319,489.0,0
2026-10-01,553326,62.0,0
2026-10-01,553327,75.0,0
2026-10-01,553328,17.5,0
2026-10-01,553329,17.5,0
2026-10-01,553330,17.5,0
2026-10-01,553331,17.5,0
2026-10-01,553335,354.9,0
2026-10-01,553336,89.0,0
2026-10-01,553337,89.0,0
2026-10-01,553338,89.0,0
2026-10-01,553340,95.0,0
2026-10-01,553342,186.0,0
2026-10-01,553343,186.0,0
2026-10-01,553344,186.0,0
2026-10-01,553349,134.9,0
2026-10-01,553353,125.0,0
2026-10-01,553357,113.5,0
2026-10-01,553358,101.0,0
2026-10-01,553362,122.0,0
2026-10-01,553366,21.9,0
2026-10-01,553367,21.9,0
2026-10-01,553368,21.9,0
2026-10-01,553373,14.3,0
2026-10-01,553374,14.3,0
2026-10-01,553375,14.3,0
2026-10-01,553377,6.5,0
2026-10-01,553378,6.5,0
2026-10-01,553379,6.5,0
2026-10-01,553381,16.9,0
2026-10-01,553382,16.9,0
2026-10-01,553383,28.9,0
2026-10-01,553384,32.5,0
2026-10-01,553385,39.5,0
2026-10-01,553389,8.2,0
2026-10-01,553390,17.5,0
2026-10-01,553391,18.5,0
2026-10-01,553394,14.9,0
2026-10-01,553398,31.9,0
2026-10-01,553411,379.0,0
2026-10-01,553413,33.9,0
2026-10-01,553420,9.9,0
2026-10-01,553421,9.9,0
2026-10-01,553423,9.9,0
2026-10-01,553424,28.0,0
2026-10-01,553425,26.0,0
2026-10-01,553427,18.0,0
2026-10-01,553428,149.0,0
2026-10-01,553429,30.0,0
2026-10-01,553430,15.0,0
2026-10-01,553431,15.0,0
2026-10-01,553432,31.5,0
2026-10-01,553434,2.0,0
2026-10-01,553435,2.0,0
2026-10-01,553436,30.0,0
2026-10-01,553437,20.5,0
2026-10-01,553438,20.5,0
2026-10-01,553439,20.5,0
2026-10-01,553440,20.5,0
2026-10-01,553441,21.5,0
2026-10-01,553444,7.5,0
2026-10-01,553445,7.5,0
2026-10-01,553446,40.0,0
2026-10-01,553447,210.0,0
2026-10-01,553448,31.0,0
2026-10-01,553449,38.5,0
2026-10-01,553450,52.0,0
2026-10-01,553452,83.0,0
2026-10-01,553453,53.0,0
2026-10-01,553454,21.0,0
2026-10-01,553463,38.5,0
2026-10-01,553464,24.9,0
2026-10-01,553465,6.9,0
2026-10-01,553466,95.0,0
2026-10-01,553467,95.0,0
2026-10-01,553468,95.0,0
2026-10-01,553469,112.5,0
2026-10-01,553470,61.9,0
2026-10-01,553471,26.9,0
2026-10-01,553480,5.5,0
2026-10-01,553483,14.0,0
2026-10-01,553588,245.0,0
2026-10-01,553590,22.5,0
2026-10-01,553591,22.5,0
2026-10-01,553592,22.5,0
2026-10-01,553594,4.8,0
2026-10-01,553595,14.5,0
2026-10-01,553596,14.5,0
2026-10-01,553597,18.9,0
2026-10-01,553598,18.9,0
2026-10-01,553599,28.9,0
2026-10-01,553600,17.5,0
2026-10-01,553601,17.5,0
2026-10-01,553602,17.5,0
2026-10-01,553603,12.0,0
2026-10-01,553604,13.0,0
2026-10-01,553605,14.0,0
2026-10-01,553606,14.5,0
2026-10-01,553607,43.5,0
2026-10-01,553608,29.9,0
2026-10-01,553610,7.5,0
2026-10-01,553618,7.0,0
2026-10-01,553620,20.0,0
2026-10-01,553621,9.0,0
2026-10-01,553622,5.0,0
2026-10-01,553623,20.0,0
2026-10-01,553624,40.0,0
2026-10-01,553625,25.0,0
2026-10-01,553626,20.0,0
2026-10-01,553628,23.5,0
2026-10-01,553629,32.5,0
2026-10-01,553630,43.5,0
2026-10-01,553631,47.5,0
2026-10-01,553632,124.0,0
2026-10-01,553633,31.0,0
2026-10-01,553635,125.0,0
2026-10-01,553636,31.8,0
2026-10-01,553637,31.8,0
2026-10-01,553639,22.0,0
2026-10-01,553641,160.0,0
2026-10-01,553643,160.0,0
2026-10-01,553644,160.0,0
2026-10-01,553645,7.5,0
2026-10-01,553649,6.0,0
2026-10-01,553650,6.0,0
2026-10-01,553651,6.0,0
2026-10-01,553652,6.0,0
2026-10-01,553654,81.0,0
2026-10-01,553655,33.8,0
2026-10-01,553656,28.5,0
2026-10-01,553657,4.9,0
2026-10-01,553658,4.5,0
2026-10-01,553659,20.0,0
2026-10-01,553660,9.0,0
2026-10-01,553661,10.0,0
2026-10-01,553662,13.5,0
2026-10-01,553663,38.5,0
2026-10-01,553664,40.5,0
2026-10-01,553665,36.0,0
2026-10-01,553666,13.0,0
2026-10-01,553668,9.5,0
2026-10-01,553669,13.5,0
2026-10-01,553670,18.0,0
2026-10-01,553671,11.0,0
2026-10-01,553672,7.8,0
2026-10-01,553673,24.0,0
2026-10-01,553674,15.5,0
2026-10-01,553675,10.0,0
2026-10-01,553676,8.5,0
2026-10-01,553677,28.5,0
2026-10-01,553681,205.0,0
2026-10-01,553682,205.0,0
2026-10-01,553683,200.0,0
2026-10-01,553688,16.9,0
2026-10-01,553689,20.0,0
2026-10-01,553690,38.9,0
2026-10-01,553691,137.5,0
2026-10-01,553692,118.0,0
2026-10-01,553694,23.0,0
2026-10-01,553695,23.0,0
2026-10-01,553696,23.0,0
2026-10-01,553698,35.0,0
2026-10-01,553699,35.0,0
2026-10-01,553700,35.0,0
2026-10-01,553701,5.0,0
2026-10-01,553702,5.0,0
2026-10-01,553703,5.0,0
2026-10-01,553710,344.0,0
2026-10-01,553714,19.9,0
2026-10-01,553719,159.9,0
2026-10-01,553728,31.9,0
2026-10-01,553732,118.5,0
2026-10-01,553733,235.0,0
2026-10-01,553734,375.0,0
2026-10-01,553739,135.0,0
2026-10-01,553744,7.9,0
2026-10-01,553745,13.9,0
2026-10-01,553746,56.0,0
2026-10-01,553748,11.9,0
2026-10-01,553749,11.9,0
2026-10-01,553754,16.5,0
2026-10-01,553755,28.5,0
2026-10-01,553756,36.0,0
2026-10-01,553757,210.0,0
2026-10-01,553758,210.0,0
2026-10-01,553760,16.5,0
2026-10-01,553761,8.0,0
2026-10-01,553762,8.0,0
2026-10-01,553763,8.0,0
2026-10-01,553764,17.5,0
2026-10-01,553767,12.5,0
2026-10-01,553768,12.5,0
2026-10-01,553770,6.5,0
2026-10-01,553773,10.5,0
2026-10-01,553777,21.0,0
2026-10-01,553778,37.5,0
2026-10-01,553780,43.5,0
2026-10-01,553782,28.5,0
2026-10-01,553783,27.5,0
2026-10-01,553784,63.5,0
2026-10-01,553785,27.0,0
2026-10-01,553786,62.5,0
2026-10-01,553787,68.5,0
2026-10-01,553788,116.0,0
2026-10-01,553790,115.0,0
2026-10-01,553791,115.0,0
2026-10-01,553792,115.0,0
2026-10-01,553793,115.0,0
2026-10-01,553794,6.5,0
2026-10-01,553795,6.5,0
2026-10-01,553797,6.5,0
2026-10-01,553798,16.9,0
2026-10-01,553799,16.9,0
2026-10-01,553800,16.9,0
2026-10-01,553803,23.0,0
2026-10-01,553804,7.5,0
2026-10-01,553805,7.5,0
2026-10-01,553806,6.0,0
2026-10-01,553807,31.5,0
2026-10-01,553808,27.5,0
2026-10-01,553811,19.5,0
2026-10-01,553812,19.5,0
2026-10-01,553813,5.0,0
2026-10-01,553815,369.0,0
2026-10-01,553819,239.0,0
2026-10-01,553820,219.0,0
2026-10-01,553822,180.0,0
2026-10-01,553835,250.0,0
2026-10-01,553839,118.0,0
2026-10-01,553840,68.5,0
2026-10-01,553845,26.5,0
2026-10-01,553847,24.9,0
2026-10-01,553849,16.5,0
2026-10-01,553851,43.5,0
2026-10-01,553852,43.5,0
2026-10-01,553853,15.5,0
2026-10-01,553854,20.0,0
2026-10-01,553856,27.5,0
2026-10-01,553857,22.5,0
2026-10-01,553859,27.5,0
2026-10-01,553861,10.0,0
2026-10-01,553862,7.0,0
2026-10-01,553863,8.0,0
2026-10-01,553866,11.4,0
2026-10-01,553869,2.7,0
2026-10-01,553870,4.5,0
2026-10-01,553871,4.5,0
2026-10-01,553872,2.7,0
2026-10-01,553873,8.0,0
2026-10-01,553874,16.9,0
2026-10-01,553875,27.0,0
2026-10-01,553876,11.5,0
2026-10-01,553879,18.8,0
2026-10-01,553880,8.8,0
2026-10-01,553881,18.0,0
2026-10-01,553882,14.0,0
2026-10-01,553884,10.0,0
2026-10-01,553886,15.0,0
2026-10-01,553887,7.8,0
2026-10-01,553888,7.0,0
2026-10-01,553891,129.9,0
2026-10-01,553893,21.5,0
2026-10-01,553894,10.0,0
2026-10-01,553896,55.0,0
2026-10-01,553897,52.5,0
2026-10-01,553898,45.5,0
2026-10-01,553899,10.0,0
2026-10-01,553900,11.5,0
2026-10-01,553901,11.5,0
2026-10-01,553908,159.9,0
2026-10-01,553909,118.0,0
2026-10-01,553963,66.0,0
2026-10-01,554000,128.5,0
2026-10-01,554001,222.5,0
2026-10-01,554002,399.0,0
2026-10-01,554003,10.5,0
2026-10-01,554004,6.9,0
2026-10-01,554006,62.5,0
2026-10-01,554007,112.5,0
2026-10-01,554008,28.9,0
2026-10-01,554009,28.9,0
2026-10-01,554011,175.0,0
2026-10-01,554012,140.0,0
2026-10-01,554014,22.5,0
2026-10-01,554019,39.9,0
2026-10-01,554021,13.9,0
2026-10-01,554027,27.5,0
2026-10-01,554034,18.0,0
2026-10-01,554035,18.0,0
2026-10-01,554038,13.5,0
2026-10-01,554039,17.0,0
2026-10-01,554041,25.0,0
2026-10-01,554043,86.5,0
2026-10-01,554045,37.5,0
2026-10-01,554047,96.5,0
2026-10-01,554051,12.5,0
2026-10-01,554054,13.0,0
2026-10-01,554055,13.0,0
2026-10-01,554056,13.0,0
2026-10-01,554058,17.5,0
2026-10-01,554059,23.9,0
2026-10-01,554060,31.0,0
2026-10-01,554061,72.5,0
2026-10-01,554067,13.5,0
2026-10-01,554068,75.0,0
2026-10-01,554071,12.5,0
2026-10-01,554072,27.0,0
2026-10-01,554073,42.0,0
2026-10-01,554080,12.5,0
2026-10-01,554082,22.0,0
2026-10-01,554083,25.0,0
2026-10-01,554084,19.5,0
2026-10-01,554087,6.0,0
2026-10-01,554089,78.0,0
2026-10-01,554090,5.6,0
2026-10-01,554091,5.6,0
2026-10-01,554092,5.6,0
2026-10-01,554093,41.5,0
2026-10-01,554096,154.9,0
2026-10-01,554097,184.9,0
2026-10-01,554099,23.9,0
2026-10-01,554100,21.9,0
2026-10-01,554102,8.5,0
2026-10-01,554103,84.0,0
2026-10-01,554104,26.9,0
2026-10-01,554108,113.9,0
2026-10-01,554109,113.9,0
2026-10-01,554111,113.9,0
2026-10-01,554112,39.9,0
2026-10-01,554113,39.9,0
2026-10-01,554114,39.9,0
2026-10-01,554115,14.0,0
2026-10-01,554116,6.8,0
2026-10-01,554117,94.0,0
2026-10-01,554123,9.0,0
2026-10-01,554124,9.0,0
2026-10-01,554125,9.0,0
2026-10-01,554126,5.0,0
2026-10-01,554129,42.0,0
2026-10-01,554131,42.0,0
2026-10-01,554132,42.0,0
2026-10-01,554133,1.5,0
2026-10-01,554134,1.5,0
2026-10-01,554135,17.5,0
2026-10-01,554136,17.5,0
2026-10-01,554140,74.9,0
2026-10-01,554146,8.0,0
2026-10-01,554147,20.5,0
2026-10-01,554148,39.9,0
2026-10-01,554155,30.9,0
2026-10-01,554157,30.9,0
2026-10-01,554158,28.0,0
2026-10-01,554159,11.5,0
2026-10-01,554164,11.2,0
2026-10-01,554165,5.0,0
2026-10-01,554166,23.0,0
2026-10-01,554171,36.0,0
2026-10-01,554173,25.0,0
2026-10-01,554174,41.0,0
2026-10-01,554176,2.0,0
2026-10-01,554177,23.0,0
2026-10-01,554178,23.0,0
2026-10-01,554179,35.5,0
2026-10-01,554180,16.5,0
2026-10-01,554181,19.5,0
2026-10-01,554182,30.0,0
2026-10-01,554184,5.0,0
2026-10-01,554466,123.0,0
2026-10-01,554468,101.0,0
2026-10-01,554469,101.0,0
2026-10-01,554470,101.0,0
2026-10-01,555666,60.0,0
2026-10-01,557720,20.5,0
2026-10-01,557721,20.5,0
2026-10-01,558960,19.0,0
2026-10-01,559648,80.0,0
2026-10-01,559743,18.0,0
2026-10-01,559753,19.0,0
2026-10-01,559873,47.0,0
2026-10-01,560180,124.0,0
2026-10-01,560230,134.0,0
2026-10-01,560340,56.0,0
2026-10-01,560359,50.3,0
2026-10-01,560373,13.7,0
2026-10-01,560442,22.0,0
2026-10-01,560444,18.0,0
2026-10-01,560446,80.0,0
2026-10-01,560486,185.0,0
2026-10-01,560497,50.0,0
2026-10-01,560596,55.7,0
2026-10-01,561030,13.5,0
2026-10-01,561380,90.0,0
2026-10-01,561460,95.0,0
2026-10-01,561789,64.5,0
2026-10-01,561878,20.0,0
2026-10-01,561916,5.5,0
2026-10-01,562223,43.5,0
2026-10-01,562224,43.5,0
2026-10-01,562225,43.5,0
2026-10-01,562572,36.9,0
2026-10-01,562653,41.9,0
2026-10-01,563315,16.5,0
2026-10-01,563838,52.0,0
2026-10-01,564346,8.3,0
2026-10-01,564347,14.9,0
2026-10-01,565245,26.0,0
2026-10-01,565385,62.0,0
2026-10-01,565415,140.0,0
2026-10-01,565490,74.0,0
2026-10-01,565571,10.9,0
2026-10-01,565573,7.0,0
2026-10-01,565575,7.0,0
2026-10-01,565849,45.0,0
2026-10-01,566136,6.0,0
2026-10-01,566373,19.5,0
2026-10-01,566454,11.0,0
2026-10-01,566900,9.8,0
2026-10-01,566977,11.7,0
2026-10-01,566985,9.8,0
2026-10-01,567060,9.8,0
2026-10-01,568245,10.5,0
2026-10-01,568248,13.0,0
2026-10-01,568254,15.0,0
2026-10-01,568256,15.5,0
2026-10-01,568259,13.8,0
2026-10-01,568263,10.0,0
2026-10-01,568264,10.5,0
2026-10-01,568267,20.0,0
2026-10-01,568269,10.0,0
2026-10-01,568273,10.0,0
2026-10-01,568274,12.5,0
2026-10-01,568276,11.2,0
2026-10-01,568562,5.0,0
2026-10-01,568591,44.5,0
2026-10-01,568783,29.9,0
2026-10-01,569011,5.5,0
2026-10-01,569186,24.9,0
2026-10-01,569798,26.5,0
2026-10-01,570044,17.0,0
2026-10-01,570125,29.0,0
2026-10-01,570281,69.5,0
2026-10-01,570291,15.0,0
2026-10-01,570370,11.5,0
2026-10-01,570559,22.0,0
2026-10-01,570745,3.0,0
2026-10-01,570826,2.5,0
2026-10-01,570982,11.0,0
2026-10-01,571200,20.0,0
2026-10-01,571270,36.0,0
2026-10-01,571334,24.0,0
2026-10-01,571415,11.0,0
2026-10-01,572080,81.8,0
2026-10-01,574783,9.0,0
2026-10-01,575089,59.4,0
2026-10-01,575100,32.9,0
2026-10-01,575500,55.0,0
2026-10-01,575666,22.0,0
2026-10-01,575690,3.4,0
2026-10-01,575704,40.0,0
2026-10-01,575771,6.8,0
2026-10-01,576069,13.0,0
2026-10-01,576557,16.5,0
2026-10-01,578568,230.0,0
2026-10-01,579190,75.0,0
2026-10-01,579351,75.0,0
2026-10-01,579599,75.0,0
2026-10-01,579831,75.0,0
2026-10-01,580016,20.0,0
2026-10-01,580155,75.0,0
2026-10-01,580236,75.0,0
2026-10-01,580392,75.0,0
2026-10-01,580554,75.0,0
2026-10-01,580716,75.0,0
2026-10-01,581061,183.3,0
2026-10-01,581071,42.0,0
2026-10-01,581072,76.1,0
2026-10-01,581075,49.0,0
2026-10-01,581202,33.5,0
2026-10-01,581306,33.5,0
2026-10-01,581366,38.7,0
2026-10-01,581371,12.1,0
2026-10-01,581386,23.2,0
2026-10-01,581798,35.5,0
2026-10-01,581879,47.9,0
2026-10-01,582018,65.6,0
2026-10-01,582182,15.0,0
2026-10-01,583685,40.0,0
2026-10-01,583723,15.5,0
2026-10-01,584045,26.9,0
2026-10-01,584630,37.5,0
2026-10-01,584711,37.5,0
2026-10-01,584797,37.5,0
2026-10-01,584959,25.0,0
2026-10-01,585955,50.4,0
2026-10-01,586110,95.2,0
2026-10-01,586595,12.9,0
2026-10-01,586684,11.5,0
2026-10-01,587648,41.5,0
2026-10-01,588130,11.5,0
2026-10-01,588547,13.0,0
2026-10-01,588610,4.0,0
2026-10-01,588776,6.5,0
2026-10-01,589012,23.5,0
2026-10-01,589756,13.5,0
2026-10-01,589985,157.5,0
2026-10-01,590000,147.1,0
2026-10-01,590011,13.3,0
2026-10-01,590013,97.0,0
2026-10-01,590043,13.8,0
2026-10-01,590058,17.0,0
2026-10-01,590063,14.5,0
2026-10-01,590078,24.5,0
2026-10-01,590083,28.5,0
2026-10-01,590098,25.9,0
2026-10-01,590127,38.5,0
2026-10-01,590150,179.0,0
2026-10-01,590231,264.0,0
2026-10-01,590236,46.0,0
2026-10-01,590241,25.0,0
2026-10-01,590296,11.7,0
2026-10-01,590325,21.0,0
2026-10-01,590380,18.0,0
2026-10-01,590543,5.6,0
2026-10-01,590558,5.6,0
2026-10-01,590687,66.9,0
2026-10-01,590851,44.5,0
2026-10-01,590913,61.0,0
2026-10-01,590920,61.0,0
2026-10-01,590921,61.0,0
2026-10-01,590922,61.0,0
2026-10-01,590992,12.5,0
2026-10-01,591114,29.9,0
2026-10-01,591157,7.4,0
2026-10-01,591190,29.9,0
2026-10-01,591238,7.4,0
2026-10-01,591319,7.4,0
2026-10-01,591578,12.5,0
2026-10-01,591991,15.9,0
2026-10-01,592138,30.3,0
2026-10-01,592141,13.4,0
2026-10-01,593002,16.0,0
2026-10-01,593347,31.5,0
2026-10-01,593348,151.4,0
2026-10-01,593537,70.5,0
2026-10-01,593538,50.6,0
2026-10-01,593539,52.4,0
2026-10-01,593765,72.0,0
2026-10-01,595871,18.9,0
2026-10-01,597007,69.9,0
2026-10-01,597082,125.0,0
2026-10-01,597163,125.0,0
2026-10-01,599409,14.9,0
2026-10-01,600040,10.0,0
2026-10-01,600106,60.5,0
2026-10-01,600132,179.9,0
2026-10-01,600133,27.5,0
2026-10-01,600138,6.0,0
2026-10-01,600153,5.0,0
2026-10-01,600158,13.0,0
2026-10-01,600163,4.5,0
2026-10-01,600168,8.8,0
2026-10-01,600172,119.9,0
2026-10-01,600173,5.0,0
2026-10-01,600177,57.9,0
2026-10-01,600180,12.5,0
2026-10-01,600186,84.9,0
2026-10-01,600212,20.0,0
2026-10-01,600215,5.0,0
2026-10-01,600218,10.0,0
2026-10-01,600222,5.0,0
2026-10-01,600225,5.5,0
2026-10-01,600232,10.0,0
2026-10-01,600235,4.7,0
2026-10-01,600242,5.0,0
2026-10-01,600252,5.0,0
2026-10-01,600262,4.7,0
2026-10-01,600265,10.0,0
2026-10-01,600267,67.0,0
2026-10-01,600271,37.0,0
2026-10-01,600279,20.0,0
2026-10-01,600300,27.5,0
2026-10-01,600302,6.0,0
2026-10-01,600305,6.9,0
2026-10-01,600306,20.0,0
2026-10-01,600307,5.0,0
2026-10-01,600310,15.5,0
2026-10-01,600315,13.8,0
2026-10-01,600316,18.8,0
2026-10-01,600317,14.0,0
2026-10-01,600320,11.0,0
2026-10-01,600324,25.0,0
2026-10-01,600325,9.5,0
2026-10-01,600328,5.0,0
2026-10-01,600330,12.5,0
2026-10-01,600331,4.5,0
2026-10-01,600332,11.8,0
2026-10-01,600334,10.0,0
2026-10-01,600336,21.0,0
2026-10-01,600337,9.5,0
2026-10-01,600340,5.2,0
2026-10-01,600345,7.2,0
2026-10-01,600346,27.5,0
2026-10-01,600358,16.5,0
2026-10-01,600360,11.5,0
2026-10-01,600362,11.9,0
2026-10-01,600495,124.5,0
2026-10-01,600645,445.0,0
2026-10-01,600651,143.5,0
2026-10-01,600655,199.0,0
2026-10-01,600661,195.0,0
2026-10-01,600792,100.0,0
2026-10-01,601023,64.9,0
2026-10-01,601028,45.9,0
2026-10-01,601038,45.9,0
2026-10-01,601048,41.9,0
2026-10-01,601053,41.9,0
2026-10-01,601058,41.9,0
2026-10-01,601068,41.9,0
2026-10-01,601073,41.9,0
2026-10-01,601185,56.5,0
2026-10-01,601187,26.5,0
2026-10-01,601515,93.0,0
2026-10-01,601582,48.0,0
2026-10-01,601583,65.5,0
2026-10-01,601871,164.9,0
2026-10-01,602018,13.5,0
2026-10-01,602060,26.0,0
2026-10-01,602070,11.5,0
2026-10-01,602116,13.0,0
2026-10-01,602272,8.9,0
2026-10-01,602338,46.0,0
2026-10-01,602526,18.5,0
2026-10-01,602558,11.0,0
2026-10-01,602871,13.9,0
2026-10-01,602872,13.9,0
2026-10-01,602873,13.9,0
2026-10-01,603130,15.0,0
2026-10-01,603233,24.0,0
2026-10-01,603937,15.0,0
2026-10-01,604004,31.9,0
2026-10-01,604009,34.0,0
2026-10-01,604011,15.0,0
2026-10-01,604070,26.9,0
2026-10-01,604097,15.0,0
2026-10-01,604117,27.0,0
2026-10-01,604151,26.9,0
2026-10-01,604212,24.5,0
2026-10-01,604232,26.9,0
2026-10-01,604259,16.0,0
2026-10-01,604313,26.9,0
2026-10-01,604518,8.0,0
2026-10-01,604710,5.0,0
2026-10-01,604897,9.0,0
2026-10-01,604935,19.0,0
2026-10-01,605151,12.5,0
2026-10-01,605152,7.5,0
2026-10-01,605514,13.5,0
2026-10-01,605522,16.3,0
2026-10-01,605523,17.5,0
2026-10-01,605549,41.3,0
2026-10-01,605557,40.9,0
2026-10-01,605581,32.9,0
2026-10-01,605603,65.6,0
2026-10-01,606052,18.0,0
2026-10-01,606055,32.0,0
2026-10-01,606155,12.5,0
2026-10-01,606314,185.0,0
2026-10-01,606315,46.5,0
2026-10-01,606332,64.5,0
2026-10-01,606839,30.5,0
2026-10-01,606953,8.0,0
2026-10-01,606973,38.0,0
2026-10-01,607141,24.5,0
2026-10-01,607187,6.6,0
2026-10-01,607195,79.9,0
2026-10-01,607851,61.0,0
2026-10-01,607932,484.9,0
2026-10-01,609048,4.5,0
2026-10-01,609056,4.5,0
2026-10-01,609099,8.8,0
2026-10-01,609137,7.5,0
2026-10-01,609153,5.0,0
2026-10-01,609196,4.5,0
2026-10-01,609226,6.5,0
2026-10-01,609242,8.8,0
2026-10-01,609581,11.0,0
2026-10-01,609699,25.0,0
2026-10-01,609702,25.0,0
2026-10-01,609781,28.5,0
2026-10-01,609871,108.5,0
2026-10-01,609991,16.0,0
2026-10-01,610115,37.5,0
2026-10-01,610265,209.9,0
2026-10-01,610283,28.5,0
2026-10-01,610293,34.9,0
2026-10-01,610305,45.5,0
2026-10-01,610359,17.5,0
2026-10-01,610369,18.5,0
2026-10-01,610384,19.5,0
2026-10-01,610389,19.5,0
2026-10-01,610429,12.5,0
2026-10-01,610539,8.4,0
2026-10-01,610638,29.5,0
2026-10-01,610648,58.5,0
2026-10-01,610754,120.0,0
2026-10-01,610764,73.0,0
2026-10-01,610984,55.0,0
2026-10-01,611751,14.4,0
2026-10-01,611794,15.6,0
2026-10-01,611808,15.6,0
2026-10-01,614858,5.5,0
2026-10-01,615593,15.0,0
2026-10-01,615594,10.9,0
2026-10-01,615600,25.5,0
2026-10-01,615619,16.0,0
2026-10-01,615620,16.0,0
2026-10-01,615624,16.0,0
2026-10-01,615625,16.0,0
2026-10-01,615626,16.0,0
2026-10-01,615669,27.0,0
2026-10-01,615670,12.5,0
2026-10-01,615691,8.0,0
2026-10-01,615701,53.0,0
2026-10-01,615715,60.5,0
2026-10-01,615716,60.5,0
2026-10-01,615719,21.0,0
2026-10-01,615786,50.0,0
2026-10-01,615792,15.6,0
2026-10-01,615800,25.9,0
2026-10-01,615801,38.9,0
2026-10-01,615904,26.0,0
2026-10-01,615905,26.0,0
2026-10-01,615907,26.0,0
2026-10-01,615929,89.9,0
2026-10-01,615980,2.5,0
2026-10-01,616101,21.3,0
2026-10-01,616298,7.0,0
2026-10-01,616305,22.9,0
2026-10-01,616346,48.0,0
2026-10-01,616351,38.9,0
2026-10-01,616370,80.0,0
2026-10-01,616371,80.0,0
2026-10-01,616420,38.1,0
2026-10-01,616421,38.1,0
2026-10-01,616422,34.8,0
2026-10-01,616423,34.8,0
2026-10-01,616429,47.9,0
2026-10-01,616432,47.9,0
2026-10-01,616433,36.9,0
2026-10-01,616434,49.8,0
2026-10-01,616438,33.9,0
2026-10-01,616440,23.9,0
2026-10-01,616451,35.0,0
2026-10-01,616452,29.5,0
2026-10-01,616459,86.9,0
2026-10-01,616510,20.5,0
2026-10-01,616511,20.5,0
2026-10-01,616512,20.5,0
2026-10-01,616513,20.5,0
2026-10-01,616563,44.9,0
2026-10-01,616749,31.9,0
2026-10-01,616751,38.9,0
2026-10-01,616752,25.9,0
2026-10-01,616753,25.9,0
2026-10-01,616805,12.4,0
2026-10-01,616807,13.8,0
2026-10-01,616880,16.3,0
2026-10-01,616953,13.0,0
2026-10-01,616993,41.9,0
2026-10-01,617030,23.9,0
2026-10-01,617031,36.9,0
2026-10-01,617042,65.9,0
2026-10-01,617044,65.9,0
2026-10-01,617050,35.0,0
2026-10-01,617051,66.0,0
2026-10-01,617053,18.9,0
2026-10-01,617059,60.0,0
2026-10-01,617096,38.0,0
2026-10-01,617100,35.0,0
2026-10-01,617112,34.0,0
2026-10-01,617117,43.7,0
2026-10-01,617138,26.9,0
2026-10-01,617147,24.6,0
2026-10-01,617149,6.6,0
2026-10-01,617165,44.9,0
2026-10-01,617166,76.8,0
2026-10-01,617167,70.0,0
2026-10-01,617278,47.0,0
2026-10-01,617280,47.0,0
2026-10-01,617317,15.9,0
2026-10-01,617319,15.9,0
2026-10-01,617408,39.0,0
2026-10-01,617509,168.0,0
2026-10-01,617515,15.5,0
2026-10-01,617579,178.9,0
2026-10-01,617596,91.9,0
2026-10-01,617649,36.9,0
2026-10-01,617654,19.5,0
2026-10-01,617670,11.0,0
2026-10-01,617721,7.5,0
2026-10-01,617759,18.5,0
2026-10-01,617760,47.9,0
2026-10-01,617761,47.9,0
2026-10-01,617762,47.9,0
2026-10-01,617763,20.5,0
2026-10-01,617824,20.0,0
2026-10-01,617829,37.5,0
2026-10-01,617831,75.0,0
2026-10-01,617833,44.5,0
2026-10-01,617838,25.9,0
2026-10-01,617873,4.5,0
2026-10-01,617881,4.5,0
2026-10-01,617887,12.5,0
2026-10-01,617928,35.0,0
2026-10-01,617994,51.0,0
2026-10-01,617995,48.5,0
2026-10-01,617996,27.5,0
2026-10-01,618039,99.0,0
2026-10-01,618047,92.0,0
2026-10-01,618320,190.0,0
2026-10-01,618326,315.0,0
2026-10-01,618354,21.0,0
2026-10-01,618360,6.5,0
2026-10-01,618361,4.5,0
2026-10-01,618399,11.5,0
2026-10-01,618400,11.5,0
2026-10-01,618401,11.5,0
2026-10-01,618402,22.5,0
2026-10-01,618404,11.5,0
2026-10-01,618405,22.5,0
2026-10-01,618507,24.0,0
2026-10-01,618508,28.0,0
2026-10-01,618527,18.5,0
2026-10-01,618586,18.0,0
2026-10-01,618725,31.0,0
2026-10-01,618726,34.5,0
2026-10-01,618727,31.0,0
2026-10-01,618749,160.0,0
2026-10-01,618750,20.0,0
2026-10-01,618767,5.5,0
2026-10-01,618787,14.5,0
2026-10-01,618792,125.0,0
2026-10-01,618795,14.5,0
2026-10-01,618798,15.5,0
2026-10-01,618799,16.0,0
2026-10-01,618837,149.0,0
2026-10-01,618838,149.0,0
2026-10-01,618854,18.0,0
2026-10-01,618855,18.0,0
2026-10-01,618857,6.9,0
2026-10-01,618858,6.9,0
2026-10-01,618862,16.9,0
2026-10-01,618863,15.5,0
2026-10-01,618933,333.5,0
2026-10-01,618950,36.0,0
2026-10-01,618998,40.0,0
2026-10-01,618999,50.0,0
2026-10-01,619004,15.0,0
2026-10-01,619018,177.5,0
2026-10-01,619029,21.5,0
2026-10-01,619051,305.0,0
2026-10-01,619061,15.5,0
2026-10-01,619066,62.0,0
2026-10-01,619089,2.8,0
2026-10-01,619090,2.8,0
2026-10-01,619091,2.8,0
2026-10-01,619092,2.8,0
2026-10-01,619121,20.5,0
2026-10-01,619126,17.5,0
2026-10-01,619130,25.0,0
2026-10-01,619153,29.5,0
2026-10-01,619156,29.5,0
2026-10-01,619157,29.5,0
2026-10-01,619267,22.5,0
2026-10-01,619269,25.8,0
2026-10-01,619274,68.5,0
2026-10-01,619275,45.0,0
2026-10-01,619276,32.5,0
2026-10-01,619285,21.5,0
2026-10-01,619287,10.5,0
2026-10-01,619298,159.0,0
2026-10-01,619357,32.0,0
2026-10-01,619359,37.5,0
2026-10-01,619368,18.0,0
2026-10-01,619369,18.0,0
2026-10-01,619370,18.0,0
2026-10-01,619382,56.5,0
2026-10-01,619383,87.0,0
2026-10-01,619396,15.0,0
2026-10-01,619400,22.5,0
2026-10-01,619402,369.0,0
2026-10-01,619403,745.0,0
2026-10-01,619414,9.6,0
2026-10-01,619417,15.5,0
2026-10-01,619418,14.5,0
2026-10-01,619423,135.0,0
2026-10-01,619424,305.0,0
2026-10-01,619425,305.0,0
2026-10-01,619465,18.9,0
2026-10-01,619477,45.0,0
2026-10-01,619490,220.0,0
2026-10-01,619667,43.0,0
2026-10-01,619717,24.9,0
2026-10-01,619729,99.9,0
2026-10-01,620011,12.5,0
2026-10-01,622091,4.5,0
2026-10-01,622237,5.0,0
2026-10-01,623035,5.5,0
2026-10-01,624055,28.5,0
2026-10-01,624253,99.9,0
2026-10-01,624411,8.0,0
2026-10-01,624454,13.8,0
2026-10-01,624470,22.0,0
2026-10-01,624500,29.5,0
2026-10-01,624519,28.5,0
2026-10-01,624570,11.0,0
2026-10-01,624571,11.0,0
2026-10-01,624573,11.0,0
2026-10-01,624574,11.0,0
2026-10-01,624576,11.0,0
2026-10-01,624589,11.0,0
2026-10-01,624602,4.5,0
2026-10-01,624610,4.5,0
2026-10-01,624612,6.5,0
2026-10-01,625050,21.5,0
2026-10-01,625052,19.5,0
2026-10-01,625053,31.0,0
2026-10-01,625485,14.5,0
2026-10-01,625601,25.5,0
2026-10-01,626895,18.0,0
2026-10-01,626900,20.0,0
2026-10-01,627259,19.5,0
2026-10-01,627607,15.0,0
2026-10-01,627704,12.5,0
2026-10-01,629209,91.9,0
2026-10-01,629210,91.9,0
2026-10-01,629247,19.9,0
2026-10-01,629251,74.9,0
2026-10-01,629275,24.9,0
2026-10-01,629280,26.9,0
2026-10-01,629298,46.9,0
2026-10-01,629311,179.9,0
2026-10-01,629388,109.9,0
2026-10-01,629493,24.9,0
2026-10-01,629494,24.9,0
2026-10-01,629495,129.5,0
2026-10-01,629726,28.9,0
2026-10-01,629747,25.0,0
2026-10-01,629766,39.5,0
2026-10-01,629767,39.5,0
2026-10-01,629768,29.0,0
2026-10-01,629769,29.0,0
2026-10-01,629770,29.0,0
2026-10-01,629771,29.0,0
2026-10-01,629772,33.0,0
2026-10-01,629773,33.0,0
2026-10-01,629774,15.0,0
2026-10-01,629775,15.0,0
2026-10-01,629805,72.5,0
2026-10-01,629809,110.0,0
2026-10-01,629810,57.5,0
2026-10-01,629811,110.0,0
2026-10-01,629832,23.5,0
2026-10-01,629842,27.9,0
2026-10-01,629856,15.9,0
2026-10-01,629860,49.9,0
2026-10-01,629861,9.9,0
2026-10-01,629863,19.9,0
2026-10-01,629865,23.9,0
2026-10-01,629867,24.9,0
2026-10-01,629870,51.5,0
2026-10-01,629876,69.9,0
2026-10-01,629881,34.0,0
2026-10-01,629882,15.8,0
2026-10-01,629883,17.5,0
2026-10-01,629884,4.9,0
2026-10-01,629886,41.5,0
2026-10-01,629899,129.9,0
2026-10-01,630010,91.0,0
2026-10-01,630204,42.9,0
2026-10-01,630251,28.0,0
2026-10-01,630252,1.9,0
2026-10-01,630305,83.0,0
2026-10-01,630868,219.0,0
2026-10-01,632028,15.0,0
2026-10-01,632029,20.0,0
2026-10-01,632212,21.0,0
2026-10-01,632912,17.9,0
2026-10-01,634561,74.9,0
2026-10-01,634850,129.9,0
2026-10-01,635153,79.9,0
2026-10-01,636301,22.0,0
2026-10-01,640215,12.0,0
2026-10-01,640282,8.5,0
2026-10-01,640297,8.5,0
2026-10-01,640366,117.0,0
2026-10-01,640391,36.9,0
2026-10-01,640400,35.5,0
2026-10-01,640512,50.0,0
2026-10-01,640541,179.0,0
2026-10-01,640688,10.0,0
2026-10-01,640693,10.0,0
2026-10-01,640867,249.0,0
2026-10-01,641017,38.0,0
2026-10-01,641031,30.5,0
2026-10-01,641035,46.5,0
2026-10-01,641037,45.0,0
2026-10-01,641041,30.5,0
2026-10-01,641051,18.5,0
2026-10-01,641057,10.0,0
2026-10-01,641086,41.0,0
2026-10-01,641541,36.5,0
2026-10-01,641572,9.7,0
2026-10-01,641785,61.0,0
2026-10-01,641938,29.9,0
2026-10-01,641958,29.9,0
2026-10-01,642079,9.8,0
2026-10-01,642086,14.4,0
2026-10-01,642089,19.6,0
2026-10-01,642099,21.0,0
2026-10-01,642105,42.0,0
2026-10-01,642203,10.0,0
2026-10-01,642233,198.0,0
2026-10-01,642248,162.5,0
2026-10-01,642253,85.9,0
2026-10-01,642268,97.5,0
2026-10-01,642273,68.8,0
2026-10-01,642334,40.9,0
2026-10-01,642337,77.5,0
2026-10-01,642342,97.0,0
2026-10-01,642882,49.0,0
2026-10-01,643088,34.9,0
2026-10-01,643092,46.9,0
2026-10-01,643095,41.9,0
2026-10-01,643106,41.9,0
2026-10-01,643111,41.9,0
2026-10-01,643152,10.5,0
2026-10-01,643167,10.5,0
2026-10-01,643310,63.0,0
2026-10-01,645663,61.0,0
2026-10-01,645727,27.3,0
2026-10-01,645732,26.0,0
2026-10-01,645747,66.9,0
2026-10-01,645752,60.0,0
2026-10-01,645767,60.0,0
2026-10-01,645772,60.0,0
2026-10-01,646106,152.8,0
2026-10-01,646111,70.0,0
2026-10-01,646320,161.9,0
2026-10-01,646408,13.9,0
2026-10-01,646413,13.9,0
2026-10-01,646428,13.9,0
2026-10-01,646448,7.0,0
2026-10-01,646453,10.5,0
2026-10-01,646468,7.0,0
2026-10-01,646473,10.5,0
2026-10-01,647090,31.0,0
2026-10-01,647109,11.3,0
2026-10-01,647114,18.0,0
2026-10-01,647129,21.5,0
2026-10-01,647134,12.0,0
2026-10-01,647169,6.3,0
2026-10-01,647174,20.0,0
2026-10-01,647189,18.0,0
2026-10-01,647194,20.0,0
2026-10-01,647203,12.5,0
2026-10-01,647218,50.0,0
2026-10-01,647238,18.5,0
2026-10-01,647258,11.0,0
2026-10-01,647263,13.8,0
2026-10-01,647332,23.0,0
2026-10-01,647347,52.0,0
2026-10-01,647352,28.5,0
2026-10-01,647367,28.0,0
2026-10-01,647372,37.5,0
2026-10-01,647387,53.5,0
2026-10-01,647401,14.5,0
2026-10-01,648421,83.0,0
2026-10-01,648784,61.5,0
2026-10-01,650006,29.5,0
2026-10-01,650008,27.5,0
2026-10-01,650029,42.5,0
2026-10-01,650030,42.5,0
2026-10-01,650031,25.0,0
2026-10-01,650032,23.5,0
2026-10-01,650033,23.5,0
2026-10-01,650048,9.3,0
2026-10-01,650051,9.0,0
2026-10-01,650060,48.5,0
2026-10-01,650061,48.5,0
2026-10-01,650062,56.0,0
2026-10-01,650069,11.5,0
2026-10-01,650095,8.0,0
2026-10-01,650097,35.5,0
2026-10-01,650100,53.9,0
2026-10-01,650105,4.0,0
2026-10-01,650109,4.0,0
2026-10-01,650115,4.0,0
2026-10-01,650125,5.0,0
2026-10-01,650129,4.0,0
2026-10-01,650135,4.0,0
2026-10-01,650142,1.9,0
2026-10-01,650145,9.0,0
2026-10-01,650149,8.8,0
2026-10-01,650155,8.0,0
2026-10-01,650165,5.0,0
2026-10-01,650169,3.5,0
2026-10-01,650174,3.8,0
2026-10-01,650175,3.5,0
2026-10-01,650185,5.5,0
2026-10-01,650199,6.2,0
2026-10-01,650203,7.5,0
2026-10-01,650213,5.0,0
2026-10-01,650231,48.0,0
2026-10-01,650243,8.8,0
2026-10-01,650249,3.5,0
2026-10-01,650253,4.0,0
2026-10-01,650259,5.0,0
2026-10-01,650273,6.5,0
2026-10-01,650283,8.8,0
2026-10-01,650289,8.8,0
2026-10-01,650299,8.0,0
2026-10-01,650311,5.9,0
2026-10-01,650327,7.4,0
2026-10-01,650374,40.5,0
2026-10-01,650375,40.5,0
2026-10-01,650376,40.5,0
2026-10-01,650395,2.9,0
2026-10-01,650396,2.9,0
2026-10-01,650413,62.5,0
2026-10-01,650415,87.5,0
2026-10-01,650436,27.5,0
2026-10-01,650449,13.8,0
2026-10-01,650450,11.9,0
2026-10-01,650451,12.5,0
2026-10-01,650452,17.0,0
2026-10-01,650454,7.5,0
2026-10-01,650461,20.0,0
2026-10-01,650462,12.5,0
2026-10-01,650501,27.5,0
2026-10-01,650527,40.0,0
2026-10-01,650530,26.9,0
2026-10-01,650534,34.0,0
2026-10-01,650557,125.0,0
2026-10-01,650559,125.0,0
2026-10-01,650569,24.2,0
2026-10-01,650576,20.5,0
2026-10-01,650582,46.0,0
2026-10-01,650589,53.0,0
2026-10-01,650595,34.0,0
2026-10-01,650625,38.0,0
2026-10-01,650664,11.7,0
2026-10-01,650676,115.0,0
2026-10-01,650704,8.8,0
2026-10-01,650708,98.0,0
2026-10-01,650728,2.2,0
2026-10-01,650735,2.2,0
2026-10-01,650747,2.2,0
2026-10-01,650813,84.3,0
2026-10-01,650819,105.4,0
2026-10-01,650842,40.0,0
2026-10-01,650844,277.5,0
2026-10-01,650850,252.0,0
2026-10-01,650858,262.5,0
2026-10-01,650888,287.5,0
2026-10-01,650920,1.0,0
2026-10-01,650926,1.0,0
2026-10-01,650948,7.0,0
2026-10-01,650956,7.0,0
2026-10-01,650976,312.5,0
2026-10-01,650999,10.5,0
2026-10-01,651006,15.7,0
2026-10-01,651007,15.7,0
2026-10-01,651008,15.7,0
2026-10-01,651013,15.7,0
2026-10-01,651021,14.0,0
2026-10-01,651115,37.5,0
2026-10-01,651120,37.5,0
2026-10-01,651129,59.5,0
2026-10-01,651199,28.0,0
2026-10-01,651216,33.5,0
2026-10-01,651237,13.0,0
2026-10-01,651272,75.0,0
2026-10-01,651281,27.5,0
2026-10-01,651286,26.5,0
2026-10-01,651305,47.5,0
2026-10-01,651311,399.0,0
2026-10-01,651370,63.0,0
2026-10-01,651382,45.0,0
2026-10-01,651457,90.0,0
2026-10-01,651503,77.9,0
2026-10-01,651538,13.0,0
2026-10-01,651611,59.5,0
2026-10-01,651620,9.9,0
2026-10-01,651647,16.9,0
2026-10-01,651662,48.0,0
2026-10-01,651675,32.5,0
2026-10-01,651681,41.0,0
2026-10-01,651737,142.5,0
2026-10-01,651772,6.0,0
2026-10-01,651781,75.5,0
2026-10-01,651784,41.0,0
2026-10-01,651837,9.9,0
2026-10-01,651857,6.5,0
2026-10-01,651862,15.5,0
2026-10-01,651870,19.5,0
2026-10-01,651935,30.0,0
2026-10-01,651937,43.5,0
2026-10-01,651988,42.5,0
2026-10-01,652001,26.0,0
2026-10-01,652011,26.0,0
2026-10-01,652030,26.0,0
2026-10-01,652152,6.5,0
2026-10-01,652153,15.0,0
2026-10-01,652154,74.9,0
2026-10-01,652164,29.5,0
2026-10-01,652168,15.8,0
2026-10-01,652170,22.0,0
2026-10-01,652174,15.8,0
2026-10-01,652178,15.8,0
2026-10-01,652182,15.8,0
2026-10-01,652183,15.8,0
2026-10-01,652187,15.8,0
2026-10-01,652199,155.0,0
2026-10-01,652216,179.0,0
2026-10-01,652218,55.0,0
2026-10-01,652221,50.5,0
2026-10-01,652227,44.5,0
2026-10-01,652304,10.0,0
2026-10-01,652332,12.0,0
2026-10-01,652354,51.5,0
2026-10-01,652357,11.0,0
2026-10-01,652376,69.9,0
2026-10-01,652486,27.5,0
2026-10-01,652487,9.0,0
2026-10-01,652496,64.9,0
2026-10-01,652530,20.5,0
2026-10-01,652537,20.5,0
2026-10-01,652538,35.0,0
2026-10-01,652540,35.0,0
2026-10-01,652570,11.5,0
2026-10-01,652584,22.0,0
2026-10-01,652626,64.9,0
2026-10-01,652682,105.9,0
2026-10-01,652820,11.5,0
2026-10-01,652848,16.9,0
2026-10-01,652853,9.9,0
2026-10-01,652992,32.9,0
2026-10-01,653000,35.0,0
2026-10-01,653001,20.5,0
2026-10-01,653002,35.0,0
2026-10-01,653003,20.5,0
2026-10-01,653073,125.0,0
2026-10-01,653082,76.0,0
2026-10-01,653122,12.5,0
2026-10-01,653142,10.0,0
2026-10-01,653164,33.9,0
2026-10-01,653203,12.5,0
2026-10-01,653224,4.5,0
2026-10-01,653225,5.0,0
2026-10-01,653227,5.5,0
2026-10-01,653228,4.5,0
2026-10-01,653229,4.5,0
2026-10-01,653235,4.5,0
2026-10-01,653239,7.5,0
2026-10-01,653240,6.0,0
2026-10-01,653244,6.3,0
2026-10-01,653299,33.9,0
2026-10-01,653312,29.5,0
2026-10-01,653498,22.5,0
2026-10-01,653532,153.9,0
2026-10-01,653535,7.5,0
2026-10-01,653541,18.5,0
2026-10-01,653587,5.0,0
2026-10-01,653592,8.8,0
2026-10-01,653593,28.5,0
2026-10-01,653614,315.0,0
2026-10-01,653651,178.0,0
2026-10-01,653685,23.5,0
2026-10-01,653686,16.5,0
2026-10-01,653742,36.5,0
2026-10-01,653743,37.5,0
2026-10-01,653752,23.0,0
2026-10-01,653765,93.5,0
2026-10-01,653766,123.0,0
2026-10-01,653767,37.5,0
2026-10-01,653828,15.5,0
2026-10-01,653841,21.0,0
2026-10-01,653892,22.0,0
2026-10-01,653893,16.9,0
2026-10-01,653934,20.5,0
2026-10-01,653964,137.0,0
2026-10-01,653967,58.5,0
2026-10-01,653973,36.0,0
2026-10-01,653974,36.0,0
2026-10-01,653975,32.5,0
2026-10-01,653976,32.5,0
2026-10-01,653978,32.5,0
2026-10-01,653979,36.0,0
2026-10-01,653980,40.5,0
2026-10-01,654042,6.0,0
2026-10-01,654047,6.0,0
2026-10-01,654116,45.5,0
2026-10-01,654120,134.9,0
2026-10-01,654121,72.0,0
2026-10-01,654125,24.0,0
2026-10-01,654126,24.0,0
2026-10-01,654150,26.0,0
2026-10-01,654151,30.5,0
2026-10-01,654161,7.5,0
2026-10-01,654163,7.5,0
2026-10-01,654167,5.0,0
2026-10-01,654168,5.0,0
2026-10-01,654169,7.9,0
2026-10-01,654170,5.0,0
2026-10-01,654171,31.0,0
2026-10-01,654172,10.5,0
2026-10-01,654173,10.0,0
2026-10-01,654174,10.9,0
2026-10-01,654175,10.9,0
2026-10-01,654176,10.9,0
2026-10-01,654178,10.0,0
2026-10-01,654180,10.0,0
2026-10-01,654181,7.5,0
2026-10-01,654186,21.9,0
2026-10-01,654187,24.0,0
2026-10-01,654196,41.5,0
2026-10-01,654220,28.5,0
2026-10-01,654224,35.0,0
2026-10-01,654235,11.9,0
2026-10-01,654236,11.9,0
2026-10-01,654253,15.5,0
2026-10-01,654270,37.9,0
2026-10-01,654278,27.1,0
2026-10-01,654297,11.6,0
2026-10-01,654299,11.6,0
2026-10-01,654330,94.9,0
2026-10-01,654331,94.9,0
2026-10-01,654332,116.0,0
2026-10-01,654334,70.9,0
2026-10-01,654354,57.0,0
2026-10-01,654390,16.0,0
2026-10-01,654391,61.5,0
2026-10-01,654399,43.1,0
2026-10-01,654407,59.4,0
2026-10-01,654530,49.8,0
2026-10-01,654536,24.9,0
2026-10-01,654545,65.8,0
2026-10-01,654549,40.5,0
2026-10-01,654578,18.6,0
2026-10-01,654613,27.9,0
2026-10-01,654619,43.1,0
2026-10-01,654627,35.2,0
2026-10-01,654630,28.2,0
2026-10-01,654631,33.0,0
2026-10-01,654636,33.0,0
2026-10-01,654637,27.9,0
2026-10-01,654648,156.0,0
2026-10-01,654701,25.5,0
2026-10-01,654708,13.2,0
2026-10-01,654742,61.5,0
2026-10-01,654783,13.2,0
2026-10-01,654817,38.9,0
2026-10-01,654831,4.0,0
2026-10-01,654838,4.0,0
2026-10-01,654851,56.9,0
2026-10-01,654913,106.0,0
2026-10-01,654914,96.0,0
2026-10-01,654922,71.0,0
2026-10-01,654923,71.0,0
2026-10-01,654924,85.5,0
2026-10-01,654925,95.0,0
2026-10-01,654945,47.5,0
2026-10-01,654946,59.1,0
2026-10-01,654947,25.9,0
2026-10-01,654957,19.9,0
2026-10-01,654961,19.9,0
2026-10-01,654962,19.9,0
2026-10-01,654963,18.9,0
2026-10-01,654964,28.7,0
2026-10-01,654965,18.9,0
2026-10-01,654966,28.7,0
2026-10-01,654967,30.0,0
2026-10-01,654968,30.0,0
2026-10-01,654969,30.0,0
2026-10-01,654970,28.7,0
2026-10-01,655063,13.0,0
2026-10-01,655064,43.0,0
2026-10-01,655088,20.7,0
2026-10-01,655093,42.9,0
2026-10-01,655133,34.9,0
2026-10-01,655144,32.7,0
2026-10-01,655173,72.0,0
2026-10-01,655189,39.9,0
2026-10-01,655198,22.0,0
2026-10-01,655240,91.0,0
2026-10-01,655323,16.0,0
2026-10-01,655328,40.0,0
2026-10-01,655329,40.0,0
2026-10-01,655330,37.5,0
2026-10-01,655337,13.0,0
2026-10-01,655364,16.0,0
2026-10-01,655426,94.9,0
2026-10-01,655427,44.9,0
2026-10-01,655428,43.9,0
2026-10-01,655434,36.5,0
2026-10-01,655435,12.0,0
2026-10-01,655436,3.0,0
2026-10-01,655475,92.5,0
2026-10-01,655476,96.0,0
2026-10-01,655477,45.0,0
2026-10-01,655487,40.5,0
2026-10-01,655488,40.5,0
2026-10-01,655489,40.5,0
2026-10-01,655490,40.5,0
2026-10-01,655491,40.5,0
2026-10-01,655492,40.5,0
2026-10-01,655493,22.0,0
2026-10-01,655505,22.0,0
2026-10-01,655509,44.0,0
2026-10-01,655511,62.0,0
2026-10-01,655512,29.5,0
2026-10-01,655533,48.5,0
2026-10-01,655536,36.0,0
2026-10-01,655537,55.0,0
2026-10-01,655538,33.5,0
2026-10-01,655539,13.5,0
2026-10-01,655540,38.5,0
2026-10-01,655595,25.0,0
2026-10-01,655596,18.5,0
2026-10-01,655597,18.5,0
2026-10-01,655598,18.5,0
2026-10-01,655599,18.5,0
2026-10-01,655600,12.5,0
2026-10-01,655601,9.5,0
2026-10-01,655602,11.0,0
2026-10-01,655603,12.5,0
2026-10-01,655646,79.9,0
2026-10-01,655661,31.5,0
2026-10-01,655663,19.9,0
2026-10-01,655689,7.5,0
2026-10-01,655721,27.0,0
2026-10-01,655723,24.0,0
2026-10-01,655738,72.5,0
2026-10-01,655739,6.0,0
2026-10-01,655755,15.5,0
2026-10-01,655765,44.9,0
2026-10-01,655808,28.0,0
2026-10-01,655809,30.0,0
2026-10-01,655816,29.9,0
2026-10-01,655819,5.5,0
2026-10-01,655824,20.0,0
2026-10-01,655864,37.5,0
2026-10-01,655879,15.0,0
2026-10-01,655881,18.9,0
2026-10-01,655882,18.9,0
2026-10-01,655883,18.9,0
2026-10-01,655884,18.9,0
2026-10-01,655885,18.9,0
2026-10-01,655886,18.9,0
2026-10-01,655887,18.9,0
2026-10-01,655888,40.5,0
2026-10-01,655891,6.0,0
2026-10-01,655893,24.0,0
2026-10-01,655897,11.5,0
2026-10-01,655902,177.5,0
2026-10-01,655929,16.8,0
2026-10-01,655930,16.8,0
2026-10-01,655933,50.0,0
2026-10-01,655935,37.5,0
2026-10-01,655948,19.5,0
2026-10-01,655952,28.0,0
2026-10-01,655962,235.0,0
2026-10-01,655963,235.0,0
2026-10-01,655972,14.5,0
2026-10-01,655973,69.0,0
2026-10-01,655976,20.5,0
2026-10-01,655977,21.5,0
2026-10-01,655979,21.0,0
2026-10-01,655981,10.5,0
2026-10-01,655982,9.2,0
2026-10-01,655984,23.0,0
2026-10-01,655985,21.0,0
2026-10-01,656015,86.1,0
2026-10-01,656016,2.5,0
2026-10-01,656017,16.0,0
2026-10-01,656033,24.4,0
2026-10-01,656034,69.2,0
2026-10-01,656069,22.4,0
2026-10-01,656070,57.0,0
2026-10-01,656071,69.2,0
2026-10-01,656073,10.0,0
2026-10-01,656106,22.5,0
2026-10-01,656153,32.7,0
2026-10-01,656154,4.3,0
2026-10-01,656169,33.0,0
2026-10-01,656190,86.0,0
2026-10-01,656217,44.9,0
2026-10-01,656255,54.0,0
2026-10-01,656256,39.0,0
2026-10-01,656257,54.0,0
2026-10-01,656259,39.0,0
2026-10-01,656271,60.0,0
2026-10-01,656272,43.0,0
2026-10-01,656273,54.0,0
2026-10-01,656274,39.0,0
2026-10-01,656275,64.0,0
2026-10-01,656293,17.9,0
2026-10-01,656299,28.5,0
2026-10-01,656309,25.2,0
2026-10-01,656314,11.3,0
2026-10-01,656371,45.9,0
2026-10-01,656373,45.9,0
2026-10-01,656393,30.0,0
2026-10-01,656394,38.0,0
2026-10-01,656410,49.0,0
2026-10-01,656417,21.9,0
2026-10-01,656419,16.8,0
2026-10-01,656429,7.0,0
2026-10-01,656430,7.0,0
2026-10-01,656433,6.5,0
2026-10-01,656434,33.5,0
2026-10-01,656437,91.0,0
2026-10-01,656444,4.8,0
2026-10-01,656445,4.8,0
2026-10-01,656446,4.8,0
2026-10-01,656494,4.8,0
2026-10-01,656498,68.5,0
2026-10-01,656513,99.9,0
2026-10-01,656532,17.0,0
2026-10-01,656533,28.4,0
2026-10-01,656534,7.0,0
2026-10-01,656535,16.3,0
2026-10-01,656536,28.4,0
2026-10-01,656567,2.2,0
2026-10-01,656590,29.9,0
2026-10-01,656591,29.9,0
2026-10-01,656613,29.9,0
2026-10-01,656660,14.5,0
2026-10-01,656661,14.5,0
2026-10-01,656669,12.5,0
2026-10-01,656674,14.5,0
2026-10-01,656727,33.2,0
2026-10-01,656729,33.2,0
2026-10-01,656730,33.2,0
2026-10-01,656757,7.8,0
2026-10-01,656758,13.4,0
2026-10-01,656759,7.8,0
2026-10-01,656760,13.3,0
2026-10-01,656761,104.8,0
2026-10-01,656762,50.7,0
2026-10-01,656781,26.0,0
2026-10-01,656782,43.0,0
2026-10-01,656783,58.0,0
2026-10-01,656784,20.5,0
2026-10-01,656785,69.5,0
2026-10-01,656786,56.0,0
2026-10-01,656788,45.0,0
2026-10-01,656860,23.0,0
2026-10-01,656889,28.5,0
2026-10-01,656890,28.5,0
2026-10-01,656891,28.5,0
2026-10-01,656892,19.5,0
2026-10-01,656893,20.5,0
2026-10-01,656894,21.9,0
2026-10-01,656906,32.5,0
2026-10-01,656907,32.5,0
2026-10-01,656908,32.5,0
2026-10-01,656911,35.0,0
2026-10-01,656916,43.5,0
2026-10-01,656921,52.5,0
2026-10-01,656923,51.0,0
2026-10-01,656939,45.5,0
2026-10-01,656942,65.0,0
2026-10-01,656943,65.0,0
2026-10-01,656966,12.5,0
2026-10-01,656967,17.5,0
2026-10-01,656969,19.5,0
2026-10-01,656984,89.0,0
2026-10-01,656991,22.9,0
2026-10-01,657005,7.3,0
2026-10-01,657006,11.5,0
2026-10-01,657032,9.7,0
2026-10-01,657033,9.7,0
2026-10-01,657042,60.4,0
2026-10-01,657043,60.4,0
2026-10-01,657045,60.4,0
2026-10-01,657046,60.4,0
2026-10-01,657047,60.4,0
2026-10-01,657091,20.5,0
2026-10-01,657092,20.5,0
2026-10-01,657106,12.5,0
2026-10-01,657132,62.0,0
2026-10-01,657134,25.0,0
2026-10-01,657136,25.0,0
2026-10-01,657139,26.0,0
2026-10-01,657153,49.0,0
2026-10-01,657154,20.0,0
2026-10-01,657188,9.5,0
2026-10-01,657200,25.0,0
2026-10-01,657209,21.9,0
2026-10-01,657210,21.9,0
2026-10-01,657211,21.9,0
2026-10-01,657212,21.9,0
2026-10-01,657213,21.9,0
2026-10-01,657214,28.5,0
2026-10-01,657215,24.5,0
2026-10-01,657217,25.0,0
2026-10-01,657218,23.5,0
2026-10-01,657219,23.5,0
2026-10-01,657220,23.5,0
2026-10-01,657221,23.5,0
2026-10-01,657222,28.0,0
2026-10-01,657223,28.0,0
2026-10-01,657224,72.0,0
2026-10-01,657225,72.0,0
2026-10-01,657226,72.0,0
2026-10-01,657227,72.0,0
2026-10-01,657228,72.0,0
2026-10-01,657229,72.0,0
2026-10-01,657230,20.5,0
2026-10-01,657234,19.9,0
2026-10-01,657235,18.5,0
2026-10-01,657245,29.0,0
2026-10-01,657247,31.0,0
2026-10-01,657271,43.5,0
2026-10-01,657273,12.5,0
2026-10-01,657275,43.5,0
2026-10-01,657276,17.5,0
2026-10-01,657306,234.9,0
2026-10-01,657339,17.5,0
2026-10-01,657361,15.0,0
2026-10-01,657364,94.9,0
2026-10-01,657365,8.5,0
2026-10-01,657366,8.5,0
2026-10-01,657375,51.0,0
2026-10-01,657386,26.0,0
2026-10-01,657387,179.9,0
2026-10-01,657391,7.2,0
2026-10-01,657403,36.0,0
2026-10-01,657445,25.0,0
2026-10-01,657446,62.5,0
2026-10-01,657447,62.5,0
2026-10-01,657449,56.0,0
2026-10-01,657450,47.5,0
2026-10-01,657451,78.5,0
2026-10-01,657457,85.0,0
2026-10-01,657465,12.5,0
2026-10-01,657466,13.0,0
2026-10-01,657475,34.9,0
2026-10-01,657476,7.8,0
2026-10-01,657477,34.9,0
2026-10-01,657479,68.0,0
2026-10-01,657480,68.0,0
2026-10-01,657481,68.0,0
2026-10-01,657490,11.3,0
2026-10-01,657501,1.5,0
2026-10-01,657502,1.5,0
2026-10-01,657525,97.5,0
2026-10-01,657540,53.5,0
2026-10-01,657546,147.5,0
2026-10-01,657547,123.0,0
2026-10-01,657571,59.5,0
2026-10-01,657572,67.0,0
2026-10-01,657573,96.5,0
2026-10-01,657576,5.8,0
2026-10-01,657577,5.5,0
2026-10-01,657578,11.3,0
2026-10-01,657605,309.0,0
2026-10-01,657607,25.0,0
2026-10-01,657608,7.9,0
2026-10-01,657610,12.5,0
2026-10-01,657616,34.0,0
2026-10-01,657617,34.0,0
2026-10-01,657621,109.0,0
2026-10-01,657622,56.5,0
2026-10-01,657632,43.5,0
2026-10-01,657640,22.0,0
2026-10-01,657642,22.5,0
2026-10-01,657644,339.0,0
2026-10-01,657652,52.5,0
2026-10-01,657653,19.5,0
2026-10-01,657654,13.5,0
2026-10-01,657660,11.5,0
2026-10-01,657662,18.0,0
2026-10-01,657663,184.0,0
2026-10-01,657664,22.5,0
2026-10-01,657670,16.5,0
2026-10-01,657677,21.9,0
2026-10-01,657684,24.5,0
2026-10-01,657687,29.5,0
2026-10-01,657688,29.5,0
2026-10-01,657690,7.0,0
2026-10-01,657705,8.5,0
2026-10-01,657758,32.5,0
2026-10-01,657759,30.0,0
2026-10-01,657760,20.0,0
2026-10-01,657780,12.5,0
2026-10-01,657781,24.5,0
2026-10-01,657785,49.9,0
2026-10-01,657790,8.0,0
2026-10-01,657792,8.0,0
2026-10-01,657793,23.0,0
2026-10-01,657794,23.0,0
2026-10-01,657796,23.0,0
2026-10-01,657797,23.0,0
2026-10-01,657809,9.6,0
2026-10-01,657811,779.0,0
2026-10-01,657817,105.0,0
2026-10-01,657823,60.0,0
2026-10-01,657835,335.0,0
2026-10-01,657842,18.4,0
2026-10-01,657843,19.0,0
2026-10-01,657845,23.9,0
2026-10-01,657916,35.0,0
2026-10-01,657920,52.5,0
2026-10-01,657951,6.9,0
2026-10-01,657975,13.5,0
2026-10-01,658005,15.0,0
2026-10-01,658006,15.0,0
2026-10-01,658012,22.5,0
2026-10-01,658018,22.0,0
2026-10-01,658028,43.5,0
2026-10-01,658029,30.0,0
2026-10-01,658030,30.0,0
2026-10-01,658048,18.4,0
2026-10-01,658050,11.0,0
2026-10-01,658086,24.5,0
2026-10-01,658087,23.0,0
2026-10-01,658098,198.0,0
2026-10-01,658107,32.5,0
2026-10-01,658126,15.0,0
2026-10-01,658135,37.5,0
2026-10-01,658136,37.5,0
2026-10-01,658165,29.5,0
2026-10-01,658170,275.9,0
2026-10-01,658182,39.3,0
2026-10-01,658184,27.5,0
2026-10-01,658185,99.0,0
2026-10-01,658188,39.3,0
2026-10-01,658189,27.5,0
2026-10-01,658190,27.5,0
2026-10-01,658191,26.0,0
2026-10-01,658206,10.0,0
2026-10-01,658208,10.0,0
2026-10-01,658209,16.0,0
2026-10-01,658210,17.0,0
2026-10-01,658211,36.0,0
2026-10-01,658213,53.5,0
2026-10-01,658214,36.0,0
2026-10-01,658222,16.5,0
2026-10-01,658223,28.5,0
2026-10-01,658224,28.5,0
2026-10-01,658228,415.0,0
2026-10-01,658233,37.9,0
2026-10-01,658240,54.9,0
2026-10-01,658255,26.0,0
2026-10-01,658268,59.5,0
2026-10-01,658270,59.5,0
2026-10-01,658280,41.5,0
2026-10-01,658288,31.0,0
2026-10-01,658289,18.9,0
2026-10-01,658293,20.0,0
2026-10-01,658295,19.4,0
2026-10-01,658316,37.5,0
2026-10-01,658317,25.9,0
2026-10-01,658319,57.0,0
2026-10-01,658407,19.5,0
2026-10-01,658408,19.5,0
2026-10-01,658410,17.2,0
2026-10-01,658411,17.2,0
2026-10-01,658412,17.2,0
2026-10-01,658413,17.2,0
2026-10-01,658414,17.2,0
2026-10-01,658419,16.5,0
2026-10-01,658425,17.5,0
2026-10-01,658426,12.5,0
2026-10-01,658427,22.5,0
2026-10-01,658430,16.0,0
2026-10-01,658432,6.7,0
2026-10-01,658433,6.7,0
2026-10-01,658441,12.5,0
2026-10-01,658442,12.5,0
2026-10-01,658444,12.5,0
2026-10-01,658447,99.0,0
2026-10-01,658457,82.5,0
2026-10-01,658459,28.5,0
2026-10-01,658463,7.0,0
2026-10-01,658466,10.0,0
2026-10-01,658470,9.5,0
2026-10-01,658471,12.5,0
2026-10-01,658472,9.5,0
2026-10-01,658476,10.5,0
2026-10-01,658477,52.5,0
2026-10-01,658485,14.5,0
2026-10-01,658506,8.5,0
2026-10-01,658518,14.0,0
2026-10-01,658519,7.0,0
2026-10-01,658525,7.0,0
2026-10-01,658526,15.5,0
2026-10-01,658528,14.5,0
2026-10-01,658529,14.5,0
2026-10-01,658530,18.5,0
2026-10-01,658537,18.5,0
2026-10-01,658550,34.4,0
2026-10-01,658551,33.8,0
2026-10-01,658552,25.0,0
2026-10-01,658553,26.0,0
2026-10-01,658560,445.0,0
2026-10-01,658589,24.0,0
2026-10-01,658593,10.0,0
2026-10-01,658594,10.0,0
2026-10-01,658636,65.0,0
2026-10-01,658645,162.5,0
2026-10-01,658654,10.8,0
2026-10-01,658659,37.5,0
2026-10-01,658673,19.0,0
2026-10-01,658674,22.5,0
2026-10-01,658687,15.5,0
2026-10-01,658703,32.5,0
2026-10-01,658707,9.0,0
2026-10-01,658708,8.9,0
2026-10-01,658709,9.0,0
2026-10-01,658716,11.5,0
2026-10-01,658731,15.5,0
2026-10-01,658734,11.5,0
2026-10-01,658735,11.5,0
2026-10-01,658739,43.5,0
2026-10-01,658741,17.0,0
2026-10-01,658745,29.5,0
2026-10-01,658746,21.9,0
2026-10-01,658747,38.0,0
2026-10-01,658748,24.5,0
2026-10-01,658749,21.9,0
2026-10-01,658777,94.0,0
2026-10-01,658780,14.5,0
2026-10-01,658781,29.0,0
2026-10-01,658783,50.5,0
2026-10-01,658848,54.0,0
2026-10-01,658861,149.0,0
2026-10-01,658862,31.0,0
2026-10-01,658863,31.0,0
2026-10-01,658864,30.0,0
2026-10-01,658865,31.0,0
2026-10-01,658872,14.5,0
2026-10-01,658873,15.0,0
2026-10-01,658874,16.0,0
2026-10-01,658875,18.0,0
2026-10-01,658928,15.0,0
2026-10-01,658935,11.5,0
2026-10-01,658979,4.3,0
2026-10-01,658980,4.5,0
2026-10-01,658981,27.5,0
2026-10-01,658982,27.5,0
2026-10-01,658983,4.0,0
2026-10-01,658984,13.5,0
2026-10-01,658985,13.5,0
2026-10-01,658986,5.0,0
2026-10-01,658987,27.5,0
2026-10-01,658988,4.0,0
2026-10-01,658989,28.5,0
2026-10-01,658992,12.0,0
2026-10-01,659006,12.4,0
2026-10-01,659007,6.0,0
2026-10-01,659048,7.5,0
2026-10-01,659052,47.0,0
2026-10-01,659062,58.0,0
2026-10-01,659077,49.0,0
2026-10-01,659955,32.0,0
2026-10-01,659956,32.0,0
2026-10-01,659963,36.5,0
2026-10-01,659964,31.0,0
2026-10-01,659965,28.5,0
2026-10-01,659966,24.5,0
2026-10-01,659968,29.0,0
2026-10-01,659971,249.9,0
2026-10-01,659974,15.3,0
2026-10-01,659976,15.3,0
2026-10-01,659977,18.4,0
2026-10-01,659985,25.0,0
2026-10-01,659989,20.5,0
2026-10-01,659990,20.5,0
2026-10-01,659991,20.5,0
2026-10-01,660002,41.0,0
2026-10-01,660022,87.5,0
2026-10-01,660023,25.0,0
2026-10-01,660029,63.9,0
2026-10-01,660030,48.0,0
2026-10-01,660031,62.0,0
2026-10-01,660032,48.0,0
2026-10-01,660038,10.0,0
2026-10-01,660039,10.0,0
2026-10-01,660040,10.0,0
2026-10-01,660047,39.5,0
2026-10-01,660048,39.5,0
2026-10-01,660049,22.0,0
2026-10-01,660050,22.0,0
2026-10-01,660060,30.0,0
2026-10-01,660061,22.5,0
2026-10-01,660064,49.9,0
2026-10-01,660065,38.9,0
2026-10-01,660066,22.9,0
2026-10-01,660067,23.9,0
2026-10-01,660069,61.9,0
2026-10-01,660070,61.9,0
2026-10-01,660071,46.9,0
2026-10-01,660081,54.0,0
2026-10-01,660082,54.0,0
2026-10-01,660086,23.0,0
2026-10-01,660088,14.5,0
2026-10-01,660089,22.5,0
2026-10-01,660091,36.5,0
2026-10-01,660092,32.0,0
2026-10-01,660093,35.5,0
2026-10-01,660094,81.0,0
2026-10-01,660096,116.0,0
2026-10-01,660109,67.9,0
2026-10-01,660124,44.9,0
2026-10-01,660142,80.9,0
2026-10-01,660143,45.0,0
2026-10-01,660144,38.9,0
2026-10-01,660147,42.3,0
2026-10-01,660149,38.0,0
2026-10-01,660151,38.0,0
2026-10-01,660153,11.9,0
2026-10-01,660154,21.3,0
2026-10-01,660162,11.9,0
2026-10-01,660164,21.3,0
2026-10-01,660166,8.0,0
2026-10-01,660167,49.4,0
2026-10-01,660180,10.0,0
2026-10-01,660186,6.0,0
2026-10-01,660189,20.0,0
2026-10-01,660192,24.0,0
2026-10-01,660193,10.7,0
2026-10-01,660197,105.9,0
2026-10-01,660199,25.9,0
2026-10-01,660203,9.7,0
2026-10-01,660207,25.9,0
2026-10-01,660212,26.0,0
2026-10-01,660220,31.0,0
2026-10-01,660221,32.9,0
2026-10-01,660224,24.9,0
2026-10-01,660225,40.9,0
2026-10-01,660229,17.0,0
2026-10-01,660231,33.0,0
2026-10-01,660234,36.9,0
2026-10-01,660235,43.9,0
2026-10-01,660236,20.9,0
2026-10-01,660246,31.5,0
2026-10-01,660247,31.5,0
2026-10-01,660248,21.0,0
2026-10-01,660249,6.6,0
2026-10-01,660250,6.6,0
2026-10-01,660251,6.6,0
2026-10-01,660253,17.0,0
2026-10-01,660254,255.0,0
2026-10-01,660255,37.4,0
2026-10-01,660256,37.4,0
2026-10-01,660257,37.4,0
2026-10-01,660258,62.5,0
2026-10-01,660264,288.0,0
2026-10-01,660265,288.0,0
2026-10-01,660266,288.0,0
2026-10-01,660267,288.0,0
2026-10-01,660272,70.0,0
2026-10-01,660276,72.5,0
2026-10-01,660277,99.0,0
2026-10-01,660278,72.0,0
2026-10-01,660279,63.8,0
2026-10-01,660287,22.5,0
2026-10-01,660288,32.0,0
2026-10-01,660289,47.5,0
2026-10-01,660290,42.5,0
2026-10-01,660291,42.5,0
2026-10-01,660292,17.8,0
2026-10-01,660299,37.5,0
2026-10-01,660307,42.5,0
2026-10-01,660308,42.5,0
2026-10-01,660309,43.8,0
2026-10-01,660310,42.0,0
2026-10-01,660311,18.0,0
2026-10-01,660312,25.0,0
2026-10-01,660313,35.0,0
2026-10-01,660314,49.9,0
2026-10-01,660315,33.0,0
2026-10-01,660316,135.0,0
2026-10-01,660320,135.0,0
2026-10-01,660321,56.0,0
2026-10-01,660322,39.9,0
2026-10-01,660328,46.8,0
2026-10-01,660329,22.1,0
2026-10-01,660331,22.1,0
2026-10-01,660334,24.0,0
2026-10-01,660335,11.2,0
2026-10-01,660336,11.4,0
2026-10-01,660337,7.4,0
2026-10-01,660338,9.9,0
2026-10-01,660339,33.9,0
2026-10-01,660340,44.7,0
2026-10-01,660341,29.5,0
2026-10-01,660359,16.7,0
2026-10-01,660360,7.9,0
2026-10-01,660361,30.2,0
2026-10-01,660362,22.7,0
2026-10-01,660363,133.0,0
2026-10-01,660364,42.9,0
2026-10-01,660365,18.2,0
2026-10-01,660366,11.0,0
2026-10-01,660367,21.5,0
2026-10-01,660368,18.0,0
2026-10-01,660371,24.5,0
2026-10-01,660372,42.9,0
2026-10-01,660373,49.9,0
2026-10-01,660374,49.9,0
2026-10-01,660376,29.0,0
2026-10-01,660377,14.5,0
2026-10-01,660378,14.5,0
2026-10-01,660379,14.5,0
2026-10-01,660380,8.5,0
2026-10-01,660381,8.5,0
2026-10-01,660382,8.5,0
2026-10-01,660389,94.0,0
2026-10-01,660390,93.1,0
2026-10-01,660432,63.0,0
2026-10-01,660434,62.5,0
2026-10-01,660435,55.0,0
2026-10-01,660437,60.0,0
2026-10-01,660438,41.5,0
2026-10-01,660439,56.3,0
2026-10-01,660440,56.9,0
2026-10-01,660441,56.9,0
2026-10-01,660442,56.9,0
2026-10-01,660447,46.9,0
2026-10-01,660450,11.1,0
2026-10-01,660451,16.5,0
2026-10-01,660453,42.0,0
2026-10-01,660454,25.0,0
2026-10-01,660455,22.9,0
2026-10-01,660459,45.5,0
2026-10-01,660461,150.0,0
2026-10-01,660462,139.9,0
2026-10-01,660524,16.9,0
2026-10-01,660525,61.9,0
2026-10-01,660527,16.5,0
2026-10-01,660529,62.0,0
2026-10-01,660530,62.0,0
2026-10-01,660531,62.0,0
2026-10-01,660535,10.7,0
2026-10-01,660536,28.0,0
2026-10-01,660537,22.7,0
2026-10-01,660548,58.9,0
2026-10-01,661151,77.4,0
2026-10-01,661422,19.9,0
2026-10-01,661438,9.9,0
2026-10-01,661453,11.5,0
2026-10-01,661478,44.9,0
2026-10-01,661519,12.0,0
2026-10-01,661653,42.0,0
2026-10-01,661654,27.0,0
2026-10-01,661845,26.0,0
2026-10-01,661852,20.0,0
2026-10-01,661898,599.0,0
2026-10-01,661960,13.0,0
2026-10-01,662140,11.5,0
2026-10-01,662141,11.5,0
2026-10-01,662142,11.5,0
2026-10-01,662145,11.5,0
2026-10-01,664796,89.0,0
2026-10-01,664797,29.5,0
2026-10-01,664798,257.0,0
2026-10-01,664799,25.9,0
2026-10-01,664800,25.9,0
2026-10-01,664813,218.0,0
2026-10-01,664814,62.5,0
2026-10-01,664816,62.5,0
2026-10-01,664819,50.0,0
2026-10-01,664820,50.0,0
2026-10-01,664821,50.0,0
2026-10-01,664822,50.0,0
2026-10-01,664825,37.5,0
2026-10-01,664894,31.9,0
2026-10-01,664895,26.9,0
2026-10-01,664897,25.9,0
2026-10-01,664898,53.9,0
2026-10-01,664899,77.9,0
2026-10-01,664900,77.9,0
2026-10-01,664902,77.9,0
2026-10-01,664904,66.0,0
2026-10-01,664905,88.0,0
2026-10-01,664906,82.5,0
2026-10-01,665066,29.5,0
2026-10-01,665067,29.5,0
2026-10-01,665068,50.0,0
2026-10-01,665246,81.0,0
2026-10-01,665853,25.9,0
2026-10-01,666102,72.0,0
2026-10-01,666109,42.9,0
2026-10-01,666112,68.6,0
2026-10-01,666127,27.9,0
2026-10-01,666129,27.9,0
2026-10-01,666135,25.0,0
2026-10-01,666136,60.0,0
2026-10-01,666146,74.8,0
2026-10-01,666154,15.0,0
2026-10-01,666161,13.7,0
2026-10-01,666162,25.0,0
2026-10-01,666163,42.0,0
2026-10-01,666201,59.0,0
2026-10-01,666290,36.9,0
2026-10-01,666299,85.0,0
2026-10-01,666300,63.0,0
2026-10-01,666302,66.0,0
2026-10-01,666306,21.8,0
2026-10-01,666309,18.3,0
2026-10-01,666310,22.4,0
2026-10-01,666311,26.5,0
2026-10-01,666321,42.9,0
2026-10-01,666326,43.3,0
2026-10-01,666327,43.3,0
2026-10-01,666330,61.0,0
2026-10-01,666333,191.0,0
2026-10-01,666361,22.2,0
2026-10-01,666369,25.5,0
2026-10-01,666386,31.9,0
2026-10-01,666390,43.0,0
2026-10-01,666410,17.5,0
2026-10-01,666436,33.0,0
2026-10-01,666437,33.0,0
2026-10-01,666449,31.9,0
2026-10-01,666451,38.9,0
2026-10-01,666468,26.0,0
2026-10-01,666481,25.0,0
2026-10-01,666488,5.8,0
2026-10-01,666489,12.8,0
2026-10-01,666490,20.0,0
2026-10-01,666492,7.9,0
2026-10-01,666505,31.9,0
2026-10-01,666513,75.0,0
2026-10-01,666528,35.5,0
2026-10-01,666529,35.5,0
2026-10-01,666530,35.5,0
2026-10-01,666531,35.5,0
2026-10-01,666535,35.5,0
2026-10-01,666536,35.5,0
2026-10-01,666537,35.5,0
2026-10-01,666540,35.5,0
2026-10-01,666542,35.5,0
2026-10-01,666543,35.5,0
2026-10-01,666549,35.5,0
2026-10-01,666550,35.5,0
2026-10-01,666553,35.5,0
2026-10-01,666565,19.0,0
2026-10-01,666588,32.0,0
2026-10-01,666596,46.9,0
2026-10-01,666597,46.9,0
2026-10-01,666598,46.9,0
2026-10-01,666602,46.9,0
2026-10-01,666603,46.9,0
2026-10-01,666604,46.9,0
2026-10-01,666605,46.9,0
2026-10-01,666606,46.9,0
2026-10-01,666607,46.9,0
2026-10-01,666608,46.9,0
2026-10-01,666611,46.9,0
2026-10-01,666612,46.9,0
2026-10-01,666614,46.9,0
2026-10-01,666617,21.5,0
2026-10-01,666633,55.9,0
2026-10-01,666635,102.5,0
2026-10-01,666654,127.0,0
2026-10-01,666666,106.0,0
2026-10-01,666667,123.0,0
2026-10-01,666668,38.7,0
2026-10-01,666689,25.0,0
2026-10-01,666690,42.0,0
2026-10-01,666692,87.5,0
2026-10-01,666697,268.2,0
2026-10-01,666770,102.5,0
2026-10-01,666772,87.5,0
2026-10-01,666773,87.5,0
2026-10-01,666800,25.0,0
2026-10-01,666813,85.4,0
2026-10-01,666818,20.9,0
2026-10-01,666825,64.9,0
2026-10-01,666840,39.0,0
2026-10-01,666841,39.0,0
2026-10-01,666842,39.0,0
2026-10-01,666852,8.0,0
2026-10-01,666866,8.0,0
2026-10-01,666867,8.0,0
2026-10-01,666909,17.5,0
2026-10-01,666919,17.5,0
2026-10-01,666925,17.5,0
2026-10-01,666948,56.6,0
2026-10-01,667101,19.3,0
2026-10-01,667110,39.9,0
2026-10-01,667111,39.9,0
2026-10-01,667113,77.0,0
2026-10-01,667117,23.9,0
2026-10-01,667131,35.5,0
2026-10-01,667142,18.0,0
2026-10-01,667161,15.0,0
2026-10-01,667165,128.0,0
2026-10-01,667166,128.0,0
2026-10-01,667167,128.0,0
2026-10-01,667168,128.0,0
2026-10-01,667172,128.0,0
2026-10-01,667197,79.9,0
2026-10-01,667198,41.3,0
2026-10-01,667210,38.5,0
2026-10-01,667215,21.0,1
2026-10-01,667216,13.0,0
2026-10-01,667217,59.4,0
2026-10-01,667224,38.0,0
2026-10-01,667226,25.0,0
2026-10-01,667247,12.5,0
2026-10-01,667248,12.5,0
2026-10-01,667249,12.5,0
2026-10-01,667261,76.3,0
2026-10-01,667263,76.3,0
2026-10-01,667264,76.3,0
2026-10-01,667266,76.3,0
2026-10-01,667267,76.3,0
2026-10-01,667269,76.3,0
2026-10-01,667270,76.3,0
2026-10-01,667271,76.3,0
2026-10-01,667272,76.3,0
2026-10-01,667274,76.3,0
2026-10-01,667304,15.5,0
2026-10-01,667332,123.0,0
2026-10-01,667340,25.9,0
2026-10-01,667371,24.5,0
2026-10-01,667372,17.0,0
2026-10-01,667373,13.0,0
2026-10-01,667374,10.5,0
2026-10-01,667384,45.5,0
2026-10-01,667385,45.5,0
2026-10-01,667386,45.5,0
2026-10-01,667387,45.5,0
2026-10-01,667394,86.0,0
2026-10-01,667398,25.0,0
2026-10-01,667400,25.0,0
2026-10-01,667452,12.0,0
2026-10-01,667455,15.6,0
2026-10-01,667460,17.0,0
2026-10-01,667482,29.5,0
2026-10-01,667488,22.0,0
2026-10-01,667492,15.0,0
2026-10-01,667493,14.5,0
2026-10-01,667494,14.5,0
2026-10-01,667495,10.5,0
2026-10-01,667529,43.3,0
2026-10-01,667531,153.4,0
2026-10-01,667541,98.1,0
2026-10-01,667566,139.9,0
2026-10-01,667567,19.0,0
2026-10-01,667568,18.5,0
2026-10-01,667570,23.5,0
2026-10-01,667571,22.5,0
2026-10-01,667572,23.5,0
2026-10-01,667573,22.5,0
2026-10-01,667574,18.5,0
2026-10-01,667575,20.9,0
2026-10-01,667578,7.5,0
2026-10-01,667583,31.0,0
2026-10-01,667584,31.0,0
2026-10-01,667586,60.9,0
2026-10-01,667587,26.0,0
2026-10-01,667592,6.0,0
2026-10-01,667602,77.0,0
2026-10-01,667603,18.9,0
2026-10-01,667616,259.0,0
2026-10-01,667617,19.9,0
2026-10-01,667620,12.0,0
2026-10-01,667662,52.0,0
2026-10-01,667665,61.0,0
2026-10-01,667672,37.9,0
2026-10-01,667674,99.0,0
2026-10-01,667684,18.0,0
2026-10-01,667692,113.0,0
2026-10-01,667722,65.0,0
2026-10-01,667724,14.0,0
2026-10-01,667725,199.5,0
2026-10-01,667741,66.0,0
2026-10-01,667745,43.0,0
2026-10-01,667747,43.0,0
2026-10-01,667748,66.0,0
2026-10-01,667749,66.0,0
2026-10-01,667750,66.0,0
2026-10-01,667751,61.0,0
2026-10-01,667752,85.0,0
2026-10-01,667753,90.0,0
2026-10-01,667755,85.0,0
2026-10-01,667756,61.0,0
2026-10-01,667757,85.0,0
2026-10-01,667758,53.9,0
2026-10-01,667759,14.4,0
2026-10-01,667760,25.2,0
2026-10-01,667761,59.0,0
2026-10-01,667774,14.4,0
2026-10-01,667775,25.2,0
2026-10-01,667776,59.0,0
2026-10-01,667788,13.5,0
2026-10-01,667794,85.0,0
2026-10-01,667803,186.2,0
2026-10-01,667804,186.2,0
2026-10-01,667806,159.2,0
2026-10-01,667807,159.2,0
2026-10-01,667808,159.2,0
2026-10-01,667809,134.8,0
2026-10-01,667810,134.8,0
2026-10-01,667811,71.5,0
2026-10-01,667817,134.8,0
2026-10-01,667839,76.4,0
2026-10-01,667846,24.5,0
2026-10-01,667847,23.5,0
2026-10-01,667848,23.5,0
2026-10-01,667874,56.0,0
2026-10-01,667882,99.0,0
2026-10-01,667890,86.0,0
2026-10-01,667891,86.0,0
2026-10-01,667892,159.2,0
2026-10-01,667893,159.2,0
2026-10-01,667894,134.8,0
2026-10-01,667899,20.2,0
2026-10-01,667900,60.5,0
2026-10-01,667904,51.6,0
2026-10-01,667911,25.0,0
2026-10-01,667914,25.0,0
2026-10-01,667915,38.0,0
2026-10-01,667916,68.3,0
2026-10-01,667917,62.4,0
2026-10-01,667944,184.9,0
2026-10-01,667945,62.4,0
2026-10-01,667969,51.7,0
2026-10-01,667970,51.7,0
2026-10-01,667971,44.0,0
2026-10-01,667994,11.1,0
2026-10-01,667995,11.1,0
2026-10-01,667996,11.1,0
2026-10-01,667998,11.1,0
2026-10-01,667999,11.1,0
2026-10-01,668003,11.1,0
2026-10-01,668004,11.1,0
2026-10-01,668005,11.1,0
2026-10-01,668007,11.1,0
2026-10-01,668009,11.1,0
2026-10-01,668010,11.1,0
2026-10-01,668011,11.1,0
2026-10-01,668012,11.1,0
2026-10-01,668013,11.1,0
2026-10-01,668014,11.1,0
2026-10-01,668015,11.1,0
2026-10-01,668018,11.1,0
2026-10-01,668020,11.1,0
2026-10-01,668021,11.1,0
2026-10-01,668022,11.1,0
2026-10-01,668023,11.1,0
2026-10-01,668024,11.1,0
2026-10-01,668027,11.1,0
2026-10-01,668029,11.1,0
2026-10-01,668032,11.1,0
2026-10-01,668035,11.1,0
2026-10-01,668037,11.1,0
2026-10-01,668038,11.1,0
2026-10-01,668039,11.1,0
2026-10-01,668040,11.1,0
2026-10-01,668041,11.1,0
2026-10-01,668042,11.1,0
2026-10-01,668043,11.1,0
2026-10-01,668045,11.1,0
2026-10-01,668047,11.1,0
2026-10-01,668049,11.1,0
2026-10-01,668050,11.1,0
2026-10-01,668051,11.1,0
2026-10-01,668052,11.1,0
2026-10-01,668053,11.1,0
2026-10-01,668055,11.1,0
2026-10-01,668056,35.6,0
2026-10-01,668057,35.6,0
2026-10-01,668058,35.6,0
2026-10-01,668059,35.6,0
2026-10-01,668065,61.5,0
2026-10-01,668066,15.5,0
2026-10-01,668073,134.8,0
2026-10-01,668081,46.6,0
2026-10-01,668082,46.6,0
2026-10-01,668091,60.8,0
2026-10-01,668092,62.0,0
2026-10-01,668094,39.0,0
2026-10-01,668096,52.0,0
2026-10-01,668100,26.3,0
2026-10-01,668101,26.3,0
2026-10-01,668120,66.0,0
2026-10-01,668125,22.9,0
2026-10-01,668130,32.9,0
2026-10-01,668137,65.0,0
2026-10-01,668139,80.0,0
2026-10-01,668143,80.0,0
2026-10-01,668144,35.0,0
2026-10-01,668145,35.0,0
2026-10-01,668146,35.0,0
2026-10-01,668148,65.0,0
2026-10-01,668150,65.0,0
2026-10-01,668151,65.0,0
2026-10-01,668152,35.0,0
2026-10-01,668153,65.0,0
2026-10-01,668155,65.0,0
2026-10-01,668164,31.2,0
2026-10-01,668166,33.0,0
2026-10-01,668170,18.0,0
2026-10-01,668171,18.0,0
2026-10-01,668172,15.5,0
2026-10-01,668173,73.1,0
2026-10-01,668174,59.4,0
2026-10-01,668175,73.1,0
2026-10-01,668179,67.1,0
2026-10-01,668181,16.2,0
2026-10-01,668182,16.2,0
2026-10-01,668183,16.2,0
2026-10-01,668184,16.2,0
2026-10-01,668185,11.5,0
2026-10-01,668186,11.6,0
2026-10-01,668187,11.6,0
2026-10-01,668188,7.5,0
2026-10-01,668189,139.0,0
2026-10-01,668205,80.0,0
2026-10-01,668206,65.0,0
2026-10-01,668207,65.0,0
2026-10-01,668209,165.0,0
2026-10-01,668213,80.0,0
2026-10-01,668236,75.0,0
2026-10-01,668237,31.0,0
2026-10-01,668240,20.0,0
2026-10-01,668241,12.0,0
2026-10-01,668242,30.0,0
2026-10-01,668243,22.9,0
2026-10-01,668244,12.0,0
2026-10-01,668253,140.0,0
2026-10-01,668254,140.0,0
2026-10-01,668256,140.0,0
2026-10-01,668257,140.0,0
2026-10-01,668267,51.9,0
2026-10-01,668268,51.9,0
2026-10-01,668270,51.9,0
2026-10-01,668271,61.0,0
2026-10-01,668272,51.9,0
2026-10-01,668273,51.9,0
2026-10-01,668278,22.9,0
2026-10-01,668279,22.9,0
2026-10-01,668281,25.0,0
2026-10-01,668300,43.5,0
2026-10-01,668360,239.5,0
2026-10-01,668396,42.9,0
2026-10-01,668403,21.9,0
2026-10-01,668479,45.0,0
2026-10-01,668486,34.6,0
2026-10-01,668488,29.0,0
2026-10-01,668501,27.0,0
2026-10-01,668503,27.0,0
2026-10-01,668504,27.0,0
2026-10-01,668505,75.1,0
2026-10-01,668506,75.1,0
2026-10-01,668508,34.4,0
2026-10-01,668509,72.5,0
2026-10-01,668517,29.0,0
2026-10-01,668524,140.0,0
2026-10-01,668526,191.0,0
2026-10-01,668527,142.0,0
2026-10-01,668533,77.5,0
2026-10-01,668535,45.5,0
2026-10-01,668536,45.5,0
2026-10-01,668537,45.5,0
2026-10-01,668538,45.5,0
2026-10-01,668539,45.5,0
2026-10-01,668540,45.5,0
2026-10-01,668546,26.0,0
2026-10-01,668551,3.6,0
2026-10-01,668555,15.6,0
2026-10-01,668556,31.2,0
2026-10-01,668557,60.0,0
2026-10-01,668558,66.5,0
2026-10-01,668559,8.4,0
2026-10-01,668566,68.0,0
2026-10-01,668575,132.0,0
2026-10-01,668576,12.1,0
2026-10-01,668577,96.6,0
2026-10-01,668583,50.9,0
2026-10-01,668618,86.9,0
2026-10-01,668622,7.0,0
2026-10-01,668624,137.5,0
2026-10-01,668630,38.9,0
2026-10-01,668632,38.9,0
2026-10-01,668633,42.9,0
2026-10-01,668634,29.7,0
2026-10-01,668636,21.3,0
2026-10-01,668637,21.2,0
2026-10-01,668638,21.3,0
2026-10-01,668639,21.2,0
2026-10-01,668645,53.5,0
2026-10-01,668670,21.5,0
2026-10-01,668675,31.0,0
2026-10-01,668677,45.5,0
2026-10-01,668678,45.5,0
2026-10-01,668679,45.5,0
2026-10-01,668680,45.5,0
2026-10-01,668681,45.5,0
2026-10-01,668682,45.5,0
2026-10-01,668683,45.5,0
2026-10-01,668684,45.5,0
2026-10-01,668690,58.5,0
2026-10-01,668693,17.8,0
2026-10-01,668694,48.0,0
2026-10-01,668696,36.5,0
2026-10-01,668697,36.5,0
2026-10-01,668700,40.6,0
2026-10-01,668715,38.9,0
2026-10-01,668717,47.5,0
2026-10-01,668718,43.3,0
2026-10-01,668720,47.5,0
2026-10-01,668721,87.5,0
2026-10-01,668722,47.0,0
2026-10-01,668723,47.0,0
2026-10-01,668724,43.8,0
2026-10-01,668725,85.1,0
2026-10-01,668726,73.8,0
2026-10-01,668728,18.5,0
2026-10-01,668730,19.0,0
2026-10-01,668737,81.0,0
2026-10-01,668738,38.0,0
2026-10-01,668739,12.0,0
2026-10-01,668741,32.5,0
2026-10-01,668742,34.4,0
2026-10-01,668743,40.3,0
2026-10-01,668744,24.3,0
2026-10-01,668747,49.0,0
2026-10-01,668748,49.0,0
2026-10-01,668754,44.0,0
2026-10-01,668766,81.0,0
2026-10-01,668771,157.6,0
2026-10-01,668785,4.0,0
2026-10-01,668801,31.1,0
2026-10-01,668804,44.9,0
2026-10-01,668805,44.9,0
2026-10-01,668814,25.0,0
2026-10-01,668820,28.9,0
2026-10-01,668821,28.9,0
2026-10-01,668822,11.1,0
2026-10-01,668823,11.1,0
2026-10-01,668825,229.9,0
2026-10-01,668827,91.6,0
2026-10-01,668828,58.3,0
2026-10-01,668829,229.5,0
2026-10-01,668830,147.5,0
2026-10-01,668833,72.5,0
2026-10-01,668834,98.0,0
2026-10-01,668840,71.5,0
2026-10-01,668843,16.8,0
2026-10-01,668851,115.0,0
2026-10-01,668853,115.0,0
2026-10-01,668898,245.0,0
2026-10-01,668900,96.6,0
2026-10-01,668919,93.8,0
2026-10-01,668922,15.0,0
2026-10-01,668924,17.5,0
2026-10-01,668925,13.0,0
2026-10-01,668926,12.5,0
2026-10-01,668927,16.5,0
2026-10-01,668928,19.5,0
2026-10-01,668929,199.0,0
2026-10-01,668931,21.0,0
2026-10-01,668932,199.0,0
2026-10-01,668933,199.0,0
2026-10-01,668934,34.9,0
2026-10-01,668935,87.5,0
2026-10-01,668936,87.5,0
2026-10-01,668937,87.5,0
2026-10-01,668938,59.4,0
2026-10-01,668939,87.5,0
2026-10-01,668990,35.6,0
2026-10-01,668997,32.2,0
2026-10-01,668998,27.1,0
2026-10-01,668999,10.5,0
2026-10-01,669002,60.0,0
2026-10-01,669005,49.6,0
2026-10-01,669007,59.9,0
2026-10-01,669008,45.0,0
2026-10-01,669010,34.5,0
2026-10-01,669015,24.5,0
2026-10-01,669034,74.9,0
2026-10-01,669035,33.5,0
2026-10-01,669036,74.9,0
2026-10-01,669038,33.5,0
2026-10-01,669039,19.5,0
2026-10-01,669040,74.9,0
2026-10-01,669041,33.5,0
2026-10-01,669042,38.7,0
2026-10-01,669044,25.0,0
2026-10-01,669045,38.7,0
2026-10-01,669046,38.7,0
2026-10-01,669047,38.7,0
2026-10-01,669065,195.0,0
2026-10-01,669067,70.0,0
2026-10-01,669068,63.0,0
2026-10-01,669069,40.3,0
2026-10-01,669070,40.3,0
2026-10-01,669071,28.9,0
2026-10-01,669089,87.5,0
2026-10-01,669097,43.8,0
2026-10-01,669098,87.5,0
2026-10-01,669099,56.8,0
2026-10-01,669100,56.8,0
2026-10-01,669101,47.0,0
2026-10-01,669102,42.5,0
2026-10-01,669103,290.0,0
2026-10-01,669104,290.0,0
2026-10-01,669108,95.0,0
2026-10-01,669109,290.0,0
2026-10-01,669110,160.0,0
2026-10-01,669111,160.0,0
2026-10-01,669113,160.0,0
2026-10-01,669126,87.5,0
2026-10-01,669127,148.7,0
2026-10-01,669128,120.0,0
2026-10-01,669132,14.9,0
2026-10-01,669133,37.9,0
2026-10-01,669134,90.9,0
2026-10-01,669135,14.9,0
2026-10-01,669137,27.5,0
2026-10-01,669138,52.5,0
2026-10-01,669139,39.9,0
2026-10-01,669140,11.0,0
2026-10-01,669141,17.2,0
2026-10-01,669142,42.5,0
2026-10-01,669143,47.5,0
2026-10-01,669144,33.9,0
2026-10-01,669145,20.3,0
2026-10-01,669146,20.3,0
2026-10-01,669147,14.9,0
2026-10-01,669148,37.9,0
2026-10-01,669149,27.9,0
2026-10-01,669150,14.5,0
2026-10-01,669151,14.5,0
2026-10-01,669152,14.5,0
2026-10-01,669153,78.5,0
2026-10-01,669154,131.5,0
2026-10-01,669155,78.5,0
2026-10-01,669156,24.9,0
2026-10-01,669159,43.0,0
2026-10-01,669160,176.0,0
2026-10-01,669161,48.0,0
2026-10-01,669162,48.0,0
2026-10-01,669163,48.0,0
2026-10-01,669164,50.4,0
2026-10-01,669166,166.0,0
2026-10-01,669212,72.0,0
2026-10-01,669215,55.0,0
2026-10-01,669236,42.5,0
2026-10-01,669237,21.1,0
2026-10-01,669275,10.8,0
2026-10-01,669294,31.0,0
2026-10-01,669295,96.9,0
2026-10-01,669296,87.2,0
2026-10-01,669297,96.9,0
2026-10-01,669299,25.0,0
2026-10-01,669300,38.0,0
2026-10-01,669312,35.0,0
2026-10-01,669313,35.0,0
2026-10-01,669314,36.4,0
2026-10-01,669315,36.4,0
2026-10-01,669322,34.4,0
2026-10-01,669324,405.0,0
2026-10-01,669325,430.0,0
2026-10-01,669335,6.0,0
2026-10-01,669336,17.0,0
2026-10-01,669337,17.0,0
2026-10-01,669338,13.5,0
2026-10-01,669341,13.5,0
2026-10-01,669342,16.0,0
2026-10-01,669343,13.0,0
2026-10-01,669344,21.0,0
2026-10-01,669345,13.5,0
2026-10-01,669346,11.0,0
2026-10-01,669351,180.0,0
2026-10-01,669352,180.0,0
2026-10-01,669355,77.5,0
2026-10-01,669356,72.0,0
2026-10-01,669357,47.5,0
2026-10-01,669358,45.6,0
2026-10-01,669359,65.8,0
2026-10-01,669360,97.4,0
2026-10-01,669361,32.1,0
2026-10-01,669362,47.0,0
2026-10-01,669363,38.0,0
2026-10-01,669364,130.0,0
2026-10-01,669365,130.0,0
2026-10-01,669366,65.0,0
2026-10-01,669367,23.3,0
2026-10-01,669368,23.3,0
2026-10-01,669369,21.1,0
2026-10-01,669375,42.9,0
2026-10-01,669377,21.0,0
2026-10-01,669378,18.6,0
2026-10-01,669379,90.0,0
2026-10-01,669380,175.0,0
2026-10-01,669384,97.0,0
2026-10-01,669385,100.0,0
2026-10-01,669387,25.5,0
2026-10-01,669388,22.9,0
2026-10-01,669389,22.5,0
2026-10-01,669390,25.5,0
2026-10-01,669392,20.9,0
2026-10-01,669394,38.9,0
2026-10-01,669395,38.9,0
2026-10-01,669396,43.3,0
2026-10-01,669397,97.8,0
2026-10-01,669398,70.9,0
2026-10-01,669399,64.8,0
2026-10-01,669400,64.8,0
2026-10-01,669503,299.0,0
2026-10-01,669507,17.9,0
2026-10-01,669508,89.6,0
2026-10-01,669509,42.9,1
2026-10-01,669510,17.9,0
2026-10-01,669511,180.0,0
2026-10-01,669512,180.0,0
2026-10-01,669513,180.0,0
2026-10-01,669576,36.0,0
2026-10-01,669577,102.0,0
2026-10-01,669597,12.3,0
2026-10-01,669599,27.9,0
2026-10-01,669600,27.9,0
2026-10-01,669601,38.9,0
2026-10-01,669602,32.9,0
2026-10-01,669603,11.5,0
2026-10-01,669625,24.0,0
2026-10-01,669626,24.0,0
2026-10-01,669627,26.0,0
2026-10-01,669628,24.0,0
2026-10-01,669630,27.0,0
2026-10-01,669631,22.9,0
2026-10-01,669632,180.0,0
2026-10-01,669633,7.2,0
2026-10-01,669649,22.5,0
2026-10-01,669650,26.0,0
2026-10-01,669651,45.0,0
2026-10-01,669652,45.0,0
2026-10-01,669654,35.0,0
2026-10-01,669655,35.0,0
2026-10-01,669657,35.0,0
2026-10-01,669658,32.5,0
2026-10-01,669659,32.5,0
2026-10-01,669660,32.5,0
2026-10-01,669661,32.5,0
2026-10-01,669672,93.0,0
2026-10-01,669711,14.9,0
2026-10-01,669713,12.0,0
2026-10-01,669714,24.0,0
2026-10-01,669715,18.0,0
2026-10-01,669716,24.0,0
2026-10-01,669717,14.0,0
2026-10-01,669718,18.5,0
2026-10-01,669721,19.0,0
2026-10-01,669722,18.9,0
2026-10-01,669723,19.9,0
2026-10-01,669724,15.9,0
2026-10-01,669725,45.9,0
2026-10-01,669726,45.9,0
2026-10-01,669738,175.0,0
2026-10-01,669739,20.5,0
2026-10-01,669740,20.5,0
2026-10-01,669741,31.5,0
2026-10-01,669742,31.5,0
2026-10-01,669745,38.0,0
2026-10-01,669748,28.4,0
2026-10-01,669751,72.0,0
2026-10-01,669753,26.5,0
2026-10-01,669754,25.0,0
2026-10-01,669755,13.5,0
2026-10-01,669756,25.0,0
2026-10-01,669757,13.5,0
2026-10-01,669758,10.0,0
2026-10-01,669759,26.5,0
2026-10-01,669760,16.5,0
2026-10-01,669817,73.0,0
2026-10-01,669818,102.6,0
2026-10-01,669819,102.6,0
2026-10-01,669820,49.8,0
2026-10-01,669822,33.8,0
2026-10-01,669823,49.8,0
2026-10-01,669824,55.2,0
2026-10-01,669825,43.1,0
2026-10-01,669827,24.9,0
2026-10-01,669829,110.0,0
2026-10-01,669831,34.9,0
2026-10-01,669832,63.0,0
2026-10-01,669833,77.9,0
2026-10-01,669834,77.9,0
2026-10-01,669835,77.9,0
2026-10-01,669836,32.5,0
2026-10-01,669837,117.9,0
2026-10-01,669838,98.9,0
2026-10-01,669839,98.9,0
2026-10-01,669840,85.0,0
2026-10-01,669841,86.9,0
2026-10-01,669849,135.0,0
2026-10-01,669850,115.0,0
2026-10-01,669851,105.0,0
2026-10-01,669852,118.0,0
2026-10-01,669853,121.9,0
2026-10-01,669856,150.0,0
2026-10-01,669857,165.0,0
2026-10-01,669862,81.8,0
2026-10-01,669901,49.9,0
2026-10-01,669902,49.9,0
2026-10-01,669903,49.9,0
2026-10-01,669904,35.0,0
2026-10-01,669906,28.5,0
2026-10-01,669912,28.5,0
2026-10-01,669916,24.9,0
2026-10-01,669917,24.9,0
2026-10-01,669924,10.5,0
2026-10-01,669925,10.5,0
2026-10-01,669991,35.0,0
2026-10-01,670002,20.5,0
2026-10-01,670003,20.5,0
2026-10-01,670004,20.5,0
2026-10-01,670006,20.5,0
2026-10-01,670007,20.5,0
2026-10-01,670013,29.0,1
2026-10-01,670048,93.0,0
2026-10-01,670056,37.5,0
2026-10-01,670057,43.5,0
2026-10-01,670058,78.5,0
2026-10-01,670059,81.0,0
2026-10-01,670061,46.0,0
2026-10-01,670062,112.5,0
2026-10-01,670063,25.0,0
2026-10-01,670068,50.5,0
2026-10-01,670072,73.5,0
2026-10-01,670073,79.0,0
2026-10-01,670087,98.0,0
2026-10-01,670188,13.5,0
2026-10-01,670192,20.0,0
2026-10-01,670198,18.0,0
2026-10-01,670203,17.3,0
2026-10-01,670204,20.0,0
2026-10-01,670213,152.0,0
2026-10-01,670220,21.3,0
2026-10-01,670221,18.8,0
2026-10-01,670222,16.3,0
2026-10-01,670233,75.9,0
2026-10-01,670245,7.5,0
2026-10-01,670249,49.9,0
2026-10-01,670270,55.5,0
2026-10-01,670276,9.5,0
2026-10-01,670291,23.5,0
2026-10-01,670303,8.6,0
2026-10-01,670307,23.8,0
2026-10-01,670308,23.8,0
2026-10-01,670309,23.8,0
2026-10-01,670310,18.8,0
2026-10-01,670311,18.8,0
2026-10-01,670313,23.8,0
2026-10-01,670314,23.8,0
2026-10-01,670315,23.8,0
2026-10-01,670316,20.0,0
2026-10-01,670317,22.5,0
2026-10-01,670318,21.9,0
2026-10-01,670348,18.8,0
2026-10-01,670387,23.2,0
2026-10-01,670416,39.4,0
2026-10-01,670420,37.5,0
2026-10-01,670468,19.5,0
2026-10-01,670469,36.0,0
2026-10-01,670474,62.5,0
2026-10-01,670475,62.5,0
2026-10-01,670522,130.5,0
2026-10-01,670541,18.0,0
2026-10-01,670544,16.2,0
2026-10-01,670567,65.0,0
2026-10-01,670568,63.6,0
2026-10-01,670569,63.6,0
2026-10-01,670570,63.6,0
2026-10-01,670580,16.0,0
2026-10-01,670592,58.0,0
2026-10-01,670593,41.3,0
2026-10-01,670594,33.8,0
2026-10-01,670595,16.8,0
2026-10-01,670597,68.6,0
2026-10-01,670598,68.6,0
2026-10-01,670599,69.0,0
2026-10-01,670604,32.5,0
2026-10-01,670611,14.4,0
2026-10-01,670613,6.0,0
2026-10-01,670641,37.5,0
2026-10-01,670642,37.5,0
2026-10-01,670653,162.5,0
2026-10-01,670658,34.8,0
2026-10-01,670665,13.5,0
2026-10-01,670666,13.5,0
2026-10-01,670669,22.0,0
2026-10-01,670670,22.0,0
2026-10-01,670674,22.0,0
2026-10-01,670675,22.0,0
2026-10-01,670694,3.5,0
2026-10-01,670721,27.5,0
2026-10-01,670769,27.5,0
2026-10-01,670771,31.5,0
2026-10-01,670772,31.5,0
2026-10-01,670810,49.4,0
2026-10-01,670811,49.4,0
2026-10-01,670812,49.4,0
2026-10-01,670813,49.4,0
2026-10-01,670814,49.4,0
2026-10-01,670828,30.0,0
2026-10-01,670830,22.5,0
2026-10-01,670832,33.7,0
2026-10-01,670833,9.4,0
2026-10-01,670834,9.4,0
2026-10-01,670886,48.9,0
2026-10-01,670889,5.4,0
2026-10-01,670892,216.0,0
2026-10-01,670899,47.0,0
2026-10-01,670909,43.6,0
2026-10-01,670915,9.8,0
2026-10-01,670935,725.0,0
2026-10-01,670939,37.0,0
2026-10-01,670953,81.0,0
2026-10-01,670956,26.0,0
2026-10-01,670960,14.5,0
2026-10-01,670968,41.3,0
2026-10-01,670982,81.0,0
2026-10-01,670985,31.5,0
2026-10-01,670986,58.5,0
2026-10-01,670993,1.5,0
2026-10-01,671003,33.5,0
2026-10-01,671011,40.0,0
2026-10-01,671038,81.0,0
2026-10-01,671039,41.0,0
2026-10-01,671040,112.5,0
2026-10-01,671054,34.0,0
2026-10-01,671076,23.2,0
2026-10-01,671077,31.4,0
2026-10-01,671080,17.5,0
2026-10-01,671081,17.5,0
2026-10-01,671082,17.5,0
2026-10-01,671087,44.7,0
2026-10-01,671088,2.5,0
2026-10-01,671089,2.5,0
2026-10-01,671101,296.5,0
2026-10-01,671108,10.7,0
2026-10-01,671112,38.5,0
2026-10-01,671117,22.5,0
2026-10-01,671118,20.0,0
2026-10-01,671127,86.0,0
2026-10-01,671131,125.0,0
2026-10-01,671133,46.9,0
2026-10-01,671135,28.8,0
2026-10-01,671145,3.5,0
2026-10-01,671146,3.5,0
2026-10-01,671163,21.0,0
2026-10-01,671196,5.0,0
2026-10-01,671208,20.0,0
2026-10-01,671273,13.8,0
2026-10-01,671274,29.7,0
2026-10-01,671282,60.5,0
2026-10-01,671340,9.5,0
2026-10-01,671341,9.5,0
2026-10-01,671342,9.5,0
2026-10-01,671358,33.5,0
2026-10-01,671363,36.0,0
2026-10-01,671364,17.5,0
2026-10-01,671365,17.5,0
2026-10-01,671367,17.5,0
2026-10-01,671368,17.5,0
2026-10-01,671369,14.0,0
2026-10-01,671370,14.0,0
2026-10-01,671371,14.0,0
2026-10-01,671372,14.0,0
2026-10-01,671402,9.4,0
2026-10-01,671407,130.8,0
2026-10-01,671408,132.0,0
2026-10-01,671440,14.0,0
2026-10-01,671445,17.5,0
2026-10-01,671446,11.8,0
2026-10-01,671450,68.0,0
2026-10-01,671451,61.0,0
2026-10-01,671452,38.4,0
2026-10-01,671472,106.0,0
2026-10-01,671473,48.8,0
2026-10-01,671518,18.5,0
2026-10-01,671519,18.5,0
2026-10-01,671520,3.8,0
2026-10-01,671537,31.0,0
2026-10-01,671538,28.8,0
2026-10-01,671540,28.8,0
2026-10-01,671549,16.9,0
2026-10-01,671570,43.5,0
2026-10-01,671622,22.5,0
2026-10-01,671623,12.0,0
2026-10-01,671635,42.5,0
2026-10-01,671668,59.9,0
2026-10-01,671675,11.2,0
2026-10-01,671676,15.0,0
2026-10-01,671680,9.3,0
2026-10-01,671699,28.8,0
2026-10-01,671704,72.0,0
2026-10-01,671720,13.5,0
2026-10-01,671721,13.5,0
2026-10-01,671724,28.0,0
2026-10-01,671725,32.0,0
2026-10-01,671734,22.8,0
2026-10-01,671769,50.1,0
2026-10-01,671787,16.9,0
2026-10-01,671788,16.9,0
2026-10-01,671789,25.5,0
2026-10-01,671790,25.5,0
2026-10-01,671818,56.0,0
2026-10-01,671821,56.0,0
2026-10-01,671827,18.8,0
2026-10-01,671828,107.5,0
2026-10-01,671857,31.0,0
2026-10-01,671865,2.5,0
2026-10-01,671896,31.0,0
2026-10-01,671897,35.0,0
2026-10-01,671898,23.0,0
2026-10-01,671900,86.0,0
2026-10-01,671905,25.0,0
2026-10-01,671930,11.4,0
2026-10-01,671935,11.3,0
2026-10-01,671939,26.3,0
2026-10-01,671940,27.5,0
2026-10-01,671947,24.0,0
2026-10-01,671953,161.4,0
2026-10-01,671956,23.9,0
2026-10-01,671976,12.5,0
2026-10-01,671985,45.0,0
2026-10-01,672009,18.8,0
2026-10-01,672011,18.8,0
2026-10-01,672013,12.9,0
2026-10-01,672064,20.9,0
2026-10-01,672090,40.0,0
2026-10-01,672107,75.0,0
2026-10-01,672108,125.0,0
2026-10-01,672115,23.0,0
2026-10-01,672118,231.0,0
2026-10-01,672156,28.4,0
2026-10-01,672185,15.7,0
2026-10-01,672190,93.8,0
2026-10-01,672191,96.0,0
2026-10-01,672202,22.4,0
2026-10-01,672220,13.8,0
2026-10-01,672221,14.4,0
2026-10-01,672235,4.5,0
2026-10-01,672236,4.5,0
2026-10-01,672272,90.5,0
2026-10-01,672274,77.5,0
2026-10-01,672275,73.5,0
2026-10-01,672289,13.5,0
2026-10-01,672290,117.0,0
2026-10-01,672292,22.5,0
2026-10-01,672293,20.0,0
2026-10-01,672294,27.5,0
2026-10-01,672298,18.7,0
2026-10-01,672300,17.5,0
2026-10-01,672301,17.5,0
2026-10-01,672304,9.9,0
2026-10-01,672307,4.5,0
2026-10-01,672313,18.8,0
2026-10-01,672320,15.0,0
2026-10-01,672321,15.0,0
2026-10-01,672341,13.5,0
2026-10-01,672342,13.5,0
2026-10-01,672343,27.0,0
2026-10-01,672344,27.0,0
2026-10-01,672345,47.0,0
2026-10-01,672346,47.0,0
2026-10-01,672381,25.0,0
2026-10-01,672383,25.6,0
2026-10-01,672419,4.0,0
2026-10-01,672426,7.5,0
2026-10-01,672427,7.5,0
2026-10-01,672434,15.5,0
2026-10-01,672435,15.5,0
2026-10-01,672442,67.9,0
2026-10-01,672445,63.4,0
2026-10-01,672451,15.3,0
2026-10-01,672452,13.6,0
2026-10-01,672453,24.5,0
2026-10-01,672454,23.3,0
2026-10-01,672458,53.8,0
2026-10-01,672459,47.5,0
2026-10-01,672460,47.5,0
2026-10-01,672464,22.5,0
2026-10-01,672511,35.0,0
2026-10-01,672515,23.0,0
2026-10-01,672518,23.0,0
2026-10-01,672520,29.5,0
2026-10-01,672521,30.5,0
2026-10-01,672522,29.5,0
2026-10-01,672523,30.5,0
2026-10-01,672524,30.5,0
2026-10-01,672525,28.0,0
2026-10-01,672546,28.8,0
2026-10-01,672547,28.8,0
2026-10-01,672551,19.0,0
2026-10-01,672552,26.9,0
2026-10-01,672553,97.5,0
2026-10-01,672554,61.9,0
2026-10-01,672560,38.9,0
2026-10-01,672562,50.4,0
2026-10-01,672563,57.9,0
2026-10-01,672564,47.7,0
2026-10-01,672565,13.8,0
2026-10-01,672566,13.8,0
2026-10-01,672567,13.8,0
2026-10-01,672568,13.8,0
2026-10-01,672569,13.8,0
2026-10-01,672570,13.8,0
2026-10-01,672571,13.8,0
2026-10-01,672572,130.0,0
2026-10-01,672573,130.0,0
2026-10-01,672575,130.0,0
2026-10-01,672579,19.8,0
2026-10-01,672660,2.5,0
2026-10-01,672682,16.1,0
2026-10-01,672699,28.0,0
2026-10-01,672700,28.0,0
2026-10-01,672701,28.0,0
2026-10-01,672702,28.0,0
2026-10-01,672703,28.0,0
2026-10-01,672704,28.0,0
2026-10-01,672705,28.0,0
2026-10-01,672706,28.0,0
2026-10-01,672711,29.4,0
2026-10-01,672729,297.4,0
2026-10-01,672753,18.8,0
2026-10-01,672754,18.8,0
2026-10-01,672755,18.8,0
2026-10-01,672758,32.5,0
2026-10-01,672759,31.5,0
2026-10-01,672763,96.0,0
2026-10-01,672790,11.3,0
2026-10-01,672791,34.9,0
2026-10-01,672801,14.4,0
2026-10-01,672813,52.5,0
2026-10-01,672940,33.9,0
2026-10-01,672941,34.0,0
2026-10-01,672942,34.0,0
2026-10-01,672943,34.0,0
2026-10-01,672945,14.6,0
2026-10-01,672946,14.6,0
2026-10-01,672947,14.6,0
2026-10-01,672949,14.6,0
2026-10-01,672950,14.6,0
2026-10-01,672952,14.6,0
2026-10-01,672953,14.6,0
2026-10-01,672954,14.6,0
2026-10-01,672988,17.5,0
2026-10-01,672993,5.0,0
2026-10-01,673004,93.0,0
2026-10-01,673005,42.0,0
2026-10-01,673018,19.4,0
2026-10-01,673042,76.0,0
2026-10-01,673051,24.9,0
2026-10-01,673052,29.5,0
2026-10-01,673100,7.9,0
2026-10-01,673111,31.0,0
2026-10-01,673112,45.0,0
2026-10-01,673113,45.0,0
2026-10-01,673163,17.0,0
2026-10-01,673164,15.8,0
2026-10-01,673165,13.0,0
2026-10-01,673168,27.5,0
2026-10-01,673172,247.0,0
2026-10-01,673175,202.5,0
2026-10-01,673176,202.0,0
2026-10-01,673177,193.0,0
2026-10-01,673186,50.5,0
2026-10-01,673208,11.3,0
2026-10-01,673209,9.7,0
2026-10-01,673224,21.0,0
2026-10-01,673238,81.3,0
2026-10-01,673241,16.0,0
2026-10-01,673274,156.0,0
2026-10-01,673290,10.3,0
2026-10-01,673331,39.4,0
2026-10-01,673335,39.4,0
2026-10-01,673336,39.4,0
2026-10-01,673337,39.4,0
2026-10-01,673338,39.4,0
2026-10-01,673346,19.4,0
2026-10-01,673361,11.9,0
2026-10-01,673362,11.9,0
2026-10-01,673363,12.8,0
2026-10-01,673365,11.9,0
2026-10-01,673368,11.9,0
2026-10-01,673370,11.9,0
2026-10-01,673371,7.5,0
2026-10-01,673372,7.5,0
2026-10-01,673373,7.5,0
2026-10-01,673374,7.5,0
2026-10-01,673378,1.5,0
2026-10-01,673385,71.5,0
2026-10-01,673387,100.0,0
2026-10-01,673388,54.5,0
2026-10-01,673389,33.9,0
2026-10-01,673390,15.0,0
2026-10-01,673392,108.0,0
2026-10-01,673405,13.0,0
2026-10-01,673406,7.4,0
2026-10-01,673407,13.0,0
2026-10-01,673408,7.4,0
2026-10-01,673409,25.4,0
2026-10-01,673410,13.4,0
2026-10-01,673422,33.5,0
2026-10-01,673428,35.0,0
2026-10-01,673432,12.0,0
2026-10-01,673433,12.0,0
2026-10-01,673453,38.0,0
2026-10-01,673455,18.8,0
2026-10-01,673456,18.8,0
2026-10-01,673494,23.0,0
2026-10-01,673495,23.0,0
2026-10-01,673525,1.5,0
2026-10-01,673526,1.5,0
2026-10-01,673527,1.5,0
2026-10-01,673528,1.5,0
2026-10-01,673532,9.5,0
2026-10-01,673555,11.5,0
2026-10-01,673557,16.3,0
2026-10-01,673603,30.6,0
2026-10-01,673604,13.3,0
2026-10-01,673605,13.3,0
2026-10-01,673607,120.0,0
2026-10-01,673610,26.0,0
2026-10-01,673620,18.8,0
2026-10-01,673621,18.8,0
2026-10-01,673622,18.8,0
2026-10-01,673623,18.8,0
2026-10-01,673624,18.8,0
2026-10-01,673625,18.8,0
2026-10-01,673631,109.2,0
2026-10-01,673634,70.0,0
2026-10-01,673638,113.8,0
2026-10-01,673640,121.2,0
2026-10-01,673641,344.7,0
2026-10-01,673642,231.3,0
2026-10-01,673644,27.4,0
2026-10-01,673645,31.5,0
2026-10-01,673646,26.0,0
2026-10-01,673650,16.9,0
2026-10-01,673654,85.0,0
2026-10-01,673656,13.5,0
2026-10-01,673657,13.5,0
2026-10-01,673658,16.0,0
2026-10-01,673659,11.0,0
2026-10-01,673660,11.0,0
2026-10-01,673661,11.0,0
2026-10-01,673663,11.0,0
2026-10-01,673671,17.5,0
2026-10-01,673672,21.0,0
2026-10-01,673673,16.0,0
2026-10-01,673674,16.0,0
2026-10-01,673675,20.6,0
2026-10-01,673676,20.6,0
2026-10-01,673677,20.6,0
2026-10-01,673680,5.4,0
2026-10-01,673715,57.0,0
2026-10-01,673732,14.9,0
2026-10-01,673733,30.3,0
2026-10-01,673753,22.5,0
2026-10-01,673762,32.5,0
2026-10-01,673800,32.8,0
2026-10-01,673802,32.8,0
2026-10-01,673803,40.5,0
2026-10-01,673804,40.5,0
2026-10-01,673836,52.5,0
2026-10-01,673846,65.0,0
2026-10-01,673855,72.5,0
2026-10-01,673858,121.0,0
2026-10-01,673859,108.0,0
2026-10-01,673876,15.5,0
2026-10-01,673903,38.8,0
2026-10-01,673907,3.0,0
2026-10-01,673908,3.0,0
2026-10-01,673909,3.0,0
2026-10-01,673913,10.0,0
2026-10-01,673924,13.8,0
2026-10-01,673926,41.0,0
2026-10-01,673927,41.0,0
2026-10-01,673944,2.5,0
2026-10-01,673961,21.3,0
2026-10-01,673967,16.9,0
2026-10-01,674004,19.0,0
2026-10-01,674006,56.9,0
2026-10-01,674009,1.5,0
2026-10-01,674024,7.0,0
2026-10-01,674033,48.8,0
2026-10-01,674034,43.5,0
2026-10-01,674059,76.0,0
2026-10-01,674071,46.4,0
2026-10-01,674073,252.5,0
2026-10-01,674075,32.6,0
2026-10-01,674083,18.0,0
2026-10-01,674086,3.5,0
2026-10-01,674094,200.0,0
2026-10-01,674095,49.4,0
2026-10-01,674107,48.5,0
2026-10-01,674113,21.9,0
2026-10-01,674122,5.0,0
2026-10-01,674124,3.5,0
2026-10-01,674126,3.0,0
2026-10-01,674162,72.5,0
2026-10-01,674180,19.0,0
2026-10-01,674190,34.0,0
2026-10-01,674216,45.3,0
2026-10-01,674225,14.5,0
2026-10-01,674227,15.5,0
2026-10-01,674228,15.5,0
2026-10-01,674229,15.5,0
2026-10-01,674230,11.8,0
2026-10-01,674231,11.8,0
2026-10-01,674232,11.8,0
2026-10-01,674233,11.8,0
2026-10-01,674234,13.6,0
2026-10-01,674236,16.5,0
2026-10-01,674237,15.0,0
2026-10-01,674240,9.5,0
2026-10-01,674243,19.9,0
2026-10-01,674252,26.5,0
2026-10-01,674260,54.9,0
2026-10-01,674281,17.3,0
2026-10-01,674283,15.6,0
2026-10-01,674301,29.0,0
2026-10-01,674318,52.0,0
2026-10-01,674322,1.6,0
2026-10-01,674323,1.6,0
2026-10-01,674324,1.6,0
2026-10-01,674325,1.6,0
2026-10-01,674326,1.6,0
2026-10-01,674329,42.9,0
2026-10-01,674330,1.5,0
2026-10-01,674364,16.8,0
2026-10-01,674383,11.0,0
2026-10-01,674384,11.0,0
2026-10-01,674386,14.5,0
2026-10-01,674387,14.5,0
2026-10-01,674388,13.6,0
2026-10-01,674398,9.4,0
2026-10-01,674401,15.0,0
2026-10-01,674402,15.0,0
2026-10-01,674418,65.0,0
2026-10-01,674419,49.5,0
2026-10-01,674423,32.9,0
2026-10-01,674427,10.0,0
2026-10-01,674429,32.9,0
2026-10-01,674432,18.8,0
2026-10-01,674467,58.0,0
2026-10-01,674468,57.5,0
2026-10-01,674472,24.0,0
2026-10-01,674473,24.0,0
2026-10-01,674474,24.0,0
2026-10-01,674475,8.7,0
2026-10-01,674504,8.2,0
2026-10-01,674505,10.4,0
2026-10-01,674513,29.4,0
2026-10-01,674515,13.0,0
2026-10-01,674524,1.3,0
2026-10-01,674525,1.3,0
2026-10-01,674528,6.5,0
2026-10-01,674530,30.0,0
2026-10-01,674532,18.8,0
2026-10-01,674533,18.8,0
2026-10-01,674534,18.8,0
2026-10-01,674545,1.7,0
2026-10-01,674546,1.7,0
2026-10-01,674550,11.6,0
2026-10-01,674551,43.8,0
2026-10-01,674552,22.5,0
2026-10-01,674553,21.9,0
2026-10-01,674554,79.0,0
2026-10-01,674557,30.0,0
2026-10-01,674562,40.0,0
2026-10-01,674564,96.0,0
2026-10-01,674581,8.5,0
2026-10-01,674586,1.5,0
2026-10-01,674587,1.5,0
2026-10-01,674588,1.5,0
2026-10-01,674589,1.5,0
2026-10-01,674590,1.5,0
2026-10-01,674591,1.5,0
2026-10-01,674592,33.4,0
2026-10-01,674593,33.4,0
2026-10-01,674594,16.9,0
2026-10-01,674598,46.3,0
2026-10-01,674600,29.0,0
2026-10-01,674606,33.3,0
2026-10-01,674607,69.9,0
2026-10-01,674610,74.0,0
2026-10-01,674613,2.5,0
2026-10-01,674614,91.0,0
2026-10-01,674616,22.5,0
2026-10-01,674623,10.5,0
2026-10-01,674624,10.5,0
2026-10-01,674625,10.5,0
2026-10-01,674626,10.5,0
2026-10-01,674627,31.5,0
2026-10-01,674628,31.5,0
2026-10-01,674629,31.5,0
2026-10-01,674630,31.5,0
2026-10-01,674631,31.5,0
2026-10-01,674632,31.5,0
2026-10-01,674633,46.9,0
2026-10-01,674634,46.9,0
2026-10-01,674635,46.9,0
2026-10-01,674636,46.9,0
2026-10-01,674637,46.9,0
2026-10-01,674639,28.2,0
2026-10-01,674660,110.0,0
2026-10-01,674661,41.0,0
2026-10-01,674662,28.8,0
2026-10-01,674665,33.8,0
2026-10-01,674669,13.8,0
2026-10-01,674670,13.8,0
2026-10-01,674671,2.6,0
2026-10-01,674672,2.6,0
2026-10-01,674673,28.0,0
2026-10-01,674675,19.0,0
2026-10-01,674676,19.0,0
2026-10-01,674677,19.0,0
2026-10-01,674679,19.0,0
2026-10-01,674687,31.3,0
2026-10-01,674689,75.0,0
2026-10-01,674691,59.0,0
2026-10-01,674694,61.5,0
2026-10-01,674697,14.0,0
2026-10-01,674699,16.4,0
2026-10-01,674716,65.0,0
2026-10-01,674721,8.5,0
2026-10-01,674740,35.0,0
2026-10-01,674741,34.4,0
2026-10-01,674751,10.9,0
2026-10-01,674752,61.0,0
2026-10-01,674753,97.5,0
2026-10-01,674754,100.0,0
2026-10-01,674755,87.0,0
2026-10-01,674756,94.9,0
2026-10-01,674757,81.9,0
2026-10-01,674758,57.0,0
2026-10-01,674759,86.9,0
2026-10-01,674765,12.5,0
2026-10-01,674776,9.5,0
2026-10-01,674781,35.0,0
2026-10-01,674802,70.5,0
2026-10-01,674829,1.0,0
2026-10-01,674830,0.6,0
2026-10-01,674831,0.6,0
2026-10-01,674835,56.0,0
2026-10-01,674836,29.9,0
2026-10-01,674837,1.3,0
2026-10-01,674838,1.3,0
2026-10-01,674844,58.8,0
2026-10-01,674845,18.8,0
2026-10-01,674846,18.8,0
2026-10-01,674847,18.8,0
2026-10-01,674848,15.0,0
2026-10-01,674850,43.8,0
2026-10-01,674856,61.5,0
2026-10-01,674864,3.0,0
2026-10-01,674865,3.0,0
2026-10-01,674881,18.5,0
2026-10-01,674917,6.5,0
2026-10-01,674918,68.8,0
2026-10-01,674920,99.0,0
2026-10-01,674927,21.9,0
2026-10-01,674928,69.0,0
2026-10-01,674929,69.0,0
2026-10-01,674937,39.5,0
2026-10-01,674950,21.0,0
2026-10-01,674953,47.0,0
2026-10-01,674955,42.5,0
2026-10-01,674956,2.5,0
2026-10-01,674957,2.5,0
2026-10-01,674959,27.0,0
2026-10-01,674960,9.0,0
2026-10-01,674975,9.5,0
2026-10-01,674982,30.0,0
2026-10-01,674983,30.0,0
2026-10-01,674986,51.5,0
2026-10-01,675950,32.5,0
2026-10-01,675951,27.5,0
2026-10-01,676113,11.9,0
2026-10-01,676115,11.9,0
2026-10-01,676116,11.9,0
2026-10-01,676117,11.9,0
2026-10-01,676564,18.8,0
2026-10-01,676565,18.8,0
2026-10-01,676571,29.9,0
2026-10-01,676597,0.6,0
2026-10-01,676615,36.0,0
2026-10-01,676616,36.0,0
2026-10-01,676637,58.4,0
2026-10-01,676639,9.4,0
2026-10-01,676692,9.6,0
2026-10-01,676734,17.0,0
2026-10-01,676735,16.0,0
2026-10-01,676755,18.8,0
2026-10-01,676759,51.9,0
2026-10-01,676760,31.9,0
2026-10-01,676779,49.9,0
2026-10-01,676781,15.0,0
2026-10-01,676782,15.8,0
2026-10-01,676783,15.8,0
2026-10-01,676784,16.3,0
2026-10-01,676790,120.0,0
2026-10-01,676792,12.0,0
2026-10-01,676793,11.0,0
2026-10-01,676810,29.9,0
2026-10-01,676812,33.2,0
2026-10-01,676814,12.5,0
2026-10-01,676827,29.9,0
2026-10-01,676836,25.6,0
2026-10-01,676859,50.0,0
2026-10-01,676894,93.8,0
2026-10-01,676896,31.3,0
2026-10-01,676897,86.0,0
2026-10-01,676964,41.0,0
2026-10-01,676965,34.0,0
2026-10-01,676970,14.5,0
2026-10-01,676976,20.5,0
2026-10-01,677030,220.0,0
2026-10-01,677036,62.5,0
2026-10-01,677039,72.0,0
2026-10-01,677058,19.0,0
2026-10-01,677070,125.0,0
2026-10-01,677075,125.0,0
2026-10-01,677081,170.0,0
2026-10-01,677083,55.0,0
2026-10-01,677201,15.0,0
2026-10-01,677213,160.0,0
2026-10-01,677214,160.3,0
2026-10-01,677215,145.0,0
2026-10-01,677275,43.2,0
2026-10-01,677276,36.0,0
2026-10-01,677364,1.8,0
2026-10-01,677431,10.0,0
2026-10-01,677530,188.8,0
2026-10-01,677563,40.5,0
2026-10-01,677566,4.0,0
2026-10-01,677567,4.0,0
2026-10-01,677568,4.0,0
2026-10-01,677572,10.0,0
2026-10-01,677598,20.5,0
2026-10-01,677601,195.0,0
2026-10-01,677603,227.9,0
2026-10-01,677604,385.0,0
2026-10-01,677671,85.9,0
2026-10-01,677673,43.8,0
2026-10-01,677683,22.9,0
2026-10-01,677718,49.0,0
2026-10-01,677825,123.0,0
2026-10-01,677859,27.0,0
2026-10-01,677870,10.0,0
2026-10-01,677871,15.0,0
2026-10-01,677883,160.5,0
2026-10-01,677900,25.0,0
2026-10-01,677954,87.5,0
2026-10-01,678011,22.5,0
2026-10-01,678018,20.3,0
2026-10-01,678096,15.5,0
2026-10-01,678108,16.9,0
2026-10-01,678109,22.0,0
2026-10-01,678111,8.0,0
2026-10-01,678112,9.5,0
2026-10-01,678175,99.9,0
2026-10-01,678176,26.0,0
2026-10-01,678222,62.0,0
2026-10-01,678224,33.2,0
2026-10-01,678225,33.2,0
2026-10-01,678236,29.5,0
2026-10-01,678241,9.9,0
2026-10-01,678242,9.9,0
2026-10-01,678243,9.9,0
2026-10-01,678244,9.9,0
2026-10-01,678245,9.9,0
2026-10-01,678246,9.9,0
2026-10-01,678247,17.0,0
2026-10-01,678248,17.0,0
2026-10-01,678263,8.6,0
2026-10-01,678265,13.9,0
2026-10-01,678266,13.5,0
2026-10-01,678348,25.4,0
2026-10-01,678357,49.0,0
2026-10-01,678361,96.5,0
2026-10-01,678368,81.0,0
2026-10-01,678369,133.8,0
2026-10-01,678370,305.0,0
2026-10-01,678398,25.0,0
2026-10-01,678429,13.5,0
2026-10-01,678445,29.9,0
2026-10-01,678459,16.8,0
2026-10-01,678460,70.5,0
2026-10-01,678521,18.0,0
2026-10-01,678522,29.6,0
2026-10-01,678644,9.6,0
2026-10-01,678646,59.4,0
2026-10-01,678659,18.8,0
2026-10-01,678672,114.5,0
2026-10-01,678673,165.7,0
2026-10-01,678712,11.5,0
2026-10-01,678722,33.4,0
2026-10-01,678723,33.4,0
2026-10-01,678732,22.9,0
2026-10-01,678748,4.5,0
2026-10-01,678753,13.0,0
2026-10-01,678766,28.0,0
2026-10-01,678767,26.9,0
2026-10-01,678768,31.0,0
2026-10-01,678769,30.0,0
2026-10-01,678770,28.0,0
2026-10-01,678771,26.9,0
2026-10-01,678776,93.5,0
2026-10-01,678787,15.5,0
2026-10-01,678788,15.5,0
2026-10-01,678803,18.5,0
2026-10-01,678804,18.5,0
2026-10-01,678805,22.5,0
2026-10-01,678811,3.9,0
2026-10-01,678812,6.3,0
2026-10-01,678814,80.0,0
2026-10-01,678816,27.0,0
2026-10-01,678817,27.0,0
2026-10-01,678818,27.0,0
2026-10-01,678819,36.0,0
2026-10-01,678823,27.0,0
2026-10-01,678824,27.0,0
2026-10-01,678829,35.5,0
2026-10-01,678830,20.0,0
2026-10-01,678840,20.0,0
2026-10-01,678848,36.0,0
2026-10-01,678849,19.9,0
2026-10-01,678851,37.5,0
2026-10-01,678852,6.5,0
2026-10-01,678853,6.5,0
2026-10-01,678855,6.5,0
2026-10-01,678856,68.5,0
2026-10-01,678858,25.0,0
2026-10-01,678899,48.0,0
2026-10-01,678919,50.0,0
2026-10-01,678941,16.0,0
2026-10-01,678943,31.3,0
2026-10-01,678959,46.0,0
2026-10-01,678972,66.0,0
2026-10-01,678976,136.0,0
2026-10-01,678984,1.9,0
2026-10-01,678989,12.5,0
2026-10-01,678995,16.8,0
2026-10-01,678996,14.0,0
2026-10-01,678997,20.3,0
2026-10-01,678998,21.9,0
2026-10-01,679000,49.6,0
2026-10-01,679011,30.0,0
2026-10-01,679012,30.0,0
2026-10-01,679013,30.0,0
2026-10-01,679014,30.0,0
2026-10-01,679015,30.0,0
2026-10-01,679016,30.0,0
2026-10-01,679017,30.0,0
2026-10-01,679121,11.6,0
2026-10-01,679122,11.6,0
2026-10-01,679123,11.6,0
2026-10-01,679124,11.6,0
2026-10-01,679125,11.6,0
2026-10-01,679129,22.0,0
2026-10-01,679130,47.5,0
2026-10-01,679131,11.5,0
2026-10-01,679132,22.5,0
2026-10-01,679133,62.5,0
2026-10-01,679153,6.5,0
2026-10-01,679165,21.5,0
2026-10-01,679234,26.8,0
2026-10-01,679235,22.8,0
2026-10-01,679237,36.0,0
2026-10-01,679238,186.7,0
2026-10-01,679244,48.0,0
2026-10-01,679252,14.5,0
2026-10-01,679253,31.9,0
2026-10-01,679254,1.5,0
2026-10-01,679255,1.5,0
2026-10-01,679256,1.5,0
2026-10-01,679260,1.5,0
2026-10-01,679261,15.5,0
2026-10-01,679262,15.5,0
2026-10-01,679263,15.8,0
2026-10-01,679264,1.5,0
2026-10-01,679265,1.5,0
2026-10-01,679266,1.5,0
2026-10-01,679267,1.5,0
2026-10-01,679285,60.5,0
2026-10-01,679322,2.0,0
2026-10-01,679366,43.0,0
2026-10-01,679372,22.8,0
2026-10-01,679376,50.0,0
2026-10-01,679377,23.7,0
2026-10-01,679389,9.9,0
2026-10-01,679401,125.0,0
2026-10-01,679435,2.5,0
2026-10-01,679436,2.5,0
2026-10-01,679437,2.5,0
2026-10-01,679439,3.5,0
2026-10-01,679441,3.5,0
2026-10-01,679454,3.5,0
2026-10-01,679455,3.5,0
2026-10-01,679457,3.5,0
2026-10-01,679462,7.3,0
2026-10-01,679463,50.6,0
2026-10-01,679464,50.6,0
2026-10-01,679465,50.6,0
2026-10-01,679466,50.6,0
2026-10-01,679481,41.0,0
2026-10-01,679482,41.0,0
2026-10-01,679483,41.0,0
2026-10-01,679484,41.0,0
2026-10-01,679486,41.0,0
2026-10-01,679574,1.1,0
2026-10-01,679576,19.5,0
2026-10-01,679583,92.9,0
2026-10-01,679584,92.9,0
2026-10-01,679604,194.0,0
2026-10-01,679611,133.8,0
2026-10-01,679653,15.0,0
2026-10-01,679756,13.5,0
2026-10-01,679766,52.9,0
2026-10-01,679789,99.0,0
2026-10-01,679792,3.0,0
2026-10-01,679793,3.0,0
2026-10-01,679878,15.3,0
2026-10-01,679898,55.5,0
2026-10-01,679919,53.5,0
2026-10-01,679945,26.2,0
2026-10-01,679948,10.5,0
2026-10-01,679985,19.5,0
2026-10-01,679986,19.5,0
2026-10-01,681000,30.5,0
2026-10-01,681001,31.5,0
2026-10-01,681002,31.5,0
2026-10-01,681003,18.5,0
2026-10-01,681004,35.0,0
2026-10-01,681007,159.9,0
2026-10-01,681008,159.0,0
2026-10-01,685452,15.5,0
2026-10-01,685772,13.0,0
2026-10-01,686980,26.5,0
2026-10-01,689991,17.9,0
2026-10-01,690488,46.5,0
2026-10-01,690495,46.5,0
2026-10-01,690496,46.5,0
2026-10-01,690497,48.0,0
2026-10-01,690498,46.5,0
2026-10-01,690504,25.0,0
2026-10-01,690539,75.5,0
2026-10-01,690544,60.9,0
2026-10-01,690559,96.0,0
2026-10-01,690564,60.9,0
2026-10-01,690584,75.5,0
2026-10-01,690608,57.5,0
2026-10-01,690956,106.9,0
2026-10-01,691285,16.9,0
2026-10-01,691871,12.5,0
2026-10-01,692125,35.8,0
2026-10-01,692128,15.3,0
2026-10-01,692135,7.6,0
2026-10-01,692138,15.0,0
2026-10-01,692145,7.2,0
2026-10-01,692155,14.3,0
2026-10-01,692158,17.9,0
2026-10-01,692165,21.5,0
2026-10-01,692222,35.8,0
2026-10-01,692323,23.9,0
2026-10-01,693013,29.0,0
2026-10-01,693043,117.5,0
2026-10-01,693058,63.9,0
2026-10-01,693083,335.0,0
2026-10-01,693150,30.0,0
2026-10-01,693538,114.5,0
2026-10-01,694868,13.5,0
2026-10-01,695574,3.9,0
2026-10-01,695589,3.9,0
2026-10-01,695594,30.0,0
2026-10-01,695603,1.3,0
2026-10-01,695618,1.3,0
2026-10-01,695638,1.3,0
2026-10-01,695643,1.3,0
2026-10-01,695658,1.3,0
2026-10-01,695677,69.0,0
2026-10-01,695737,70.0,0
2026-10-01,695738,70.0,0
2026-10-01,695739,70.0,0
2026-10-01,695754,70.0,0
2026-10-01,695819,44.6,0
2026-10-01,695823,177.9,0
2026-10-01,695825,177.4,0
2026-10-01,695856,19.5,0
2026-10-01,695905,19.5,0
2026-10-01,696537,30.0,0
2026-10-01,696602,60.5,0
2026-10-01,696646,60.5,0
2026-10-01,696686,29.9,0
2026-10-01,696691,29.9,0
2026-10-01,696700,29.9,0
2026-10-01,696715,29.9,0
2026-10-01,696933,72.0,0
2026-10-01,696948,57.0,0
2026-10-01,696953,57.0,0
2026-10-01,696968,57.0,0
2026-10-01,696973,59.0,0
2026-10-01,697258,6.0,0
2026-10-01,697327,8.5,0
2026-10-01,697456,26.9,0
2026-10-01,697783,91.5,0
2026-10-01,697798,58.9,0
2026-10-01,697807,47.0,0
2026-10-01,697812,38.0,0
2026-10-01,698350,19.9,0
2026-10-01,698351,19.9,0
2026-10-01,698352,19.9,0
2026-10-01,699185,46.5,0
2026-10-01,699269,6.5,0
2026-10-01,699274,3.5,0
2026-10-01,699294,58.0,0
2026-10-01,699303,6.9,0
2026-10-01,699318,6.9,0
2026-10-01,699501,299.0,0
2026-10-01,699521,99.0,0
2026-10-01,699536,102.0,0
2026-10-01,700463,33.9,0
2026-10-01,700478,33.9,0
2026-10-01,701491,51.0,0
2026-10-01,718718,38.5,0
2026-10-01,724221,184.0,0
2026-10-01,724350,46.0,0
2026-10-01,724583,82.0,0
2026-10-01,724969,7.8,0
2026-10-01,725011,2.1,0
2026-10-01,725615,20.0,0
2026-10-01,725759,132.0,0
2026-10-01,725833,13.5,0
2026-10-01,725893,6.6,0
2026-10-01,726069,63.5,0
2026-10-01,726232,18.0,0
2026-10-01,726410,2.4,0
2026-10-01,726594,5.5,0
2026-10-01,726603,5.0,0
2026-10-01,726604,5.5,0
2026-10-01,726605,5.0,0
2026-10-01,726623,20.4,0
2026-10-01,726638,20.4,0
2026-10-01,726752,20.5,0
2026-10-01,726856,29.0,0
2026-10-01,726881,20.0,0
2026-10-01,727131,18.0,0
2026-10-01,727146,15.5,0
2026-10-01,727151,14.9,0
2026-10-01,727686,61.3,0
2026-10-01,727691,61.3,0
2026-10-01,727700,61.3,0
2026-10-01,729033,40.6,0
2026-10-01,729053,40.6,0
2026-10-01,729419,50.0,0
2026-10-01,729424,36.3,0
2026-10-01,729439,61.3,0
2026-10-01,729791,14.5,0
2026-10-01,729800,14.5,0
2026-10-01,729835,18.0,0
2026-10-01,729840,16.0,0
2026-10-01,729880,30.9,0
2026-10-01,729895,30.9,0
2026-10-01,730003,15.5,0
2026-10-01,732347,16.0,0
2026-10-01,732358,16.0,0
2026-10-01,732375,16.0,0
2026-10-01,743523,50.0,0
2026-10-01,743546,50.0,0
2026-10-01,743558,50.0,0
2026-10-01,744567,37.5,0
2026-10-01,747447,1.4,0
2026-10-01,748725,8.8,0
2026-10-01,761062,71.0,0
2026-10-01,761350,233.5,0
2026-10-01,761420,16.5,0
2026-10-01,761548,43.7,0
2026-10-01,761587,17.8,0
2026-10-01,761892,137.0,0
2026-10-01,761924,129.0,0
2026-10-01,761937,129.0,0
2026-10-01,762135,21.3,0
2026-10-01,762534,38.7,0
2026-10-01,762542,24.7,0
2026-10-01,762573,23.7,0
2026-10-01,762581,33.0,0
2026-10-01,762583,63.4,0
2026-10-01,762596,28.3,0
2026-10-01,762746,23.7,0
2026-10-01,762972,233.5,0
2026-10-01,763219,95.0,0
2026-10-01,763543,41.0,0
2026-10-01,763648,21.0,0
2026-10-01,763752,28.8,0
2026-10-01,764219,21.5,0
2026-10-01,764527,30.0,0
2026-10-01,764714,9.5,0
2026-10-01,764729,29.8,0
2026-10-01,764783,23.9,0
2026-10-01,764830,44.0,0
2026-10-01,764833,29.8,0
2026-10-01,764954,29.8,0
2026-10-01,765613,8.0,0
2026-10-01,765628,36.0,0
2026-10-01,765734,13.7,0
2026-10-01,766210,7.0,0
2026-10-01,766225,38.3,0
2026-10-01,766438,16.0,0
2026-10-01,766616,25.0,0
2026-10-01,766809,20.5,0
2026-10-01,766998,15.5,0
2026-10-01,767205,18.0,0
2026-10-01,768330,74.9,0
2026-10-01,768427,68.0,0
2026-10-01,768517,18.0,0
2026-10-01,768724,57.5,0
2026-10-01,768957,88.5,0
2026-10-01,768969,299.0,0
2026-10-01,770110,6.3,0
2026-10-01,770125,6.3,0
2026-10-01,770567,18.5,0
2026-10-01,770576,8.0,0
2026-10-01,770794,15.9,0
2026-10-01,770838,30.0,0
2026-10-01,770898,27.0,0
2026-10-01,770912,34.0,0
2026-10-01,770947,28.5,0
2026-10-01,770952,72.0,0
2026-10-01,770967,72.0,0
2026-10-01,771044,99.0,0
2026-10-01,771059,70.0,0
2026-10-01,771099,35.0,0
2026-10-01,771688,84.9,0
2026-10-01,772809,69.0,0
2026-10-01,772814,69.0,0
2026-10-01,772829,69.0,0
2026-10-01,772983,71.9,0
2026-10-01,773000,71.9,0
2026-10-01,773075,58.0,0
2026-10-01,774038,54.9,0
2026-10-01,774647,21.5,0
2026-10-01,774672,21.5,0
2026-10-01,774761,39.0,0
2026-10-01,774776,36.5,0
2026-10-01,774796,36.5,0
2026-10-01,774810,10.9,0
2026-10-01,774845,9.5,0
2026-10-01,774949,19.5,0
2026-10-01,775180,28.5,0
2026-10-01,775980,23.5,0
2026-10-01,776321,19.5,0
2026-10-01,778154,48.9,0
2026-10-01,779093,68.8,0
2026-10-01,780132,171.9,0
2026-10-01,780390,10.5,0
2026-10-01,780989,26.4,0
2026-10-01,781066,27.4,0
2026-10-01,781496,132.0,0
2026-10-01,781601,13.3,0
2026-10-01,781611,21.0,0
2026-10-01,781622,21.0,0
2026-10-01,781624,13.3,0
2026-10-01,781631,27.5,0
2026-10-01,782001,85.0,0
2026-10-01,782013,99.0,0
2026-10-01,782024,87.5,0
2026-10-01,782046,75.0,0
2026-10-01,782057,66.0,0
2026-10-01,782068,68.8,0
2026-10-01,782079,68.8,0
2026-10-01,782080,99.0,0
2026-10-01,782186,13.5,0
2026-10-01,782338,24.8,0
2026-10-01,782347,13.8,0
2026-10-01,782349,6.2,0
2026-10-01,782416,36.0,0
2026-10-01,782431,74.8,0
2026-10-01,782433,21.8,0
2026-10-01,782630,37.0,0
2026-10-01,782677,16.0,0
2026-10-01,782697,18.8,0
2026-10-01,782726,3.2,0
2026-10-01,782769,3.2,0
2026-10-01,782799,17.5,0
2026-10-01,782896,61.9,0
2026-10-01,783011,99.0,0
2026-10-01,783067,68.8,0
2026-10-01,783108,21.9,0
2026-10-01,783196,23.8,0
2026-10-01,783302,24.0,0
2026-10-01,783323,30.0,0
2026-10-01,783346,35.0,0
2026-10-01,783355,32.0,0
2026-10-01,783359,34.0,0
2026-10-01,783374,32.5,0
2026-10-01,783568,30.6,0
2026-10-01,783654,39.9,0
2026-10-01,783700,56.8,1
2026-10-01,783716,18.5,0
2026-10-01,783749,18.5,0
2026-10-01,783858,11.2,0
2026-10-01,784001,22.8,0
2026-10-01,784013,22.8,0
2026-10-01,784079,22.8,0
2026-10-01,784158,17.5,0
2026-10-01,784219,10.0,0
2026-10-01,784259,31.0,0
2026-10-01,784263,37.0,0
2026-10-01,784386,29.9,0
2026-10-01,784487,29.9,0
2026-10-01,784518,49.9,0
2026-10-01,784588,29.9,0
2026-10-01,784608,14.0,0
2026-10-01,784613,26.5,0
2026-10-01,784627,36.0,0
2026-10-01,784679,13.5,0
2026-10-01,784690,14.0,0
2026-10-01,784748,10.6,0
2026-10-01,784769,71.3,0
2026-10-01,784821,27.0,0
2026-10-01,784834,23.4,0
2026-10-01,784854,16.3,0
2026-10-01,784879,17.5,0
2026-10-01,784885,3.5,0
2026-10-01,784894,18.0,0
2026-10-01,784934,118.8,0
2026-10-01,785013,38.0,0
2026-10-01,785033,38.0,0
2026-10-01,785126,31.3,0
2026-10-01,785137,41.0,0
2026-10-01,785142,49.0,0
2026-10-01,785157,7.0,0
2026-10-01,785162,7.0,0
2026-10-01,785177,7.0,0
2026-10-01,785182,7.0,0
2026-10-01,785211,30.0,0
2026-10-01,785214,57.0,0
2026-10-01,785413,16.4,0
2026-10-01,785421,17.5,0
2026-10-01,785437,31.5,0
2026-10-01,785447,47.5,0
2026-10-01,785476,28.8,0
2026-10-01,785629,45.5,0
2026-10-01,785671,215.0,0
2026-10-01,785694,27.6,0
2026-10-01,785823,48.8,0
2026-10-01,785840,12.0,0
2026-10-01,785862,15.0,0
2026-10-01,785873,34.5,0
2026-10-01,785926,41.3,0
2026-10-01,785929,41.3,0
2026-10-01,785948,69.0,0
2026-10-01,786024,9.7,0
2026-10-01,786145,15.0,0
2026-10-01,786150,15.0,0
2026-10-01,786165,15.0,0
2026-10-01,786236,31.0,0
2026-10-01,786240,8.6,0
2026-10-01,786327,33.5,0
2026-10-01,786331,66.5,0
2026-10-01,786332,80.5,0
2026-10-01,786428,33.5,0
2026-10-01,786495,11.1,0
2026-10-01,786639,66.9,0
2026-10-01,786726,42.0,0
2026-10-01,786727,43.9,0
2026-10-01,786728,15.0,0
2026-10-01,786757,34.9,0
2026-10-01,786763,34.9,0
2026-10-01,786795,31.5,0
2026-10-01,786813,35.0,0
2026-10-01,786824,65.0,0
2026-10-01,786842,22.5,0
2026-10-01,786855,26.5,0
2026-10-01,786889,28.8,0
2026-10-01,786896,29.5,0
2026-10-01,786936,39.6,0
2026-10-01,786938,79.0,0
2026-10-01,786975,22.5,0
2026-10-01,787039,25.0,0
2026-10-01,787044,33.0,0
2026-10-01,787074,17.0,0
2026-10-01,787079,6.0,0
2026-10-01,787084,6.0,0
2026-10-01,787233,7.0,0
2026-10-01,787314,21.0,0
2026-10-01,787412,102.0,0
2026-10-01,787417,30.6,0
2026-10-01,787505,50.0,0
2026-10-01,787622,14.7,0
2026-10-01,787644,35.5,0
2026-10-01,787694,46.0,0
2026-10-01,787764,21.5,0
2026-10-01,788136,14.0,0
2026-10-01,788156,7.8,0
2026-10-01,788205,72.9,0
2026-10-01,788369,32.5,0
2026-10-01,788389,31.5,0
2026-10-01,788438,47.5,0
2026-10-01,788443,53.5,0
2026-10-01,788572,8.0,0
2026-10-01,788592,4.0,0
2026-10-01,788676,4.0,0
2026-10-01,788790,25.0,0
2026-10-01,788874,18.0,0
2026-10-01,789020,7.0,0
2026-10-01,789327,27.0,0
2026-10-01,789329,81.0,0
2026-10-01,789368,49.9,0
2026-10-01,789413,47.5,0
2026-10-01,789432,18.7,0
2026-10-01,789434,27.5,0
2026-10-01,789474,65.0,0
2026-10-01,789526,20.0,0
2026-10-01,789590,18.0,0
2026-10-01,789627,229.7,0
2026-10-01,789639,81.0,0
2026-10-01,789678,49.9,0
2026-10-01,789701,102.5,0
2026-10-01,789715,17.5,0
2026-10-01,789741,150.9,0
2026-10-01,789742,55.0,0
2026-10-01,789745,29.9,0
2026-10-01,789759,35.0,0
2026-10-01,789795,40.0,0
2026-10-01,789811,20.5,0
2026-10-01,789824,12.5,0
2026-10-01,789826,7.9,0
2026-10-01,789835,15.5,0
2026-10-01,789846,12.5,0
2026-10-01,789848,155.7,0
2026-10-01,789859,15.5,0
2026-10-01,790961,17.0,0
2026-10-01,790966,23.5,0
2026-10-01,790976,17.0,0
2026-10-01,790981,16.0,0
2026-10-01,791048,46.0,0
2026-10-01,791053,25.9,0
2026-10-01,791068,23.9,0
2026-10-01,791073,25.0,0
2026-10-01,791102,30.0,0
2026-10-01,791117,30.0,0
2026-10-01,791137,55.0,0
2026-10-01,791142,45.0,0
2026-10-01,791177,29.9,0
2026-10-01,791182,25.9,0
2026-10-01,791197,19.0,0
2026-10-01,791226,25.0,0
2026-10-01,791232,15.6,0
2026-10-01,791246,47.5,0
2026-10-01,791271,49.0,0
2026-10-01,791291,29.9,0
2026-10-01,791300,47.0,0
2026-10-01,791333,23.5,0
2026-10-01,791697,149.0,0
2026-10-01,791979,11.9,0
2026-10-01,792209,17.9,0
2026-10-01,792214,85.0,0
2026-10-01,792398,33.5,0
2026-10-01,792693,42.0,0
2026-10-01,792709,14.5,0
2026-10-01,792714,5.2,0
2026-10-01,792898,35.5,0
2026-10-01,792932,219.0,0
2026-10-01,792947,159.0,0
2026-10-01,792952,165.0,0
2026-10-01,793148,3949.0,0
2026-10-01,793722,12.5,0
2026-10-01,793737,22.9,0
2026-10-01,793960,38.9,0
2026-10-01,795160,28.0,0
2026-10-01,795161,26.0,0
2026-10-01,795162,21.0,0
2026-10-01,795163,26.0,0
2026-10-01,795164,26.0,0
2026-10-01,795192,6.5,0
2026-10-01,795451,43.5,0
2026-10-01,795580,17.5,0
2026-10-01,795635,26.0,0
2026-10-01,795748,22.5,0
2026-10-01,796321,22.0,0
2026-10-01,796483,18.8,0
2026-10-01,796761,24.5,0
2026-10-01,797213,91.0,0
2026-10-01,797223,91.0,0
2026-10-01,797233,91.0,0
2026-10-01,797243,91.0,0
2026-10-01,797253,91.0,0
2026-10-01,797620,83.9,0
2026-10-01,797635,83.9,0
2026-10-01,798311,84.0,0
2026-10-01,798768,57.0,0
2026-10-01,799186,14.0,0
2026-10-01,799287,40.5,0
2026-10-01,800028,32.0,0
2026-10-01,800101,25.0,0
2026-10-01,800103,30.0,0
2026-10-01,800122,116.9,0
2026-10-01,800142,9.0,0
2026-10-01,800279,7.5,0
2026-10-01,800664,33.0,0
2026-10-01,800772,76.0,0
2026-10-01,800874,44.0,0
2026-10-01,800893,48.0,0
2026-10-01,800898,49.0,0
2026-10-01,800988,57.0,0
2026-10-01,800990,34.0,0
2026-10-01,801338,4.0,0
2026-10-01,801832,66.0,0
2026-10-01,801834,45.0,0
2026-10-01,801966,37.0,0
2026-10-01,801969,37.0,0
2026-10-01,802236,44.0,0
2026-10-01,802254,34.0,0
2026-10-01,802255,50.0,0
2026-10-01,802256,30.0,0
2026-10-01,802365,37.0,0
2026-10-01,802401,18.5,0
2026-10-01,802402,10.0,0
2026-10-01,802403,18.0,0
2026-10-01,802404,13.0,0
2026-10-01,802433,35.0,0
2026-10-01,802438,70.0,0
2026-10-01,802452,36.0,0
2026-10-01,802455,49.0,0
2026-10-01,802481,32.0,0
2026-10-01,802490,32.0,0
2026-10-01,802693,44.0,0
2026-10-01,802721,21.0,0
2026-10-01,802853,31.0,0
2026-10-01,802938,17.0,0
2026-10-01,803051,21.0,0
2026-10-01,803053,24.0,0
2026-10-01,803054,15.0,0
2026-10-01,803187,9.0,0
2026-10-01,803190,23.0,0
2026-10-01,803305,34.0,0
2026-10-01,803472,36.0,0
2026-10-01,803654,13.0,0
2026-10-01,803755,105.0,0
2026-10-01,803871,11.0,0
2026-10-01,803872,11.0,0
2026-10-01,803873,11.0,0
2026-10-01,803883,4.0,0
2026-10-01,803885,11.0,0
2026-10-01,803931,225.0,0
2026-10-01,803933,199.0,0
2026-10-01,804028,20.0,0
2026-10-01,804092,19.0,0
2026-10-01,804097,20.0,0
2026-10-01,804876,16.0,0
2026-10-01,804906,42.5,0
2026-10-01,804921,58.0,0
2026-10-01,804922,55.0,0
2026-10-01,804924,29.9,0
2026-10-01,805537,47.0,0
2026-10-01,805543,6.0,0
2026-10-01,805692,47.0,0
2026-10-01,805701,29.5,0
2026-10-01,805776,6.3,0
2026-10-01,805830,9.9,0
2026-10-01,805845,9.9,0
2026-10-01,805979,48.0,0
2026-10-01,806246,52.0,0
2026-10-01,806247,52.0,0
2026-10-01,807388,17.0,0
2026-10-01,807389,410.0,0
2026-10-01,807393,26.0,0
2026-10-01,807394,25.0,0
2026-10-01,807395,29.0,0
2026-10-01,807397,25.0,0
2026-10-01,807398,25.0,0
2026-10-01,807435,25.0,0
2026-10-01,807436,199.0,0
2026-10-01,807438,22.0,0
2026-10-01,807441,22.0,0
2026-10-01,807446,26.0,0
2026-10-01,807447,15.0,0
2026-10-01,807452,47.0,0
2026-10-01,807453,40.0,0
2026-10-01,807454,40.0,0
2026-10-01,807456,40.0,0
2026-10-01,807457,40.0,0
2026-10-01,807459,30.0,0
2026-10-01,807460,31.0,0
2026-10-01,807461,40.0,0
2026-10-01,807462,35.0,0
2026-10-01,807484,13.0,0
2026-10-01,807486,27.0,0
2026-10-01,807488,31.0,0
2026-10-01,807489,27.0,0
2026-10-01,807491,27.0,0
2026-10-01,807492,27.0,0
2026-10-01,807493,27.0,0
2026-10-01,807495,28.0,0
2026-10-01,807496,27.0,0
2026-10-01,807497,15.0,0
2026-10-01,807498,44.0,0
2026-10-01,807561,17.0,0
2026-10-01,807562,35.0,0
2026-10-01,807564,30.0,0
2026-10-01,807587,30.0,0
2026-10-01,807790,12.0,0
2026-10-01,807799,30.0,0
2026-10-01,807832,50.0,0
2026-10-01,807844,35.0,0
2026-10-01,807932,22.0,0
2026-10-01,808054,23.0,0
2026-10-01,808101,830.0,0
2026-10-01,808126,86.5,0
2026-10-01,808131,59.0,0
2026-10-01,808146,28.5,0
2026-10-01,808165,23.0,0
2026-10-01,808166,23.0,0
2026-10-01,808168,135.0,0
2026-10-01,808288,219.0,0
2026-10-01,808294,175.0,0
2026-10-01,808302,190.0,0
2026-10-01,808323,290.0,0
2026-10-01,808484,43.0,0
2026-10-01,808565,79.0,0
2026-10-01,808626,262.0,0
2026-10-01,808671,13.5,0
2026-10-01,809041,410.0,0
2026-10-01,809170,25.0,0
2026-10-01,809171,25.0,0
2026-10-01,809172,25.0,0
2026-10-01,809173,25.0,0
2026-10-01,809177,25.0,0
2026-10-01,809178,18.0,0
2026-10-01,809179,18.0,0
2026-10-01,809184,79.0,0
2026-10-01,809185,99.0,0
2026-10-01,809203,43.0,0
2026-10-01,809213,59.0,0
2026-10-01,809327,23.0,0
2026-10-01,809450,55.0,0
2026-10-01,809451,55.0,0
2026-10-01,809459,34.0,0
2026-10-01,809460,43.0,0
2026-10-01,809462,53.0,0
2026-10-01,809463,49.0,0
2026-10-01,809464,60.0,0
2026-10-01,809465,34.0,0
2026-10-01,809466,49.0,0
2026-10-01,809467,43.0,0
2026-10-01,809468,53.0,0
2026-10-01,809469,60.0,0
2026-10-01,809472,42.0,0
2026-10-01,809480,22.0,0
2026-10-01,809487,37.0,0
2026-10-01,809489,52.0,0
2026-10-01,809490,65.0,0
2026-10-01,809492,50.0,0
2026-10-01,809515,33.0,0
2026-10-01,809516,33.0,0
2026-10-01,809557,106.0,0
2026-10-01,809581,10.0,0
2026-10-01,809590,115.0,0
2026-10-01,809622,19.0,0
2026-10-01,809626,59.0,0
2026-10-01,809628,59.0,0
2026-10-01,809630,59.0,0
2026-10-01,809659,79.0,0
2026-10-01,809660,70.0,0
2026-10-01,809661,70.0,0
2026-10-01,809662,70.0,0
2026-10-01,809664,70.0,0
2026-10-01,809666,55.0,0
2026-10-01,809667,55.0,0
2026-10-01,809671,55.0,0
2026-10-01,809672,55.0,0
2026-10-01,809673,60.0,0
2026-10-01,809675,60.0,0
2026-10-01,809676,60.0,0
2026-10-01,809677,60.0,0
2026-10-01,809678,60.0,0
2026-10-01,809679,60.0,0
2026-10-01,809685,22.0,0
2026-10-01,809690,60.0,0
2026-10-01,809692,29.0,0
2026-10-01,809700,17.5,0
2026-10-01,809709,92.0,0
2026-10-01,809714,57.0,0
2026-10-01,809732,52.0,0
2026-10-01,809819,119.0,0
2026-10-01,809821,119.0,0
2026-10-01,809822,49.0,0
2026-10-01,809823,49.0,0
2026-10-01,809831,26.0,0
2026-10-01,809833,53.0,0
2026-10-01,809834,53.0,0
2026-10-01,809896,79.0,0
2026-10-01,809911,16.0,0
2026-10-01,809913,16.0,0
2026-10-01,809928,115.0,0
2026-10-01,809929,115.0,0
2026-10-01,809930,115.0,0
2026-10-01,809949,36.0,0
2026-10-01,809956,37.5,0
2026-10-01,809978,17.0,0
2026-10-01,809980,37.0,0
2026-10-01,809984,18.0,0
2026-10-01,810053,67.0,0
2026-10-01,810060,86.0,0
2026-10-01,810075,37.0,0
2026-10-01,810178,15.0,0
2026-10-01,810182,22.0,0
2026-10-01,810183,26.0,0
2026-10-01,810242,9.0,0
2026-10-01,810243,55.0,0
2026-10-01,810249,26.0,0
2026-10-01,810250,36.0,0
2026-10-01,810251,69.0,0
2026-10-01,810255,54.0,0
2026-10-01,810338,55.0,0
2026-10-01,810339,39.0,0
2026-10-01,810340,79.0,0
2026-10-01,810361,8.0,0
2026-10-01,810367,8.0,0
2026-10-01,810525,37.0,0
2026-10-01,810532,45.0,0
2026-10-01,810870,35.0,0
2026-10-01,810871,35.0,0
2026-10-01,810874,35.0,0
2026-10-01,810876,35.0,0
2026-10-01,810900,12.0,0
2026-10-01,810901,10.0,0
2026-10-01,810902,14.0,0
2026-10-01,810903,16.0,0
2026-10-01,810904,7.0,0
2026-10-01,810907,9.0,0
2026-10-01,810909,17.0,0
2026-10-01,810912,11.0,0
2026-10-01,810915,12.0,0
2026-10-01,810916,9.0,0
2026-10-01,810918,10.0,0
2026-10-01,810919,8.0,0
2026-10-01,810921,3.0,0
2026-10-01,810922,3.0,0
2026-10-01,810924,5.0,0
2026-10-01,810925,5.0,0
2026-10-01,810936,10.0,0
2026-10-01,810937,10.0,0
2026-10-01,811796,31.2,0
2026-10-01,811883,8.0,0
2026-10-01,811982,52.0,0
2026-10-01,812660,61.0,0
2026-10-01,812764,131.7,0
2026-10-01,813158,12.0,0
2026-10-01,813482,35.0,0
2026-10-01,813486,35.0,0
2026-10-01,813487,35.0,0
2026-10-01,813488,35.0,0
2026-10-01,813495,35.0,0
2026-10-01,813496,42.0,0
2026-10-01,813497,25.0,0
2026-10-01,813498,28.0,0
2026-10-01,813607,28.0,0
2026-10-01,814032,32.0,0
2026-10-01,814324,19.5,0
2026-10-01,814593,32.0,0
2026-10-01,814623,37.0,0
2026-10-01,814853,64.0,0
2026-10-01,814944,64.0,0
2026-10-01,814945,58.0,0
2026-10-01,816356,219.0,0
2026-10-01,816361,189.0,0
2026-10-01,816362,162.0,0
2026-10-01,816363,122.0,0
2026-10-01,816364,122.0,0
2026-10-01,816365,122.0,0
2026-10-01,816367,205.0,0
2026-10-01,816368,205.0,0
2026-10-01,816369,217.0,0
2026-10-01,816371,135.0,0
2026-10-01,816376,117.0,0
2026-10-01,816377,298.0,0
2026-10-01,816379,333.0,0
2026-10-01,816385,180.0,0
2026-10-01,816387,236.0,0
2026-10-01,816388,211.0,0
2026-10-01,816419,10.5,0
2026-10-01,816427,109.0,0
2026-10-01,816428,109.0,0
2026-10-01,816429,109.0,0
2026-10-01,816430,109.0,0
2026-10-01,816439,20.0,0
2026-10-01,816502,49.0,0
2026-10-01,816509,625.0,0
2026-10-01,816538,34.0,0
2026-10-01,816556,23.0,0
2026-10-01,816585,19.0,0
2026-10-01,816590,14.0,0
2026-10-01,816594,22.0,0
2026-10-01,816595,20.0,0
2026-10-01,816599,28.0,0
2026-10-01,816756,53.0,0
2026-10-01,816758,37.0,0
2026-10-01,816760,31.9,0
2026-10-01,816761,43.0,0
2026-10-01,816762,99.0,0
2026-10-01,816763,92.0,0
2026-10-01,816825,20.0,0
2026-10-01,816856,16.0,0
2026-10-01,816858,12.0,0
2026-10-01,816864,7.0,0
2026-10-01,816866,37.0,0
2026-10-01,816867,27.0,0
2026-10-01,816868,27.0,0
2026-10-01,816870,29.0,0
2026-10-01,816878,58.0,0
2026-10-01,816881,54.0,0
2026-10-01,816882,56.0,0
2026-10-01,816894,35.0,0
2026-10-01,816896,35.0,0
2026-10-01,816904,21.9,0
2026-10-01,816928,25.0,0
2026-10-01,816963,35.0,0
2026-10-01,816965,65.0,0
2026-10-01,816966,35.0,0
2026-10-01,816967,43.0,0
2026-10-01,816968,50.0,0
2026-10-01,816969,35.0,0
2026-10-01,816972,29.0,0
2026-10-01,816989,32.0,0
2026-10-01,816990,30.0,0
2026-10-01,816991,9.0,0
2026-10-01,816992,9.0,0
2026-10-01,816993,9.0,0
2026-10-01,816994,9.0,0
2026-10-01,817057,9.0,0
2026-10-01,817069,34.0,0
2026-10-01,817070,97.0,0
2026-10-01,817071,142.0,0
2026-10-01,817072,153.0,0
2026-10-01,817073,231.0,0
2026-10-01,817075,122.0,0
2026-10-01,817076,59.0,0
2026-10-01,817079,197.0,0
2026-10-01,817080,287.0,0
2026-10-01,817082,120.0,0
2026-10-01,817083,112.0,0
2026-10-01,817084,112.0,0
2026-10-01,817085,112.0,0
2026-10-01,817088,106.0,0
2026-10-01,817089,176.0,0
2026-10-01,817093,112.0,0
2026-10-01,817095,180.0,0
2026-10-01,817096,459.0,0
2026-10-01,817098,203.0,0
2026-10-01,817099,337.0,0
2026-10-01,817100,182.0,0
2026-10-01,817102,142.0,0
2026-10-01,817247,122.0,0
2026-10-01,817272,83.0,0
2026-10-01,817291,139.0,0
2026-10-01,817292,439.0,0
2026-10-01,817301,97.0,0
2026-10-01,817302,142.0,0
2026-10-01,817303,142.0,0
2026-10-01,817304,304.0,0
2026-10-01,817305,162.0,0
2026-10-01,817306,98.0,0
2026-10-01,817307,98.0,0
2026-10-01,817308,66.0,0
2026-10-01,817309,51.0,0
2026-10-01,817318,57.0,0
2026-10-01,817321,33.0,0
2026-10-01,817351,7.5,0
2026-10-01,817369,10.0,0
2026-10-01,817375,15.0,0
2026-10-01,817395,25.0,0
2026-10-01,817448,29.0,0
2026-10-01,817463,15.0,0
2026-10-01,817465,23.0,0
2026-10-01,817466,23.0,0
2026-10-01,817467,23.0,0
2026-10-01,817468,40.0,0
2026-10-01,817469,29.0,0
2026-10-01,817470,22.0,0
2026-10-01,817471,22.0,0
2026-10-01,817494,99.0,0
2026-10-01,817508,16.0,0
2026-10-01,817516,15.0,0
2026-10-01,817525,8.0,0
2026-10-01,817535,12.0,0
2026-10-01,817536,23.0,0
2026-10-01,817539,10.0,0
2026-10-01,817543,19.0,0
2026-10-01,817544,19.0,0
2026-10-01,817545,19.0,0
2026-10-01,817546,15.0,0
2026-10-01,817547,15.0,0
2026-10-01,817548,31.0,0
2026-10-01,817555,55.0,0
2026-10-01,817556,57.0,0
2026-10-01,817560,10.0,0
2026-10-01,817561,11.0,0
2026-10-01,817564,17.0,0
2026-10-01,817568,32.0,0
2026-10-01,817572,23.0,0
2026-10-01,817573,31.0,0
2026-10-01,817576,16.0,0
2026-10-01,817577,33.0,0
2026-10-01,817596,15.0,0
2026-10-01,817615,9.0,0
2026-10-01,817619,18.0,0
2026-10-01,817632,11.0,0
2026-10-01,817638,15.0,0
2026-10-01,817641,32.0,0
2026-10-01,817654,15.0,0
2026-10-01,817655,478.0,0
2026-10-01,817658,332.0,0
2026-10-01,817663,165.0,0
2026-10-01,817679,21.0,0
2026-10-01,817680,24.0,0
2026-10-01,817681,26.0,0
2026-10-01,817699,77.0,0
2026-10-01,817700,113.0,0
2026-10-01,817708,9.0,0
2026-10-01,817710,9.0,0
2026-10-01,817712,9.0,0
2026-10-01,817716,7.0,0
2026-10-01,817717,9.0,0
2026-10-01,817718,9.0,0
2026-10-01,817719,9.0,0
2026-10-01,817720,9.0,0
2026-10-01,817721,9.0,0
2026-10-01,817722,7.0,0
2026-10-01,817723,7.0,0
2026-10-01,817725,7.0,0
2026-10-01,817727,8.0,0
2026-10-01,817728,17.0,0
2026-10-01,817731,96.0,0
2026-10-01,817735,14.0,0
2026-10-01,817738,34.0,0
2026-10-01,817740,17.0,0
2026-10-01,817744,108.0,0
2026-10-01,817787,46.0,0
2026-10-01,817817,12.0,0
2026-10-01,817828,125.0,0
2026-10-01,817829,109.0,0
2026-10-01,817830,109.0,0
2026-10-01,817839,109.0,0
2026-10-01,817842,109.0,0
2026-10-01,817845,109.0,0
2026-10-01,817851,109.0,0
2026-10-01,817888,358.0,0
2026-10-01,817889,358.0,0
2026-10-01,817892,253.0,0
2026-10-01,818468,3.1,0
2026-10-01,818512,19.0,0
2026-10-01,818514,25.0,0
2026-10-01,818515,25.0,0
2026-10-01,818516,25.0,0
2026-10-01,818535,25.0,0
2026-10-01,818541,24.0,0
2026-10-01,818542,24.0,0
2026-10-01,818669,38.3,0
2026-10-01,818724,49.0,0
2026-10-01,818732,244.0,0
2026-10-01,818827,77.0,0
2026-10-01,818849,37.0,0
2026-10-01,818850,40.0,0
2026-10-01,818854,53.0,0
2026-10-01,818860,56.0,0
2026-10-01,818863,99.0,0
2026-10-01,818864,99.0,0
2026-10-01,819066,22.0,0
2026-10-01,819083,13.0,0
2026-10-01,819095,9.0,0
2026-10-01,819220,52.0,0
2026-10-01,819403,108.0,0
2026-10-01,819418,125.0,0
2026-10-01,819423,237.0,0
2026-10-01,819636,96.5,0
2026-10-01,819641,96.5,0
2026-10-01,819645,18.0,0
2026-10-01,819651,53.0,0
2026-10-01,819661,20.5,0
2026-10-01,819676,10.6,0
2026-10-01,819681,29.5,0
2026-10-01,819761,25.0,0
2026-10-01,819763,41.0,0
2026-10-01,819764,19.0,0
2026-10-01,819768,17.0,0
2026-10-01,819779,32.0,0
2026-10-01,819866,41.0,0
2026-10-01,819868,9.0,0
2026-10-01,819883,12.0,0
2026-10-01,819958,3.0,0
2026-10-01,820002,12.0,0
2026-10-01,820146,24.0,0
2026-10-01,820295,125.0,0
2026-10-01,820319,23.5,0
2026-10-01,820408,210.0,0
2026-10-01,820428,26.5,0
2026-10-01,820453,65.5,0
2026-10-01,820468,77.5,0
2026-10-01,820611,25.9,0
2026-10-01,820635,29.0,0
2026-10-01,821014,4.0,0
2026-10-01,821198,13.0,0
2026-10-01,821372,15.9,0
2026-10-01,821451,14.5,0
2026-10-01,821452,14.5,0
2026-10-01,821462,16.0,0
2026-10-01,821468,76.0,0
2026-10-01,821472,18.0,0
2026-10-01,821474,8.0,0
2026-10-01,821530,81.4,0
2026-10-01,822593,34.1,0
2026-10-01,822622,23.5,0
2026-10-01,822637,61.9,0
2026-10-01,823665,5.0,0
2026-10-01,825661,5.5,0
2026-10-01,825676,5.5,0
2026-10-01,825705,10.9,0
2026-10-01,825785,65.0,0
2026-10-01,825894,125.0,0
2026-10-01,825903,90.5,0
2026-10-01,826122,87.0,0
2026-10-01,826127,99.0,0
2026-10-01,826135,260.0,0
2026-10-01,826137,72.0,0
2026-10-01,826138,240.0,0
2026-10-01,826142,25.0,0
2026-10-01,826143,26.0,0
2026-10-01,826145,26.0,0
2026-10-01,826148,55.0,0
2026-10-01,826342,14.5,0
2026-10-01,826426,1429.0,0
2026-10-01,826431,137.0,0
2026-10-01,826446,72.0,0
2026-10-01,826603,10.9,0
2026-10-01,826684,2799.0,0
2026-10-01,826699,30.5,0
2026-10-01,826706,228.0,0
2026-10-01,826708,10.0,0
2026-10-01,826869,120.0,0
2026-10-01,826971,39.0,0
2026-10-01,827129,39.0,0
2026-10-01,827131,39.0,0
2026-10-01,827396,5.5,0
2026-10-01,827510,87.0,0
2026-10-01,827512,87.0,0
2026-10-01,827513,87.0,0
2026-10-01,827524,210.0,0
2026-10-01,827687,27.4,0
2026-10-01,827692,27.4,0
2026-10-01,827701,27.4,0
2026-10-01,827736,27.4,0
2026-10-01,827916,16.3,0
2026-10-01,828600,30.0,0
2026-10-01,828724,33.5,0
2026-10-01,829784,13.0,0
2026-10-01,830004,21.0,0
2026-10-01,830019,40.0,0
2026-10-01,830400,3.9,0
2026-10-01,830415,3.9,0
2026-10-01,830420,3.9,0
2026-10-01,830435,3.9,0
2026-10-01,830440,1.3,0
2026-10-01,830455,1.3,0
2026-10-01,830460,1.3,0
2026-10-01,830475,1.3,0
2026-10-01,830519,26.0,0
2026-10-01,830524,20.5,0
2026-10-01,830702,38.5,0
2026-10-01,831255,20.0,0
2026-10-01,831256,34.5,0
2026-10-01,831285,3.9,0
2026-10-01,831509,16.0,0
2026-10-01,831542,37.0,0
2026-10-01,831544,17.5,0
2026-10-01,831644,13.5,0
2026-10-01,831970,22.0,0
2026-10-01,832253,29.0,0
2026-10-01,832491,64.0,0
2026-10-01,832493,14.0,0
2026-10-01,832713,4.9,0
2026-10-01,832715,16.0,0
2026-10-01,832716,10.0,0
2026-10-01,832717,11.0,0
2026-10-01,832906,55.0,0
2026-10-01,832918,10.9,0
2026-10-01,832921,50.0,0
2026-10-01,833261,3.0,0
2026-10-01,833716,50.0,0
2026-10-01,834243,4.0,0
2026-10-01,834259,80.0,0
2026-10-01,834308,7.2,0
2026-10-01,834313,7.2,0
2026-10-01,834328,7.2,0
2026-10-01,834333,25.0,0
2026-10-01,834353,12.5,0
2026-10-01,834393,133.0,0
2026-10-01,834437,95.0,0
2026-10-01,834457,22.5,0
2026-10-01,834497,1.3,0
2026-10-01,835210,12.0,0
2026-10-01,835212,85.0,0
2026-10-01,835247,88.5,0
2026-10-01,835267,70.0,1
2026-10-01,835272,83.5,0
2026-10-01,835292,94.5,0
2026-10-01,835341,93.0,0
2026-10-01,835361,53.0,0
2026-10-01,835404,94.0,0
2026-10-01,835410,70.5,0
2026-10-01,835414,73.5,0
2026-10-01,835423,90.0,0
2026-10-01,835427,89.0,0
2026-10-01,835430,63.0,0
2026-10-01,835435,85.0,0
2026-10-01,835439,96.5,0
2026-10-01,835445,73.5,0
2026-10-01,835447,42.5,0
2026-10-01,835450,68.0,0
2026-10-01,835451,83.5,0
2026-10-01,835455,72.0,0
2026-10-01,835468,128.0,0
2026-10-01,835470,66.5,0
2026-10-01,835509,69.0,0
2026-10-01,835514,59.0,0
2026-10-01,835534,65.0,0
2026-10-01,835549,64.5,0
2026-10-01,835554,12.0,0
2026-10-01,835594,12.0,0
2026-10-01,835623,67.0,0
2026-10-01,835658,92.5,0
2026-10-01,835690,98.0,0
2026-10-01,835691,98.0,0
2026-10-01,835692,115.5,0
2026-10-01,835694,91.0,0
2026-10-01,835695,102.0,0
2026-10-01,835697,91.0,0
2026-10-01,835700,95.0,0
2026-10-01,835732,68.5,0
2026-10-01,835750,85.0,0
2026-10-01,835759,97.0,0
2026-10-01,835767,54.5,0
2026-10-01,835772,46.5,0
2026-10-01,835796,30.0,0
2026-10-01,835801,66.5,0
2026-10-01,835950,114.0,0
2026-10-01,836359,121.0,0
2026-10-01,836646,22.4,0
2026-10-01,836651,23.0,0
2026-10-01,836666,22.4,0
2026-10-01,836671,23.0,0
2026-10-01,836686,22.4,0
2026-10-01,836700,16.9,0
2026-10-01,836860,56.0,0
2026-10-01,836861,56.0,0
2026-10-01,837150,34.0,0
2026-10-01,837151,14.0,0
2026-10-01,837152,22.0,0
2026-10-01,837674,3.0,0
2026-10-01,837675,3.0,0
2026-10-01,837894,40.0,0
2026-10-01,837970,21.0,0
2026-10-01,837971,13.0,0
2026-10-01,837976,17.0,0
2026-10-01,837977,38.0,0
2026-10-01,837978,30.0,0
2026-10-01,837999,29.0,0
2026-10-01,838080,40.0,0
2026-10-01,838081,47.0,0
2026-10-01,838244,50.0,0
2026-10-01,838309,19.0,0
2026-10-01,838439,5.0,0
2026-10-01,838444,7.2,0
2026-10-01,838459,10.0,0
2026-10-01,838519,77.5,0
2026-10-01,838573,132.0,0
2026-10-01,838617,21.0,0
2026-10-01,838622,21.0,0
2026-10-01,838676,3.0,0
2026-10-01,838700,28.0,0
2026-10-01,838767,21.0,0
2026-10-01,838861,41.0,0
2026-10-01,838869,17.0,0
2026-10-01,838918,76.0,0
2026-10-01,839081,11.0,0
2026-10-01,839310,5.0,0
2026-10-01,839338,3.8,0
2026-10-01,839343,30.0,0
2026-10-01,839354,106.0,0
2026-10-01,839358,30.0,0
2026-10-01,839371,56.0,0
2026-10-01,839464,10.0,0
2026-10-01,839635,71.0,0
2026-10-01,839800,141.0,0
2026-10-01,839810,34.0,0
2026-10-01,839895,43.0,0
2026-10-01,839896,43.0,0
2026-10-01,839902,43.0,0
2026-10-01,840006,49.5,0
2026-10-01,840100,16.5,0
2026-10-01,840115,18.5,0
2026-10-01,840381,19.0,0
2026-10-01,840402,79.9,0
2026-10-01,840615,56.0,0
2026-10-01,840620,56.0,0
2026-10-01,840635,58.5,0
2026-10-01,840640,66.5,0
2026-10-01,840655,90.0,0
2026-10-01,840834,16.0,0
2026-10-01,840888,109.9,0
2026-10-01,841123,5.5,0
2026-10-01,841321,97.0,0
2026-10-01,841336,87.0,0
2026-10-01,841450,33.0,0
2026-10-01,841616,102.0,0
2026-10-01,841658,33.5,0
2026-10-01,841663,33.5,0
2026-10-01,841683,39.0,0
2026-10-01,841732,53.0,0
2026-10-01,841842,75.0,0
2026-10-01,841915,41.0,0
2026-10-01,841949,9.9,0
2026-10-01,842111,29.5,0
2026-10-01,842116,17.0,0
2026-10-01,842128,15.0,0
2026-10-01,842139,27.0,0
2026-10-01,842145,21.0,0
2026-10-01,842147,18.0,0
2026-10-01,842225,51.0,0
2026-10-01,842228,39.0,0
2026-10-01,842229,5.5,0
2026-10-01,842499,80.0,0
2026-10-01,842527,55.0,0
2026-10-01,843457,31.0,0
2026-10-01,843491,50.0,0
2026-10-01,843635,6.0,0
2026-10-01,843636,6.0,0
2026-10-01,844316,165.0,0
2026-10-01,844588,75.0,0
2026-10-01,844613,64.0,0
2026-10-01,844635,193.0,0
2026-10-01,844712,26.0,0
2026-10-01,844813,41.4,0
2026-10-01,845234,69.9,0
2026-10-01,845257,86.0,0
2026-10-01,845286,56.0,0
2026-10-01,845295,103.0,0
2026-10-01,845487,27.5,0
2026-10-01,845557,97.5,0
2026-10-01,845558,102.0,0
2026-10-01,846186,42.9,0
2026-10-01,846348,47.0,0
2026-10-01,846425,35.0,0
2026-10-01,846429,25.0,0
2026-10-01,846460,79.0,0
2026-10-01,846475,99.0,0
2026-10-01,846480,57.0,0
2026-10-01,846495,42.9,0
2026-10-01,846620,12.0,0
2026-10-01,846623,27.0,0
2026-10-01,846642,25.0,0
2026-10-01,846643,43.0,0
2026-10-01,846644,20.9,0
2026-10-01,846649,20.0,0
2026-10-01,846650,26.0,0
2026-10-01,846651,28.0,0
2026-10-01,846689,42.0,0
2026-10-01,846690,90.0,0
2026-10-01,846785,37.0,0
2026-10-01,846804,28.0,0
2026-10-01,846811,16.0,0
2026-10-01,846853,29.9,0
2026-10-01,846857,13.0,0
2026-10-01,846858,34.0,0
2026-10-01,846870,19.0,0
2026-10-01,846891,26.5,0
2026-10-01,847052,24.0,0
2026-10-01,847057,19.5,0
2026-10-01,847058,24.5,0
2026-10-01,847092,26.0,0
2026-10-01,847101,26.0,0
2026-10-01,847334,11.5,0
2026-10-01,847369,56.0,0
2026-10-01,847397,31.9,0
2026-10-01,847519,8.0,0
2026-10-01,847607,13.0,0
2026-10-01,847850,25.0,0
2026-10-01,847910,401.0,0
2026-10-01,847934,55.0,0
2026-10-01,848001,16.0,0
2026-10-01,848209,59.0,0
2026-10-01,848237,188.0,0
2026-10-01,848531,93.0,0
2026-10-01,848708,13.9,0
2026-10-01,848735,14.0,0
2026-10-01,848737,18.0,0
2026-10-01,848740,13.0,0
2026-10-01,848741,17.0,0
2026-10-01,848742,18.9,0
2026-10-01,848745,25.0,0
2026-10-01,848746,19.0,0
2026-10-01,848749,14.0,0
2026-10-01,848754,12.0,0
2026-10-01,848755,12.0,0
2026-10-01,848756,10.0,0
2026-10-01,848757,13.0,0
2026-10-01,848758,20.0,0
2026-10-01,848761,12.0,0
2026-10-01,848762,14.0,0
2026-10-01,848764,18.0,0
2026-10-01,848765,15.0,0
2026-10-01,848766,22.0,0
2026-10-01,848769,18.5,0
2026-10-01,848770,21.8,0
2026-10-01,848772,19.0,0
2026-10-01,848774,22.0,0
2026-10-01,848775,20.0,0
2026-10-01,848826,55.0,0
2026-10-01,848944,31.9,0
2026-10-01,849390,21.0,0
2026-10-01,849414,21.0,0
2026-10-01,849846,74.9,0
2026-10-01,849969,42.0,0
2026-10-01,850048,107.5,0
2026-10-01,850197,24.0,0
2026-10-01,850475,34.9,0
2026-10-01,850638,20.9,0
2026-10-01,850667,25.0,0
2026-10-01,850672,60.0,0
2026-10-01,850882,16.0,0
2026-10-01,850883,47.0,0
2026-10-01,850992,22.0,0
2026-10-01,850997,13.0,0
2026-10-01,851006,16.9,0
2026-10-01,851393,29.0,0
2026-10-01,851398,63.0,0
2026-10-01,851505,21.0,0
2026-10-01,852084,20.7,0
2026-10-01,852273,17.0,0
2026-10-01,852411,140.0,0
2026-10-01,853007,4.0,0
2026-10-01,853010,238.0,0
2026-10-01,853017,148.0,0
2026-10-01,853022,258.0,0
2026-10-01,853032,4.0,0
2026-10-01,853038,268.0,0
2026-10-01,853043,144.0,0
2026-10-01,853054,282.0,0
2026-10-01,853125,12.0,0
2026-10-01,853282,26.0,0
2026-10-01,853283,23.0,0
2026-10-01,853288,22.0,0
2026-10-01,853289,29.0,0
2026-10-01,853309,7.2,0
2026-10-01,853314,7.2,0
2026-10-01,853334,19.9,0
2026-10-01,853392,19.0,0
2026-10-01,853426,12.0,0
2026-10-01,853436,12.0,0
2026-10-01,853449,7.0,0
2026-10-01,853475,19.0,0
2026-10-01,853476,19.0,0
2026-10-01,853776,299.0,0
2026-10-01,853790,15.5,0
2026-10-01,853894,28.5,0
2026-10-01,853938,86.5,0
2026-10-01,853943,90.0,0
2026-10-01,853965,205.0,0
2026-10-01,853969,205.0,0
2026-10-01,853971,166.0,0
2026-10-01,854000,139.0,0
2026-10-01,854055,14.8,0
2026-10-01,854060,11.5,0
2026-10-01,854075,11.5,0
2026-10-01,854085,14.0,0
2026-10-01,854086,23.0,0
2026-10-01,854087,77.0,0
2026-10-01,854089,18.0,0
2026-10-01,854090,23.0,0
2026-10-01,854104,14.8,0
2026-10-01,854144,19.5,1
2026-10-01,854159,19.5,0
2026-10-01,854179,38.0,0
2026-10-01,854241,299.0,0
2026-10-01,854317,19.5,0
2026-10-01,854337,23.0,0
2026-10-01,854342,23.0,0
2026-10-01,854357,23.0,0
2026-10-01,854382,21.0,0
2026-10-01,854397,21.0,0
2026-10-01,854446,42.0,0
2026-10-01,854462,78.0,0
2026-10-01,854465,182.0,0
2026-10-01,854468,140.0,0
2026-10-01,854487,25.0,0
2026-10-01,854493,25.0,0
2026-10-01,854548,166.0,0
2026-10-01,854559,118.0,0
2026-10-01,854715,86.0,0
2026-10-01,854741,12.0,0
2026-10-01,854753,22.3,0
2026-10-01,854791,32.0,0
2026-10-01,854842,43.5,0
2026-10-01,854877,33.9,0
2026-10-01,854906,246.0,0
2026-10-01,854911,142.5,0
2026-10-01,854952,71.0,0
2026-10-01,855003,51.0,0
2026-10-01,855014,18.0,0
2026-10-01,855018,52.5,0
2026-10-01,855019,19.0,0
2026-10-01,855023,51.0,0
2026-10-01,855098,160.0,0
2026-10-01,855107,295.0,0
2026-10-01,855112,16.5,0
2026-10-01,855147,14.5,0
2026-10-01,855186,14.0,0
2026-10-01,855189,15.0,0
2026-10-01,855201,58.0,0
2026-10-01,855241,8.0,0
2026-10-01,855261,8.0,0
2026-10-01,855296,9.5,0
2026-10-01,855310,339.0,0
2026-10-01,855361,131.0,0
2026-10-01,855365,20.5,0
2026-10-01,855370,26.0,0
2026-10-01,855529,13.0,0
2026-10-01,855627,166.5,0
2026-10-01,855642,56.0,0
2026-10-01,855651,56.0,0
2026-10-01,855658,10.0,0
2026-10-01,855764,12.9,0
2026-10-01,855777,19.0,0
2026-10-01,855783,21.0,0
2026-10-01,855788,249.0,0
2026-10-01,855789,490.0,0
2026-10-01,855790,155.0,0
2026-10-01,856072,35.0,0
2026-10-01,856109,104.0,0
2026-10-01,856135,64.9,0
2026-10-01,856159,29.0,0
2026-10-01,856161,18.0,0
2026-10-01,856194,13.0,0
2026-10-01,856336,33.0,0
2026-10-01,856337,31.0,0
2026-10-01,856339,26.0,0
2026-10-01,856340,28.0,0
2026-10-01,856399,54.0,0
2026-10-01,856405,65.0,0
2026-10-01,856429,52.0,0
2026-10-01,856491,26.0,0
2026-10-01,856513,28.0,0
2026-10-01,856518,42.0,0
2026-10-01,856519,42.0,0
2026-10-01,856520,42.0,0
2026-10-01,856521,42.0,0
2026-10-01,856522,26.0,0
2026-10-01,856524,26.0,0
2026-10-01,856527,57.0,0
2026-10-01,856540,21.0,0
2026-10-01,856563,25.0,0
2026-10-01,856612,49.0,0
2026-10-01,856620,45.5,0
2026-10-01,856652,20.0,0
2026-10-01,856653,80.0,0
2026-10-01,856654,113.0,0
2026-10-01,856656,126.0,0
2026-10-01,856659,16.0,0
2026-10-01,856662,24.0,0
2026-10-01,856704,2.8,0
2026-10-01,856727,355.0,0
2026-10-01,856734,50.0,0
2026-10-01,856735,70.0,0
2026-10-01,857021,25.0,0
2026-10-01,857054,45.9,0
2026-10-01,857066,72.0,0
2026-10-01,857115,149.5,0
2026-10-01,857117,225.0,0
2026-10-01,857124,49.0,0
2026-10-01,857129,11.0,0
2026-10-01,857387,32.0,0
2026-10-01,857574,13.5,0
2026-10-01,857583,25.0,0
2026-10-01,857595,15.0,0
2026-10-01,857597,12.0,0
2026-10-01,857598,12.0,0
2026-10-01,857599,16.0,0
2026-10-01,857602,16.0,0
2026-10-01,857605,16.0,0
2026-10-01,857609,33.0,0
2026-10-01,857610,32.0,0
2026-10-01,857611,37.0,0
2026-10-01,857626,16.0,0
2026-10-01,857629,37.9,0
2026-10-01,857815,10.0,0
2026-10-01,857830,11.5,0
2026-10-01,857961,24.9,0
2026-10-01,857979,41.7,0
2026-10-01,858020,41.7,0
2026-10-01,858039,7.0,0
2026-10-01,858040,9.0,0
2026-10-01,858041,282.6,0
2026-10-01,858043,8.0,0
2026-10-01,858083,159.4,0
2026-10-01,858084,234.7,0
2026-10-01,858129,8.0,0
2026-10-01,858187,51.0,0
2026-10-01,858193,32.0,0
2026-10-01,858194,53.0,0
2026-10-01,858202,13.0,0
2026-10-01,858235,59.0,0
2026-10-01,858312,22.0,0
2026-10-01,858313,22.0,0
2026-10-01,858314,87.4,0
2026-10-01,858319,8.0,0
2026-10-01,858324,19.5,0
2026-10-01,858335,133.5,0
2026-10-01,858358,91.5,0
2026-10-01,858364,69.9,0
2026-10-01,858375,27.6,0
2026-10-01,858379,69.9,0
2026-10-01,858380,65.9,0
2026-10-01,858385,72.1,0
2026-10-01,858388,3.9,0
2026-10-01,858389,3.9,0
2026-10-01,858390,3.0,0
2026-10-01,858392,2.9,0
2026-10-01,858393,4.9,0
2026-10-01,858414,27.0,0
2026-10-01,858415,70.0,0
2026-10-01,858446,94.0,0
2026-10-01,858449,155.0,0
2026-10-01,858454,19.0,0
2026-10-01,858455,29.0,0
2026-10-01,858458,60.0,0
2026-10-01,858467,42.0,0
2026-10-01,858472,72.0,0
2026-10-01,858477,113.0,0
2026-10-01,858479,38.0,0
2026-10-01,858480,19.0,0
2026-10-01,858481,13.0,0
2026-10-01,858513,8.0,0
2026-10-01,858514,17.0,0
2026-10-01,858524,49.0,0
2026-10-01,858525,90.0,0
2026-10-01,858527,32.0,0
2026-10-01,858535,55.0,0
2026-10-01,858538,13.0,0
2026-10-01,858544,16.0,0
2026-10-01,858547,33.0,0
2026-10-01,858549,15.0,0
2026-10-01,858561,12.0,0
2026-10-01,858565,47.0,0
2026-10-01,858659,40.0,0
2026-10-01,858660,40.0,0
2026-10-01,858661,40.0,0
2026-10-01,858668,245.0,0
2026-10-01,858669,170.0,0
2026-10-01,858676,213.0,0
2026-10-01,858699,228.0,0
2026-10-01,858715,12.0,0
2026-10-01,858760,18.0,0
2026-10-01,858885,69.0,0
2026-10-01,858896,29.9,0
2026-10-01,859018,21.0,0
2026-10-01,859023,3.0,0
2026-10-01,859026,4.0,0
2026-10-01,859091,62.0,0
2026-10-01,859092,36.0,0
2026-10-01,859094,38.0,0
2026-10-01,859129,12.8,0
2026-10-01,859134,10.5,0
2026-10-01,859149,10.9,0
2026-10-01,859154,38.5,0
2026-10-01,859210,42.9,0
2026-10-01,859211,42.9,0
2026-10-01,859213,42.9,0
2026-10-01,859586,19.0,0
2026-10-01,859587,23.0,0
2026-10-01,859984,19.0,0
2026-10-01,859996,6.9,0
2026-10-01,860001,17.0,0
2026-10-01,860233,65.0,0
2026-10-01,860259,47.0,0
2026-10-01,860260,56.0,0
2026-10-01,860296,49.0,0
2026-10-01,860990,72.0,0
2026-10-01,861058,228.9,0
2026-10-01,861127,24.5,0
2026-10-01,861266,96.0,0
2026-10-01,861335,50.0,0
2026-10-01,861339,54.0,0
2026-10-01,861341,83.0,0
2026-10-01,861346,54.0,0
2026-10-01,861347,83.0,0
2026-10-01,861386,57.0,0
2026-10-01,861470,35.9,0
2026-10-01,861501,2.5,0
2026-10-01,861901,45.0,0
2026-10-01,861993,49.0,0
2026-10-01,862221,23.5,0
2026-10-01,862430,26.0,0
2026-10-01,862437,21.5,0
2026-10-01,862442,21.5,0
2026-10-01,862464,6.0,0
2026-10-01,862466,11.0,0
2026-10-01,862957,136.9,0
2026-10-01,862962,136.9,0
2026-10-01,862977,125.0,0
2026-10-01,863029,208.0,0
2026-10-01,863093,3.5,0
2026-10-01,863430,20.0,0
2026-10-01,863445,20.0,0
2026-10-01,863450,20.0,0
2026-10-01,863638,8.0,0
2026-10-01,863643,8.0,0
2026-10-01,863854,22.0,0
2026-10-01,863888,48.0,0
2026-10-01,863956,49.0,0
2026-10-01,863957,16.5,0
2026-10-01,863958,13.0,0
2026-10-01,863959,31.0,0
2026-10-01,863960,43.0,0
2026-10-01,864030,99.0,0
2026-10-01,864258,28.0,0
2026-10-01,864261,42.5,0
2026-10-01,864475,112.0,0
2026-10-01,864487,181.0,0
2026-10-01,864510,183.0,0
2026-10-01,864819,83.0,0
2026-10-01,865510,7.9,0
2026-10-01,865812,13.7,0
2026-10-01,865827,13.7,0
2026-10-01,866231,20.0,0
2026-10-01,866246,20.0,0
2026-10-01,866484,225.0,0
2026-10-01,866657,6.3,0
2026-10-01,866731,18.0,0
2026-10-01,866951,40.0,0
2026-10-01,867056,17.5,0
2026-10-01,867213,120.0,0
2026-10-01,867215,82.0,0
2026-10-01,867358,17.0,0
2026-10-01,867363,17.0,0
2026-10-01,867378,22.6,0
2026-10-01,867400,22.0,0
2026-10-01,867405,32.0,0
2026-10-01,867408,40.0,0
2026-10-01,867409,31.0,0
2026-10-01,867410,98.0,0
2026-10-01,867414,42.0,0
2026-10-01,867415,33.0,0
2026-10-01,867475,14.0,0
2026-10-01,867477,9.0,0
2026-10-01,867478,12.0,0
2026-10-01,867800,8.2,0
2026-10-01,867898,12.0,0
2026-10-01,867987,29.5,0
2026-10-01,867992,10.9,0
2026-10-01,868190,46.0,0
2026-10-01,868191,23.0,0
2026-10-01,868192,80.0,0
2026-10-01,868291,110.0,0
2026-10-01,868407,25.0,0
2026-10-01,868435,43.0,0
2026-10-01,868438,15.0,0
2026-10-01,868450,34.0,0
2026-10-01,868451,41.0,0
2026-10-01,868452,18.0,0
2026-10-01,868453,17.0,0
2026-10-01,868459,299.0,0
2026-10-01,868460,13.0,0
2026-10-01,868462,15.0,0
2026-10-01,868463,15.0,0
2026-10-01,868538,60.0,0
2026-10-01,868664,160.0,0
2026-10-01,868687,62.9,0
2026-10-01,868865,13.0,0
2026-10-01,868924,6.0,0
2026-10-01,869009,99.0,0
2026-10-01,869840,30.0,0
2026-10-01,869845,46.0,0
2026-10-01,870466,54.0,0
2026-10-01,870692,25.0,0
2026-10-01,870919,26.0,0
2026-10-01,871090,5.0,0
2026-10-01,871832,25.0,0
2026-10-01,871847,27.0,0
2026-10-01,871880,9.0,0
2026-10-01,871982,17.0,0
2026-10-01,872209,17.5,0
2026-10-01,872210,17.5,0
2026-10-01,872460,153.0,0
2026-10-01,872662,31.0,0
2026-10-01,873283,13.0,0
2026-10-01,873914,155.0,0
2026-10-01,873938,19.0,0
2026-10-01,873940,29.9,0
2026-10-01,873945,44.0,0
2026-10-01,873946,47.0,0
2026-10-01,874199,58.0,0
2026-10-01,874544,28.7,0
2026-10-01,874584,17.9,0
2026-10-01,874608,17.9,0
2026-10-01,874723,210.0,0
2026-10-01,874829,25.0,0
2026-10-01,874856,14.0,0
2026-10-01,874857,19.0,0
2026-10-01,874866,75.0,0
2026-10-01,875389,79.0,0
2026-10-01,875438,38.5,0
2026-10-01,875760,61.0,0
2026-10-01,875831,18.5,0
2026-10-01,875832,16.0,0
2026-10-01,876184,9.5,0
2026-10-01,876265,14.0,0
2026-10-01,876357,54.0,0
2026-10-01,877449,99.0,0
2026-10-01,877830,108.0,0
2026-10-01,878011,33.0,0
2026-10-01,878068,20.0,0
2026-10-01,878069,15.0,0
2026-10-01,878070,15.0,0
2026-10-01,878299,25.0,0
2026-10-01,878482,56.0,0
2026-10-01,878526,62.5,0
2026-10-01,878629,15.5,0
2026-10-01,878630,15.5,0
2026-10-01,878784,6.3,0
2026-10-01,879163,20.5,0
2026-10-01,879253,53.0,0
2026-10-01,879280,26.0,0
2026-10-01,879361,16.9,0
2026-10-01,879486,242.0,0
2026-10-01,879534,15.9,0
2026-10-01,879553,55.0,0
2026-10-01,879589,21.8,0
2026-10-01,879603,30.0,0
2026-10-01,879683,33.5,0
2026-10-01,879725,72.0,0
2026-10-01,879749,72.0,0
2026-10-01,879859,273.0,0
2026-10-01,879864,123.0,0
2026-10-01,879992,101.0,0
2026-10-01,881124,34.0,0
2026-10-01,881770,21.8,0
2026-10-01,881790,21.8,0
2026-10-01,881894,50.0,0
2026-10-01,881918,50.6,0
2026-10-01,881998,15.8,0
2026-10-01,882000,16.0,0
2026-10-01,882057,12.0,0
2026-10-01,882659,6.5,0
2026-10-01,882664,7.5,0
2026-10-01,882674,7.5,0
2026-10-01,883088,13.0,0
2026-10-01,883089,14.0,0
2026-10-01,883250,3.2,0
2026-10-01,883251,3.2,0
2026-10-01,883256,86.0,0
2026-10-01,883327,27.0,0
2026-10-01,883415,135.0,0
2026-10-01,883416,36.0,0
2026-10-01,883629,7.0,0
2026-10-01,883695,21.5,0
2026-10-01,883699,21.5,0
2026-10-01,883756,20.0,0
2026-10-01,883761,19.0,0
2026-10-01,883776,27.0,0
2026-10-01,883865,21.0,0
2026-10-01,883942,20.0,0
2026-10-01,884006,39.0,0
2026-10-01,884011,25.0,0
2026-10-01,884084,18.0,0
2026-10-01,884419,316.0,0
2026-10-01,884828,128.0,0
2026-10-01,884888,80.0,0
2026-10-01,885332,44.0,0
2026-10-01,886901,63.0,0
2026-10-01,886902,25.0,0
2026-10-01,886903,17.0,0
2026-10-01,886948,26.0,0
2026-10-01,887050,25.4,0
2026-10-01,887065,19.8,0
2026-10-01,887070,18.3,0
2026-10-01,887252,58.0,0
2026-10-01,887619,4.0,0
2026-10-01,887646,13.0,0
2026-10-01,887653,14.0,0
2026-10-01,887711,29.9,0
2026-10-01,887902,21.0,0
2026-10-01,889053,13.0,0
2026-10-01,889140,43.0,0
2026-10-01,889352,220.0,0
2026-10-01,890097,37.0,0
2026-10-01,890586,32.5,0
2026-10-01,890591,32.5,0
2026-10-01,890725,52.5,0
2026-10-01,890829,66.3,0
2026-10-01,890844,5.5,0
2026-10-01,890859,5.5,0
2026-10-01,891184,75.0,0
2026-10-01,891272,47.5,0
2026-10-01,891287,49.5,0
2026-10-01,891303,130.0,0
2026-10-01,891306,130.0,0
2026-10-01,891309,159.0,0
2026-10-01,891310,219.0,0
2026-10-01,891312,91.0,0
2026-10-01,891313,258.0,0
2026-10-01,891314,110.0,0
2026-10-01,891376,10.5,0
2026-10-01,891402,17.0,0
2026-10-01,891416,19.0,0
2026-10-01,891419,30.0,0
2026-10-01,891421,67.0,0
2026-10-01,891425,197.5,0
2026-10-01,891433,30.0,0
2026-10-01,891440,21.0,0
2026-10-01,891442,26.0,0
2026-10-01,891821,79.0,0
2026-10-01,891856,33.9,0
2026-10-01,891950,21.5,0
2026-10-01,891990,4.5,0
2026-10-01,892017,4.5,0
2026-10-01,892022,4.5,0
2026-10-01,892082,10.0,0
2026-10-01,892260,11.0,0
2026-10-01,892606,323.0,0
2026-10-01,892755,64.5,0
2026-10-01,893837,96.0,0
2026-10-01,893839,269.0,0
2026-10-01,893840,18.0,0
2026-10-01,893842,60.0,0
2026-10-01,893848,125.0,0
2026-10-01,893864,33.0,0
2026-10-01,893874,65.0,0
2026-10-01,893889,120.0,0
2026-10-01,894411,92.0,0
2026-10-01,896217,94.5,0
2026-10-01,896346,187.0,0
2026-10-01,896540,20.0,0
2026-10-01,896737,289.0,0
2026-10-01,896782,92.0,0
2026-10-01,896984,32.8,0
2026-10-01,897394,5.4,0
2026-10-01,897522,48.5,0
2026-10-01,897592,48.5,0
2026-10-01,897846,72.0,0
2026-10-01,898228,44.0,0
2026-10-01,898233,44.0,0
2026-10-01,898406,72.0,0
2026-10-01,898920,8.5,0
2026-10-01,899402,48.0,0
2026-10-01,900040,8.9,0
2026-10-01,900101,99.0,0
2026-10-01,900103,96.0,0
2026-10-01,900104,99.0,0
2026-10-01,900198,10.0,0
2026-10-01,900199,20.0,0
2026-10-01,900808,14.0,0
2026-10-01,901218,230.0,0
2026-10-01,901976,33.0,0
2026-10-01,901999,40.6,0
2026-10-01,902019,33.5,0
2026-10-01,902466,48.0,0
2026-10-01,902470,18.5,0
2026-10-01,902523,39.0,0
2026-10-01,902620,34.5,0
2026-10-01,903520,99.0,0
2026-10-01,903906,3.5,0
2026-10-01,904083,10.9,0
2026-10-01,905021,36.0,0
2026-10-01,905451,60.0,0
2026-10-01,905453,105.0,0
2026-10-01,905454,69.0,0
2026-10-01,905457,15.0,0
2026-10-01,905458,14.0,0
2026-10-01,905650,8.0,0
2026-10-01,905652,70.0,0
2026-10-01,905708,72.0,0
2026-10-01,905709,96.0,0
2026-10-01,905710,98.0,0
2026-10-01,905711,130.0,0
2026-10-01,905766,83.0,0
2026-10-01,906096,15.0,0
2026-10-01,906097,27.0,0
2026-10-01,906403,70.0,0
2026-10-01,906405,55.0,0
2026-10-01,906421,15.0,0
2026-10-01,906422,92.0,0
2026-10-01,906424,12.0,0
2026-10-01,906426,14.0,0
2026-10-01,906427,97.0,0
2026-10-01,906428,16.0,0
2026-10-01,906429,9.0,0
2026-10-01,906458,23.0,0
2026-10-01,906471,10.0,0
2026-10-01,906473,12.0,0
2026-10-01,906483,13.0,0
2026-10-01,906489,9.0,0
2026-10-01,906496,37.0,0
2026-10-01,906636,17.0,0
2026-10-01,906637,105.0,0
2026-10-01,906642,16.0,0
2026-10-01,906649,11.5,0
2026-10-01,906651,17.0,0
2026-10-01,906728,80.0,0
2026-10-01,906799,8.5,0
2026-10-01,906858,62.0,0
2026-10-01,906957,18.0,0
2026-10-01,907138,66.0,0
2026-10-01,907213,51.0,0
2026-10-01,907214,74.0,0
2026-10-01,907238,21.0,0
2026-10-01,907685,7.5,0
2026-10-01,908058,263.0,0
2026-10-01,908565,10.0,0
2026-10-01,908567,230.0,0
2026-10-01,908588,160.0,0
2026-10-01,908602,35.9,0
2026-10-01,908604,35.9,0
2026-10-01,908724,35.0,0
2026-10-01,908727,180.0,0
2026-10-01,908733,20.0,0
2026-10-01,908734,62.0,0
2026-10-01,908771,9.9,0
2026-10-01,908773,50.0,0
2026-10-01,909389,52.0,0
2026-10-01,909816,72.0,0
2026-10-01,910019,55.0,0
2026-10-01,910065,108.0,0
2026-10-01,910194,28.0,0
2026-10-01,910206,110.0,0
2026-10-01,910368,9.6,0
2026-10-01,910978,26.9,0
2026-10-01,910980,28.0,0
2026-10-01,911905,148.0,0
2026-10-01,913368,12.0,0
2026-10-01,913371,12.0,0
2026-10-01,913995,66.0,0
2026-10-01,914024,35.0,0
2026-10-01,915400,9.9,0
2026-10-01,915464,52.0,0
2026-10-01,915794,24.5,0
2026-10-01,915798,34.0,0
2026-10-01,915799,22.0,0
2026-10-01,915800,13.0,0
2026-10-01,915802,18.0,0
2026-10-01,915805,19.0,0
2026-10-01,915812,24.5,0
2026-10-01,915814,12.0,0
2026-10-01,916647,49.0,0
2026-10-01,919316,67.0,0
2026-10-01,919317,42.0,0
2026-10-01,920081,89.0,0
2026-10-01,920086,99.0,0
2026-10-01,920099,18.0,0
2026-10-01,920120,61.0,0
2026-10-01,920126,19.0,0
2026-10-01,920127,18.5,0
2026-10-01,920147,8.0,0
2026-10-01,920148,7.0,0
2026-10-01,920822,14.5,0
2026-10-01,920823,11.0,0
2026-10-01,920826,13.5,0
2026-10-01,920859,15.0,0
2026-10-01,920862,23.0,0
2026-10-01,920863,18.5,0
2026-10-01,920865,92.0,0
2026-10-01,920868,79.0,0
2026-10-01,921093,15.5,0
2026-10-01,921228,7.9,0
2026-10-01,921339,60.0,0
2026-10-01,921346,21.0,0
2026-10-01,921532,93.0,0
2026-10-01,921533,63.0,0
2026-10-01,921534,96.0,0
2026-10-01,921535,99.0,0
2026-10-01,921808,34.0,0
2026-10-01,921814,12.5,0
2026-10-01,921818,29.0,0
2026-10-01,921819,17.0,0
2026-10-01,921883,54.0,0
2026-10-01,921887,289.0,0
2026-10-01,924176,24.0,0
2026-10-01,924734,82.0,0
2026-10-01,924809,4.0,0
2026-10-01,924811,4.0,0
2026-10-01,925575,30.0,0
2026-10-01,928584,55.0,0
2026-10-01,928970,10.5,0
2026-10-01,928971,72.0,0
2026-10-01,929022,18.0,0
2026-10-01,929023,13.0,0
2026-10-01,929672,11.5,0
2026-10-01,929677,82.0,0
2026-10-01,929797,10.0,0
2026-10-01,929849,7.0,0
2026-10-01,930132,46.0,0
2026-10-01,930293,8.0,0
2026-10-01,930295,8.0,0
2026-10-01,930306,85.0,0
2026-10-01,930307,69.0,0
2026-10-01,931007,17.0,0
2026-10-01,931488,25.5,0
2026-10-01,931489,22.5,0
2026-10-01,931491,99.0,0
2026-10-01,931510,14.0,0
2026-10-01,932021,15.5,0
2026-10-01,932032,6.5,0
2026-10-01,932752,15.0,0
2026-10-01,932755,5.0,0
2026-10-01,938876,24.0,0
2026-10-01,939581,3.0,0
2026-10-01,940047,10.5,0
2026-10-01,945966,23.0,0
2026-10-01,947239,12.0,0
2026-10-01,947244,18.0,0
2026-10-01,947245,28.0,0
2026-10-01,947248,28.0,0
2026-10-01,947354,220.0,0
2026-10-01,947355,74.0,0
2026-10-01,947364,115.0,0
2026-10-01,947365,110.0,0
2026-10-01,947366,99.0,0
2026-10-01,947367,85.0,0
2026-10-01,947369,162.0,0
2026-10-01,947376,304.0,0
2026-10-01,947529,20.0,0
2026-10-01,947531,17.0,0
2026-10-01,947532,21.5,0
2026-10-01,947533,26.0,0
2026-10-01,947534,12.0,0
2026-10-01,947537,23.0,0
2026-10-01,947538,17.5,0
2026-10-01,947539,12.0,0
2026-10-01,947540,19.5,0
2026-10-01,947541,24.5,0
2026-10-01,947906,205.0,0
2026-10-01,948326,79.0,0
2026-10-01,948327,78.0,0
2026-10-01,948948,6.5,0
2026-10-01,950466,12.0,0
2026-10-01,950520,121.0,0
2026-10-01,951157,224.0,0
2026-10-01,951414,27.0,0
2026-10-01,951543,29.9,0
2026-10-01,951556,48.0,0
2026-10-01,951557,43.0,0
2026-10-01,951807,74.0,0
2026-10-01,952694,21.0,0
2026-10-01,954009,20.0,0
2026-10-01,954997,79.0,0
2026-10-01,956809,41.0,0
2026-10-01,957048,41.0,0
2026-10-01,957049,50.0,0
2026-10-01,957074,5.0,0
2026-10-01,957708,23.0,0
2026-10-01,959610,14.0,0
2026-10-01,959621,22.0,0
2026-10-01,959622,26.0,0
2026-10-01,959628,36.0,0
2026-10-01,960021,7.9,0
2026-10-01,960146,274.9,0
2026-10-01,960342,87.5,0
2026-10-01,960631,44.9,0
2026-10-01,960670,26.0,0
2026-10-01,960838,11.0,0
2026-10-01,960839,11.0,0
2026-10-01,960840,11.0,0
2026-10-01,960952,30.0,0
2026-10-01,964764,114.0,0
2026-10-01,964780,12.0,0
2026-10-01,969636,31.0,0
2026-10-01,970541,9.5,0
2026-10-01,970543,8.0,0
2026-10-01,971345,5.5,0
2026-10-01,971456,17.0,0
2026-10-01,971464,8.0,0
2026-10-01,971501,18.5,0
2026-10-01,972689,34.0,0
2026-10-01,974250,12.0,0
2026-10-01,974251,12.0,0
2026-10-01,974256,13.0,0
2026-10-01,976418,2.0,0
2026-10-01,979273,12.0,0
2026-10-01,979274,12.0,0
2026-10-01,979996,61.0,0
2026-10-01,980105,11.0,0
2026-10-01,980295,10.0,0
2026-10-01,980297,10.0,0
2026-10-01,980323,20.0,0
2026-10-01,980598,8.0,0
2026-10-01,980651,60.0,0
2026-10-01,981637,26.0,0
2026-10-01,981638,26.0,0
2026-10-01,981639,31.0,0
2026-10-01,981640,46.0,0
2026-10-01,981642,19.0,0
2026-10-01,981643,26.0,0
2026-10-01,981766,10.0,0
2026-10-01,981768,28.0,0
2026-10-01,981769,42.0,0
2026-10-01,982228,20.0,0
2026-10-01,982551,71.0,0
2026-10-01,983260,10.0,0
2026-10-01,983262,22.0,0
2026-10-01,983267,15.0,0
2026-10-01,983448,23.0,0
2026-10-01,983685,26.0,0
2026-10-01,983686,41.0,0
2026-10-01,983709,43.0,0
2026-10-01,983710,43.0,0
2026-10-01,984248,50.0,0
2026-10-01,984400,36.0,0
2026-10-01,984924,19.5,0
2026-10-01,984993,16.0,0
2026-10-01,986389,32.0,0
2026-10-01,986390,57.0,0
2026-10-01,986406,44.0,0
2026-10-01,986708,226.0,0
2026-10-01,987976,110.0,0
2026-10-01,990364,35.0,0
2026-10-01,990548,99.0,0
2026-10-01,990682,21.0,0
2026-10-01,991288,3.0,0
2026-10-01,991289,3.0,0
2026-10-01,991502,31.5,0
2026-10-01,991503,43.0,0
2026-10-01,991504,79.0,0
2026-10-01,991505,74.0,0
2026-10-01,992564,70.0,0
2026-10-01,992625,29.0,0
2026-10-01,993290,19.0,0
2026-10-01,993291,22.0,0
2026-10-01,993293,89.0,0
2026-10-01,993303,27.0,0
2026-10-01,993381,39.0,0
2026-10-01,993519,16.5,0
2026-10-01,993675,99.0,0
2026-10-01,993945,14.0,0
2026-10-01,993954,17.0,0
2026-10-01,993955,18.0,0
2026-10-01,993959,36.0,0
2026-10-01,993978,12.0,0
2026-10-01,993979,10.0,0
2026-10-01,994446,157.0,0
2026-10-01,994819,15.0,0
2026-10-01,995109,11.5,0
2026-10-01,995207,32.0,0
2026-10-01,995281,12.6,0
2026-10-01,995287,10.0,0
2026-10-01,995529,15.0,0
2026-10-01,995762,21.0,0
2026-10-01,996295,5.0,0
2026-10-01,996297,5.0,0
2026-10-01,996304,40.0,0
2026-10-01,996702,17.0,0
2026-10-01,996703,17.5,0
2026-10-01,996942,39.0,0
2026-10-01,999259,48.0,0
2026-10-01,999953,11.0,0
