fecha,id_producto,precio
2026-10-01 00:00:00,56915,17.91
2026-10-01 00:00:00,54667,14.04
2026-10-01 00:00:00,56914,44.91
2026-10-01 00:00:00,64750,116.91
2026-10-01 00:00:00,56879,101.61
2026-10-01 00:00:00,56880,4.5
2026-10-01 00:00:00,64284,95.31
2026-10-01 00:00:00,15933,42.9
2026-10-01 00:00:00,16812,34.9
2026-10-01 00:00:00,63828,359.1
2026-10-01 00:00:00,59409,1269.0
2026-10-01 00:00:00,59407,1519.0
2026-10-01 00:00:00,59461,1469.0
2026-10-01 00:00:00,63272,8.45
2026-10-01 00:00:00,63274,7.45
2026-10-01 00:00:00,63273,7.45
2026-10-01 00:00:00,56334,230.4
2026-10-01 00:00:00,64293,54.9
2026-10-01 00:00:00,47666,319.0
2026-10-01 00:00:00,58192,549.0
2026-10-01 00:00:00,18728,367.2
2026-10-01 00:00:00,54664,23.76
2026-10-01 00:00:00,56513,18.81
2026-10-01 00:00:00,54668,18.81
2026-10-01 00:00:00,56510,18.09
2026-10-01 00:00:00,56511,23.31
2026-10-01 00:00:00,56512,42.75
2026-10-01 00:00:00,56506,29.97
2026-10-01 00:00:00,20818,27.81
2026-10-01 00:00:00,64233,12.51
2026-10-01 00:00:00,64232,7.11
2026-10-01 00:00:00,64231,7.11
2026-10-01 00:00:00,63236,2.52
2026-10-01 00:00:00,56900,1.8
2026-10-01 00:00:00,56901,1.8
2026-10-01 00:00:00,51851,185.4
2026-10-01 00:00:00,56883,4.5
2026-10-01 00:00:00,27643,34.9
2026-10-01 00:00:00,64288,289.0
2026-10-01 00:00:00,60590,3.51
2026-10-01 00:00:00,60592,5.31
2026-10-01 00:00:00,56507,42.48
2026-10-01 00:00:00,35027,35.91
2026-10-01 00:00:00,63838,11.61
2026-10-01 00:00:00,64665,1.35
2026-10-01 00:00:00,64664,1.35
2026-10-01 00:00:00,64663,15.21
2026-10-01 00:00:00,53475,44.91
2026-10-01 00:00:00,21089,14.31
2026-10-01 00:00:00,53023,71.91
2026-10-01 00:00:00,64236,33.91
2026-10-01 00:00:00,53033,224.91
2026-10-01 00:00:00,27988,23.31
2026-10-01 00:00:00,27994,20.61
2026-10-01 00:00:00,27991,22.41
2026-10-01 00:00:00,27992,22.41
2026-10-01 00:00:00,53068,52.9
2026-10-01 00:00:00,58064,60.9
2026-10-01 00:00:00,51645,71.91
2026-10-01 00:00:00,13211,86.4
2026-10-01 00:00:00,16581,62.91
2026-10-01 00:00:00,17326,21.16
2026-10-01 00:00:00,15944,302.4
2026-10-01 00:00:00,13347,67.41
2026-10-01 00:00:00,62012,116.91
2026-10-01 00:00:00,62010,107.91
2026-10-01 00:00:00,62006,166.9
2026-10-01 00:00:00,20815,69.21
2026-10-01 00:00:00,27658,15.21
2026-10-01 00:00:00,27659,24.21
2026-10-01 00:00:00,24590,55.17
2026-10-01 00:00:00,4142,127.42
2026-10-01 00:00:00,64042,48.36
2026-10-01 00:00:00,14134,59.42
2026-10-01 00:00:00,64105,25.41
2026-10-01 00:00:00,7065,85.6
2026-10-01 00:00:00,25782,49.9
2026-10-01 00:00:00,50287,62.91
2026-10-01 00:00:00,17273,59.42
2026-10-01 00:00:00,58117,42.41
2026-10-01 00:00:00,50291,62.91
2026-10-01 00:00:00,56933,69.9
2026-10-01 00:00:00,58062,60.9
2026-10-01 00:00:00,58060,69.9
2026-10-01 00:00:00,58059,69.9
2026-10-01 00:00:00,56934,73.9
2026-10-01 00:00:00,56535,87.21
2026-10-01 00:00:00,1827,199.9
2026-10-01 00:00:00,53686,299.9
2026-10-01 00:00:00,52054,59.42
2026-10-01 00:00:00,64092,67.92
2026-10-01 00:00:00,64091,76.42
2026-10-01 00:00:00,24601,42.41
2026-10-01 00:00:00,64247,170.91
2026-10-01 00:00:00,50442,35.91
2026-10-01 00:00:00,48231,351.4
2026-10-01 00:00:00,64071,29.66
2026-10-01 00:00:00,54642,69.9
2026-10-01 00:00:00,52355,249.9
2026-10-01 00:00:00,53805,62.91
2026-10-01 00:00:00,53804,62.91
2026-10-01 00:00:00,18700,152.91
2026-10-01 00:00:00,56502,89.91
2026-10-01 00:00:00,65021,287.0
2026-10-01 00:00:00,62472,1035.0
2026-10-01 00:00:00,34423,479.0
2026-10-01 00:00:00,15576,33.21
2026-10-01 00:00:00,27907,24.21
2026-10-01 00:00:00,29139,44.91
2026-10-01 00:00:00,29140,49.41
2026-10-01 00:00:00,29141,66.9
2026-10-01 00:00:00,27978,25.11
2026-10-01 00:00:00,63814,58.41
2026-10-01 00:00:00,20811,0.31
2026-10-01 00:00:00,20809,1.26
2026-10-01 00:00:00,20819,1.08
2026-10-01 00:00:00,20820,0.54
2026-10-01 00:00:00,20821,0.36
2026-10-01 00:00:00,50777,171.9
2026-10-01 00:00:00,26440,79.9
2026-10-01 00:00:00,17025,49.9
2026-10-01 00:00:00,50776,89.9
2026-10-01 00:00:00,20494,19.71
2026-10-01 00:00:00,55746,7.65
2026-10-01 00:00:00,62915,6.3
2026-10-01 00:00:00,64763,2.31
2026-10-01 00:00:00,64756,1.53
2026-10-01 00:00:00,64757,1.73
2026-10-01 00:00:00,64759,1.53
2026-10-01 00:00:00,64761,2.69
2026-10-01 00:00:00,64758,1.35
2026-10-01 00:00:00,64760,2.61
2026-10-01 00:00:00,62924,0.9
2026-10-01 00:00:00,62916,8.1
2026-10-01 00:00:00,55581,107.91
2026-10-01 00:00:00,52305,44.91
2026-10-01 00:00:00,63757,42.21
2026-10-01 00:00:00,50016,149.9
2026-10-01 00:00:00,39298,1424.05
2026-10-01 00:00:00,65026,167.0
2026-10-01 00:00:00,59389,1569.0
2026-10-01 00:00:00,20492,31.41
2026-10-01 00:00:00,64069,424.15
2026-10-01 00:00:00,25749,31.41
2026-10-01 00:00:00,25750,31.41
2026-10-01 00:00:00,56295,14.9
2026-10-01 00:00:00,62047,9.81
2026-10-01 00:00:00,61144,25.11
2026-10-01 00:00:00,61138,8.91
2026-10-01 00:00:00,61140,33.21
2026-10-01 00:00:00,61139,26.91
2026-10-01 00:00:00,21389,11.61
2026-10-01 00:00:00,63160,279.93
2026-10-01 00:00:00,63161,230.93
2026-10-01 00:00:00,63158,279.93
2026-10-01 00:00:00,25515,359.92
2026-10-01 00:00:00,52053,59.42
2026-10-01 00:00:00,63159,349.93
2026-10-01 00:00:00,56555,251.91
2026-10-01 00:00:00,25859,224.91
2026-10-01 00:00:00,8280,474.3
2026-10-01 00:00:00,65023,149.0
2026-10-01 00:00:00,53873,299.9
2026-10-01 00:00:00,14648,332.91
2026-10-01 00:00:00,24551,399.0
2026-10-01 00:00:00,13817,539.1
2026-10-01 00:00:00,24667,152.91
2026-10-01 00:00:00,18723,179.91
2026-10-01 00:00:00,18722,143.91
2026-10-01 00:00:00,13816,314.1
2026-10-01 00:00:00,51849,62.91
2026-10-01 00:00:00,34152,10.71
2026-10-01 00:00:00,53806,161.1
2026-10-01 00:00:00,29145,188.91
2026-10-01 00:00:00,34145,20.61
2026-10-01 00:00:00,34072,17.91
2026-10-01 00:00:00,29146,22.41
2026-10-01 00:00:00,29147,26.91
2026-10-01 00:00:00,29148,24.21
2026-10-01 00:00:00,29149,31.41
2026-10-01 00:00:00,27951,17.91
2026-10-01 00:00:00,27952,17.91
2026-10-01 00:00:00,34073,51.21
2026-10-01 00:00:00,60554,4.5
2026-10-01 00:00:00,64672,3.6
2026-10-01 00:00:00,64673,9.81
2026-10-01 00:00:00,64674,10.71
2026-10-01 00:00:00,20440,3.42
2026-10-01 00:00:00,34155,7.65
2026-10-01 00:00:00,21099,21.51
2026-10-01 00:00:00,9086,35.91
2026-10-01 00:00:00,20431,11.61
2026-10-01 00:00:00,64331,44.91
2026-10-01 00:00:00,20439,4.95
2026-10-01 00:00:00,34153,14.31
2026-10-01 00:00:00,29150,71.91
2026-10-01 00:00:00,29151,80.91
2026-10-01 00:00:00,21100,20.61
2026-10-01 00:00:00,13693,4.5
2026-10-01 00:00:00,13692,26.91
2026-10-01 00:00:00,55743,10.53
2026-10-01 00:00:00,21098,21.51
2026-10-01 00:00:00,9112,98.91
2026-10-01 00:00:00,54657,1.8
2026-10-01 00:00:00,53374,19.71
2026-10-01 00:00:00,27286,143.92
2026-10-01 00:00:00,25107,179.1
2026-10-01 00:00:00,33484,76.41
2026-10-01 00:00:00,31673,71.91
2026-10-01 00:00:00,31672,80.91
2026-10-01 00:00:00,62211,98.91
2026-10-01 00:00:00,8281,76.5
2026-10-01 00:00:00,24691,49.0
2026-10-01 00:00:00,17299,59.42
2026-10-01 00:00:00,26777,59.42
2026-10-01 00:00:00,17301,9.27
2026-10-01 00:00:00,64062,13.52
2026-10-01 00:00:00,64063,12.67
2026-10-01 00:00:00,17291,16.91
2026-10-01 00:00:00,17292,16.06
2026-10-01 00:00:00,64064,19.46
2026-10-01 00:00:00,17766,19.46
2026-10-01 00:00:00,17295,29.66
2026-10-01 00:00:00,17298,38.16
2026-10-01 00:00:00,52033,16.91
2026-10-01 00:00:00,17288,10.96
2026-10-01 00:00:00,64061,18.61
2026-10-01 00:00:00,17287,18.61
2026-10-01 00:00:00,17294,25.41
2026-10-01 00:00:00,17319,10.96
2026-10-01 00:00:00,17317,39.86
2026-10-01 00:00:00,13029,59.9
2026-10-01 00:00:00,13028,45.81
2026-10-01 00:00:00,12080,59.42
2026-10-01 00:00:00,13030,55.67
2026-10-01 00:00:00,12081,66.22
2026-10-01 00:00:00,17318,9.27
2026-10-01 00:00:00,17320,11.82
2026-10-01 00:00:00,17304,10.96
2026-10-01 00:00:00,17322,11.82
2026-10-01 00:00:00,17306,14.36
2026-10-01 00:00:00,64065,9.78
2026-10-01 00:00:00,17308,13.18
2026-10-01 00:00:00,17307,16.91
2026-10-01 00:00:00,58036,7.8
2026-10-01 00:00:00,17310,19.46
2026-10-01 00:00:00,17309,16.91
2026-10-01 00:00:00,17312,24.5
2026-10-01 00:00:00,17311,18.7
2026-10-01 00:00:00,64066,18.7
2026-10-01 00:00:00,17314,25.41
2026-10-01 00:00:00,64067,29.66
2026-10-01 00:00:00,17316,33.91
2026-10-01 00:00:00,17315,30.52
2026-10-01 00:00:00,24690,33.21
2026-10-01 00:00:00,44014,17.91
2026-10-01 00:00:00,62063,110.0
2026-10-01 00:00:00,19216,25.2
2026-10-01 00:00:00,8284,199.8
2026-10-01 00:00:00,8285,220.5
2026-10-01 00:00:00,56376,340.2
2026-10-01 00:00:00,50761,172.8
2026-10-01 00:00:00,50729,51.3
2026-10-01 00:00:00,19215,20.7
2026-10-01 00:00:00,49690,237.6
2026-10-01 00:00:00,6589,428.4
2026-10-01 00:00:00,64057,12.67
2026-10-01 00:00:00,17764,19.46
2026-10-01 00:00:00,17281,8.42
2026-10-01 00:00:00,17282,14.36
2026-10-01 00:00:00,24641,16.91
2026-10-01 00:00:00,64056,50.91
2026-10-01 00:00:00,15910,109.9
2026-10-01 00:00:00,64490,17.01
2026-10-01 00:00:00,64491,26.91
2026-10-01 00:00:00,64494,6.21
2026-10-01 00:00:00,64493,10.71
2026-10-01 00:00:00,64492,12.51
2026-10-01 00:00:00,15623,133.2
2026-10-01 00:00:00,15624,194.4
2026-10-01 00:00:00,51838,149.9
2026-10-01 00:00:00,51898,42.9
2026-10-01 00:00:00,51837,89.9
2026-10-01 00:00:00,8129,24.6
2026-10-01 00:00:00,8650,21.6
2026-10-01 00:00:00,16687,59.9
2026-10-01 00:00:00,15943,107.94
2026-10-01 00:00:00,8077,34.2
2026-10-01 00:00:00,57765,39.51
2026-10-01 00:00:00,64335,39.9
2026-10-01 00:00:00,24696,17.91
2026-10-01 00:00:00,24693,24.21
2026-10-01 00:00:00,51848,17.91
2026-10-01 00:00:00,31793,30.51
2026-10-01 00:00:00,31777,44.91
2026-10-01 00:00:00,44013,13.41
2026-10-01 00:00:00,44017,17.91
2026-10-01 00:00:00,44016,24.21
2026-10-01 00:00:00,64058,6.71
2026-10-01 00:00:00,17283,10.96
2026-10-01 00:00:00,20321,4.41
2026-10-01 00:00:00,20320,8.91
2026-10-01 00:00:00,8114,144.0
2026-10-01 00:00:00,58042,233.91
2026-10-01 00:00:00,42264,59.9
2026-10-01 00:00:00,8087,30.0
2026-10-01 00:00:00,64495,8.01
2026-10-01 00:00:00,51822,21.0
2026-10-01 00:00:00,50789,35.9
2026-10-01 00:00:00,50790,43.9
2026-10-01 00:00:00,56929,33.9
2026-10-01 00:00:00,50788,35.9
2026-10-01 00:00:00,49463,80.1
2026-10-01 00:00:00,49252,119.7
2026-10-01 00:00:00,13205,1296.0
2026-10-01 00:00:00,16238,391.8
2026-10-01 00:00:00,15902,451.8
2026-10-01 00:00:00,16239,999.9
2026-10-01 00:00:00,8085,102.0
2026-10-01 00:00:00,56342,175.0
2026-10-01 00:00:00,8082,129.6
2026-10-01 00:00:00,8079,68.4
2026-10-01 00:00:00,8088,64.8
2026-10-01 00:00:00,8237,81.9
2026-10-01 00:00:00,8622,139.5
2026-10-01 00:00:00,8679,203.4
2026-10-01 00:00:00,8625,189.0
2026-10-01 00:00:00,8621,271.0
2026-10-01 00:00:00,8617,51.3
2026-10-01 00:00:00,8620,56.7
2026-10-01 00:00:00,8618,108.0
2026-10-01 00:00:00,8115,80.0
2026-10-01 00:00:00,50743,49.9
2026-10-01 00:00:00,62189,266.0
2026-10-01 00:00:00,8726,64.8
2026-10-01 00:00:00,15620,40.8
2026-10-01 00:00:00,26944,48.36
2026-10-01 00:00:00,26772,84.92
2026-10-01 00:00:00,50873,35.5
2026-10-01 00:00:00,38371,107.91
2026-10-01 00:00:00,27793,48.36
2026-10-01 00:00:00,26945,84.92
2026-10-01 00:00:00,26770,101.92
2026-10-01 00:00:00,15785,189.9
2026-10-01 00:00:00,64174,53.91
2026-10-01 00:00:00,51859,4.72
2026-10-01 00:00:00,51860,6.32
2026-10-01 00:00:00,56936,11.92
2026-10-01 00:00:00,65241,24.9
2026-10-01 00:00:00,56283,4.41
2026-10-01 00:00:00,8098,309.9
2026-10-01 00:00:00,17160,7.92
2026-10-01 00:00:00,27665,99.9
2026-10-01 00:00:00,29153,80.91
2026-10-01 00:00:00,27663,99.9
2026-10-01 00:00:00,27664,179.91
2026-10-01 00:00:00,29154,80.91
2026-10-01 00:00:00,44861,71.91
2026-10-01 00:00:00,44859,80.91
2026-10-01 00:00:00,29283,80.91
2026-10-01 00:00:00,64264,35.91
2026-10-01 00:00:00,64262,53.91
2026-10-01 00:00:00,64263,35.91
2026-10-01 00:00:00,64265,45.81
2026-10-01 00:00:00,27924,26.91
2026-10-01 00:00:00,54024,116.91
2026-10-01 00:00:00,54025,107.91
2026-10-01 00:00:00,54390,68.31
2026-10-01 00:00:00,54391,80.91
2026-10-01 00:00:00,28510,134.91
2026-10-01 00:00:00,28514,71.91
2026-10-01 00:00:00,28511,80.91
2026-10-01 00:00:00,28512,134.91
2026-10-01 00:00:00,53989,161.91
2026-10-01 00:00:00,53988,161.91
2026-10-01 00:00:00,53984,53.91
2026-10-01 00:00:00,53983,53.91
2026-10-01 00:00:00,53985,68.31
2026-10-01 00:00:00,54388,80.91
2026-10-01 00:00:00,54368,98.91
2026-10-01 00:00:00,53409,22.41
2026-10-01 00:00:00,17772,16.91
2026-10-01 00:00:00,20387,21.51
2026-10-01 00:00:00,20385,1.19
2026-10-01 00:00:00,58186,17.91
2026-10-01 00:00:00,14456,44.91
2026-10-01 00:00:00,65252,179.1
2026-10-01 00:00:00,31547,127.9
2026-10-01 00:00:00,27983,62.91
2026-10-01 00:00:00,63841,5.31
2026-10-01 00:00:00,61051,7.11
2026-10-01 00:00:00,52337,332.91
2026-10-01 00:00:00,25924,15.21
2026-10-01 00:00:00,20384,5.38
2026-10-01 00:00:00,63071,40.41
2026-10-01 00:00:00,14121,91.71
2026-10-01 00:00:00,29284,49.41
2026-10-01 00:00:00,29285,58.41
2026-10-01 00:00:00,29286,53.91
2026-10-01 00:00:00,29287,62.91
2026-10-01 00:00:00,29288,71.91
2026-10-01 00:00:00,3662,350.1
2026-10-01 00:00:00,2544,215.92
2026-10-01 00:00:00,30272,80.91
2026-10-01 00:00:00,6789,999.0
2026-10-01 00:00:00,30274,134.91
2026-10-01 00:00:00,30275,197.91
2026-10-01 00:00:00,30276,215.91
2026-10-01 00:00:00,30277,314.91
2026-10-01 00:00:00,30278,44.91
2026-10-01 00:00:00,30280,80.91
2026-10-01 00:00:00,30282,143.91
2026-10-01 00:00:00,55706,431.91
2026-10-01 00:00:00,16154,89.9
2026-10-01 00:00:00,16155,89.9
2026-10-01 00:00:00,16156,109.9
2026-10-01 00:00:00,16157,109.9
2026-10-01 00:00:00,16158,129.9
2026-10-01 00:00:00,16159,129.9
2026-10-01 00:00:00,31773,359.1
2026-10-01 00:00:00,24589,809.1
2026-10-01 00:00:00,33397,512.1
2026-10-01 00:00:00,24588,494.1
2026-10-01 00:00:00,52043,287.91
2026-10-01 00:00:00,64701,89.91
2026-10-01 00:00:00,64710,125.91
2026-10-01 00:00:00,64098,149.9
2026-10-01 00:00:00,3661,134.91
2026-10-01 00:00:00,31844,359.91
2026-10-01 00:00:00,26751,239.9
2026-10-01 00:00:00,52042,215.91
2026-10-01 00:00:00,52045,219.9
2026-10-01 00:00:00,58183,314.1
2026-10-01 00:00:00,12149,143.91
2026-10-01 00:00:00,12148,269.91
2026-10-01 00:00:00,12147,341.1
2026-10-01 00:00:00,63860,197.91
2026-10-01 00:00:00,52046,799.0
2026-10-01 00:00:00,42278,579.0
2026-10-01 00:00:00,26442,49.9
2026-10-01 00:00:00,26441,86.9
2026-10-01 00:00:00,26443,99.9
2026-10-01 00:00:00,31799,1349.1
2026-10-01 00:00:00,29322,674.1
2026-10-01 00:00:00,30307,206.91
2026-10-01 00:00:00,38476,323.91
2026-10-01 00:00:00,63285,2.45
2026-10-01 00:00:00,12348,1079.1
2026-10-01 00:00:00,56098,959.0
2026-10-01 00:00:00,56097,1299.0
2026-10-01 00:00:00,56096,1629.0
2026-10-01 00:00:00,12347,3329.1
2026-10-01 00:00:00,25855,1791.0
2026-10-01 00:00:00,12350,3990.0
2026-10-01 00:00:00,25851,4941.0
2026-10-01 00:00:00,7986,1159.0
2026-10-01 00:00:00,4324,1099.0
2026-10-01 00:00:00,27751,10791.0
2026-10-01 00:00:00,29319,3149.1
2026-10-01 00:00:00,19236,183.92
2026-10-01 00:00:00,64716,116.91
2026-10-01 00:00:00,63849,225.81
2026-10-01 00:00:00,64717,341.91
2026-10-01 00:00:00,19519,175.92
2026-10-01 00:00:00,4983,239.92
2026-10-01 00:00:00,20794,0.27
2026-10-01 00:00:00,20793,0.27
2026-10-01 00:00:00,38033,175.92
2026-10-01 00:00:00,30248,129.9
2026-10-01 00:00:00,17361,71.92
2026-10-01 00:00:00,1453,159.92
2026-10-01 00:00:00,7891,159.92
2026-10-01 00:00:00,6394,215.92
2026-10-01 00:00:00,6588,319.92
2026-10-01 00:00:00,54978,8.9
2026-10-01 00:00:00,51322,206.91
2026-10-01 00:00:00,51321,125.91
2026-10-01 00:00:00,34815,109.9
2026-10-01 00:00:00,57967,89.91
2026-10-01 00:00:00,57969,89.91
2026-10-01 00:00:00,57971,116.91
2026-10-01 00:00:00,57964,143.91
2026-10-01 00:00:00,57966,143.91
2026-10-01 00:00:00,57963,71.91
2026-10-01 00:00:00,57968,71.91
2026-10-01 00:00:00,64039,62.91
2026-10-01 00:00:00,52031,144.42
2026-10-01 00:00:00,58051,74.9
2026-10-01 00:00:00,57923,23.92
2026-10-01 00:00:00,57924,103.92
2026-10-01 00:00:00,55774,56.61
2026-10-01 00:00:00,39083,62.91
2026-10-01 00:00:00,64764,179.1
2026-10-01 00:00:00,64765,215.91
2026-10-01 00:00:00,31772,132.9
2026-10-01 00:00:00,63830,359.1
2026-10-01 00:00:00,33430,53.91
2026-10-01 00:00:00,56033,116.91
2026-10-01 00:00:00,56327,64.9
2026-10-01 00:00:00,63842,37.9
2026-10-01 00:00:00,56276,33.9
2026-10-01 00:00:00,29289,107.91
2026-10-01 00:00:00,29290,206.91
2026-10-01 00:00:00,29291,98.91
2026-10-01 00:00:00,29292,89.91
2026-10-01 00:00:00,27657,125.91
2026-10-01 00:00:00,64670,215.91
2026-10-01 00:00:00,64326,125.91
2026-10-01 00:00:00,39712,71.91
2026-10-01 00:00:00,39319,71.91
2026-10-01 00:00:00,64752,179.91
2026-10-01 00:00:00,64751,233.91
2026-10-01 00:00:00,64662,134.1
2026-10-01 00:00:00,15033,179.91
2026-10-01 00:00:00,63818,125.91
2026-10-01 00:00:00,39078,251.91
2026-10-01 00:00:00,63823,206.91
2026-10-01 00:00:00,63827,449.1
2026-10-01 00:00:00,63825,449.1
2026-10-01 00:00:00,39080,359.1
2026-10-01 00:00:00,15180,125.91
2026-10-01 00:00:00,63822,143.91
2026-10-01 00:00:00,63824,287.91
2026-10-01 00:00:00,63826,233.91
2026-10-01 00:00:00,64327,53.91
2026-10-01 00:00:00,64328,76.41
2026-10-01 00:00:00,64329,116.91
2026-10-01 00:00:00,31771,99.9
2026-10-01 00:00:00,31770,121.9
2026-10-01 00:00:00,55777,28.71
2026-10-01 00:00:00,55788,56.61
2026-10-01 00:00:00,56032,92.61
2026-10-01 00:00:00,55778,102.9
2026-10-01 00:00:00,31769,125.9
2026-10-01 00:00:00,56275,121.9
2026-10-01 00:00:00,56281,85.9
2026-10-01 00:00:00,55776,112.9
2026-10-01 00:00:00,55773,32.31
2026-10-01 00:00:00,53160,47.61
2026-10-01 00:00:00,65249,170.91
2026-10-01 00:00:00,65251,152.91
2026-10-01 00:00:00,63820,116.91
2026-10-01 00:00:00,39321,143.91
2026-10-01 00:00:00,63819,116.91
2026-10-01 00:00:00,63821,116.91
2026-10-01 00:00:00,39323,80.91
2026-10-01 00:00:00,56277,77.9
2026-10-01 00:00:00,63835,98.91
2026-10-01 00:00:00,53162,258.21
2026-10-01 00:00:00,55787,80.91
2026-10-01 00:00:00,53161,123.21
2026-10-01 00:00:00,39324,251.91
2026-10-01 00:00:00,65242,89.91
2026-10-01 00:00:00,63848,92.61
2026-10-01 00:00:00,56274,152.9
2026-10-01 00:00:00,33428,44.91
2026-10-01 00:00:00,25875,152.91
2026-10-01 00:00:00,31768,200.9
2026-10-01 00:00:00,55784,188.01
2026-10-01 00:00:00,33431,143.91
2026-10-01 00:00:00,33432,179.91
2026-10-01 00:00:00,39322,161.91
2026-10-01 00:00:00,39325,249.9
2026-10-01 00:00:00,56237,161.42
2026-10-01 00:00:00,34796,26.1
2026-10-01 00:00:00,13421,44.1
2026-10-01 00:00:00,26934,89.1
2026-10-01 00:00:00,26935,36.9
2026-10-01 00:00:00,51940,24.3
2026-10-01 00:00:00,50745,309.0
2026-10-01 00:00:00,52696,107.91
2026-10-01 00:00:00,42266,197.91
2026-10-01 00:00:00,10501,32.31
2026-10-01 00:00:00,10502,37.71
2026-10-01 00:00:00,32379,872.1
2026-10-01 00:00:00,5018,1709.1
2026-10-01 00:00:00,63811,44.91
2026-10-01 00:00:00,59330,1359.0
2026-10-01 00:00:00,62470,929.0
2026-10-01 00:00:00,21287,2249.0
2026-10-01 00:00:00,64053,314.41
2026-10-01 00:00:00,4406,314.41
2026-10-01 00:00:00,64704,31.41
2026-10-01 00:00:00,15926,36.0
2026-10-01 00:00:00,15930,39.0
2026-10-01 00:00:00,50780,34.11
2026-10-01 00:00:00,33433,50.91
2026-10-01 00:00:00,50289,34.11
2026-10-01 00:00:00,58041,35.91
2026-10-01 00:00:00,56551,175.41
2026-10-01 00:00:00,26942,67.92
2026-10-01 00:00:00,8195,134.91
2026-10-01 00:00:00,64878,629.1
2026-10-01 00:00:00,51823,206.91
2026-10-01 00:00:00,15925,37.8
2026-10-01 00:00:00,15924,40.8
2026-10-01 00:00:00,52052,67.92
2026-10-01 00:00:00,50782,160.9
2026-10-01 00:00:00,51942,66.9
2026-10-01 00:00:00,50781,39.9
2026-10-01 00:00:00,57496,197.91
2026-10-01 00:00:00,50778,69.9
2026-10-01 00:00:00,8196,224.91
2026-10-01 00:00:00,59364,239.0
2026-10-01 00:00:00,52714,251.91
2026-10-01 00:00:00,53043,76.42
2026-10-01 00:00:00,64275,169.91
2026-10-01 00:00:00,53017,144.42
2026-10-01 00:00:00,10748,118.92
2026-10-01 00:00:00,62205,169.91
2026-10-01 00:00:00,12804,118.92
2026-10-01 00:00:00,62204,152.92
2026-10-01 00:00:00,52324,169.91
2026-10-01 00:00:00,29294,107.91
2026-10-01 00:00:00,13373,44.91
2026-10-01 00:00:00,64645,152.92
2026-10-01 00:00:00,52894,203.92
2026-10-01 00:00:00,31775,389.0
2026-10-01 00:00:00,65244,413.1
2026-10-01 00:00:00,65243,404.1
2026-10-01 00:00:00,65235,377.1
2026-10-01 00:00:00,64748,404.91
2026-10-01 00:00:00,65253,215.1
2026-10-01 00:00:00,16240,126.0
2026-10-01 00:00:00,50796,70.9
2026-10-01 00:00:00,8089,109.9
2026-10-01 00:00:00,56344,126.0
2026-10-01 00:00:00,51850,165.15
2026-10-01 00:00:00,13175,107.94
2026-10-01 00:00:00,11495,99.9
2026-10-01 00:00:00,53217,11.61
2026-10-01 00:00:00,53298,13.41
2026-10-01 00:00:00,54405,206.91
2026-10-01 00:00:00,64267,62.91
2026-10-01 00:00:00,64669,29.61
2026-10-01 00:00:00,56042,29.9
2026-10-01 00:00:00,54136,98.91
2026-10-01 00:00:00,54137,62.91
2026-10-01 00:00:00,64258,7.11
2026-10-01 00:00:00,29909,44.91
2026-10-01 00:00:00,54133,17.91
2026-10-01 00:00:00,53299,13.41
2026-10-01 00:00:00,53216,11.61
2026-10-01 00:00:00,53214,13.41
2026-10-01 00:00:00,53215,13.41
2026-10-01 00:00:00,54647,260.91
2026-10-01 00:00:00,54646,94.9
2026-10-01 00:00:00,54648,188.91
2026-10-01 00:00:00,64291,188.91
2026-10-01 00:00:00,64290,260.91
2026-10-01 00:00:00,53979,116.91
2026-10-01 00:00:00,31677,71.91
2026-10-01 00:00:00,31675,71.91
2026-10-01 00:00:00,53978,116.91
2026-10-01 00:00:00,11510,242.91
2026-10-01 00:00:00,60587,71.91
2026-10-01 00:00:00,56450,116.91
2026-10-01 00:00:00,34794,447.2
2026-10-01 00:00:00,25127,143.1
2026-10-01 00:00:00,25128,260.1
2026-10-01 00:00:00,20635,799.2
2026-10-01 00:00:00,62218,98.91
2026-10-01 00:00:00,53155,80.91
2026-10-01 00:00:00,31676,71.91
2026-10-01 00:00:00,11144,76.41
2026-10-01 00:00:00,53600,12.51
2026-10-01 00:00:00,64259,17.91
2026-10-01 00:00:00,56269,26.91
2026-10-01 00:00:00,53976,12.51
2026-10-01 00:00:00,62210,71.91
2026-10-01 00:00:00,53982,26.91
2026-10-01 00:00:00,64268,78.21
2026-10-01 00:00:00,64269,28.71
2026-10-01 00:00:00,31667,350.1
2026-10-01 00:00:00,60962,116.91
2026-10-01 00:00:00,64622,71.91
2026-10-01 00:00:00,64282,62.91
2026-10-01 00:00:00,29908,134.91
2026-10-01 00:00:00,62231,44.91
2026-10-01 00:00:00,54649,62.91
2026-10-01 00:00:00,64257,116.91
2026-10-01 00:00:00,33427,5.31
2026-10-01 00:00:00,64274,44.91
2026-10-01 00:00:00,64679,71.91
2026-10-01 00:00:00,53154,11.61
2026-10-01 00:00:00,64273,62.91
2026-10-01 00:00:00,54135,62.91
2026-10-01 00:00:00,60564,53.91
2026-10-01 00:00:00,60566,116.91
2026-10-01 00:00:00,65234,49.9
2026-10-01 00:00:00,55747,26.91
2026-10-01 00:00:00,31678,71.91
2026-10-01 00:00:00,56798,58.41
2026-10-01 00:00:00,53977,116.91
2026-10-01 00:00:00,62212,44.91
2026-10-01 00:00:00,54134,116.91
2026-10-01 00:00:00,64292,149.9
2026-10-01 00:00:00,56797,17.01
2026-10-01 00:00:00,53164,109.95
2026-10-01 00:00:00,53597,22.41
2026-10-01 00:00:00,62173,26.91
2026-10-01 00:00:00,53598,6.21
2026-10-01 00:00:00,64266,9.81
2026-10-01 00:00:00,53970,12.51
2026-10-01 00:00:00,64272,4.41
2026-10-01 00:00:00,53971,16.11
2026-10-01 00:00:00,54026,24.21
2026-10-01 00:00:00,53972,31.41
2026-10-01 00:00:00,53599,8.91
2026-10-01 00:00:00,53596,21.51
2026-10-01 00:00:00,17019,31.41
2026-10-01 00:00:00,17020,49.9
2026-10-01 00:00:00,17021,79.9
2026-10-01 00:00:00,56799,98.91
2026-10-01 00:00:00,56651,26.91
2026-10-01 00:00:00,63762,62.91
2026-10-01 00:00:00,21085,39.9
2026-10-01 00:00:00,31559,107.91
2026-10-01 00:00:00,64657,62.91
2026-10-01 00:00:00,64659,179.1
2026-10-01 00:00:00,56893,89.9
2026-10-01 00:00:00,56557,73.71
2026-10-01 00:00:00,27717,17.91
2026-10-01 00:00:00,27720,8.91
2026-10-01 00:00:00,27728,8.91
2026-10-01 00:00:00,27884,8.91
2026-10-01 00:00:00,27885,8.91
2026-10-01 00:00:00,27886,8.91
2026-10-01 00:00:00,27888,8.91
2026-10-01 00:00:00,27889,8.91
2026-10-01 00:00:00,27890,8.91
2026-10-01 00:00:00,64283,98.1
2026-10-01 00:00:00,64287,46.71
2026-10-01 00:00:00,50844,62.91
2026-10-01 00:00:00,64286,53.91
2026-10-01 00:00:00,28469,53.91
2026-10-01 00:00:00,28470,69.21
2026-10-01 00:00:00,28445,62.91
2026-10-01 00:00:00,28446,98.91
2026-10-01 00:00:00,36122,49.41
2026-10-01 00:00:00,28443,62.91
2026-10-01 00:00:00,28463,62.91
2026-10-01 00:00:00,28451,35.91
2026-10-01 00:00:00,28450,40.41
2026-10-01 00:00:00,28442,224.91
2026-10-01 00:00:00,28434,107.91
2026-10-01 00:00:00,28437,67.41
2026-10-01 00:00:00,28444,98.91
2026-10-01 00:00:00,28429,42.21
2026-10-01 00:00:00,28428,143.91
2026-10-01 00:00:00,28456,71.91
2026-10-01 00:00:00,28447,197.91
2026-10-01 00:00:00,28461,89.91
2026-10-01 00:00:00,28457,80.91
2026-10-01 00:00:00,44915,69.9
2026-10-01 00:00:00,64285,80.91
2026-10-01 00:00:00,44864,62.91
2026-10-01 00:00:00,28432,116.91
2026-10-01 00:00:00,63604,2975.0
2026-10-01 00:00:00,63607,2599.0
2026-10-01 00:00:00,63606,1439.0
2026-10-01 00:00:00,63596,1399.0
2026-10-01 00:00:00,63600,1399.0
2026-10-01 00:00:00,63599,1239.0
2026-10-01 00:00:00,63603,2790.0
2026-10-01 00:00:00,6674,359.2
2026-10-01 00:00:00,2509,2499.0
2026-10-01 00:00:00,19351,2159.0
2026-10-01 00:00:00,54923,2699.0
2026-10-01 00:00:00,50022,999.0
2026-10-01 00:00:00,64294,69.9
2026-10-01 00:00:00,38678,395.1
2026-10-01 00:00:00,50019,119.9
2026-10-01 00:00:00,10752,161.42
2026-10-01 00:00:00,63288,22.45
2026-10-01 00:00:00,63851,9.81
2026-10-01 00:00:00,63850,17.01
2026-10-01 00:00:00,56227,35.91
2026-10-01 00:00:00,56229,35.91
2026-10-01 00:00:00,56226,26.91
2026-10-01 00:00:00,63873,238.9
2026-10-01 00:00:00,27926,13.41
2026-10-01 00:00:00,27937,14.31
2026-10-01 00:00:00,27939,15.21
2026-10-01 00:00:00,27950,17.01
2026-10-01 00:00:00,29297,20.61
2026-10-01 00:00:00,14666,152.91
2026-10-01 00:00:00,53572,161.91
2026-10-01 00:00:00,55058,44.1
2026-10-01 00:00:00,17139,5.31
2026-10-01 00:00:00,11522,231.2
2026-10-01 00:00:00,56263,67.41
2026-10-01 00:00:00,20525,40.41
2026-10-01 00:00:00,14676,49.9
2026-10-01 00:00:00,39089,98.91
2026-10-01 00:00:00,39090,80.91
2026-10-01 00:00:00,31671,332.91
2026-10-01 00:00:00,50803,185.9
2026-10-01 00:00:00,7983,59.42
2026-10-01 00:00:00,24596,42.41
2026-10-01 00:00:00,7071,183.92
2026-10-01 00:00:00,17032,49.9
2026-10-01 00:00:00,17031,29.9
2026-10-01 00:00:00,63756,44.91
2026-10-01 00:00:00,55580,44.91
2026-10-01 00:00:00,63759,44.91
2026-10-01 00:00:00,63758,44.91
2026-10-01 00:00:00,39784,289.0
2026-10-01 00:00:00,21289,78.0
2026-10-01 00:00:00,26445,80.91
2026-10-01 00:00:00,62477,515.0
2026-10-01 00:00:00,5054,144.42
2026-10-01 00:00:00,62476,515.0
2026-10-01 00:00:00,64074,33.91
2026-10-01 00:00:00,56073,17.91
2026-10-01 00:00:00,20418,4.41
2026-10-01 00:00:00,62278,134.91
2026-10-01 00:00:00,60581,107.91
2026-10-01 00:00:00,55318,455.92
2026-10-01 00:00:00,62009,116.91
2026-10-01 00:00:00,27979,53.91
2026-10-01 00:00:00,27980,25.11
2026-10-01 00:00:00,56285,39.9
2026-10-01 00:00:00,59451,26.91
2026-10-01 00:00:00,59452,26.91
2026-10-01 00:00:00,20317,31.41
2026-10-01 00:00:00,50764,45.9
2026-10-01 00:00:00,50763,29.9
2026-10-01 00:00:00,50286,73.71
2026-10-01 00:00:00,50816,60.9
2026-10-01 00:00:00,51392,33.21
2026-10-01 00:00:00,58053,23.9
2026-10-01 00:00:00,58054,25.9
2026-10-01 00:00:00,50825,25.9
2026-10-01 00:00:00,50822,39.9
2026-10-01 00:00:00,50853,41.9
2026-10-01 00:00:00,52352,36.81
2026-10-01 00:00:00,58055,35.9
2026-10-01 00:00:00,50821,37.9
2026-10-01 00:00:00,56543,18.81
2026-10-01 00:00:00,56532,17.01
2026-10-01 00:00:00,58058,25.9
2026-10-01 00:00:00,50826,33.9
2026-10-01 00:00:00,58056,52.9
2026-10-01 00:00:00,56534,14.32
2026-10-01 00:00:00,56533,15.12
2026-10-01 00:00:00,50818,98.9
2026-10-01 00:00:00,50819,123.9
2026-10-01 00:00:00,50817,54.9
2026-10-01 00:00:00,56548,53.91
2026-10-01 00:00:00,53015,26.91
2026-10-01 00:00:00,53024,44.91
2026-10-01 00:00:00,20447,1.8
2026-10-01 00:00:00,32681,2.25
2026-10-01 00:00:00,33926,0.54
2026-10-01 00:00:00,56682,80.91
2026-10-01 00:00:00,54458,35.91
2026-10-01 00:00:00,5047,118.92
2026-10-01 00:00:00,58182,67.92
2026-10-01 00:00:00,64080,11.82
2026-10-01 00:00:00,17670,16.06
2026-10-01 00:00:00,17673,19.46
2026-10-01 00:00:00,17674,38.16
2026-10-01 00:00:00,64082,110.42
2026-10-01 00:00:00,17666,20.31
2026-10-01 00:00:00,19737,16.91
2026-10-01 00:00:00,19739,28.9
2026-10-01 00:00:00,19738,21.16
2026-10-01 00:00:00,17668,16.91
2026-10-01 00:00:00,17669,42.41
2026-10-01 00:00:00,14133,50.91
2026-10-01 00:00:00,64012,32.9
2026-10-01 00:00:00,17057,16.9
2026-10-01 00:00:00,26465,19.9
2026-10-01 00:00:00,19523,19.9
2026-10-01 00:00:00,26466,25.9
2026-10-01 00:00:00,17182,34.9
2026-10-01 00:00:00,17676,38.16
2026-10-01 00:00:00,17667,29.9
2026-10-01 00:00:00,64081,99.9
2026-10-01 00:00:00,64234,51.21
2026-10-01 00:00:00,64241,18.61
2026-10-01 00:00:00,64244,71.91
2026-10-01 00:00:00,64254,80.91
2026-10-01 00:00:00,64235,332.1
2026-10-01 00:00:00,64243,35.91
2026-10-01 00:00:00,63286,54.95
2026-10-01 00:00:00,13193,755.0
2026-10-01 00:00:00,13196,297.0
2026-10-01 00:00:00,59010,46.8
2026-10-01 00:00:00,62473,8.01
2026-10-01 00:00:00,17662,17.4
2026-10-01 00:00:00,17663,18.0
2026-10-01 00:00:00,8292,794.0
2026-10-01 00:00:00,8290,100.2
2026-10-01 00:00:00,26828,10.12
2026-10-01 00:00:00,56329,22.41
2026-10-01 00:00:00,51843,21.51
2026-10-01 00:00:00,47659,569.0
2026-10-01 00:00:00,8253,124.2
2026-10-01 00:00:00,8254,113.4
2026-10-01 00:00:00,3214,228.0
2026-10-01 00:00:00,56350,1868.4
2026-10-01 00:00:00,16142,117.0
2026-10-01 00:00:00,8190,301.8
2026-10-01 00:00:00,62484,2789.1
2026-10-01 00:00:00,56756,26.91
2026-10-01 00:00:00,47660,1699.0
2026-10-01 00:00:00,53390,629.1
2026-10-01 00:00:00,12798,80.91
2026-10-01 00:00:00,52322,212.42
2026-10-01 00:00:00,53018,101.92
2026-10-01 00:00:00,64280,101.92
2026-10-01 00:00:00,64709,13.41
2026-10-01 00:00:00,20595,22.41
2026-10-01 00:00:00,50280,18.81
2026-10-01 00:00:00,56536,44.01
2026-10-01 00:00:00,50851,233.9
2026-10-01 00:00:00,64106,93.42
2026-10-01 00:00:00,32093,542.9
2026-10-01 00:00:00,63550,397.0
2026-10-01 00:00:00,47400,399.0
2026-10-01 00:00:00,47399,474.9
2026-10-01 00:00:00,47398,599.9
2026-10-01 00:00:00,47401,629.9
2026-10-01 00:00:00,47397,719.9
2026-10-01 00:00:00,47396,849.0
2026-10-01 00:00:00,8121,43.2
2026-10-01 00:00:00,27940,49.9
2026-10-01 00:00:00,27944,16.11
2026-10-01 00:00:00,29057,17.91
2026-10-01 00:00:00,52034,93.42
2026-10-01 00:00:00,34159,4.05
2026-10-01 00:00:00,17022,19.9
2026-10-01 00:00:00,31791,163.9
2026-10-01 00:00:00,19522,26.9
2026-10-01 00:00:00,25791,42.41
2026-10-01 00:00:00,64008,31.92
2026-10-01 00:00:00,50806,81.9
2026-10-01 00:00:00,55779,32.31
2026-10-01 00:00:00,55781,9.81
2026-10-01 00:00:00,55780,17.01
2026-10-01 00:00:00,62048,26.91
2026-10-01 00:00:00,55782,107.91
2026-10-01 00:00:00,20496,4.41
2026-10-01 00:00:00,58050,131.9
2026-10-01 00:00:00,7074,134.4
2026-10-01 00:00:00,64238,119.9
2026-10-01 00:00:00,56938,25.52
2026-10-01 00:00:00,30308,16.91
2026-10-01 00:00:00,53386,296.91
2026-10-01 00:00:00,52315,89.91
2026-10-01 00:00:00,50020,66.51
2026-10-01 00:00:00,57377,45.81
2026-10-01 00:00:00,52887,178.41
2026-10-01 00:00:00,55748,144.42
2026-10-01 00:00:00,52890,76.42
2026-10-01 00:00:00,53042,51.21
2026-10-01 00:00:00,30309,359.1
2026-10-01 00:00:00,5022,390.15
2026-10-01 00:00:00,64099,593.1
2026-10-01 00:00:00,26755,449.1
2026-10-01 00:00:00,26756,494.1
2026-10-01 00:00:00,52703,8.91
2026-10-01 00:00:00,17778,19.9
2026-10-01 00:00:00,7978,96.81
2026-10-01 00:00:00,14132,50.91
2026-10-01 00:00:00,64048,99.9
2026-10-01 00:00:00,64237,22.86
2026-10-01 00:00:00,39915,299.9
2026-10-01 00:00:00,39917,349.9
2026-10-01 00:00:00,6937,289.9
2026-10-01 00:00:00,50770,34.9
2026-10-01 00:00:00,50771,23.9
2026-10-01 00:00:00,58039,45.9
2026-10-01 00:00:00,27912,11.61
2026-10-01 00:00:00,27913,11.61
2026-10-01 00:00:00,27914,11.61
2026-10-01 00:00:00,64070,16.91
2026-10-01 00:00:00,41969,134.91
2026-10-01 00:00:00,56558,80.91
2026-10-01 00:00:00,63816,85.41
2026-10-01 00:00:00,56444,26.91
2026-10-01 00:00:00,56442,26.91
2026-10-01 00:00:00,56443,26.91
2026-10-01 00:00:00,62217,21.51
2026-10-01 00:00:00,27964,24.21
2026-10-01 00:00:00,27965,24.21
2026-10-01 00:00:00,27966,24.21
2026-10-01 00:00:00,27975,24.21
2026-10-01 00:00:00,27976,24.21
2026-10-01 00:00:00,27967,24.21
2026-10-01 00:00:00,27968,24.21
2026-10-01 00:00:00,27955,24.21
2026-10-01 00:00:00,27957,24.21
2026-10-01 00:00:00,27958,24.21
2026-10-01 00:00:00,27961,24.21
2026-10-01 00:00:00,27962,24.21
2026-10-01 00:00:00,27960,24.21
2026-10-01 00:00:00,27969,21.51
2026-10-01 00:00:00,27971,21.51
2026-10-01 00:00:00,27972,21.51
2026-10-01 00:00:00,27974,21.51
2026-10-01 00:00:00,16582,89.91
2026-10-01 00:00:00,17185,39.9
2026-10-01 00:00:00,63583,2990.0
2026-10-01 00:00:00,24642,59.42
2026-10-01 00:00:00,17692,33.91
2026-10-01 00:00:00,52035,127.42
2026-10-01 00:00:00,17690,25.41
2026-10-01 00:00:00,50809,50.9
2026-10-01 00:00:00,31787,129.9
2026-10-01 00:00:00,50808,48.9
2026-10-01 00:00:00,31790,49.9
2026-10-01 00:00:00,56540,16.72
2026-10-01 00:00:00,17689,48.36
2026-10-01 00:00:00,7975,101.92
2026-10-01 00:00:00,64239,26.91
2026-10-01 00:00:00,64240,33.21
2026-10-01 00:00:00,63815,58.41
2026-10-01 00:00:00,26932,273.6
2026-10-01 00:00:00,57979,62.91
2026-10-01 00:00:00,50445,53.91
2026-10-01 00:00:00,34797,107.91
2026-10-01 00:00:00,50755,152.91
2026-10-01 00:00:00,50296,22.41
2026-10-01 00:00:00,56466,53.91
2026-10-01 00:00:00,44876,53.91
2026-10-01 00:00:00,27295,89.9
2026-10-01 00:00:00,62183,53.91
2026-10-01 00:00:00,20329,109.9
2026-10-01 00:00:00,20365,129.9
2026-10-01 00:00:00,12795,125.1
2026-10-01 00:00:00,20417,98.91
2026-10-01 00:00:00,62228,116.91
2026-10-01 00:00:00,62229,80.91
2026-10-01 00:00:00,20562,36.9
2026-10-01 00:00:00,25902,39.51
2026-10-01 00:00:00,56471,40.41
2026-10-01 00:00:00,20363,59.9
2026-10-01 00:00:00,20364,99.9
2026-10-01 00:00:00,1091,119.0
2026-10-01 00:00:00,15025,99.9
2026-10-01 00:00:00,20362,46.9
2026-10-01 00:00:00,56470,40.41
2026-10-01 00:00:00,62230,80.91
2026-10-01 00:00:00,26575,263.92
2026-10-01 00:00:00,20339,149.9
2026-10-01 00:00:00,15027,98.91
2026-10-01 00:00:00,32682,35.91
2026-10-01 00:00:00,20557,36.9
2026-10-01 00:00:00,25593,783.2
2026-10-01 00:00:00,32291,149.9
2026-10-01 00:00:00,62227,71.91
2026-10-01 00:00:00,36481,17.91
2026-10-01 00:00:00,56271,49.9
2026-10-01 00:00:00,64271,28.71
2026-10-01 00:00:00,64270,71.91
2026-10-01 00:00:00,10619,59.9
2026-10-01 00:00:00,15026,109.9
2026-10-01 00:00:00,55583,341.1
2026-10-01 00:00:00,38039,2390.0
2026-10-01 00:00:00,59371,2099.0
2026-10-01 00:00:00,59400,2399.0
2026-10-01 00:00:00,59421,1839.0
2026-10-01 00:00:00,58888,35.91
2026-10-01 00:00:00,52891,101.92
2026-10-01 00:00:00,29058,17.91
2026-10-01 00:00:00,29059,17.91
2026-10-01 00:00:00,29060,17.91
2026-10-01 00:00:00,29296,42.21
2026-10-01 00:00:00,29298,38.61
2026-10-01 00:00:00,29299,78.21
2026-10-01 00:00:00,27922,12.51
2026-10-01 00:00:00,27923,16.11
2026-10-01 00:00:00,27945,16.11
2026-10-01 00:00:00,27946,16.11
2026-10-01 00:00:00,53603,1.8
2026-10-01 00:00:00,28507,80.91
2026-10-01 00:00:00,28506,62.91
2026-10-01 00:00:00,28503,62.91
2026-10-01 00:00:00,28502,62.91
2026-10-01 00:00:00,29300,42.21
2026-10-01 00:00:00,29301,69.21
2026-10-01 00:00:00,58111,3449.0
2026-10-01 00:00:00,59423,4109.0
2026-10-01 00:00:00,59338,2090.0
2026-10-01 00:00:00,21282,95.0
2026-10-01 00:00:00,21278,143.0
2026-10-01 00:00:00,21279,155.0
2026-10-01 00:00:00,21281,203.0
2026-10-01 00:00:00,63843,9.9
2026-10-01 00:00:00,27692,5.31
2026-10-01 00:00:00,27693,12.51
2026-10-01 00:00:00,27694,12.51
2026-10-01 00:00:00,63232,7.11
2026-10-01 00:00:00,17762,21.16
2026-10-01 00:00:00,17763,20.31
2026-10-01 00:00:00,17760,15.21
2026-10-01 00:00:00,17761,25.41
2026-10-01 00:00:00,51831,31.9
2026-10-01 00:00:00,16129,33.9
2026-10-01 00:00:00,50767,16.8
2026-10-01 00:00:00,50768,11.9
2026-10-01 00:00:00,50766,25.9
2026-10-01 00:00:00,58038,14.9
2026-10-01 00:00:00,50765,16.9
2026-10-01 00:00:00,51841,19.71
2026-10-01 00:00:00,50769,12.9
2026-10-01 00:00:00,15936,89.4
2026-10-01 00:00:00,63817,85.41
2026-10-01 00:00:00,52893,212.42
2026-10-01 00:00:00,50299,98.91
2026-10-01 00:00:00,50297,98.91
2026-10-01 00:00:00,50281,24.21
2026-10-01 00:00:00,50278,23.31
2026-10-01 00:00:00,63870,24.21
2026-10-01 00:00:00,63845,23.31
2026-10-01 00:00:00,50841,87.21
2026-10-01 00:00:00,16133,155.4
2026-10-01 00:00:00,15903,219.6
2026-10-01 00:00:00,36439,31.41
2026-10-01 00:00:00,55750,75.6
2026-10-01 00:00:00,17149,0.81
2026-10-01 00:00:00,17146,0.81
2026-10-01 00:00:00,12340,45.0
2026-10-01 00:00:00,27307,1.71
2026-10-01 00:00:00,13367,99.9
2026-10-01 00:00:00,38684,159.9
2026-10-01 00:00:00,21246,1399.0
2026-10-01 00:00:00,5053,199.9
2026-10-01 00:00:00,52041,296.65
2026-10-01 00:00:00,61988,12490.0
2026-10-01 00:00:00,61989,21490.0
2026-10-01 00:00:00,64345,949.0
2026-10-01 00:00:00,64347,1297.0
2026-10-01 00:00:00,64346,477.0
2026-10-01 00:00:00,61990,8990.0
2026-10-01 00:00:00,61991,8999.0
2026-10-01 00:00:00,61992,17400.0
2026-10-01 00:00:00,51842,14.34
2026-10-01 00:00:00,52010,17.4
2026-10-01 00:00:00,16252,106.9
2026-10-01 00:00:00,24695,19.71
2026-10-01 00:00:00,16147,81.9
2026-10-01 00:00:00,16148,98.9
2026-10-01 00:00:00,15945,49.9
2026-10-01 00:00:00,64859,35.91
2026-10-01 00:00:00,64176,26.91
2026-10-01 00:00:00,56228,20.61
2026-10-01 00:00:00,8549,17.91
2026-10-01 00:00:00,15191,17.91
2026-10-01 00:00:00,8554,17.91
2026-10-01 00:00:00,20787,0.81
2026-10-01 00:00:00,20784,0.81
2026-10-01 00:00:00,20785,0.81
2026-10-01 00:00:00,20786,0.81
2026-10-01 00:00:00,15198,17.91
2026-10-01 00:00:00,8552,17.91
2026-10-01 00:00:00,8551,17.91
2026-10-01 00:00:00,8548,17.91
2026-10-01 00:00:00,8544,17.91
2026-10-01 00:00:00,15782,8.91
2026-10-01 00:00:00,8545,17.91
2026-10-01 00:00:00,20780,17.91
2026-10-01 00:00:00,9031,17.91
2026-10-01 00:00:00,20779,17.91
2026-10-01 00:00:00,55028,71.91
2026-10-01 00:00:00,47671,1599.0
2026-10-01 00:00:00,32898,1791.0
2026-10-01 00:00:00,50793,190.9
2026-10-01 00:00:00,50830,1229.9
2026-10-01 00:00:00,50794,102.9
2026-10-01 00:00:00,57497,305.1
2026-10-01 00:00:00,50773,88.9
2026-10-01 00:00:00,63866,25.9
2026-10-01 00:00:00,8817,87.6
2026-10-01 00:00:00,16692,10.8
2026-10-01 00:00:00,50829,70.9
2026-10-01 00:00:00,50798,69.9
2026-10-01 00:00:00,63914,231.2
2026-10-01 00:00:00,50799,79.9
2026-10-01 00:00:00,50783,530.9
2026-10-01 00:00:00,34154,16.11
2026-10-01 00:00:00,57766,62.91
2026-10-01 00:00:00,50288,212.31
2026-10-01 00:00:00,51623,107.91
2026-10-01 00:00:00,6926,219.9
2026-10-01 00:00:00,31788,350.9
2026-10-01 00:00:00,17049,84.9
2026-10-01 00:00:00,50854,238.9
2026-10-01 00:00:00,17050,124.9
2026-10-01 00:00:00,17048,32.9
2026-10-01 00:00:00,50784,279.9
2026-10-01 00:00:00,4145,169.91
2026-10-01 00:00:00,50824,127.9
2026-10-01 00:00:00,50850,256.9
2026-10-01 00:00:00,53986,71.91
2026-10-01 00:00:00,58903,152.91
2026-10-01 00:00:00,10268,179.9
2026-10-01 00:00:00,17056,124.9
2026-10-01 00:00:00,16986,49.9
2026-10-01 00:00:00,51622,80.91
2026-10-01 00:00:00,6931,249.9
2026-10-01 00:00:00,10292,299.0
2026-10-01 00:00:00,50852,247.92
2026-10-01 00:00:00,2508,159.9
2026-10-01 00:00:00,64044,296.65
2026-10-01 00:00:00,64043,390.15
2026-10-01 00:00:00,30310,46.66
2026-10-01 00:00:00,51856,50.32
2026-10-01 00:00:00,50828,94.9
2026-10-01 00:00:00,16993,129.9
2026-10-01 00:00:00,26439,164.9
2026-10-01 00:00:00,16992,39.9
2026-10-01 00:00:00,17062,84.9
2026-10-01 00:00:00,53478,79.9
2026-10-01 00:00:00,30311,118.92
2026-10-01 00:00:00,58040,229.52
2026-10-01 00:00:00,31792,289.71
2026-10-01 00:00:00,50823,160.9
2026-10-01 00:00:00,56545,41.31
2026-10-01 00:00:00,58842,71.91
2026-10-01 00:00:00,56549,85.41
2026-10-01 00:00:00,39239,107.91
2026-10-01 00:00:00,39240,34.95
2026-10-01 00:00:00,39241,114.95
2026-10-01 00:00:00,27669,719.1
2026-10-01 00:00:00,27670,719.1
2026-10-01 00:00:00,60930,219.0
2026-10-01 00:00:00,25854,845.1
2026-10-01 00:00:00,54992,42.21
2026-10-01 00:00:00,5463,479.0
2026-10-01 00:00:00,41702,179.91
2026-10-01 00:00:00,56753,21.51
2026-10-01 00:00:00,20445,9.81
2026-10-01 00:00:00,17027,6.21
2026-10-01 00:00:00,51825,323.1
2026-10-01 00:00:00,50846,39.9
2026-10-01 00:00:00,50754,62.91
2026-10-01 00:00:00,50752,35.91
2026-10-01 00:00:00,50751,35.91
2026-10-01 00:00:00,50848,27.9
2026-10-01 00:00:00,50847,35.91
2026-10-01 00:00:00,51867,84.92
2026-10-01 00:00:00,51866,59.42
2026-10-01 00:00:00,26761,86.9
2026-10-01 00:00:00,25778,31.41
2026-10-01 00:00:00,51724,34.11
2026-10-01 00:00:00,20711,47.61
2026-10-01 00:00:00,29304,35.91
2026-10-01 00:00:00,29305,35.91
2026-10-01 00:00:00,29306,35.91
2026-10-01 00:00:00,29307,35.91
2026-10-01 00:00:00,29308,35.91
2026-10-01 00:00:00,29309,35.91
2026-10-01 00:00:00,29310,35.91
2026-10-01 00:00:00,15911,31.8
2026-10-01 00:00:00,8743,49.9
2026-10-01 00:00:00,56330,4.41
2026-10-01 00:00:00,64230,7.11
2026-10-01 00:00:00,26927,32.4
2026-10-01 00:00:00,19213,25.2
2026-10-01 00:00:00,19214,29.7
2026-10-01 00:00:00,42284,749.0
2026-10-01 00:00:00,58073,1790.0
2026-10-01 00:00:00,30312,42.41
2026-10-01 00:00:00,64068,42.41
2026-10-01 00:00:00,10747,169.15
2026-10-01 00:00:00,52888,127.42
2026-10-01 00:00:00,10749,127.42
2026-10-01 00:00:00,62011,62.91
2026-10-01 00:00:00,53012,107.91
2026-10-01 00:00:00,52178,125.91
2026-10-01 00:00:00,10734,107.91
2026-10-01 00:00:00,52346,42.21
2026-10-01 00:00:00,53020,80.91
2026-10-01 00:00:00,56425,62.91
2026-10-01 00:00:00,52889,161.42
2026-10-01 00:00:00,53808,53.91
2026-10-01 00:00:00,62014,107.91
2026-10-01 00:00:00,52323,161.42
2026-10-01 00:00:00,52326,305.91
2026-10-01 00:00:00,12796,144.42
2026-10-01 00:00:00,53027,80.91
2026-10-01 00:00:00,31549,194.65
2026-10-01 00:00:00,52332,161.42
2026-10-01 00:00:00,52476,229.41
2026-10-01 00:00:00,64086,67.92
2026-10-01 00:00:00,56554,665.91
2026-10-01 00:00:00,16969,59.9
2026-10-01 00:00:00,64083,56.87
2026-10-01 00:00:00,64085,71.91
2026-10-01 00:00:00,64087,13.41
2026-10-01 00:00:00,17755,14.9
2026-10-01 00:00:00,17756,16.91
2026-10-01 00:00:00,17757,22.9
2026-10-01 00:00:00,26486,29.9
2026-10-01 00:00:00,17277,15.9
2026-10-01 00:00:00,52039,33.21
2026-10-01 00:00:00,52037,15.21
2026-10-01 00:00:00,17276,9.7
2026-10-01 00:00:00,17001,18.81
2026-10-01 00:00:00,17002,21.9
2026-10-01 00:00:00,17003,24.9
2026-10-01 00:00:00,17004,25.9
2026-10-01 00:00:00,17005,26.9
2026-10-01 00:00:00,17006,28.9
2026-10-01 00:00:00,17007,30.9
2026-10-01 00:00:00,17008,26.91
2026-10-01 00:00:00,17009,31.9
2026-10-01 00:00:00,17010,33.9
2026-10-01 00:00:00,16997,31.41
2026-10-01 00:00:00,16998,15.9
2026-10-01 00:00:00,16999,18.9
2026-10-01 00:00:00,17000,17.91
2026-10-01 00:00:00,52038,24.21
2026-10-01 00:00:00,64090,84.92
2026-10-01 00:00:00,64089,93.42
2026-10-01 00:00:00,11506,269.9
2026-10-01 00:00:00,42042,233.91
2026-10-01 00:00:00,21276,539.0
2026-10-01 00:00:00,17059,19.71
2026-10-01 00:00:00,17013,36.9
2026-10-01 00:00:00,17014,39.9
2026-10-01 00:00:00,17015,41.9
2026-10-01 00:00:00,17016,42.9
2026-10-01 00:00:00,17017,49.9
2026-10-01 00:00:00,17012,29.9
2026-10-01 00:00:00,26773,18.61
2026-10-01 00:00:00,16991,17.91
2026-10-01 00:00:00,64084,76.42
2026-10-01 00:00:00,26472,33.21
2026-10-01 00:00:00,26490,35.91
2026-10-01 00:00:00,26429,35.91
2026-10-01 00:00:00,26474,31.41
2026-10-01 00:00:00,64246,98.91
2026-10-01 00:00:00,18717,197.91
2026-10-01 00:00:00,11978,129.9
2026-10-01 00:00:00,63557,892.0
2026-10-01 00:00:00,59428,292.41
2026-10-01 00:00:00,62198,789.0
2026-10-01 00:00:00,6932,499.0
2026-10-01 00:00:00,26483,80.91
2026-10-01 00:00:00,20437,0.18
2026-10-01 00:00:00,56293,25.11
2026-10-01 00:00:00,34139,10.71
2026-10-01 00:00:00,53609,21.51
2026-10-01 00:00:00,34140,16.11
2026-10-01 00:00:00,53610,25.11
2026-10-01 00:00:00,34076,21.51
2026-10-01 00:00:00,53156,26.91
2026-10-01 00:00:00,34074,28.71
2026-10-01 00:00:00,25878,69.9
2026-10-01 00:00:00,34079,71.91
2026-10-01 00:00:00,53611,53.91
2026-10-01 00:00:00,34138,53.91
2026-10-01 00:00:00,34078,25.11
2026-10-01 00:00:00,34075,10.71
2026-10-01 00:00:00,34180,14.31
2026-10-01 00:00:00,21103,17.91
2026-10-01 00:00:00,34186,8.91
2026-10-01 00:00:00,34188,14.31
2026-10-01 00:00:00,34169,10.71
2026-10-01 00:00:00,53628,15.21
2026-10-01 00:00:00,34178,12.51
2026-10-01 00:00:00,34144,14.31
2026-10-01 00:00:00,34150,12.51
2026-10-01 00:00:00,34148,17.91
2026-10-01 00:00:00,34149,21.51
2026-10-01 00:00:00,34143,10.71
2026-10-01 00:00:00,9113,17.91
2026-10-01 00:00:00,34179,8.91
2026-10-01 00:00:00,21114,9.0
2026-10-01 00:00:00,55766,62.91
2026-10-01 00:00:00,21105,19.71
2026-10-01 00:00:00,34181,25.11
2026-10-01 00:00:00,34182,21.51
2026-10-01 00:00:00,34420,21.51
2026-10-01 00:00:00,34189,12.51
2026-10-01 00:00:00,16959,79.9
2026-10-01 00:00:00,7979,59.9
2026-10-01 00:00:00,58048,135.9
2026-10-01 00:00:00,58049,173.9
2026-10-01 00:00:00,64077,67.92
2026-10-01 00:00:00,64047,50.91
2026-10-01 00:00:00,64046,93.42
2026-10-01 00:00:00,20485,6.21
2026-10-01 00:00:00,62216,30.51
2026-10-01 00:00:00,64103,59.42
2026-10-01 00:00:00,58047,116.9
2026-10-01 00:00:00,50805,167.9
2026-10-01 00:00:00,52055,22.41
2026-10-01 00:00:00,53483,179.91
2026-10-01 00:00:00,56426,89.91
2026-10-01 00:00:00,62184,4.9
2026-10-01 00:00:00,56331,12.9
2026-10-01 00:00:00,56928,75.9
2026-10-01 00:00:00,17028,20.61
2026-10-01 00:00:00,46446,161.91
2026-10-01 00:00:00,29311,58.41
2026-10-01 00:00:00,29313,53.91
2026-10-01 00:00:00,24529,249.9
2026-10-01 00:00:00,55328,269.91
2026-10-01 00:00:00,7981,79.9
2026-10-01 00:00:00,17687,42.41
2026-10-01 00:00:00,64094,50.91
2026-10-01 00:00:00,17686,49.9
2026-10-01 00:00:00,64093,67.92
2026-10-01 00:00:00,64095,25.41
2026-10-01 00:00:00,54643,31.41
2026-10-01 00:00:00,55794,11.61
2026-10-01 00:00:00,55783,13.41
2026-10-01 00:00:00,49487,499.0
2026-10-01 00:00:00,64097,152.92
2026-10-01 00:00:00,50811,524.9
2026-10-01 00:00:00,4122,483.0
2026-10-01 00:00:00,38374,161.91
2026-10-01 00:00:00,26782,59.42
2026-10-01 00:00:00,58067,45.9
2026-10-01 00:00:00,51852,36.72
2026-10-01 00:00:00,51621,26.91
2026-10-01 00:00:00,63844,34.11
2026-10-01 00:00:00,56537,45.81
2026-10-01 00:00:00,50290,28.71
2026-10-01 00:00:00,64045,59.42
2026-10-01 00:00:00,24594,79.9
2026-10-01 00:00:00,4405,152.92
2026-10-01 00:00:00,58052,146.9
2026-10-01 00:00:00,64104,29.9
2026-10-01 00:00:00,64078,50.91
2026-10-01 00:00:00,64041,21.16
2026-10-01 00:00:00,51844,29.9
2026-10-01 00:00:00,51846,71.91
2026-10-01 00:00:00,51845,26.91
2026-10-01 00:00:00,29098,44.91
2026-10-01 00:00:00,60555,77.31
2026-10-01 00:00:00,29099,44.91
2026-10-01 00:00:00,29100,44.91
2026-10-01 00:00:00,60557,75.51
2026-10-01 00:00:00,29101,44.91
2026-10-01 00:00:00,60558,79.11
2026-10-01 00:00:00,29102,44.91
2026-10-01 00:00:00,60559,66.51
2026-10-01 00:00:00,60560,79.11
2026-10-01 00:00:00,29104,44.91
2026-10-01 00:00:00,29105,44.91
2026-10-01 00:00:00,53576,71.91
2026-10-01 00:00:00,30054,71.91
2026-10-01 00:00:00,53575,71.91
2026-10-01 00:00:00,30055,71.91
2026-10-01 00:00:00,55754,9.6
2026-10-01 00:00:00,55759,8.64
2026-10-01 00:00:00,5015,242.91
2026-10-01 00:00:00,26752,33.21
2026-10-01 00:00:00,52047,269.91
2026-10-01 00:00:00,3620,377.1
2026-10-01 00:00:00,52051,71.91
2026-10-01 00:00:00,25786,93.42
2026-10-01 00:00:00,64101,386.1
2026-10-01 00:00:00,5003,203.92
2026-10-01 00:00:00,26759,251.91
2026-10-01 00:00:00,63859,40.41
2026-10-01 00:00:00,64100,242.91
2026-10-01 00:00:00,33437,179.91
2026-10-01 00:00:00,41973,319.9
2026-10-01 00:00:00,20376,109.9
2026-10-01 00:00:00,57946,89.91
2026-10-01 00:00:00,57970,22.41
2026-10-01 00:00:00,26757,125.91
2026-10-01 00:00:00,3657,67.92
2026-10-01 00:00:00,53388,269.1
2026-10-01 00:00:00,52044,215.91
2026-10-01 00:00:00,54585,161.91
2026-10-01 00:00:00,54586,80.91
2026-10-01 00:00:00,53165,157.41
2026-10-01 00:00:00,52329,280.41
2026-10-01 00:00:00,52330,127.42
2026-10-01 00:00:00,34191,215.91
2026-10-01 00:00:00,49678,36.9
2026-10-01 00:00:00,49720,38.0
2026-10-01 00:00:00,63926,23.8
2026-10-01 00:00:00,55026,44.91
2026-10-01 00:00:00,29110,44.91
2026-10-01 00:00:00,29317,89.9
2026-10-01 00:00:00,29113,79.9
2026-10-01 00:00:00,29378,31.41
2026-10-01 00:00:00,64332,80.91
2026-10-01 00:00:00,20814,17.91
2026-10-01 00:00:00,64754,242.91
2026-10-01 00:00:00,13913,89.91
2026-10-01 00:00:00,15779,4.5
2026-10-01 00:00:00,27661,116.91
2026-10-01 00:00:00,53620,152.91
2026-10-01 00:00:00,27667,206.1
2026-10-01 00:00:00,27668,349.0
2026-10-01 00:00:00,54851,69.21
2026-10-01 00:00:00,64666,89.91
2026-10-01 00:00:00,64667,89.91
2026-10-01 00:00:00,54029,134.91
2026-10-01 00:00:00,29444,125.91
2026-10-01 00:00:00,64753,242.91
2026-10-01 00:00:00,31764,98.91
2026-10-01 00:00:00,31766,109.9
2026-10-01 00:00:00,31765,109.9
2026-10-01 00:00:00,31763,98.91
2026-10-01 00:00:00,25877,125.91
2026-10-01 00:00:00,56441,29.61
2026-10-01 00:00:00,62213,179.91
2026-10-01 00:00:00,29442,98.91
2026-10-01 00:00:00,64676,134.91
2026-10-01 00:00:00,29440,152.91
2026-10-01 00:00:00,18685,71.91
2026-10-01 00:00:00,53687,69.9
2026-10-01 00:00:00,9111,102.6
2026-10-01 00:00:00,9110,80.91
2026-10-01 00:00:00,15783,44.91
2026-10-01 00:00:00,13902,197.91
2026-10-01 00:00:00,20803,1.71
2026-10-01 00:00:00,27323,2.2
2026-10-01 00:00:00,27324,1.71
2026-10-01 00:00:00,27325,2.69
2026-10-01 00:00:00,27326,4.73
2026-10-01 00:00:00,20813,9.81
2026-10-01 00:00:00,27631,2.88
2026-10-01 00:00:00,27322,0.9
2026-10-01 00:00:00,27321,0.81
2026-10-01 00:00:00,20452,1.98
2026-10-01 00:00:00,20436,1.8
2026-10-01 00:00:00,20807,3.0
2026-10-01 00:00:00,20808,2.9
2026-10-01 00:00:00,20805,0.9
2026-10-01 00:00:00,20804,1.6
2026-10-01 00:00:00,20806,2.2
2026-10-01 00:00:00,27329,1.26
2026-10-01 00:00:00,64705,134.91
2026-10-01 00:00:00,59445,40.41
2026-10-01 00:00:00,21064,1.62
2026-10-01 00:00:00,21071,0.81
2026-10-01 00:00:00,21072,0.54
2026-10-01 00:00:00,21069,0.72
2026-10-01 00:00:00,56328,175.9
2026-10-01 00:00:00,56897,15.21
2026-10-01 00:00:00,34142,107.91
2026-10-01 00:00:00,58044,50.9
2026-10-01 00:00:00,64175,11.61
2026-10-01 00:00:00,16966,59.9
2026-10-01 00:00:00,64017,99.9
2026-10-01 00:00:00,16967,64.9
2026-10-01 00:00:00,1828,170.91
2026-10-01 00:00:00,64014,49.9
2026-10-01 00:00:00,16963,54.9
2026-10-01 00:00:00,17054,114.9
2026-10-01 00:00:00,17768,59.5
2026-10-01 00:00:00,58076,979.0
2026-10-01 00:00:00,30313,76.42
2026-10-01 00:00:00,64072,42.41
2026-10-01 00:00:00,64073,42.41
2026-10-01 00:00:00,21096,19.71
2026-10-01 00:00:00,21095,42.21
2026-10-01 00:00:00,27680,2.61
2026-10-01 00:00:00,27681,2.61
2026-10-01 00:00:00,27682,3.51
2026-10-01 00:00:00,56225,14.31
2026-10-01 00:00:00,56232,14.31
2026-10-01 00:00:00,32683,2.61
2026-10-01 00:00:00,56874,278.91
2026-10-01 00:00:00,14722,53.9
2026-10-01 00:00:00,64151,139.9
2026-10-01 00:00:00,53812,149.9
2026-10-01 00:00:00,53793,154.9
2026-10-01 00:00:00,53811,159.9
2026-10-01 00:00:00,53863,189.9
2026-10-01 00:00:00,53792,209.9
2026-10-01 00:00:00,53304,62.91
2026-10-01 00:00:00,53784,84.9
2026-10-01 00:00:00,53786,99.9
2026-10-01 00:00:00,53787,99.9
2026-10-01 00:00:00,64150,109.9
2026-10-01 00:00:00,64149,103.41
2026-10-01 00:00:00,53794,139.9
2026-10-01 00:00:00,62485,71.1
2026-10-01 00:00:00,64054,25.41
2026-10-01 00:00:00,13183,160.8
2026-10-01 00:00:00,30167,206.91
2026-10-01 00:00:00,59411,859.0
2026-10-01 00:00:00,59410,514.9
2026-10-01 00:00:00,3252,464.9
2026-10-01 00:00:00,3253,585.0
2026-10-01 00:00:00,62221,71.91
2026-10-01 00:00:00,62222,49.41
2026-10-01 00:00:00,63763,71.91
2026-10-01 00:00:00,62219,60.21
2026-10-01 00:00:00,56755,44.91
2026-10-01 00:00:00,56754,44.91
2026-10-01 00:00:00,56752,44.91
2026-10-01 00:00:00,30314,84.92
2026-10-01 00:00:00,30315,144.42
2026-10-01 00:00:00,33436,169.91
2026-10-01 00:00:00,50835,233.9
2026-10-01 00:00:00,50838,187.9
2026-10-01 00:00:00,50839,29.9
2026-10-01 00:00:00,50836,45.9
2026-10-01 00:00:00,50837,54.9
2026-10-01 00:00:00,64248,62.91
2026-10-01 00:00:00,50833,59.9
2026-10-01 00:00:00,53696,16.9
2026-10-01 00:00:00,50283,80.91
2026-10-01 00:00:00,52321,339.9
2026-10-01 00:00:00,54584,62.91
2026-10-01 00:00:00,58185,38.16
2026-10-01 00:00:00,25927,13.41
2026-10-01 00:00:00,27981,62.91
2026-10-01 00:00:00,29061,17.91
2026-10-01 00:00:00,29062,17.91
2026-10-01 00:00:00,27927,13.41
2026-10-01 00:00:00,27941,15.21
2026-10-01 00:00:00,27915,11.61
2026-10-01 00:00:00,27916,11.61
2026-10-01 00:00:00,27928,13.41
2026-10-01 00:00:00,27929,13.41
2026-10-01 00:00:00,27931,24.21
2026-10-01 00:00:00,27893,8.91
2026-10-01 00:00:00,27917,11.61
2026-10-01 00:00:00,27919,11.61
2026-10-01 00:00:00,27683,7.11
2026-10-01 00:00:00,27684,7.11
2026-10-01 00:00:00,27685,7.11
2026-10-01 00:00:00,27686,7.11
2026-10-01 00:00:00,27687,7.11
2026-10-01 00:00:00,27688,7.11
2026-10-01 00:00:00,27689,7.11
2026-10-01 00:00:00,27699,13.41
2026-10-01 00:00:00,27691,7.11
2026-10-01 00:00:00,33406,33.21
2026-10-01 00:00:00,50284,351.81
2026-10-01 00:00:00,52577,203.92
2026-10-01 00:00:00,64655,7.11
2026-10-01 00:00:00,12806,211.65
2026-10-01 00:00:00,64702,15.21
2026-10-01 00:00:00,52311,186.92
2026-10-01 00:00:00,31670,49.41
2026-10-01 00:00:00,56875,59.9
2026-10-01 00:00:00,33401,62.91
2026-10-01 00:00:00,33399,62.91
2026-10-01 00:00:00,33400,62.91
2026-10-01 00:00:00,60575,26.91
2026-10-01 00:00:00,60578,53.91
2026-10-01 00:00:00,60576,26.91
2026-10-01 00:00:00,60577,134.91
2026-10-01 00:00:00,60579,152.91
2026-10-01 00:00:00,62015,134.91
2026-10-01 00:00:00,12162,84.92
2026-10-01 00:00:00,62007,125.91
2026-10-01 00:00:00,12799,46.66
2026-10-01 00:00:00,52335,76.42
2026-10-01 00:00:00,12801,144.42
2026-10-01 00:00:00,56231,26.91
2026-10-01 00:00:00,51854,14.48
2026-10-01 00:00:00,50774,4.41
2026-10-01 00:00:00,59439,26.91
2026-10-01 00:00:00,59442,33.21
2026-10-01 00:00:00,59441,26.91
2026-10-01 00:00:00,59440,26.91
2026-10-01 00:00:00,50772,37.9
2026-10-01 00:00:00,59438,26.91
2026-10-01 00:00:00,42257,139.9
2026-10-01 00:00:00,14131,118.8
2026-10-01 00:00:00,59406,819.0
2026-10-01 00:00:00,26753,40.41
2026-10-01 00:00:00,26754,44.91
2026-10-01 00:00:00,62206,186.92
2026-10-01 00:00:00,64703,53.91
2026-10-01 00:00:00,64623,79.9
2026-10-01 00:00:00,50279,22.41
2026-10-01 00:00:00,8746,100.8
2026-10-01 00:00:00,13184,126.0
2026-10-01 00:00:00,8808,122.4
2026-10-01 00:00:00,64096,76.42
2026-10-01 00:00:00,16970,119.9
2026-10-01 00:00:00,63869,173.9
2026-10-01 00:00:00,64040,17.91
2026-10-01 00:00:00,49664,294.0
2026-10-01 00:00:00,12802,178.41
2026-10-01 00:00:00,53019,89.91
2026-10-01 00:00:00,52304,98.91
2026-10-01 00:00:00,51646,89.91
2026-10-01 00:00:00,17695,21.16
2026-10-01 00:00:00,64075,25.41
2026-10-01 00:00:00,17696,16.91
2026-10-01 00:00:00,56538,23.31
2026-10-01 00:00:00,63051,186.92
2026-10-01 00:00:00,53014,254.15
2026-10-01 00:00:00,52333,157.17
2026-10-01 00:00:00,28500,60.21
2026-10-01 00:00:00,28494,58.41
2026-10-01 00:00:00,28496,67.41
2026-10-01 00:00:00,28501,71.91
2026-10-01 00:00:00,62474,254.9
2026-10-01 00:00:00,62475,319.0
2026-10-01 00:00:00,15028,71.91
2026-10-01 00:00:00,13914,107.91
2026-10-01 00:00:00,13216,98.1
2026-10-01 00:00:00,25920,33.21
2026-10-01 00:00:00,34415,170.91
2026-10-01 00:00:00,13904,71.91
2026-10-01 00:00:00,13907,39.9
2026-10-01 00:00:00,34413,89.91
2026-10-01 00:00:00,13908,107.91
2026-10-01 00:00:00,15185,62.91
2026-10-01 00:00:00,13909,107.91
2026-10-01 00:00:00,9104,54.0
2026-10-01 00:00:00,55790,23.31
2026-10-01 00:00:00,55789,26.91
2026-10-01 00:00:00,55793,5.31
2026-10-01 00:00:00,63235,242.1
2026-10-01 00:00:00,50282,71.91
2026-10-01 00:00:00,34326,49.41
2026-10-01 00:00:00,56259,278.91
2026-10-01 00:00:00,34328,49.41
2026-10-01 00:00:00,61027,15.21
2026-10-01 00:00:00,63840,11.61
2026-10-01 00:00:00,63839,13.41
2026-10-01 00:00:00,63837,15.21
2026-10-01 00:00:00,59426,296.91
2026-10-01 00:00:00,59424,350.91
2026-10-01 00:00:00,63057,188.91
2026-10-01 00:00:00,64289,233.91
2026-10-01 00:00:00,9089,169.9
2026-10-01 00:00:00,9091,169.9
2026-10-01 00:00:00,9088,169.9
2026-10-01 00:00:00,62930,179.91
2026-10-01 00:00:00,56872,35.91
2026-10-01 00:00:00,56873,35.91
2026-10-01 00:00:00,60754,62.91
2026-10-01 00:00:00,17024,109.9
2026-10-01 00:00:00,64721,44.91
2026-10-01 00:00:00,59943,399.0
2026-10-01 00:00:00,59433,98.91
2026-10-01 00:00:00,59431,89.91
2026-10-01 00:00:00,11505,59.42
2026-10-01 00:00:00,59432,611.91
2026-10-01 00:00:00,17682,80.67
2026-10-01 00:00:00,4143,186.92
2026-10-01 00:00:00,17677,33.91
2026-10-01 00:00:00,59430,386.91
2026-10-01 00:00:00,26781,211.65
2026-10-01 00:00:00,26774,39.86
2026-10-01 00:00:00,25769,46.66
2026-10-01 00:00:00,53622,17.01
2026-10-01 00:00:00,64055,186.92
2026-10-01 00:00:00,5046,106.17
2026-10-01 00:00:00,64079,79.9
2026-10-01 00:00:00,26775,19.46
2026-10-01 00:00:00,26943,31.36
2026-10-01 00:00:00,4118,144.42
2026-10-01 00:00:00,4119,84.92
2026-10-01 00:00:00,11492,76.42
2026-10-01 00:00:00,7969,93.42
2026-10-01 00:00:00,13182,432.0
2026-10-01 00:00:00,8187,287.4
2026-10-01 00:00:00,15921,72.0
2026-10-01 00:00:00,64706,15.21
2026-10-01 00:00:00,59947,71.91
2026-10-01 00:00:00,26750,97.67
2026-10-01 00:00:00,24638,109.9
2026-10-01 00:00:00,62480,269.0
2026-10-01 00:00:00,6900,269.0
2026-10-01 00:00:00,59363,340.0
2026-10-01 00:00:00,17184,89.89
2026-10-01 00:00:00,8819,85.5
2026-10-01 00:00:00,42299,323.91
2026-10-01 00:00:00,59944,249.0
2026-10-01 00:00:00,12078,110.42
2026-10-01 00:00:00,26748,237.91
2026-10-01 00:00:00,44911,237.15
2026-10-01 00:00:00,52056,107.91
2026-10-01 00:00:00,52036,76.42
2026-10-01 00:00:00,26742,161.91
2026-10-01 00:00:00,59361,949.0
2026-10-01 00:00:00,21717,222.0
2026-10-01 00:00:00,38373,332.91
2026-10-01 00:00:00,38869,199.9
2026-10-01 00:00:00,58035,252.0
2026-10-01 00:00:00,34313,152.92
2026-10-01 00:00:00,8542,17.91
2026-10-01 00:00:00,26758,197.91
2026-10-01 00:00:00,49064,220.5
2026-10-01 00:00:00,49684,220.5
2026-10-01 00:00:00,51186,301.5
2026-10-01 00:00:00,57611,389.0
2026-10-01 00:00:00,10746,84.92
2026-10-01 00:00:00,62471,1125.0
2026-10-01 00:00:00,65022,547.0
2026-10-01 00:00:00,50775,137.9
2026-10-01 00:00:00,27461,639.0
2026-10-01 00:00:00,64714,62.91
2026-10-01 00:00:00,64052,46.66
2026-10-01 00:00:00,64050,59.42
2026-10-01 00:00:00,64051,59.42
2026-10-01 00:00:00,58045,39.9
2026-10-01 00:00:00,24644,38.16
2026-10-01 00:00:00,8126,519.0
2026-10-01 00:00:00,58046,66.9
2026-10-01 00:00:00,50800,60.9
2026-10-01 00:00:00,56424,67.41
2026-10-01 00:00:00,63813,44.91
2026-10-01 00:00:00,65239,75.51
2026-10-01 00:00:00,63043,35.91
2026-10-01 00:00:00,65240,89.91
2026-10-01 00:00:00,29638,125.91
2026-10-01 00:00:00,10496,107.91
2026-10-01 00:00:00,64708,98.91
2026-10-01 00:00:00,10495,179.91
2026-10-01 00:00:00,9108,45.0
2026-10-01 00:00:00,56927,26.91
2026-10-01 00:00:00,11992,89.9
2026-10-01 00:00:00,26766,215.2
2026-10-01 00:00:00,34339,28.71
2026-10-01 00:00:00,27894,8.91
2026-10-01 00:00:00,27895,8.91
2026-10-01 00:00:00,27904,9.81
2026-10-01 00:00:00,27905,9.81
2026-10-01 00:00:00,27906,9.81
2026-10-01 00:00:00,27932,13.41
2026-10-01 00:00:00,27933,13.41
2026-10-01 00:00:00,56626,20.86
2026-10-01 00:00:00,29381,42.21
2026-10-01 00:00:00,29382,49.41
2026-10-01 00:00:00,27305,0.4
2026-10-01 00:00:00,9094,44.91
2026-10-01 00:00:00,34332,16.11
2026-10-01 00:00:00,34333,10.71
2026-10-01 00:00:00,34334,53.91
2026-10-01 00:00:00,34335,16.11
2026-10-01 00:00:00,34336,31.41
2026-10-01 00:00:00,56919,26.91
2026-10-01 00:00:00,26568,169.9
2026-10-01 00:00:00,47403,11.61
2026-10-01 00:00:00,53619,107.91
2026-10-01 00:00:00,27306,0.34
2026-10-01 00:00:00,50018,63.81
2026-10-01 00:00:00,20790,3.51
2026-10-01 00:00:00,9095,306.0
2026-10-01 00:00:00,29383,58.41
2026-10-01 00:00:00,29384,71.91
2026-10-01 00:00:00,21613,10.43
2026-10-01 00:00:00,62223,134.91
2026-10-01 00:00:00,62005,143.91
2026-10-01 00:00:00,62004,134.91
2026-10-01 00:00:00,62013,134.91
2026-10-01 00:00:00,62203,195.42
2026-10-01 00:00:00,62008,125.91
2026-10-01 00:00:00,8248,67.92
2026-10-01 00:00:00,56234,116.91
2026-10-01 00:00:00,60574,188.91
2026-10-01 00:00:00,27920,11.61
2026-10-01 00:00:00,27908,11.61
2026-10-01 00:00:00,20520,35.91
2026-10-01 00:00:00,20523,49.41
2026-10-01 00:00:00,20522,71.91
2026-10-01 00:00:00,10616,42.21
2026-10-01 00:00:00,63042,224.91
2026-10-01 00:00:00,10907,84.92
2026-10-01 00:00:00,63764,5.31
2026-10-01 00:00:00,26409,350.1
2026-10-01 00:00:00,29064,17.91
2026-10-01 00:00:00,29385,20.61
2026-10-01 00:00:00,29065,19.9
2026-10-01 00:00:00,29066,19.9
2026-10-01 00:00:00,29386,22.9
2026-10-01 00:00:00,13185,1900.0
2026-10-01 00:00:00,65024,297.0
2026-10-01 00:00:00,47307,299.0
2026-10-01 00:00:00,65025,397.0
2026-10-01 00:00:00,64496,599.0
2026-10-01 00:00:00,38549,799.0
2026-10-01 00:00:00,58365,449.1
2026-10-01 00:00:00,47652,369.9
2026-10-01 00:00:00,65027,797.0
2026-10-01 00:00:00,47655,399.0
2026-10-01 00:00:00,63281,3.45
2026-10-01 00:00:00,63282,3.45
2026-10-01 00:00:00,63275,3.6
2026-10-01 00:00:00,63283,4.95
2026-10-01 00:00:00,63276,3.6
2026-10-01 00:00:00,63284,3.45
2026-10-01 00:00:00,63280,3.45
2026-10-01 00:00:00,63278,1.0
2026-10-01 00:00:00,33071,16.11
2026-10-01 00:00:00,33073,16.11
2026-10-01 00:00:00,33389,17.01
2026-10-01 00:00:00,33391,19.71
2026-10-01 00:00:00,33392,7.11
2026-10-01 00:00:00,33074,7.11
2026-10-01 00:00:00,33394,8.55
2026-10-01 00:00:00,33390,8.91
2026-10-01 00:00:00,33373,30.51
2026-10-01 00:00:00,27911,26.91
2026-10-01 00:00:00,20446,0.63
2026-10-01 00:00:00,56529,19.71
2026-10-01 00:00:00,56530,10.71
2026-10-01 00:00:00,56527,7.11
2026-10-01 00:00:00,20583,2.25
2026-10-01 00:00:00,56528,8.01
2026-10-01 00:00:00,25926,35.91
2026-10-01 00:00:00,27647,53.91
2026-10-01 00:00:00,25893,71.91
2026-10-01 00:00:00,25881,89.91
2026-10-01 00:00:00,25914,80.91
2026-10-01 00:00:00,27646,20.61
2026-10-01 00:00:00,27654,26.91
2026-10-01 00:00:00,27650,8.91
2026-10-01 00:00:00,27648,8.01
2026-10-01 00:00:00,27649,8.91
2026-10-01 00:00:00,27645,11.61
2026-10-01 00:00:00,27652,17.91
2026-10-01 00:00:00,27651,15.21
2026-10-01 00:00:00,25917,35.91
2026-10-01 00:00:00,27653,24.21
2026-10-01 00:00:00,62926,10.35
2026-10-01 00:00:00,61184,53.91
2026-10-01 00:00:00,64336,14.31
2026-10-01 00:00:00,20497,2.46
2026-10-01 00:00:00,31674,5.95
2026-10-01 00:00:00,20491,8.32
2026-10-01 00:00:00,20493,17.91
2026-10-01 00:00:00,64333,1.35
2026-10-01 00:00:00,62483,799.0
2026-10-01 00:00:00,59383,999.0
2026-10-01 00:00:00,27463,399.0
2026-10-01 00:00:00,27217,309.0
2026-10-01 00:00:00,59282,519.0
2026-10-01 00:00:00,59398,1029.0
2026-10-01 00:00:00,59283,1349.0
2026-10-01 00:00:00,59336,1039.0
2026-10-01 00:00:00,59373,1749.0
2026-10-01 00:00:00,33708,899.0
2026-10-01 00:00:00,59395,1039.0
2026-10-01 00:00:00,31606,499.0
2026-10-01 00:00:00,13026,839.0
2026-10-01 00:00:00,59460,1049.0
2026-10-01 00:00:00,33709,769.0
2026-10-01 00:00:00,59392,1049.0
2026-10-01 00:00:00,3244,1079.0
2026-10-01 00:00:00,59384,1149.0
2026-10-01 00:00:00,47661,1039.0
2026-10-01 00:00:00,62478,659.0
2026-10-01 00:00:00,33706,1189.0
2026-10-01 00:00:00,59418,1259.1
2026-10-01 00:00:00,63578,929.0
2026-10-01 00:00:00,59385,1799.0
2026-10-01 00:00:00,21270,849.0
2026-10-01 00:00:00,6893,335.0
2026-10-01 00:00:00,15591,2975.0
2026-10-01 00:00:00,59374,1790.0
2026-10-01 00:00:00,59396,1119.0
2026-10-01 00:00:00,63582,749.0
2026-10-01 00:00:00,59376,1949.0
2026-10-01 00:00:00,16972,94.9
2026-10-01 00:00:00,29388,26.91
2026-10-01 00:00:00,62215,134.91
2026-10-01 00:00:00,56681,35.91
2026-10-01 00:00:00,62214,98.91
2026-10-01 00:00:00,54138,62.91
2026-10-01 00:00:00,6892,579.0
2026-10-01 00:00:00,6918,2239.0
2026-10-01 00:00:00,19746,35.91
2026-10-01 00:00:00,64102,50.91
2026-10-01 00:00:00,64015,159.9
2026-10-01 00:00:00,50804,180.9
2026-10-01 00:00:00,50842,69.9
2026-10-01 00:00:00,64617,179.91
2026-10-01 00:00:00,64767,197.91
2026-10-01 00:00:00,64613,179.91
2026-10-01 00:00:00,64614,179.91
2026-10-01 00:00:00,64615,179.91
2026-10-01 00:00:00,60568,35.91
2026-10-01 00:00:00,18602,26.91
2026-10-01 00:00:00,20438,0.81
2026-10-01 00:00:00,13371,8.91
2026-10-01 00:00:00,13372,17.91
2026-10-01 00:00:00,20776,0.81
2026-10-01 00:00:00,20777,0.81
2026-10-01 00:00:00,20442,17.91
2026-10-01 00:00:00,27328,3.51
2026-10-01 00:00:00,27701,8.01
2026-10-01 00:00:00,27703,8.01
2026-10-01 00:00:00,27704,8.01
2026-10-01 00:00:00,27705,8.01
2026-10-01 00:00:00,27706,8.01
2026-10-01 00:00:00,27897,8.91
2026-10-01 00:00:00,27898,8.91
2026-10-01 00:00:00,27899,8.91
2026-10-01 00:00:00,27696,7.11
2026-10-01 00:00:00,27707,8.01
2026-10-01 00:00:00,27708,8.01
2026-10-01 00:00:00,27709,8.01
2026-10-01 00:00:00,27697,7.11
2026-10-01 00:00:00,27710,8.01
2026-10-01 00:00:00,27711,8.01
2026-10-01 00:00:00,50807,256.9
2026-10-01 00:00:00,20345,35.91
2026-10-01 00:00:00,14663,98.91
2026-10-01 00:00:00,8879,109.9
2026-10-01 00:00:00,54644,71.91
2026-10-01 00:00:00,56068,71.91
2026-10-01 00:00:00,64612,51.21
2026-10-01 00:00:00,63812,35.91
2026-10-01 00:00:00,52895,254.91
2026-10-01 00:00:00,50017,80.91
2026-10-01 00:00:00,24678,71.91
2026-10-01 00:00:00,62207,152.92
2026-10-01 00:00:00,56233,35.91
2026-10-01 00:00:00,28484,44.91
2026-10-01 00:00:00,28486,44.91
2026-10-01 00:00:00,28488,26.91
2026-10-01 00:00:00,28487,33.21
2026-10-01 00:00:00,28491,35.91
2026-10-01 00:00:00,28490,35.91
2026-10-01 00:00:00,28481,31.41
2026-10-01 00:00:00,28483,42.21
2026-10-01 00:00:00,28475,89.91
2026-10-01 00:00:00,9097,44.9
2026-10-01 00:00:00,64330,143.91
2026-10-01 00:00:00,64334,129.9
2026-10-01 00:00:00,44878,35.91
2026-10-01 00:00:00,28471,35.91
2026-10-01 00:00:00,28472,35.91
2026-10-01 00:00:00,56284,21.51
2026-10-01 00:00:00,25921,21.51
2026-10-01 00:00:00,33049,6.5
2026-10-01 00:00:00,29390,31.41
2026-10-01 00:00:00,29391,31.41
2026-10-01 00:00:00,29392,62.91
2026-10-01 00:00:00,29393,26.91
2026-10-01 00:00:00,29394,33.21
2026-10-01 00:00:00,29396,33.21
2026-10-01 00:00:00,29135,17.91
2026-10-01 00:00:00,27900,14.31
2026-10-01 00:00:00,27901,14.31
2026-10-01 00:00:00,27934,24.21
2026-10-01 00:00:00,29397,49.41
2026-10-01 00:00:00,27936,24.21
2026-10-01 00:00:00,29398,134.91
2026-10-01 00:00:00,28473,42.21
2026-10-01 00:00:00,28478,33.21
2026-10-01 00:00:00,28477,53.91
2026-10-01 00:00:00,28492,71.91
2026-10-01 00:00:00,28493,62.91
2026-10-01 00:00:00,53605,4.05
2026-10-01 00:00:00,34416,9.81
2026-10-01 00:00:00,34063,4.95
2026-10-01 00:00:00,28499,71.91
2026-10-01 00:00:00,28474,67.41
2026-10-01 00:00:00,21066,0.36
2026-10-01 00:00:00,21065,1.08
2026-10-01 00:00:00,21067,1.26
2026-10-01 00:00:00,16668,4.83
2026-10-01 00:00:00,21060,0.54
2026-10-01 00:00:00,27639,0.63
2026-10-01 00:00:00,21070,0.36
2026-10-01 00:00:00,27634,4.32
2026-10-01 00:00:00,27637,3.33
2026-10-01 00:00:00,27635,0.63
2026-10-01 00:00:00,27632,0.27
2026-10-01 00:00:00,27633,0.45
2026-10-01 00:00:00,20817,0.13
2026-10-01 00:00:00,27330,2.16
2026-10-01 00:00:00,27947,16.11
2026-10-01 00:00:00,27948,16.11
2026-10-01 00:00:00,29137,17.91
2026-10-01 00:00:00,29138,17.91
2026-10-01 00:00:00,27318,1.26
2026-10-01 00:00:00,27319,1.44
2026-10-01 00:00:00,27308,0.13
2026-10-01 00:00:00,27309,0.21
2026-10-01 00:00:00,27315,0.14
2026-10-01 00:00:00,27311,0.99
2026-10-01 00:00:00,27638,0.54
2026-10-01 00:00:00,20799,0.14
2026-10-01 00:00:00,20800,0.18
2026-10-01 00:00:00,21061,1.08
2026-10-01 00:00:00,21068,1.44
2026-10-01 00:00:00,21062,1.98
2026-10-01 00:00:00,27327,0.72
2026-10-01 00:00:00,21063,1.08
2026-10-01 00:00:00,27312,0.16
2026-10-01 00:00:00,27313,0.18
2026-10-01 00:00:00,20801,0.14
2026-10-01 00:00:00,27320,0.16
2026-10-01 00:00:00,59413,3499.0
2026-10-01 00:00:00,59401,3209.0
2026-10-01 00:00:00,59415,4190.0
2026-10-01 00:00:00,55023,89.91
2026-10-01 00:00:00,11507,123.9
2026-10-01 00:00:00,44842,188.91
2026-10-01 00:00:00,29400,125.91
2026-10-01 00:00:00,27902,8.91
2026-10-01 00:00:00,27903,8.91
2026-10-01 00:00:00,27630,0.81
2026-10-01 00:00:00,60591,6.48
2026-10-01 00:00:00,21076,0.9
2026-10-01 00:00:00,21079,0.54
2026-10-01 00:00:00,21077,2.16
2026-10-01 00:00:00,8124,42.0
2026-10-01 00:00:00,21082,0.27
2026-10-01 00:00:00,21081,0.27
2026-10-01 00:00:00,64049,67.92
2026-10-01 00:00:00,21074,1.26
2026-10-01 00:00:00,56236,71.91
2026-10-01 00:00:00,29631,119.9
2026-10-01 00:00:00,62224,53.91
2026-10-01 00:00:00,62225,80.91
2026-10-01 00:00:00,62226,206.1
2026-10-01 00:00:00,27303,1.35
2026-10-01 00:00:00,16137,133.0
2026-10-01 00:00:00,63810,44.91
2026-10-01 00:00:00,18670,4.5
2026-10-01 00:00:00,57669,399.9
2026-10-01 00:00:00,54656,4.5
2026-10-01 00:00:00,21280,143.0
2026-10-01 00:00:00,56916,17.91
2026-10-01 00:00:00,56074,299.0
2026-10-01 00:00:00,56523,6.2
2026-10-01 00:00:00,56524,6.2
2026-10-01 00:00:00,52048,1790.0
2026-10-01 00:00:00,65255,619.0
2026-10-01 00:00:00,45260,169.9
2026-10-01 00:00:00,44060,749.02
2026-10-01 00:00:00,65248,1790.0
2026-10-01 00:00:00,56320,112.41
2026-10-01 00:00:00,56072,49.9
2026-10-01 00:00:00,52050,71.91
2026-10-01 00:00:00,58184,36.9
2026-10-01 00:00:00,62481,1071.0
2026-10-01 00:00:00,63135,764.1
2026-10-01 00:00:00,58364,719.1
2026-10-01 00:00:00,54996,503.1
2026-10-01 00:00:00,38719,130.41
2026-10-01 00:00:00,47797,125.91
2026-10-01 00:00:00,65037,227.0
2026-10-01 00:00:00,65031,227.0
2026-10-01 00:00:00,65035,227.0
2026-10-01 00:00:00,65036,227.0
2026-10-01 00:00:00,65030,227.0
2026-10-01 00:00:00,65033,327.0
2026-10-01 00:00:00,65032,277.0
2026-10-01 00:00:00,65029,327.0
2026-10-01 00:00:00,48118,277.0
2026-10-01 00:00:00,65028,327.0
2026-10-01 00:00:00,65034,327.0
2026-10-01 00:00:00,24582,7.12
2026-10-01 00:00:00,33063,125.91
2026-10-01 00:00:00,47005,65.88
2026-10-01 00:00:00,33064,143.91
2026-10-01 00:00:00,40619,239.0
2026-10-01 00:00:00,40618,215.1
2026-10-01 00:00:00,10510,107.1
2026-10-01 00:00:00,47704,134.1
2026-10-01 00:00:00,47705,134.1
2026-10-01 00:00:00,49294,386.91
2026-10-01 00:00:00,55507,599.0
2026-10-01 00:00:00,48406,539.1
2026-10-01 00:00:00,48401,539.1
2026-10-01 00:00:00,48344,539.1
2026-10-01 00:00:00,48411,539.1
2026-10-01 00:00:00,60086,539.1
2026-10-01 00:00:00,60100,89.9
2026-10-01 00:00:00,60104,119.9
2026-10-01 00:00:00,63743,599.0
2026-10-01 00:00:00,63576,599.0
2026-10-01 00:00:00,63572,599.0
2026-10-01 00:00:00,47653,49.9
2026-10-01 00:00:00,47654,49.9
2026-10-01 00:00:00,54184,159.9
2026-10-01 00:00:00,63574,599.0
2026-10-01 00:00:00,63575,499.0
2026-10-01 00:00:00,39645,31.41
2026-10-01 00:00:00,43917,332.91
2026-10-01 00:00:00,44198,494.1
2026-10-01 00:00:00,47690,458.1
2026-10-01 00:00:00,55573,458.1
2026-10-01 00:00:00,44195,458.1
2026-10-01 00:00:00,63573,499.0
2026-10-01 00:00:00,63742,499.0
2026-10-01 00:00:00,63270,299.9
2026-10-01 00:00:00,64534,566.1
2026-10-01 00:00:00,64537,566.1
2026-10-01 00:00:00,64532,566.1
2026-10-01 00:00:00,64540,566.1
2026-10-01 00:00:00,60105,129.9
2026-10-01 00:00:00,60101,179.91
2026-10-01 00:00:00,60102,69.9
2026-10-01 00:00:00,63665,449.1
2026-10-01 00:00:00,63666,449.1
2026-10-01 00:00:00,63667,449.1
2026-10-01 00:00:00,50946,5.9
2026-10-01 00:00:00,46967,107.91
2026-10-01 00:00:00,48660,197.91
2026-10-01 00:00:00,46935,110.25
2026-10-01 00:00:00,39418,479.9
2026-10-01 00:00:00,39420,879.9
2026-10-01 00:00:00,39422,1199.92
2026-10-01 00:00:00,63969,2399.2
2026-10-01 00:00:00,48506,611.1
2026-10-01 00:00:00,49667,611.1
2026-10-01 00:00:00,48441,611.1
2026-10-01 00:00:00,36644,329.9
2026-10-01 00:00:00,42084,179.9
2026-10-01 00:00:00,39419,299.9
2026-10-01 00:00:00,42081,539.91
2026-10-01 00:00:00,49406,179.91
2026-10-01 00:00:00,39982,459.9
2026-10-01 00:00:00,42083,159.9
2026-10-01 00:00:00,39423,269.91
2026-10-01 00:00:00,61792,1990.0
2026-10-01 00:00:00,63884,1169.0
2026-10-01 00:00:00,63888,1169.0
2026-10-01 00:00:00,64036,1259.0
2026-10-01 00:00:00,63889,1169.0
2026-10-01 00:00:00,64037,1259.0
2026-10-01 00:00:00,63890,1169.0
2026-10-01 00:00:00,20465,53.91
2026-10-01 00:00:00,63967,2799.2
2026-10-01 00:00:00,63965,3199.2
2026-10-01 00:00:00,63962,2559.2
2026-10-01 00:00:00,42799,1759.2
2026-10-01 00:00:00,42796,1519.2
2026-10-01 00:00:00,16237,2490.0
2026-10-01 00:00:00,9279,899.91
2026-10-01 00:00:00,54587,161.91
2026-10-01 00:00:00,61043,206.91
2026-10-01 00:00:00,28631,17.91
2026-10-01 00:00:00,37927,215.91
2026-10-01 00:00:00,9675,53.91
2026-10-01 00:00:00,58746,34.65
2026-10-01 00:00:00,31558,35.91
2026-10-01 00:00:00,12155,99.9
2026-10-01 00:00:00,49608,179.91
2026-10-01 00:00:00,49611,112.41
2026-10-01 00:00:00,48276,179.91
2026-10-01 00:00:00,64358,899.1
2026-10-01 00:00:00,62052,11.9
2026-10-01 00:00:00,53482,89.91
2026-10-01 00:00:00,38401,359.91
2026-10-01 00:00:00,10507,152.91
2026-10-01 00:00:00,10505,197.91
2026-10-01 00:00:00,10506,287.91
2026-10-01 00:00:00,60534,323.91
2026-10-01 00:00:00,58631,359.91
2026-10-01 00:00:00,37873,169.9
2026-10-01 00:00:00,37872,199.9
2026-10-01 00:00:00,37871,199.9
2026-10-01 00:00:00,46928,98.91
2026-10-01 00:00:00,18342,184.5
2026-10-01 00:00:00,42792,233.91
2026-10-01 00:00:00,48649,799.9
2026-10-01 00:00:00,1985,79.9
2026-10-01 00:00:00,42968,80.0
2026-10-01 00:00:00,53147,89.91
2026-10-01 00:00:00,53067,59.9
2026-10-01 00:00:00,46951,98.91
2026-10-01 00:00:00,42093,22.41
2026-10-01 00:00:00,28745,50.0
2026-10-01 00:00:00,42099,134.91
2026-10-01 00:00:00,53474,179.91
2026-10-01 00:00:00,46938,116.91
2026-10-01 00:00:00,24964,161.91
2026-10-01 00:00:00,5055,602.91
2026-10-01 00:00:00,40610,332.1
2026-10-01 00:00:00,48438,332.1
2026-10-01 00:00:00,48442,332.1
2026-10-01 00:00:00,43500,369.0
2026-10-01 00:00:00,40607,369.0
2026-10-01 00:00:00,47004,53.91
2026-10-01 00:00:00,53480,89.91
2026-10-01 00:00:00,38327,143.91
2026-10-01 00:00:00,53151,44.91
2026-10-01 00:00:00,46961,422.1
2026-10-01 00:00:00,47848,499.0
2026-10-01 00:00:00,55563,449.1
2026-10-01 00:00:00,55570,449.1
2026-10-01 00:00:00,64891,449.1
2026-10-01 00:00:00,64892,449.1
2026-10-01 00:00:00,63664,368.1
2026-10-01 00:00:00,61939,449.1
2026-10-01 00:00:00,61940,449.1
2026-10-01 00:00:00,46984,359.91
2026-10-01 00:00:00,61936,359.1
2026-10-01 00:00:00,27249,134.91
2026-10-01 00:00:00,42087,8.9
2026-10-01 00:00:00,57095,611.1
2026-10-01 00:00:00,55574,611.1
2026-10-01 00:00:00,57093,611.1
2026-10-01 00:00:00,47094,729.0
2026-10-01 00:00:00,55579,611.1
2026-10-01 00:00:00,58777,611.1
2026-10-01 00:00:00,55576,521.1
2026-10-01 00:00:00,57092,566.1
2026-10-01 00:00:00,55512,431.1
2026-10-01 00:00:00,48481,566.1
2026-10-01 00:00:00,47097,679.0
2026-10-01 00:00:00,57096,629.1
2026-10-01 00:00:00,58779,629.1
2026-10-01 00:00:00,57101,629.1
2026-10-01 00:00:00,55575,629.1
2026-10-01 00:00:00,55567,629.1
2026-10-01 00:00:00,60092,629.1
2026-10-01 00:00:00,58780,584.1
2026-10-01 00:00:00,60090,584.1
2026-10-01 00:00:00,55564,584.1
2026-10-01 00:00:00,58776,584.1
2026-10-01 00:00:00,64542,584.1
2026-10-01 00:00:00,10514,62.91
2026-10-01 00:00:00,42089,22.41
2026-10-01 00:00:00,42088,40.41
2026-10-01 00:00:00,62125,35.91
2026-10-01 00:00:00,38399,152.91
2026-10-01 00:00:00,63577,349.0
2026-10-01 00:00:00,55217,61.65
2026-10-01 00:00:00,55218,61.65
2026-10-01 00:00:00,55216,61.65
2026-10-01 00:00:00,55224,61.65
2026-10-01 00:00:00,55219,61.65
2026-10-01 00:00:00,55225,61.65
2026-10-01 00:00:00,46918,35.1
2026-10-01 00:00:00,55222,35.1
2026-10-01 00:00:00,47013,200.0
2026-10-01 00:00:00,12964,177.0
2026-10-01 00:00:00,27141,177.0
2026-10-01 00:00:00,12963,229.9
2026-10-01 00:00:00,27273,440.91
2026-10-01 00:00:00,46922,86.85
2026-10-01 00:00:00,46921,86.85
2026-10-01 00:00:00,46920,86.85
2026-10-01 00:00:00,46919,86.85
2026-10-01 00:00:00,58990,152.91
2026-10-01 00:00:00,58986,152.91
2026-10-01 00:00:00,58989,80.91
2026-10-01 00:00:00,58987,152.91
2026-10-01 00:00:00,58984,89.91
2026-10-01 00:00:00,58985,116.91
2026-10-01 00:00:00,58988,152.91
2026-10-01 00:00:00,49281,130.41
2026-10-01 00:00:00,56715,359.1
2026-10-01 00:00:00,58693,200.0
2026-10-01 00:00:00,58696,200.0
2026-10-01 00:00:00,58695,602.91
2026-10-01 00:00:00,58694,200.0
2026-10-01 00:00:00,46931,44.91
2026-10-01 00:00:00,58689,116.91
2026-10-01 00:00:00,58690,62.91
2026-10-01 00:00:00,56865,332.1
2026-10-01 00:00:00,56864,369.0
2026-10-01 00:00:00,47011,332.1
2026-10-01 00:00:00,48475,392.58
2026-10-01 00:00:00,35808,719.1
2026-10-01 00:00:00,57086,799.0
2026-10-01 00:00:00,57087,579.0
2026-10-01 00:00:00,37602,629.1
2026-10-01 00:00:00,38544,629.1
2026-10-01 00:00:00,45010,649.0
2026-10-01 00:00:00,48393,179.91
2026-10-01 00:00:00,40614,809.1
2026-10-01 00:00:00,44985,611.1
2026-10-01 00:00:00,44990,566.1
2026-10-01 00:00:00,44992,494.1
2026-10-01 00:00:00,58013,162.0
2026-10-01 00:00:00,46973,159.9
2026-10-01 00:00:00,46979,159.9
2026-10-01 00:00:00,43921,170.91
2026-10-01 00:00:00,43922,170.91
2026-10-01 00:00:00,43919,170.91
2026-10-01 00:00:00,43920,170.91
2026-10-01 00:00:00,44843,206.91
2026-10-01 00:00:00,43923,143.91
2026-10-01 00:00:00,57812,19.9
2026-10-01 00:00:00,57974,26.91
2026-10-01 00:00:00,57813,26.91
2026-10-01 00:00:00,54033,159.9
2026-10-01 00:00:00,18300,152.55
2026-10-01 00:00:00,18298,89.91
2026-10-01 00:00:00,18296,35.91
2026-10-01 00:00:00,18297,44.91
2026-10-01 00:00:00,47691,579.0
2026-10-01 00:00:00,58781,521.1
2026-10-01 00:00:00,55509,459.0
2026-10-01 00:00:00,60085,566.1
2026-10-01 00:00:00,57099,566.1
2026-10-01 00:00:00,44980,566.1
2026-10-01 00:00:00,44982,566.1
2026-10-01 00:00:00,61932,399.0
2026-10-01 00:00:00,60094,399.0
2026-10-01 00:00:00,61931,359.1
2026-10-01 00:00:00,49272,449.91
2026-10-01 00:00:00,48325,386.1
2026-10-01 00:00:00,44206,476.1
2026-10-01 00:00:00,44208,386.1
2026-10-01 00:00:00,44205,386.1
2026-10-01 00:00:00,44979,521.1
2026-10-01 00:00:00,61937,404.1
2026-10-01 00:00:00,44210,422.1
2026-10-01 00:00:00,44211,422.1
2026-10-01 00:00:00,64535,314.1
2026-10-01 00:00:00,64538,314.1
2026-10-01 00:00:00,64539,314.1
2026-10-01 00:00:00,64533,314.1
2026-10-01 00:00:00,64536,314.1
2026-10-01 00:00:00,38695,386.91
2026-10-01 00:00:00,49676,386.91
2026-10-01 00:00:00,48267,125.91
2026-10-01 00:00:00,49670,494.1
2026-10-01 00:00:00,55533,494.1
2026-10-01 00:00:00,56669,699.9
2026-10-01 00:00:00,48495,3239.1
2026-10-01 00:00:00,48505,521.1
2026-10-01 00:00:00,55578,521.1
2026-10-01 00:00:00,62912,169.9
2026-10-01 00:00:00,65257,3939.0
2026-10-01 00:00:00,64315,3099.0
2026-10-01 00:00:00,64313,12985.55
2026-10-01 00:00:00,65261,3339.0
2026-10-01 00:00:00,65224,664.05
2026-10-01 00:00:00,58753,939.0
2026-10-01 00:00:00,42782,759.05
2026-10-01 00:00:00,65221,854.05
2026-10-01 00:00:00,62172,999.0
2026-10-01 00:00:00,27035,4249.0
2026-10-01 00:00:00,39465,4093.55
2026-10-01 00:00:00,27036,6709.0
2026-10-01 00:00:00,39469,7941.05
2026-10-01 00:00:00,39466,6430.55
2026-10-01 00:00:00,39467,8292.55
2026-10-01 00:00:00,52281,9879.05
2026-10-01 00:00:00,17250,8999.0
2026-10-01 00:00:00,47017,6399.0
2026-10-01 00:00:00,47016,5097.0
2026-10-01 00:00:00,42919,5414.05
2026-10-01 00:00:00,42920,7499.0
2026-10-01 00:00:00,42921,8999.0
2026-10-01 00:00:00,42922,6649.05
2026-10-01 00:00:00,42923,8299.0
2026-10-01 00:00:00,59816,6899.0
2026-10-01 00:00:00,38889,5999.0
2026-10-01 00:00:00,38890,8299.0
2026-10-01 00:00:00,65017,2999.0
2026-10-01 00:00:00,34953,989.0
2026-10-01 00:00:00,63327,502.55
2026-10-01 00:00:00,58212,1139.05
2026-10-01 00:00:00,58216,1549.0
2026-10-01 00:00:00,58214,1499.0
2026-10-01 00:00:00,24844,1847.0
2026-10-01 00:00:00,27535,1699.0
2026-10-01 00:00:00,58218,3199.0
2026-10-01 00:00:00,58210,1799.0
2026-10-01 00:00:00,22488,3580.55
2026-10-01 00:00:00,39879,2089.05
2026-10-01 00:00:00,54402,255.55
2026-10-01 00:00:00,22070,255.55
2026-10-01 00:00:00,63359,319.0
2026-10-01 00:00:00,64357,777.0
2026-10-01 00:00:00,64356,797.0
2026-10-01 00:00:00,48537,616.55
2026-10-01 00:00:00,63360,589.0
2026-10-01 00:00:00,63997,1999.0
2026-10-01 00:00:00,32574,540.55
2026-10-01 00:00:00,63992,769.0
2026-10-01 00:00:00,6077,859.0
2026-10-01 00:00:00,26250,579.0
2026-10-01 00:00:00,6075,1129.55
2026-10-01 00:00:00,38376,256.4
2026-10-01 00:00:00,37531,1899.0
2026-10-01 00:00:00,65015,899.0
2026-10-01 00:00:00,44496,1999.0
2026-10-01 00:00:00,44497,1999.0
2026-10-01 00:00:00,46222,12.15
2026-10-01 00:00:00,46216,10.71
2026-10-01 00:00:00,50943,17.91
2026-10-01 00:00:00,39863,179.9
2026-10-01 00:00:00,24508,44.91
2026-10-01 00:00:00,64003,11674.55
2026-10-01 00:00:00,41518,484.4
2026-10-01 00:00:00,41519,709.0
2026-10-01 00:00:00,45753,347.0
2026-10-01 00:00:00,45755,247.0
2026-10-01 00:00:00,57653,1597.0
2026-10-01 00:00:00,64893,5499.0
2026-10-01 00:00:00,38556,2469.05
2026-10-01 00:00:00,54086,4103.05
2026-10-01 00:00:00,38277,6799.0
2026-10-01 00:00:00,22486,16994.55
2026-10-01 00:00:00,27481,7589.55
2026-10-01 00:00:00,30661,159.9
2026-10-01 00:00:00,58367,901.55
2026-10-01 00:00:00,58366,901.55
2026-10-01 00:00:00,62896,247.0
2026-10-01 00:00:00,19686,1139.05
2026-10-01 00:00:00,43482,1039.0
2026-10-01 00:00:00,19913,1889.0
2026-10-01 00:00:00,32203,1604.55
2026-10-01 00:00:00,65177,6149.0
2026-10-01 00:00:00,65176,5289.0
2026-10-01 00:00:00,65175,3569.0
2026-10-01 00:00:00,65172,1689.0
2026-10-01 00:00:00,56499,1699.55
2026-10-01 00:00:00,58633,2108.05
2026-10-01 00:00:00,34049,4435.55
2026-10-01 00:00:00,34048,5936.55
2026-10-01 00:00:00,42885,6820.05
2026-10-01 00:00:00,48667,12824.05
2026-10-01 00:00:00,48669,8497.0
2026-10-01 00:00:00,48668,9499.05
2026-10-01 00:00:00,26287,1839.0
2026-10-01 00:00:00,26168,2099.0
2026-10-01 00:00:00,25400,3859.0
2026-10-01 00:00:00,19787,2260.05
2026-10-01 00:00:00,19788,2629.0
2026-10-01 00:00:00,33505,2629.0
2026-10-01 00:00:00,32208,2108.05
2026-10-01 00:00:00,33341,3699.0
2026-10-01 00:00:00,54874,6149.0
2026-10-01 00:00:00,45354,7739.0
2026-10-01 00:00:00,63332,464.55
2026-10-01 00:00:00,57654,749.0
2026-10-01 00:00:00,61791,347.0
2026-10-01 00:00:00,61790,1597.0
2026-10-01 00:00:00,58197,1697.0
2026-10-01 00:00:00,65310,1517.0
2026-10-01 00:00:00,65311,1517.0
2026-10-01 00:00:00,65312,1517.0
2026-10-01 00:00:00,65309,1517.0
2026-10-01 00:00:00,65306,377.0
2026-10-01 00:00:00,65297,327.0
2026-10-01 00:00:00,65305,377.0
2026-10-01 00:00:00,65296,327.0
2026-10-01 00:00:00,65304,377.0
2026-10-01 00:00:00,65307,377.0
2026-10-01 00:00:00,65302,377.0
2026-10-01 00:00:00,65299,327.0
2026-10-01 00:00:00,65301,377.0
2026-10-01 00:00:00,65298,327.0
2026-10-01 00:00:00,65300,377.0
2026-10-01 00:00:00,65303,377.0
2026-10-01 00:00:00,65308,697.0
2026-10-01 00:00:00,65225,597.55
2026-10-01 00:00:00,63350,859.0
2026-10-01 00:00:00,6885,208.05
2026-10-01 00:00:00,54462,1433.55
2026-10-01 00:00:00,65229,730.55
2026-10-01 00:00:00,62179,589.0
2026-10-01 00:00:00,65222,350.55
2026-10-01 00:00:00,16822,59.9
2026-10-01 00:00:00,16823,69.9
2026-10-01 00:00:00,16821,29.9
2026-10-01 00:00:00,5945,247.0
2026-10-01 00:00:00,65226,854.05
2026-10-01 00:00:00,65228,597.55
2026-10-01 00:00:00,63722,645.05
2026-10-01 00:00:00,65016,1299.0
2026-10-01 00:00:00,47221,206.91
2026-10-01 00:00:00,63082,499.0
2026-10-01 00:00:00,62887,1197.0
2026-10-01 00:00:00,42892,1999.0
2026-10-01 00:00:00,60023,3191.05
2026-10-01 00:00:00,65178,1849.0
2026-10-01 00:00:00,60024,4863.05
2026-10-01 00:00:00,60022,4255.05
2026-10-01 00:00:00,58615,107.91
2026-10-01 00:00:00,58618,107.91
2026-10-01 00:00:00,52465,116.91
2026-10-01 00:00:00,65170,6889.0
2026-10-01 00:00:00,11373,149.0
2026-10-01 00:00:00,23026,559.0
2026-10-01 00:00:00,45009,439.0
2026-10-01 00:00:00,45008,439.0
2026-10-01 00:00:00,23027,1789.0
2026-10-01 00:00:00,6371,5249.0
2026-10-01 00:00:00,63595,1149.0
2026-10-01 00:00:00,63358,949.05
2026-10-01 00:00:00,39880,85.41
2026-10-01 00:00:00,45754,18.9
2026-10-01 00:00:00,45756,23.65
2026-10-01 00:00:00,54846,19.9
2026-10-01 00:00:00,42823,18.9
2026-10-01 00:00:00,45239,197.0
2026-10-01 00:00:00,57656,399.0
2026-10-01 00:00:00,39258,2997.0
2026-10-01 00:00:00,64317,6934.05
2026-10-01 00:00:00,61852,8549.05
2026-10-01 00:00:00,58204,8799.0
2026-10-01 00:00:00,48470,3419.05
2026-10-01 00:00:00,36849,1642.55
2026-10-01 00:00:00,54605,1099.0
2026-10-01 00:00:00,38037,2889.0
2026-10-01 00:00:00,44490,979.0
2026-10-01 00:00:00,65018,1253.05
2026-10-01 00:00:00,41523,2099.0
2026-10-01 00:00:00,54078,3499.0
2026-10-01 00:00:00,34951,789.0
2026-10-01 00:00:00,50952,6.9
2026-10-01 00:00:00,38586,6199.0
2026-10-01 00:00:00,38585,7699.0
2026-10-01 00:00:00,63357,379.0
2026-10-01 00:00:00,63343,279.0
2026-10-01 00:00:00,41596,1424.05
2026-10-01 00:00:00,44505,399.0
2026-10-01 00:00:00,35586,319.0
2026-10-01 00:00:00,35585,229.0
2026-10-01 00:00:00,54626,579.0
2026-10-01 00:00:00,63624,1433.55
2026-10-01 00:00:00,63627,312.55
2026-10-01 00:00:00,63620,1338.55
2026-10-01 00:00:00,63646,322.05
2026-10-01 00:00:00,63645,901.55
2026-10-01 00:00:00,63622,721.05
2026-10-01 00:00:00,63621,331.55
2026-10-01 00:00:00,63623,360.05
2026-10-01 00:00:00,63647,1424.05
2026-10-01 00:00:00,63649,246.05
2026-10-01 00:00:00,63650,274.55
2026-10-01 00:00:00,62241,10420.55
2026-10-01 00:00:00,63626,436.05
2026-10-01 00:00:00,63625,493.05
2026-10-01 00:00:00,45647,1999.0
2026-10-01 00:00:00,58205,6599.0
2026-10-01 00:00:00,57090,1823.05
2026-10-01 00:00:00,29530,6099.0
2026-10-01 00:00:00,58206,4699.0
2026-10-01 00:00:00,58203,5497.0
2026-10-01 00:00:00,24197,11294.55
2026-10-01 00:00:00,60025,5794.05
2026-10-01 00:00:00,60021,8380.0
2026-10-01 00:00:00,15655,6174.05
2026-10-01 00:00:00,44575,2136.55
2026-10-01 00:00:00,54455,19474.05
2026-10-01 00:00:00,46376,75.91
2026-10-01 00:00:00,16826,66.41
2026-10-01 00:00:00,16825,56.91
2026-10-01 00:00:00,45757,61.66
2026-10-01 00:00:00,19546,17.91
2026-10-01 00:00:00,48465,5034.05
2026-10-01 00:00:00,33336,4701.55
2026-10-01 00:00:00,38234,7314.05
2026-10-01 00:00:00,33331,8169.05
2026-10-01 00:00:00,24847,7999.0
2026-10-01 00:00:00,38626,6649.05
2026-10-01 00:00:00,38625,6934.05
2026-10-01 00:00:00,62905,3997.0
2026-10-01 00:00:00,65168,5959.0
2026-10-01 00:00:00,65173,3939.0
2026-10-01 00:00:00,65169,5109.0
2026-10-01 00:00:00,65174,3299.0
2026-10-01 00:00:00,61884,5639.0
2026-10-01 00:00:00,65179,4169.0
2026-10-01 00:00:00,65180,5409.0
2026-10-01 00:00:00,47035,4299.0
2026-10-01 00:00:00,61922,11999.0
2026-10-01 00:00:00,24840,8499.0
2026-10-01 00:00:00,54406,10259.05
2026-10-01 00:00:00,61928,9499.0
2026-10-01 00:00:00,39247,10399.0
2026-10-01 00:00:00,56433,12589.0
2026-10-01 00:00:00,45760,729.0
2026-10-01 00:00:00,30594,2889.0
2026-10-01 00:00:00,30638,2399.0
2026-10-01 00:00:00,45759,1099.0
2026-10-01 00:00:00,44509,579.0
2026-10-01 00:00:00,41526,797.05
2026-10-01 00:00:00,63728,1300.55
2026-10-01 00:00:00,63593,949.05
2026-10-01 00:00:00,63594,949.05
2026-10-01 00:00:00,63592,949.05
2026-10-01 00:00:00,43801,1099.0
2026-10-01 00:00:00,64897,147.0
2026-10-01 00:00:00,64898,157.0
2026-10-01 00:00:00,64899,157.0
2026-10-01 00:00:00,48361,1929.0
2026-10-01 00:00:00,48372,2889.0
2026-10-01 00:00:00,54627,2070.05
2026-10-01 00:00:00,35869,379.05
2026-10-01 00:00:00,58570,89.0
2026-10-01 00:00:00,45750,399.0
2026-10-01 00:00:00,44625,297.0
2026-10-01 00:00:00,65164,177.0
2026-10-01 00:00:00,65167,177.0
2026-10-01 00:00:00,45751,199.0
2026-10-01 00:00:00,57670,199.0
2026-10-01 00:00:00,45749,199.0
2026-10-01 00:00:00,65165,197.0
2026-10-01 00:00:00,50703,17.91
2026-10-01 00:00:00,41742,259.9
2026-10-01 00:00:00,44574,3299.0
2026-10-01 00:00:00,38553,1739.0
2026-10-01 00:00:00,29171,1880.05
2026-10-01 00:00:00,64310,1861.05
2026-10-01 00:00:00,54427,1899.05
2026-10-01 00:00:00,61834,1199.0
2026-10-01 00:00:00,61854,1399.0
2026-10-01 00:00:00,61833,2089.05
2026-10-01 00:00:00,48348,2659.05
2026-10-01 00:00:00,42889,3799.05
2026-10-01 00:00:00,40376,2999.0
2026-10-01 00:00:00,56705,3086.55
2026-10-01 00:00:00,47477,174.93
2026-10-01 00:00:00,59609,199.0
2026-10-01 00:00:00,63356,349.0
2026-10-01 00:00:00,13712,247.0
2026-10-01 00:00:00,29031,769.0
2026-10-01 00:00:00,63324,469.0
2026-10-01 00:00:00,23290,489.0
2026-10-01 00:00:00,65166,697.0
2026-10-01 00:00:00,23291,559.0
2026-10-01 00:00:00,64856,269.91
2026-10-01 00:00:00,43807,2108.05
2026-10-01 00:00:00,63339,879.0
2026-10-01 00:00:00,45752,349.0
2026-10-01 00:00:00,56857,1566.55
2026-10-01 00:00:00,65223,949.05
2026-10-01 00:00:00,5711,699.0
2026-10-01 00:00:00,58565,65.55
2026-10-01 00:00:00,6119,9399.0
2026-10-01 00:00:00,6456,12824.05
2026-10-01 00:00:00,6557,11689.0
2026-10-01 00:00:00,43972,521.55
2026-10-01 00:00:00,24628,499.0
2026-10-01 00:00:00,18030,449.0
2026-10-01 00:00:00,26277,589.0
2026-10-01 00:00:00,39870,1015.55
2026-10-01 00:00:00,63727,279.0
2026-10-01 00:00:00,56706,849.0
2026-10-01 00:00:00,18029,319.0
2026-10-01 00:00:00,61847,369.0
2026-10-01 00:00:00,54622,607.9
2026-10-01 00:00:00,37600,589.0
2026-10-01 00:00:00,46375,899.0
2026-10-01 00:00:00,54106,35.91
2026-10-01 00:00:00,64855,80.91
2026-10-01 00:00:00,5721,2299.0
2026-10-01 00:00:00,65181,1099.0
2026-10-01 00:00:00,45238,797.0
2026-10-01 00:00:00,57655,1399.0
2026-10-01 00:00:00,59610,129.0
2026-10-01 00:00:00,58563,474.05
2026-10-01 00:00:00,28249,3856.05
2026-10-01 00:00:00,38233,4226.55
2026-10-01 00:00:00,33327,7694.05
2026-10-01 00:00:00,33329,6699.0
2026-10-01 00:00:00,33324,8399.0
2026-10-01 00:00:00,33326,7297.0
2026-10-01 00:00:00,61850,7997.0
2026-10-01 00:00:00,61846,4697.0
2026-10-01 00:00:00,61853,6199.0
2026-10-01 00:00:00,61835,4179.05
2026-10-01 00:00:00,36205,23274.05
2026-10-01 00:00:00,54094,6193.05
2026-10-01 00:00:00,65171,5169.0
2026-10-01 00:00:00,61880,6959.0
2026-10-01 00:00:00,61882,8767.55
2026-10-01 00:00:00,61848,11019.05
2026-10-01 00:00:00,44666,18999.05
2026-10-01 00:00:00,44658,7979.05
2026-10-01 00:00:00,61923,6299.0
2026-10-01 00:00:00,61838,25174.05
2026-10-01 00:00:00,56827,10449.05
2026-10-01 00:00:00,44597,19379.05
2026-10-01 00:00:00,39659,7997.0
2026-10-01 00:00:00,54603,24034.05
2026-10-01 00:00:00,61844,21849.05
2026-10-01 00:00:00,61841,8644.05
2026-10-01 00:00:00,61840,9974.05
2026-10-01 00:00:00,61842,16149.05
2026-10-01 00:00:00,44938,13774.05
2026-10-01 00:00:00,54604,18049.05
2026-10-01 00:00:00,53123,215.91
2026-10-01 00:00:00,33467,474.05
2026-10-01 00:00:00,62163,806.55
2026-10-01 00:00:00,22494,5789.0
2026-10-01 00:00:00,38558,419.0
2026-10-01 00:00:00,29032,479.0
2026-10-01 00:00:00,63354,269.0
2026-10-01 00:00:00,63355,289.0
2026-10-01 00:00:00,23030,829.0
2026-10-01 00:00:00,22586,439.0
2026-10-01 00:00:00,28732,629.0
2026-10-01 00:00:00,64827,379.05
2026-10-01 00:00:00,26268,449.0
2026-10-01 00:00:00,48522,2773.05
2026-10-01 00:00:00,48641,2896.55
2026-10-01 00:00:00,35874,1709.05
2026-10-01 00:00:00,35873,664.05
2026-10-01 00:00:00,19692,474.05
2026-10-01 00:00:00,33786,759.05
2026-10-01 00:00:00,44141,740.05
2026-10-01 00:00:00,26266,559.0
2026-10-01 00:00:00,53375,89.91
2026-10-01 00:00:00,59611,519.0
2026-10-01 00:00:00,63719,1299.0
2026-10-01 00:00:00,16817,29.9
2026-10-01 00:00:00,16818,29.9
2026-10-01 00:00:00,65230,2754.05
2026-10-01 00:00:00,59608,299.0
2026-10-01 00:00:00,63587,4160.05
2026-10-01 00:00:00,16820,29.9
2026-10-01 00:00:00,16819,29.9
2026-10-01 00:00:00,63345,797.05
2026-10-01 00:00:00,37527,939.55
2026-10-01 00:00:00,64894,297.0
2026-10-01 00:00:00,44519,599.0
2026-10-01 00:00:00,57657,299.0
2026-10-01 00:00:00,58637,787.55
2026-10-01 00:00:00,45911,419.0
2026-10-01 00:00:00,54558,1148.55
2026-10-01 00:00:00,45721,477.0
2026-10-01 00:00:00,62893,1699.0
2026-10-01 00:00:00,45011,1379.0
2026-10-01 00:00:00,62895,2379.0
2026-10-01 00:00:00,45758,557.0
2026-10-01 00:00:00,61889,1699.0
2026-10-01 00:00:00,61893,1699.0
2026-10-01 00:00:00,61892,1699.0
2026-10-01 00:00:00,61894,2979.0
2026-10-01 00:00:00,63741,1699.0
2026-10-01 00:00:00,52634,769.0
2026-10-01 00:00:00,52637,1189.0
2026-10-01 00:00:00,61888,2129.0
2026-10-01 00:00:00,52635,2549.0
2026-10-01 00:00:00,24288,1599.0
2026-10-01 00:00:00,9339,1599.0
2026-10-01 00:00:00,61891,1647.0
2026-10-01 00:00:00,62894,2879.0
2026-10-01 00:00:00,61890,247.0
2026-10-01 00:00:00,63347,559.55
2026-10-01 00:00:00,63346,519.0
2026-10-01 00:00:00,63328,1219.0
2026-10-01 00:00:00,48570,219.0
2026-10-01 00:00:00,47015,2679.0
2026-10-01 00:00:00,48631,911.05
2026-10-01 00:00:00,48565,1499.0
2026-10-01 00:00:00,45913,2899.0
2026-10-01 00:00:00,45912,9379.0
2026-10-01 00:00:00,61901,3189.0
2026-10-01 00:00:00,54569,9518.05
2026-10-01 00:00:00,46379,3499.0
2026-10-01 00:00:00,45312,4090.7
2026-10-01 00:00:00,46672,9989.0
2026-10-01 00:00:00,46381,1199.0
2026-10-01 00:00:00,48373,299.9
2026-10-01 00:00:00,46380,1262.55
2026-10-01 00:00:00,48640,359.9
2026-10-01 00:00:00,48367,569.9
2026-10-01 00:00:00,44940,499.9
2026-10-01 00:00:00,47445,249.9
2026-10-01 00:00:00,45266,599.9
2026-10-01 00:00:00,64312,4299.0
2026-10-01 00:00:00,65259,3049.0
2026-10-01 00:00:00,65258,8679.0
2026-10-01 00:00:00,65260,6389.0
2026-10-01 00:00:00,61896,3099.0
2026-10-01 00:00:00,61895,3099.0
2026-10-01 00:00:00,50004,3689.1
2026-10-01 00:00:00,50006,3689.1
2026-10-01 00:00:00,64918,3689.1
2026-10-01 00:00:00,50005,3689.1
2026-10-01 00:00:00,63322,990.0
2026-10-01 00:00:00,44646,990.0
2026-10-01 00:00:00,49951,67699.0
2026-10-01 00:00:00,64319,284.9
2026-10-01 00:00:00,49995,6189.0
2026-10-01 00:00:00,53791,89.91
2026-10-01 00:00:00,34801,71.91
2026-10-01 00:00:00,53695,24.9
2026-10-01 00:00:00,19470,100.0
2026-10-01 00:00:00,53210,98.91
2026-10-01 00:00:00,53211,62.91
2026-10-01 00:00:00,49928,20499.0
2026-10-01 00:00:00,49897,18099.0
2026-10-01 00:00:00,49880,25389.0
2026-10-01 00:00:00,52704,699.0
2026-10-01 00:00:00,49955,683.1
2026-10-01 00:00:00,49956,1169.1
2026-10-01 00:00:00,59613,2799.0
2026-10-01 00:00:00,47044,1699.0
2026-10-01 00:00:00,3371,189.05
2026-10-01 00:00:00,48783,1399.0
2026-10-01 00:00:00,48767,1399.0
2026-10-01 00:00:00,33248,379.9
2026-10-01 00:00:00,59998,729.0
2026-10-01 00:00:00,21901,99.0
2026-10-01 00:00:00,5576,75.05
2026-10-01 00:00:00,5577,94.05
2026-10-01 00:00:00,48786,1299.0
2026-10-01 00:00:00,48795,1299.0
2026-10-01 00:00:00,48798,1899.0
2026-10-01 00:00:00,47832,719.0
2026-10-01 00:00:00,47831,719.0
2026-10-01 00:00:00,47822,719.0
2026-10-01 00:00:00,47830,719.0
2026-10-01 00:00:00,48813,879.0
2026-10-01 00:00:00,48812,879.0
2026-10-01 00:00:00,48810,879.0
2026-10-01 00:00:00,48776,1499.0
2026-10-01 00:00:00,48791,1499.0
2026-10-01 00:00:00,47486,399.0
2026-10-01 00:00:00,42430,377.0
2026-10-01 00:00:00,42429,499.0
2026-10-01 00:00:00,42428,377.0
2026-10-01 00:00:00,47034,69.0
2026-10-01 00:00:00,38818,229.0
2026-10-01 00:00:00,44481,217.55
2026-10-01 00:00:00,38816,217.55
2026-10-01 00:00:00,59156,799.0
2026-10-01 00:00:00,5552,75.05
2026-10-01 00:00:00,5553,75.91
2026-10-01 00:00:00,60032,989.0
2026-10-01 00:00:00,3365,189.05
2026-10-01 00:00:00,33243,95.0
2026-10-01 00:00:00,20694,189.05
2026-10-01 00:00:00,47501,539.0
2026-10-01 00:00:00,47502,539.0
2026-10-01 00:00:00,47500,539.0
2026-10-01 00:00:00,47503,539.0
2026-10-01 00:00:00,47042,499.0
2026-10-01 00:00:00,63301,1190.0
2026-10-01 00:00:00,53001,107.91
2026-10-01 00:00:00,38582,3399.0
2026-10-01 00:00:00,31345,4199.0
2026-10-01 00:00:00,35552,1471.55
2026-10-01 00:00:00,8332,1047.0
2026-10-01 00:00:00,21229,33.93
2026-10-01 00:00:00,49993,1259.0
2026-10-01 00:00:00,44057,39.0
2026-10-01 00:00:00,59718,12599.1
2026-10-01 00:00:00,59720,7199.1
2026-10-01 00:00:00,48773,0.0
2026-10-01 00:00:00,59717,16559.1
2026-10-01 00:00:00,59614,26909.1
2026-10-01 00:00:00,48781,16199.1
2026-10-01 00:00:00,60034,4499.0
2026-10-01 00:00:00,60037,5799.0
2026-10-01 00:00:00,53468,35.91
2026-10-01 00:00:00,53471,44.91
2026-10-01 00:00:00,54756,39.0
2026-10-01 00:00:00,46301,39.9
2026-10-01 00:00:00,33266,29.0
2026-10-01 00:00:00,53869,17.91
2026-10-01 00:00:00,53868,15.21
2026-10-01 00:00:00,44779,250.0
2026-10-01 00:00:00,63744,350.0
2026-10-01 00:00:00,57605,71.91
2026-10-01 00:00:00,10103,65.55
2026-10-01 00:00:00,54757,71.16
2026-10-01 00:00:00,46283,99.0
2026-10-01 00:00:00,45303,79.0
2026-10-01 00:00:00,26293,40.0
2026-10-01 00:00:00,57620,89.91
2026-10-01 00:00:00,57606,71.91
2026-10-01 00:00:00,57607,179.91
2026-10-01 00:00:00,47408,37.05
2026-10-01 00:00:00,33310,29.0
2026-10-01 00:00:00,46186,200.0
2026-10-01 00:00:00,53044,49.9
2026-10-01 00:00:00,57608,224.91
2026-10-01 00:00:00,33309,28.0
2026-10-01 00:00:00,16385,56.91
2026-10-01 00:00:00,53651,1.71
2026-10-01 00:00:00,64925,20109.0
2026-10-01 00:00:00,49876,16299.0
2026-10-01 00:00:00,49944,0.0
2026-10-01 00:00:00,49912,24099.0
2026-10-01 00:00:00,49926,24099.0
2026-10-01 00:00:00,49932,20499.0
2026-10-01 00:00:00,49904,23339.0
2026-10-01 00:00:00,49867,39899.0
2026-10-01 00:00:00,49958,8399.0
2026-10-01 00:00:00,49866,9759.0
2026-10-01 00:00:00,49929,8399.0
2026-10-01 00:00:00,58538,8399.0
2026-10-01 00:00:00,58537,10199.0
2026-10-01 00:00:00,59153,31399.0
2026-10-01 00:00:00,49902,18099.0
2026-10-01 00:00:00,49964,22899.0
2026-10-01 00:00:00,49903,24099.0
2026-10-01 00:00:00,59715,9599.0
2026-10-01 00:00:00,49965,40489.0
2026-10-01 00:00:00,49870,24099.0
2026-10-01 00:00:00,49883,24099.0
2026-10-01 00:00:00,49953,10799.0
2026-10-01 00:00:00,49919,8999.0
2026-10-01 00:00:00,49948,5012.1
2026-10-01 00:00:00,59154,10799.0
2026-10-01 00:00:00,49885,11999.0
2026-10-01 00:00:00,33302,149.0
2026-10-01 00:00:00,33301,180.0
2026-10-01 00:00:00,34807,149.9
2026-10-01 00:00:00,46194,79.0
2026-10-01 00:00:00,50000,839.0
2026-10-01 00:00:00,49969,479.0
2026-10-01 00:00:00,49998,1049.0
2026-10-01 00:00:00,65014,95.0
2026-10-01 00:00:00,46189,161.41
2026-10-01 00:00:00,33275,55.0
2026-10-01 00:00:00,33285,115.0
2026-10-01 00:00:00,33269,90.0
2026-10-01 00:00:00,36248,630.0
2026-10-01 00:00:00,44778,280.0
2026-10-01 00:00:00,53059,107.91
2026-10-01 00:00:00,24794,2621.05
2026-10-01 00:00:00,63305,350.0
2026-10-01 00:00:00,61719,497.0
2026-10-01 00:00:00,53658,5.31
2026-10-01 00:00:00,60020,2249.0
2026-10-01 00:00:00,60009,859.0
2026-10-01 00:00:00,60005,2249.0
2026-10-01 00:00:00,50013,899.0
2026-10-01 00:00:00,50014,899.0
2026-10-01 00:00:00,50011,819.0
2026-10-01 00:00:00,43815,854.05
2026-10-01 00:00:00,64931,1429.0
2026-10-01 00:00:00,53051,242.91
2026-10-01 00:00:00,60018,1259.0
2026-10-01 00:00:00,52224,89.91
2026-10-01 00:00:00,52225,116.91
2026-10-01 00:00:00,52226,62.91
2026-10-01 00:00:00,52227,80.91
2026-10-01 00:00:00,52495,80.91
2026-10-01 00:00:00,52228,134.91
2026-10-01 00:00:00,52229,179.91
2026-10-01 00:00:00,53657,5.31
2026-10-01 00:00:00,49894,5999.0
2026-10-01 00:00:00,49909,7799.0
2026-10-01 00:00:00,49938,2999.0
2026-10-01 00:00:00,49888,14399.0
2026-10-01 00:00:00,49915,7799.0
2026-10-01 00:00:00,49935,4199.0
2026-10-01 00:00:00,49916,4499.0
2026-10-01 00:00:00,49872,3599.0
2026-10-01 00:00:00,49892,3599.0
2026-10-01 00:00:00,49889,10799.0
2026-10-01 00:00:00,49920,7799.0
2026-10-01 00:00:00,49921,3599.0
2026-10-01 00:00:00,63753,430.0
2026-10-01 00:00:00,64934,2449.0
2026-10-01 00:00:00,49999,2229.0
2026-10-01 00:00:00,31416,129.51
2026-10-01 00:00:00,31419,18.54
2026-10-01 00:00:00,53053,44.46
2026-10-01 00:00:00,31417,129.51
2026-10-01 00:00:00,31420,17.91
2026-10-01 00:00:00,31418,44.46
2026-10-01 00:00:00,53947,6.21
2026-10-01 00:00:00,52303,9.81
2026-10-01 00:00:00,52108,9.81
2026-10-01 00:00:00,52109,8.91
2026-10-01 00:00:00,53948,105.21
2026-10-01 00:00:00,53054,53.91
2026-10-01 00:00:00,52113,89.91
2026-10-01 00:00:00,43819,445.55
2026-10-01 00:00:00,60017,469.0
2026-10-01 00:00:00,53653,148.41
2026-10-01 00:00:00,53654,224.91
2026-10-01 00:00:00,53693,109.9
2026-10-01 00:00:00,53345,125.91
2026-10-01 00:00:00,53652,59.9
2026-10-01 00:00:00,49893,34639.0
2026-10-01 00:00:00,49913,46519.0
2026-10-01 00:00:00,49878,25299.0
2026-10-01 00:00:00,49918,23079.0
2026-10-01 00:00:00,49927,14499.0
2026-10-01 00:00:00,49871,20499.0
2026-10-01 00:00:00,49873,10799.0
2026-10-01 00:00:00,49905,13199.0
2026-10-01 00:00:00,49899,24099.0
2026-10-01 00:00:00,49908,6599.0
2026-10-01 00:00:00,49906,11999.0
2026-10-01 00:00:00,49949,27799.0
2026-10-01 00:00:00,49907,19299.0
2026-10-01 00:00:00,49874,15699.0
2026-10-01 00:00:00,49898,5999.0
2026-10-01 00:00:00,64936,4799.0
2026-10-01 00:00:00,49917,5399.0
2026-10-01 00:00:00,60035,16899.0
2026-10-01 00:00:00,49896,8999.0
2026-10-01 00:00:00,49923,6599.0
2026-10-01 00:00:00,49925,17549.0
2026-10-01 00:00:00,49887,6599.0
2026-10-01 00:00:00,49952,22899.0
2026-10-01 00:00:00,49877,2299.0
2026-10-01 00:00:00,49939,33799.0
2026-10-01 00:00:00,49881,20499.0
2026-10-01 00:00:00,49911,22899.0
2026-10-01 00:00:00,49869,14099.0
2026-10-01 00:00:00,49890,21699.0
2026-10-01 00:00:00,49934,6599.0
2026-10-01 00:00:00,49875,14499.0
2026-10-01 00:00:00,49882,10199.0
2026-10-01 00:00:00,49900,27799.0
2026-10-01 00:00:00,60299,42299.0
2026-10-01 00:00:00,49884,17319.0
2026-10-01 00:00:00,49879,28999.0
2026-10-01 00:00:00,64935,6199.0
2026-10-01 00:00:00,64932,3699.0
2026-10-01 00:00:00,63299,800.0
2026-10-01 00:00:00,60529,280.0
2026-10-01 00:00:00,48796,1099.0
2026-10-01 00:00:00,63571,350.0
2026-10-01 00:00:00,63306,670.0
2026-10-01 00:00:00,49966,33799.0
2026-10-01 00:00:00,49914,33799.0
2026-10-01 00:00:00,65281,520.0
2026-10-01 00:00:00,63760,62.91
2026-10-01 00:00:00,64930,3589.0
2026-10-01 00:00:00,64933,2589.0
2026-10-01 00:00:00,64929,2449.0
2026-10-01 00:00:00,49960,269.0
2026-10-01 00:00:00,49957,349.0
2026-10-01 00:00:00,63761,58.41
2026-10-01 00:00:00,45530,390.0
2026-10-01 00:00:00,45532,390.0
2026-10-01 00:00:00,45518,430.0
2026-10-01 00:00:00,45521,430.0
2026-10-01 00:00:00,45520,430.0
2026-10-01 00:00:00,45516,410.0
2026-10-01 00:00:00,45524,410.0
2026-10-01 00:00:00,61712,410.0
2026-10-01 00:00:00,45514,430.0
2026-10-01 00:00:00,45515,430.0
2026-10-01 00:00:00,45513,430.0
2026-10-01 00:00:00,45517,430.0
2026-10-01 00:00:00,45528,390.0
2026-10-01 00:00:00,45526,390.0
2026-10-01 00:00:00,45522,390.0
2026-10-01 00:00:00,45525,430.0
2026-10-01 00:00:00,44759,390.0
2026-10-01 00:00:00,45527,390.0
2026-10-01 00:00:00,45534,430.0
2026-10-01 00:00:00,45533,430.0
2026-10-01 00:00:00,45531,390.0
2026-10-01 00:00:00,63314,430.0
2026-10-01 00:00:00,53825,152.91
2026-10-01 00:00:00,48497,85.41
2026-10-01 00:00:00,63308,350.0
2026-10-01 00:00:00,63300,1550.0
2026-10-01 00:00:00,49972,719.0
2026-10-01 00:00:00,63309,330.0
2026-10-01 00:00:00,65256,28109.55
2026-10-01 00:00:00,64923,1699.0
2026-10-01 00:00:00,59805,2199.0
2026-10-01 00:00:00,59157,399.0
2026-10-01 00:00:00,59158,699.0
2026-10-01 00:00:00,65279,699.0
2026-10-01 00:00:00,59159,1299.0
2026-10-01 00:00:00,63747,430.0
2026-10-01 00:00:00,63746,430.0
2026-10-01 00:00:00,63307,430.0
2026-10-01 00:00:00,63614,430.0
2026-10-01 00:00:00,60528,430.0
2026-10-01 00:00:00,63752,430.0
2026-10-01 00:00:00,63750,430.0
2026-10-01 00:00:00,61831,2200.0
2026-10-01 00:00:00,61830,2800.0
2026-10-01 00:00:00,49990,499.0
2026-10-01 00:00:00,49978,1719.0
2026-10-01 00:00:00,49868,13969.0
2026-10-01 00:00:00,59804,31399.0
2026-10-01 00:00:00,49954,6599.0
2026-10-01 00:00:00,60038,6599.0
2026-10-01 00:00:00,63316,550.0
2026-10-01 00:00:00,54118,53.75
2026-10-01 00:00:00,63303,990.0
2026-10-01 00:00:00,58539,2999.0
2026-10-01 00:00:00,49922,6599.0
2026-10-01 00:00:00,63317,1300.0
2026-10-01 00:00:00,45512,990.0
2026-10-01 00:00:00,46377,650.0
2026-10-01 00:00:00,54313,99.9
2026-10-01 00:00:00,49986,3049.0
2026-10-01 00:00:00,50001,2429.0
2026-10-01 00:00:00,49987,4769.0
2026-10-01 00:00:00,64926,14299.0
2026-10-01 00:00:00,49988,399.0
2026-10-01 00:00:00,49984,2229.0
2026-10-01 00:00:00,49996,2449.0
2026-10-01 00:00:00,48416,559.55
2026-10-01 00:00:00,49962,1469.0
2026-10-01 00:00:00,63304,390.0
2026-10-01 00:00:00,46530,359.91
2026-10-01 00:00:00,50954,4.47
2026-10-01 00:00:00,50955,13.41
2026-10-01 00:00:00,60527,8059.0
2026-10-01 00:00:00,50012,10029.0
2026-10-01 00:00:00,37404,280.0
2026-10-01 00:00:00,37403,200.0
2026-10-01 00:00:00,37408,300.0
2026-10-01 00:00:00,37400,300.0
2026-10-01 00:00:00,48413,2597.0
2026-10-01 00:00:00,47116,1699.0
2026-10-01 00:00:00,47104,1399.0
2026-10-01 00:00:00,47114,2699.0
2026-10-01 00:00:00,61924,2799.0
2026-10-01 00:00:00,61930,2599.0
2026-10-01 00:00:00,63010,5797.0
2026-10-01 00:00:00,49967,319.0
2026-10-01 00:00:00,49961,350.1
2026-10-01 00:00:00,49943,377.1
2026-10-01 00:00:00,49936,679.0
2026-10-01 00:00:00,60041,2599.0
2026-10-01 00:00:00,63320,2750.0
2026-10-01 00:00:00,51151,47.61
2026-10-01 00:00:00,51152,157.41
2026-10-01 00:00:00,51153,27.81
2026-10-01 00:00:00,51154,49.41
2026-10-01 00:00:00,51155,67.41
2026-10-01 00:00:00,51156,158.31
2026-10-01 00:00:00,51157,27.81
2026-10-01 00:00:00,53949,49.41
2026-10-01 00:00:00,53950,67.41
2026-10-01 00:00:00,31428,15.21
2026-10-01 00:00:00,31427,26.91
2026-10-01 00:00:00,47902,53.91
2026-10-01 00:00:00,47903,26.91
2026-10-01 00:00:00,47907,62.91
2026-10-01 00:00:00,51158,62.01
2026-10-01 00:00:00,51159,87.21
2026-10-01 00:00:00,51313,94.41
2026-10-01 00:00:00,54126,94.41
2026-10-01 00:00:00,21227,62.91
2026-10-01 00:00:00,21224,35.91
2026-10-01 00:00:00,21226,56.61
2026-10-01 00:00:00,47904,15.21
2026-10-01 00:00:00,47906,53.91
2026-10-01 00:00:00,47905,53.91
2026-10-01 00:00:00,21231,42.21
2026-10-01 00:00:00,21230,48.51
2026-10-01 00:00:00,54394,33.21
2026-10-01 00:00:00,53689,25.9
2026-10-01 00:00:00,63319,330.0
2026-10-01 00:00:00,63312,460.0
2026-10-01 00:00:00,53690,8.91
2026-10-01 00:00:00,53691,26.91
2026-10-01 00:00:00,53692,53.91
2026-10-01 00:00:00,64919,2389.0
2026-10-01 00:00:00,64924,3129.0
2026-10-01 00:00:00,60007,929.0
2026-10-01 00:00:00,60016,2459.0
2026-10-01 00:00:00,60004,929.0
2026-10-01 00:00:00,60002,859.0
2026-10-01 00:00:00,60015,3149.0
2026-10-01 00:00:00,49989,1119.0
2026-10-01 00:00:00,49991,1619.1
2026-10-01 00:00:00,49982,2699.1
2026-10-01 00:00:00,49980,4519.0
2026-10-01 00:00:00,63302,1390.0
2026-10-01 00:00:00,65280,2679.0
2026-10-01 00:00:00,63318,890.0
2026-10-01 00:00:00,65277,5799.0
2026-10-01 00:00:00,65278,5799.0
2026-10-01 00:00:00,48805,1529.0
2026-10-01 00:00:00,63296,1999.0
2026-10-01 00:00:00,63298,1999.0
2026-10-01 00:00:00,63297,1999.0
2026-10-01 00:00:00,63295,1999.0
2026-10-01 00:00:00,49864,1299.0
2026-10-01 00:00:00,49863,1299.0
2026-10-01 00:00:00,49910,5049.0
2026-10-01 00:00:00,49985,1599.0
2026-10-01 00:00:00,49975,2589.0
2026-10-01 00:00:00,59722,6799.0
2026-10-01 00:00:00,59721,5849.1
2026-10-01 00:00:00,48763,899.1
2026-10-01 00:00:00,48759,899.1
2026-10-01 00:00:00,48758,899.1
2026-10-01 00:00:00,48754,899.1
2026-10-01 00:00:00,60040,1399.0
2026-10-01 00:00:00,60043,1399.0
2026-10-01 00:00:00,60042,1399.0
2026-10-01 00:00:00,48818,3299.0
2026-10-01 00:00:00,53136,53.97
2026-10-01 00:00:00,63052,379.05
2026-10-01 00:00:00,61843,3357.0
2026-10-01 00:00:00,57630,58.41
2026-10-01 00:00:00,49959,9769.0
2026-10-01 00:00:00,49891,10799.0
2026-10-01 00:00:00,58179,566.91
2026-10-01 00:00:00,818,449.0
2026-10-01 00:00:00,819,549.0
2026-10-01 00:00:00,48343,94.05
2026-10-01 00:00:00,28000,149.0
2026-10-01 00:00:00,27999,199.0
2026-10-01 00:00:00,47416,349.0
2026-10-01 00:00:00,57760,238.14
2026-10-01 00:00:00,49941,494.1
2026-10-01 00:00:00,58540,2999.0
2026-10-01 00:00:00,58991,206.91
2026-10-01 00:00:00,63311,350.0
2026-10-01 00:00:00,63313,430.0
2026-10-01 00:00:00,53662,9.9
2026-10-01 00:00:00,53663,10.5
2026-10-01 00:00:00,49983,4049.0
2026-10-01 00:00:00,49971,1289.0
2026-10-01 00:00:00,49901,2529.0
2026-10-01 00:00:00,49968,1009.0
2026-10-01 00:00:00,52475,62.91
2026-10-01 00:00:00,63748,430.0
2026-10-01 00:00:00,55693,1999.0
2026-10-01 00:00:00,55695,2997.0
2026-10-01 00:00:00,55694,3297.0
2026-10-01 00:00:00,62892,9689.05
2026-10-01 00:00:00,57530,4789.0
2026-10-01 00:00:00,64773,3941.55
2026-10-01 00:00:00,53685,12.51
2026-10-01 00:00:00,53694,12.9
2026-10-01 00:00:00,53668,44.9
2026-10-01 00:00:00,53509,26.91
2026-10-01 00:00:00,53507,53.91
2026-10-01 00:00:00,53513,35.91
2026-10-01 00:00:00,53506,71.91
2026-10-01 00:00:00,44660,2999.0
2026-10-01 00:00:00,44662,3799.0
2026-10-01 00:00:00,44667,4399.0
2026-10-01 00:00:00,63745,430.0
2026-10-01 00:00:00,48316,2027.0
2026-10-01 00:00:00,48385,3999.0
2026-10-01 00:00:00,61927,11999.0
2026-10-01 00:00:00,63321,870.0
2026-10-01 00:00:00,49981,2249.1
2026-10-01 00:00:00,49946,755.1
2026-10-01 00:00:00,49931,719.1
2026-10-01 00:00:00,49933,620.1
2026-10-01 00:00:00,63570,590.0
2026-10-01 00:00:00,47045,1699.0
2026-10-01 00:00:00,47040,1424.05
2026-10-01 00:00:00,48615,246.05
2026-10-01 00:00:00,48613,949.0
2026-10-01 00:00:00,48623,141.55
2026-10-01 00:00:00,47043,499.0
2026-10-01 00:00:00,64024,299.9
2026-10-01 00:00:00,45816,130.05
2026-10-01 00:00:00,53346,139.9
2026-10-01 00:00:00,48637,129.9
2026-10-01 00:00:00,48365,3459.0
2026-10-01 00:00:00,48616,2699.0
2026-10-01 00:00:00,48500,3390.55
2026-10-01 00:00:00,48501,2100.0
2026-10-01 00:00:00,48338,399.0
2026-10-01 00:00:00,48315,399.0
2026-10-01 00:00:00,48421,949.05
2026-10-01 00:00:00,48419,949.05
2026-10-01 00:00:00,48340,399.0
2026-10-01 00:00:00,48049,26.91
2026-10-01 00:00:00,46251,49.14
2026-10-01 00:00:00,47149,22.41
2026-10-01 00:00:00,52120,44.91
2026-10-01 00:00:00,43138,26.91
2026-10-01 00:00:00,6831,314.91
2026-10-01 00:00:00,9344,314.91
2026-10-01 00:00:00,9354,314.91
2026-10-01 00:00:00,16859,13.41
2026-10-01 00:00:00,16861,13.41
2026-10-01 00:00:00,21348,89.91
2026-10-01 00:00:00,16884,62.91
2026-10-01 00:00:00,64414,62.91
2026-10-01 00:00:00,5303,149.9
2026-10-01 00:00:00,47632,29.88
2026-10-01 00:00:00,6819,341.91
2026-10-01 00:00:00,43210,44.91
2026-10-01 00:00:00,46926,50.0
2026-10-01 00:00:00,32714,107.91
2026-10-01 00:00:00,34384,350.91
2026-10-01 00:00:00,46605,5.0
2026-10-01 00:00:00,45443,20.0
2026-10-01 00:00:00,47509,53.91
2026-10-01 00:00:00,47582,8.64
2026-10-01 00:00:00,1225,413.1
2026-10-01 00:00:00,1491,47.0
2026-10-01 00:00:00,1490,99.9
2026-10-01 00:00:00,12746,95.0
2026-10-01 00:00:00,1113,125.91
2026-10-01 00:00:00,969,161.91
2026-10-01 00:00:00,27780,77.0
2026-10-01 00:00:00,7923,110.0
2026-10-01 00:00:00,702,215.91
2026-10-01 00:00:00,59621,40.41
2026-10-01 00:00:00,43164,40.41
2026-10-01 00:00:00,43165,40.41
2026-10-01 00:00:00,43166,44.9
2026-10-01 00:00:00,42170,80.91
2026-10-01 00:00:00,7554,152.91
2026-10-01 00:00:00,844,242.91
2026-10-01 00:00:00,59180,161.91
2026-10-01 00:00:00,13086,179.91
2026-10-01 00:00:00,50049,139.9
2026-10-01 00:00:00,20047,62.91
2026-10-01 00:00:00,59906,206.91
2026-10-01 00:00:00,48851,224.91
2026-10-01 00:00:00,51654,143.91
2026-10-01 00:00:00,59968,35.91
2026-10-01 00:00:00,35147,206.91
2026-10-01 00:00:00,47723,53.91
2026-10-01 00:00:00,47818,89.91
2026-10-01 00:00:00,59868,152.91
2026-10-01 00:00:00,59872,134.91
2026-10-01 00:00:00,59866,125.91
2026-10-01 00:00:00,6951,269.91
2026-10-01 00:00:00,43137,35.91
2026-10-01 00:00:00,13088,99.0
2026-10-01 00:00:00,872,197.91
2026-10-01 00:00:00,6968,251.91
2026-10-01 00:00:00,16706,179.91
2026-10-01 00:00:00,50015,251.91
2026-10-01 00:00:00,45428,62.91
2026-10-01 00:00:00,9951,134.91
2026-10-01 00:00:00,13690,87.0
2026-10-01 00:00:00,13665,87.0
2026-10-01 00:00:00,13689,87.0
2026-10-01 00:00:00,39276,215.91
2026-10-01 00:00:00,13090,99.0
2026-10-01 00:00:00,12112,179.91
2026-10-01 00:00:00,2434,143.91
2026-10-01 00:00:00,2435,116.91
2026-10-01 00:00:00,21608,35.91
2026-10-01 00:00:00,64400,1259.1
2026-10-01 00:00:00,46280,1151.1
2026-10-01 00:00:00,31139,999.0
2026-10-01 00:00:00,31140,899.0
2026-10-01 00:00:00,53943,1399.0
2026-10-01 00:00:00,59601,299.9
2026-10-01 00:00:00,53938,1799.1
2026-10-01 00:00:00,59602,499.0
2026-10-01 00:00:00,59936,499.9
2026-10-01 00:00:00,47021,1529.1
2026-10-01 00:00:00,59766,990.0
2026-10-01 00:00:00,59765,990.0
2026-10-01 00:00:00,35531,1349.1
2026-10-01 00:00:00,42584,999.0
2026-10-01 00:00:00,59606,1327.0
2026-10-01 00:00:00,47025,499.9
2026-10-01 00:00:00,16591,827.1
2026-10-01 00:00:00,16592,1188.0
2026-10-01 00:00:00,24286,1188.0
2026-10-01 00:00:00,53921,597.0
2026-10-01 00:00:00,39268,899.9
2026-10-01 00:00:00,39269,1403.1
2026-10-01 00:00:00,39270,1403.1
2026-10-01 00:00:00,28817,1399.0
2026-10-01 00:00:00,64403,1439.1
2026-10-01 00:00:00,20978,2069.1
2026-10-01 00:00:00,25983,62.91
2026-10-01 00:00:00,34370,22.41
2026-10-01 00:00:00,42367,107.91
2026-10-01 00:00:00,16606,134.91
2026-10-01 00:00:00,21437,44.91
2026-10-01 00:00:00,13945,62.91
2026-10-01 00:00:00,26038,15.9
2026-10-01 00:00:00,53925,206.91
2026-10-01 00:00:00,25836,99.9
2026-10-01 00:00:00,21345,189.0
2026-10-01 00:00:00,46635,6.21
2026-10-01 00:00:00,48097,44.91
2026-10-01 00:00:00,40315,38.43
2026-10-01 00:00:00,40312,107.91
2026-10-01 00:00:00,40317,69.93
2026-10-01 00:00:00,40314,44.91
2026-10-01 00:00:00,40313,27.93
2026-10-01 00:00:00,40316,71.91
2026-10-01 00:00:00,32758,107.91
2026-10-01 00:00:00,62304,62.91
2026-10-01 00:00:00,62303,44.91
2026-10-01 00:00:00,21455,53.91
2026-10-01 00:00:00,48458,125.91
2026-10-01 00:00:00,47161,22.41
2026-10-01 00:00:00,43868,206.91
2026-10-01 00:00:00,43866,170.91
2026-10-01 00:00:00,47757,26.1
2026-10-01 00:00:00,46657,40.41
2026-10-01 00:00:00,37707,89.91
2026-10-01 00:00:00,48019,84.0
2026-10-01 00:00:00,24346,37.8
2026-10-01 00:00:00,60367,22.41
2026-10-01 00:00:00,60324,40.41
2026-10-01 00:00:00,60331,35.91
2026-10-01 00:00:00,28730,62.0
2026-10-01 00:00:00,32361,20.0
2026-10-01 00:00:00,21291,14.9
2026-10-01 00:00:00,21298,16.9
2026-10-01 00:00:00,21299,25.9
2026-10-01 00:00:00,21293,27.9
2026-10-01 00:00:00,21302,22.9
2026-10-01 00:00:00,47437,26.91
2026-10-01 00:00:00,46276,26.91
2026-10-01 00:00:00,47439,26.91
2026-10-01 00:00:00,24396,44.91
2026-10-01 00:00:00,58542,35.91
2026-10-01 00:00:00,58543,35.91
2026-10-01 00:00:00,58622,35.91
2026-10-01 00:00:00,11902,125.91
2026-10-01 00:00:00,26019,13.9
2026-10-01 00:00:00,26018,13.9
2026-10-01 00:00:00,27821,13.9
2026-10-01 00:00:00,26037,15.9
2026-10-01 00:00:00,26036,15.9
2026-10-01 00:00:00,57976,44.91
2026-10-01 00:00:00,34705,26.91
2026-10-01 00:00:00,42365,107.91
2026-10-01 00:00:00,53881,989.1
2026-10-01 00:00:00,6969,566.1
2026-10-01 00:00:00,6975,746.1
2026-10-01 00:00:00,6976,629.1
2026-10-01 00:00:00,39225,296.91
2026-10-01 00:00:00,39226,332.91
2026-10-01 00:00:00,39227,359.91
2026-10-01 00:00:00,40410,314.91
2026-10-01 00:00:00,45221,161.91
2026-10-01 00:00:00,35208,170.91
2026-10-01 00:00:00,61832,429.0
2026-10-01 00:00:00,45176,296.91
2026-10-01 00:00:00,35539,413.1
2026-10-01 00:00:00,26079,134.91
2026-10-01 00:00:00,60486,129.9
2026-10-01 00:00:00,8983,206.91
2026-10-01 00:00:00,50228,249.9
2026-10-01 00:00:00,40203,89.91
2026-10-01 00:00:00,40197,129.9
2026-10-01 00:00:00,40191,152.91
2026-10-01 00:00:00,6419,197.91
2026-10-01 00:00:00,62199,179.91
2026-10-01 00:00:00,50215,107.91
2026-10-01 00:00:00,27613,87.0
2026-10-01 00:00:00,27611,49.9
2026-10-01 00:00:00,50092,74.9
2026-10-01 00:00:00,39703,125.91
2026-10-01 00:00:00,39504,111.93
2026-10-01 00:00:00,39505,125.93
2026-10-01 00:00:00,39704,181.93
2026-10-01 00:00:00,39502,41.93
2026-10-01 00:00:00,55685,57.0
2026-10-01 00:00:00,39705,209.93
2026-10-01 00:00:00,39503,55.93
2026-10-01 00:00:00,49524,99.9
2026-10-01 00:00:00,27627,47.9
2026-10-01 00:00:00,27625,57.9
2026-10-01 00:00:00,27626,79.9
2026-10-01 00:00:00,34039,129.9
2026-10-01 00:00:00,24323,11.61
2026-10-01 00:00:00,25940,22.41
2026-10-01 00:00:00,19591,13.41
2026-10-01 00:00:00,27607,259.9
2026-10-01 00:00:00,24335,8.91
2026-10-01 00:00:00,45430,152.91
2026-10-01 00:00:00,44501,649.0
2026-10-01 00:00:00,44502,649.0
2026-10-01 00:00:00,44504,649.0
2026-10-01 00:00:00,37999,125.91
2026-10-01 00:00:00,14734,107.91
2026-10-01 00:00:00,14733,89.91
2026-10-01 00:00:00,15409,125.91
2026-10-01 00:00:00,16269,85.41
2026-10-01 00:00:00,50725,71.92
2026-10-01 00:00:00,50724,151.92
2026-10-01 00:00:00,50722,119.92
2026-10-01 00:00:00,50721,119.92
2026-10-01 00:00:00,50262,119.92
2026-10-01 00:00:00,50263,23.92
2026-10-01 00:00:00,50728,55.92
2026-10-01 00:00:00,50723,103.92
2026-10-01 00:00:00,50441,51.92
2026-10-01 00:00:00,50727,79.92
2026-10-01 00:00:00,15401,116.91
2026-10-01 00:00:00,59969,116.91
2026-10-01 00:00:00,59971,116.91
2026-10-01 00:00:00,15542,99.9
2026-10-01 00:00:00,26152,35.91
2026-10-01 00:00:00,50264,71.92
2026-10-01 00:00:00,50730,89.91
2026-10-01 00:00:00,43624,23.92
2026-10-01 00:00:00,43621,23.92
2026-10-01 00:00:00,47355,69.93
2026-10-01 00:00:00,57659,279.9
2026-10-01 00:00:00,57672,279.9
2026-10-01 00:00:00,57660,297.0
2026-10-01 00:00:00,62315,323.91
2026-10-01 00:00:00,46660,22.41
2026-10-01 00:00:00,64424,629.1
2026-10-01 00:00:00,59977,206.91
2026-10-01 00:00:00,53466,89.91
2026-10-01 00:00:00,16623,143.91
2026-10-01 00:00:00,21439,31.41
2026-10-01 00:00:00,11181,103.92
2026-10-01 00:00:00,50053,71.91
2026-10-01 00:00:00,45419,71.91
2026-10-01 00:00:00,19512,79.92
2026-10-01 00:00:00,38208,104.93
2026-10-01 00:00:00,38209,132.93
2026-10-01 00:00:00,50097,296.91
2026-10-01 00:00:00,27617,197.0
2026-10-01 00:00:00,40194,179.91
2026-10-01 00:00:00,40200,143.91
2026-10-01 00:00:00,49165,143.91
2026-10-01 00:00:00,50732,152.91
2026-10-01 00:00:00,21493,55.92
2026-10-01 00:00:00,14825,79.92
2026-10-01 00:00:00,11186,111.92
2026-10-01 00:00:00,43626,63.92
2026-10-01 00:00:00,43675,11.92
2026-10-01 00:00:00,43628,51.92
2026-10-01 00:00:00,43625,51.92
2026-10-01 00:00:00,43673,11.92
2026-10-01 00:00:00,21535,69.9
2026-10-01 00:00:00,25465,51.92
2026-10-01 00:00:00,19516,111.92
2026-10-01 00:00:00,39115,119.92
2026-10-01 00:00:00,25476,23.92
2026-10-01 00:00:00,21482,11.92
2026-10-01 00:00:00,27199,23.92
2026-10-01 00:00:00,50219,80.91
2026-10-01 00:00:00,44825,314.91
2026-10-01 00:00:00,62197,38.61
2026-10-01 00:00:00,64620,125.91
2026-10-01 00:00:00,64619,125.91
2026-10-01 00:00:00,18289,2.03
2026-10-01 00:00:00,27039,0.42
2026-10-01 00:00:00,53467,53.91
2026-10-01 00:00:00,47160,17.91
2026-10-01 00:00:00,64409,107.91
2026-10-01 00:00:00,34388,79.9
2026-10-01 00:00:00,34389,119.9
2026-10-01 00:00:00,24317,27.9
2026-10-01 00:00:00,56789,46.8
2026-10-01 00:00:00,56788,46.8
2026-10-01 00:00:00,49222,29.88
2026-10-01 00:00:00,32554,53.91
2026-10-01 00:00:00,45398,22.41
2026-10-01 00:00:00,48056,35.91
2026-10-01 00:00:00,16327,17.91
2026-10-01 00:00:00,64982,71.91
2026-10-01 00:00:00,38210,62.91
2026-10-01 00:00:00,55795,56.25
2026-10-01 00:00:00,22535,139.93
2026-10-01 00:00:00,22533,9.03
2026-10-01 00:00:00,873,224.91
2026-10-01 00:00:00,20028,44.91
2026-10-01 00:00:00,7557,89.91
2026-10-01 00:00:00,7552,89.91
2026-10-01 00:00:00,7553,62.91
2026-10-01 00:00:00,848,116.91
2026-10-01 00:00:00,39510,17.01
2026-10-01 00:00:00,64426,215.91
2026-10-01 00:00:00,45057,62.91
2026-10-01 00:00:00,45058,80.91
2026-10-01 00:00:00,57676,59.9
2026-10-01 00:00:00,64383,134.91
2026-10-01 00:00:00,64381,170.91
2026-10-01 00:00:00,64380,224.91
2026-10-01 00:00:00,39574,53.91
2026-10-01 00:00:00,39573,53.91
2026-10-01 00:00:00,46185,71.91
2026-10-01 00:00:00,39576,62.91
2026-10-01 00:00:00,39626,62.91
2026-10-01 00:00:00,39577,71.91
2026-10-01 00:00:00,39650,15.21
2026-10-01 00:00:00,39651,15.21
2026-10-01 00:00:00,39648,25.11
2026-10-01 00:00:00,39649,15.21
2026-10-01 00:00:00,48712,40.41
2026-10-01 00:00:00,59861,80.91
2026-10-01 00:00:00,59880,99.0
2026-10-01 00:00:00,24523,27.0
2026-10-01 00:00:00,24524,34.2
2026-10-01 00:00:00,24522,16.03
2026-10-01 00:00:00,46272,31.9
2026-10-01 00:00:00,46269,23.9
2026-10-01 00:00:00,39506,54.9
2026-10-01 00:00:00,39507,31.41
2026-10-01 00:00:00,47752,5.0
2026-10-01 00:00:00,21328,26.91
2026-10-01 00:00:00,12454,161.91
2026-10-01 00:00:00,25864,260.1
2026-10-01 00:00:00,40637,44.91
2026-10-01 00:00:00,37544,71.91
2026-10-01 00:00:00,64410,62.91
2026-10-01 00:00:00,13161,125.91
2026-10-01 00:00:00,47925,49.41
2026-10-01 00:00:00,32609,69.9
2026-10-01 00:00:00,34934,22.41
2026-10-01 00:00:00,16608,20.0
2026-10-01 00:00:00,16607,59.9
2026-10-01 00:00:00,47144,53.91
2026-10-01 00:00:00,43133,35.91
2026-10-01 00:00:00,43132,35.91
2026-10-01 00:00:00,24311,53.91
2026-10-01 00:00:00,39482,27.9
2026-10-01 00:00:00,16331,14.4
2026-10-01 00:00:00,46340,50.0
2026-10-01 00:00:00,45064,35.91
2026-10-01 00:00:00,21366,62.91
2026-10-01 00:00:00,48045,5.0
2026-10-01 00:00:00,16718,179.91
2026-10-01 00:00:00,53465,39.9
2026-10-01 00:00:00,47627,35.28
2026-10-01 00:00:00,37718,80.91
2026-10-01 00:00:00,37719,99.0
2026-10-01 00:00:00,48270,17.1
2026-10-01 00:00:00,45122,41.93
2026-10-01 00:00:00,45179,179.91
2026-10-01 00:00:00,19052,17.91
2026-10-01 00:00:00,16721,25.11
2026-10-01 00:00:00,16860,16.11
2026-10-01 00:00:00,34382,53.91
2026-10-01 00:00:00,34373,22.41
2026-10-01 00:00:00,46425,22.41
2026-10-01 00:00:00,53939,44.91
2026-10-01 00:00:00,39181,25.11
2026-10-01 00:00:00,14183,53.91
2026-10-01 00:00:00,49170,53.91
2026-10-01 00:00:00,16629,76.5
2026-10-01 00:00:00,7965,98.1
2026-10-01 00:00:00,14639,89.91
2026-10-01 00:00:00,14186,53.91
2026-10-01 00:00:00,47630,35.28
2026-10-01 00:00:00,27815,40.41
2026-10-01 00:00:00,9187,125.91
2026-10-01 00:00:00,48039,5.0
2026-10-01 00:00:00,37664,206.91
2026-10-01 00:00:00,37665,233.91
2026-10-01 00:00:00,37662,233.91
2026-10-01 00:00:00,16639,71.91
2026-10-01 00:00:00,7985,103.5
2026-10-01 00:00:00,16637,80.91
2026-10-01 00:00:00,16636,22.41
2026-10-01 00:00:00,59619,14.31
2026-10-01 00:00:00,48048,62.91
2026-10-01 00:00:00,15390,28.0
2026-10-01 00:00:00,24605,44.9
2026-10-01 00:00:00,16556,14.31
2026-10-01 00:00:00,15387,39.9
2026-10-01 00:00:00,15391,62.0
2026-10-01 00:00:00,7927,79.9
2026-10-01 00:00:00,28311,350.91
2026-10-01 00:00:00,42192,269.91
2026-10-01 00:00:00,47975,175.5
2026-10-01 00:00:00,38489,62.93
2026-10-01 00:00:00,34026,24.9
2026-10-01 00:00:00,43173,26.91
2026-10-01 00:00:00,43175,26.91
2026-10-01 00:00:00,48855,35.91
2026-10-01 00:00:00,45402,31.41
2026-10-01 00:00:00,59193,170.91
2026-10-01 00:00:00,8942,206.91
2026-10-01 00:00:00,19063,69.9
2026-10-01 00:00:00,59625,26.91
2026-10-01 00:00:00,59624,26.91
2026-10-01 00:00:00,37730,62.91
2026-10-01 00:00:00,19062,39.9
2026-10-01 00:00:00,37706,143.91
2026-10-01 00:00:00,50030,31.41
2026-10-01 00:00:00,43212,53.91
2026-10-01 00:00:00,62879,260.91
2026-10-01 00:00:00,46659,71.91
2026-10-01 00:00:00,46584,179.91
2026-10-01 00:00:00,42119,89.91
2026-10-01 00:00:00,59642,269.91
2026-10-01 00:00:00,59623,31.41
2026-10-01 00:00:00,49650,31.41
2026-10-01 00:00:00,18004,34.9
2026-10-01 00:00:00,15399,44.91
2026-10-01 00:00:00,34392,169.9
2026-10-01 00:00:00,60484,187.0
2026-10-01 00:00:00,53936,512.1
2026-10-01 00:00:00,60483,299.9
2026-10-01 00:00:00,21503,199.9
2026-10-01 00:00:00,44315,152.91
2026-10-01 00:00:00,59641,242.91
2026-10-01 00:00:00,43873,314.1
2026-10-01 00:00:00,13102,99.9
2026-10-01 00:00:00,13104,99.9
2026-10-01 00:00:00,43657,44.91
2026-10-01 00:00:00,25989,71.91
2026-10-01 00:00:00,40037,44.91
2026-10-01 00:00:00,16622,50.0
2026-10-01 00:00:00,39179,71.91
2026-10-01 00:00:00,39180,116.91
2026-10-01 00:00:00,42368,107.91
2026-10-01 00:00:00,42369,107.91
2026-10-01 00:00:00,64422,611.1
2026-10-01 00:00:00,42144,329.9
2026-10-01 00:00:00,36569,35.91
2026-10-01 00:00:00,39182,26.91
2026-10-01 00:00:00,35019,26.91
2026-10-01 00:00:00,26008,26.91
2026-10-01 00:00:00,57662,197.0
2026-10-01 00:00:00,43872,323.91
2026-10-01 00:00:00,64408,152.91
2026-10-01 00:00:00,858,215.91
2026-10-01 00:00:00,16646,31.41
2026-10-01 00:00:00,47158,80.91
2026-10-01 00:00:00,45395,35.91
2026-10-01 00:00:00,37712,152.91
2026-10-01 00:00:00,20068,80.91
2026-10-01 00:00:00,31646,80.91
2026-10-01 00:00:00,47137,80.91
2026-10-01 00:00:00,31647,89.91
2026-10-01 00:00:00,34943,62.91
2026-10-01 00:00:00,47600,10.8
2026-10-01 00:00:00,45424,179.91
2026-10-01 00:00:00,26001,31.41
2026-10-01 00:00:00,17458,49.9
2026-10-01 00:00:00,21434,143.91
2026-10-01 00:00:00,15408,89.91
2026-10-01 00:00:00,7918,76.5
2026-10-01 00:00:00,40135,58.5
2026-10-01 00:00:00,39776,44.91
2026-10-01 00:00:00,12749,139.9
2026-10-01 00:00:00,6957,620.1
2026-10-01 00:00:00,46196,71.91
2026-10-01 00:00:00,7919,69.9
2026-10-01 00:00:00,44098,260.91
2026-10-01 00:00:00,39777,49.9
2026-10-01 00:00:00,7924,110.0
2026-10-01 00:00:00,2298,53.91
2026-10-01 00:00:00,39778,219.9
2026-10-01 00:00:00,47146,53.91
2026-10-01 00:00:00,7916,89.9
2026-10-01 00:00:00,46191,179.91
2026-10-01 00:00:00,7915,119.9
2026-10-01 00:00:00,14007,69.9
2026-10-01 00:00:00,47995,134.91
2026-10-01 00:00:00,27779,75.0
2026-10-01 00:00:00,48001,116.91
2026-10-01 00:00:00,7929,85.0
2026-10-01 00:00:00,25494,77.0
2026-10-01 00:00:00,62300,80.91
2026-10-01 00:00:00,7313,467.91
2026-10-01 00:00:00,50601,59.9
2026-10-01 00:00:00,64610,89.91
2026-10-01 00:00:00,50094,199.9
2026-10-01 00:00:00,62323,26.91
2026-10-01 00:00:00,39567,13.41
2026-10-01 00:00:00,64611,134.91
2026-10-01 00:00:00,16638,89.91
2026-10-01 00:00:00,61687,79.9
2026-10-01 00:00:00,61686,71.91
2026-10-01 00:00:00,61688,79.9
2026-10-01 00:00:00,6952,260.91
2026-10-01 00:00:00,9426,620.1
2026-10-01 00:00:00,39260,99.0
2026-10-01 00:00:00,39261,121.5
2026-10-01 00:00:00,39263,179.91
2026-10-01 00:00:00,39789,99.9
2026-10-01 00:00:00,61678,15.92
2026-10-01 00:00:00,46412,10.0
2026-10-01 00:00:00,29424,10.0
2026-10-01 00:00:00,55672,26.91
2026-10-01 00:00:00,49259,35.91
2026-10-01 00:00:00,61677,15.92
2026-10-01 00:00:00,61679,15.92
2026-10-01 00:00:00,61685,15.92
2026-10-01 00:00:00,61675,15.92
2026-10-01 00:00:00,61682,15.92
2026-10-01 00:00:00,61680,15.92
2026-10-01 00:00:00,61683,15.92
2026-10-01 00:00:00,61684,15.92
2026-10-01 00:00:00,61676,15.92
2026-10-01 00:00:00,61681,15.92
2026-10-01 00:00:00,55669,32.31
2026-10-01 00:00:00,55675,26.91
2026-10-01 00:00:00,55666,44.91
2026-10-01 00:00:00,55670,32.31
2026-10-01 00:00:00,28667,53.91
2026-10-01 00:00:00,46396,48.93
2026-10-01 00:00:00,45417,22.41
2026-10-01 00:00:00,47981,49.14
2026-10-01 00:00:00,60078,107.91
2026-10-01 00:00:00,46730,239.9
2026-10-01 00:00:00,59620,62.91
2026-10-01 00:00:00,7895,69.9
2026-10-01 00:00:00,62880,99.9
2026-10-01 00:00:00,21920,77.0
2026-10-01 00:00:00,49000,71.91
2026-10-01 00:00:00,34761,99.9
2026-10-01 00:00:00,45252,89.9
2026-10-01 00:00:00,31363,69.9
2026-10-01 00:00:00,43188,71.91
2026-10-01 00:00:00,43189,71.91
2026-10-01 00:00:00,21487,69.9
2026-10-01 00:00:00,59176,116.91
2026-10-01 00:00:00,14584,179.9
2026-10-01 00:00:00,39791,99.9
2026-10-01 00:00:00,46419,62.91
2026-10-01 00:00:00,43656,53.91
2026-10-01 00:00:00,42197,89.91
2026-10-01 00:00:00,35003,129.9
2026-10-01 00:00:00,53940,197.91
2026-10-01 00:00:00,21926,99.9
2026-10-01 00:00:00,24483,17.91
2026-10-01 00:00:00,46624,62.91
2026-10-01 00:00:00,21486,16.11
2026-10-01 00:00:00,31358,16.11
2026-10-01 00:00:00,49231,4.5
2026-10-01 00:00:00,49230,4.5
2026-10-01 00:00:00,47998,4.5
2026-10-01 00:00:00,49228,4.5
2026-10-01 00:00:00,46230,4.5
2026-10-01 00:00:00,47979,4.5
2026-10-01 00:00:00,45461,50.0
2026-10-01 00:00:00,46353,99.9
2026-10-01 00:00:00,46346,197.91
2026-10-01 00:00:00,59591,167.0
2026-10-01 00:00:00,59599,167.0
2026-10-01 00:00:00,59595,279.9
2026-10-01 00:00:00,59596,167.0
2026-10-01 00:00:00,59588,2999.0
2026-10-01 00:00:00,55681,359.91
2026-10-01 00:00:00,59604,539.91
2026-10-01 00:00:00,59605,269.91
2026-10-01 00:00:00,59762,134.91
2026-10-01 00:00:00,60077,71.91
2026-10-01 00:00:00,63723,224.91
2026-10-01 00:00:00,47164,224.91
2026-10-01 00:00:00,59758,157.0
2026-10-01 00:00:00,53931,239.9
2026-10-01 00:00:00,59908,89.91
2026-10-01 00:00:00,59915,71.91
2026-10-01 00:00:00,16631,44.91
2026-10-01 00:00:00,47272,99.9
2026-10-01 00:00:00,8338,170.91
2026-10-01 00:00:00,64405,269.91
2026-10-01 00:00:00,64407,299.9
2026-10-01 00:00:00,64406,269.91
2026-10-01 00:00:00,927,503.91
2026-10-01 00:00:00,14626,116.91
2026-10-01 00:00:00,12744,159.9
2026-10-01 00:00:00,401,170.91
2026-10-01 00:00:00,23104,299.9
2026-10-01 00:00:00,23108,149.9
2026-10-01 00:00:00,47024,169.9
2026-10-01 00:00:00,59593,199.9
2026-10-01 00:00:00,59600,199.9
2026-10-01 00:00:00,21446,233.91
2026-10-01 00:00:00,40139,249.9
2026-10-01 00:00:00,9486,199.9
2026-10-01 00:00:00,1057,170.91
2026-10-01 00:00:00,574,199.9
2026-10-01 00:00:00,575,199.9
2026-10-01 00:00:00,17614,139.9
2026-10-01 00:00:00,1252,377.91
2026-10-01 00:00:00,569,197.91
2026-10-01 00:00:00,566,197.91
2026-10-01 00:00:00,1276,386.91
2026-10-01 00:00:00,41,1619.1
2026-10-01 00:00:00,5119,359.91
2026-10-01 00:00:00,6945,395.91
2026-10-01 00:00:00,6944,395.91
2026-10-01 00:00:00,399,287.91
2026-10-01 00:00:00,16730,71.91
2026-10-01 00:00:00,572,269.91
2026-10-01 00:00:00,9156,206.91
2026-10-01 00:00:00,64355,229.9
2026-10-01 00:00:00,6946,296.91
2026-10-01 00:00:00,37668,287.91
2026-10-01 00:00:00,43399,299.9
2026-10-01 00:00:00,37647,341.91
2026-10-01 00:00:00,1199,197.91
2026-10-01 00:00:00,59183,129.9
2026-10-01 00:00:00,45196,99.9
2026-10-01 00:00:00,7934,169.9
2026-10-01 00:00:00,37547,89.91
2026-10-01 00:00:00,62316,59.9
2026-10-01 00:00:00,45207,206.91
2026-10-01 00:00:00,64354,59.9
2026-10-01 00:00:00,64386,494.91
2026-10-01 00:00:00,6953,449.91
2026-10-01 00:00:00,64411,107.91
2026-10-01 00:00:00,37642,157.0
2026-10-01 00:00:00,64397,89.91
2026-10-01 00:00:00,21951,224.91
2026-10-01 00:00:00,64389,125.91
2026-10-01 00:00:00,64395,125.91
2026-10-01 00:00:00,64394,125.91
2026-10-01 00:00:00,16726,152.91
2026-10-01 00:00:00,46284,62.91
2026-10-01 00:00:00,161,179.9
2026-10-01 00:00:00,16724,224.91
2026-10-01 00:00:00,59597,59.9
2026-10-01 00:00:00,59592,59.9
2026-10-01 00:00:00,56786,80.91
2026-10-01 00:00:00,11984,699.9
2026-10-01 00:00:00,34723,539.91
2026-10-01 00:00:00,34724,449.91
2026-10-01 00:00:00,34726,539.91
2026-10-01 00:00:00,15769,881.1
2026-10-01 00:00:00,38384,629.91
2026-10-01 00:00:00,39787,116.91
2026-10-01 00:00:00,39788,125.91
2026-10-01 00:00:00,53934,359.91
2026-10-01 00:00:00,64427,152.91
2026-10-01 00:00:00,1277,449.91
2026-10-01 00:00:00,37704,107.91
2026-10-01 00:00:00,37660,359.91
2026-10-01 00:00:00,6955,269.91
2026-10-01 00:00:00,64413,386.91
2026-10-01 00:00:00,64416,386.91
2026-10-01 00:00:00,16593,206.91
2026-10-01 00:00:00,16641,395.91
2026-10-01 00:00:00,62144,89.91
2026-10-01 00:00:00,59629,39.9
2026-10-01 00:00:00,59630,179.9
2026-10-01 00:00:00,37691,99.0
2026-10-01 00:00:00,43032,449.91
2026-10-01 00:00:00,38493,62.93
2026-10-01 00:00:00,8301,161.91
2026-10-01 00:00:00,2638,224.91
2026-10-01 00:00:00,62072,17.91
2026-10-01 00:00:00,56800,134.91
2026-10-01 00:00:00,30298,179.91
2026-10-01 00:00:00,30297,224.91
2026-10-01 00:00:00,56801,269.9
2026-10-01 00:00:00,56802,323.91
2026-10-01 00:00:00,43298,125.91
2026-10-01 00:00:00,46652,150.0
2026-10-01 00:00:00,843,143.91
2026-10-01 00:00:00,43026,170.91
2026-10-01 00:00:00,698,260.91
2026-10-01 00:00:00,14167,35.91
2026-10-01 00:00:00,32728,80.91
2026-10-01 00:00:00,32535,62.91
2026-10-01 00:00:00,37546,359.91
2026-10-01 00:00:00,46390,31.41
2026-10-01 00:00:00,47151,26.91
2026-10-01 00:00:00,57668,747.0
2026-10-01 00:00:00,57667,397.0
2026-10-01 00:00:00,62877,99.9
2026-10-01 00:00:00,46331,50.0
2026-10-01 00:00:00,62122,35.91
2026-10-01 00:00:00,62121,35.91
2026-10-01 00:00:00,2646,249.9
2026-10-01 00:00:00,34365,125.91
2026-10-01 00:00:00,46252,29.9
2026-10-01 00:00:00,185,107.91
2026-10-01 00:00:00,52084,26.91
2026-10-01 00:00:00,924,116.91
2026-10-01 00:00:00,1095,99.0
2026-10-01 00:00:00,977,99.0
2026-10-01 00:00:00,919,134.91
2026-10-01 00:00:00,1488,44.9
2026-10-01 00:00:00,1487,29.9
2026-10-01 00:00:00,59995,251.91
2026-10-01 00:00:00,59988,197.91
2026-10-01 00:00:00,59992,161.91
2026-10-01 00:00:00,59990,323.91
2026-10-01 00:00:00,37714,521.91
2026-10-01 00:00:00,37715,323.91
2026-10-01 00:00:00,34925,170.91
2026-10-01 00:00:00,35452,422.91
2026-10-01 00:00:00,35451,359.91
2026-10-01 00:00:00,32645,341.91
2026-10-01 00:00:00,32646,269.91
2026-10-01 00:00:00,45413,89.91
2026-10-01 00:00:00,32548,80.91
2026-10-01 00:00:00,47148,44.91
2026-10-01 00:00:00,58235,22.41
2026-10-01 00:00:00,58240,22.41
2026-10-01 00:00:00,42140,22.41
2026-10-01 00:00:00,46995,359.91
2026-10-01 00:00:00,62120,19.71
2026-10-01 00:00:00,62123,10.71
2026-10-01 00:00:00,62119,13.41
2026-10-01 00:00:00,53882,1079.1
2026-10-01 00:00:00,64396,990.0
2026-10-01 00:00:00,53883,1223.1
2026-10-01 00:00:00,6970,899.1
2026-10-01 00:00:00,39230,242.91
2026-10-01 00:00:00,39231,332.91
2026-10-01 00:00:00,39235,332.91
2026-10-01 00:00:00,39232,377.91
2026-10-01 00:00:00,39236,431.91
2026-10-01 00:00:00,39233,485.91
2026-10-01 00:00:00,39234,539.91
2026-10-01 00:00:00,39238,539.91
2026-10-01 00:00:00,21342,692.1
2026-10-01 00:00:00,60080,692.1
2026-10-01 00:00:00,60079,791.1
2026-10-01 00:00:00,21368,269.91
2026-10-01 00:00:00,39228,224.91
2026-10-01 00:00:00,39229,269.91
2026-10-01 00:00:00,6860,1619.1
2026-10-01 00:00:00,14187,179.91
2026-10-01 00:00:00,62302,107.91
2026-10-01 00:00:00,62306,152.91
2026-10-01 00:00:00,27748,99.9
2026-10-01 00:00:00,31368,199.9
2026-10-01 00:00:00,56434,169.9
2026-10-01 00:00:00,37735,125.91
2026-10-01 00:00:00,47356,160.93
2026-10-01 00:00:00,64379,179.91
2026-10-01 00:00:00,64385,296.91
2026-10-01 00:00:00,64387,431.91
2026-10-01 00:00:00,18511,59.9
2026-10-01 00:00:00,27750,47.0
2026-10-01 00:00:00,37539,31.41
2026-10-01 00:00:00,47138,80.91
2026-10-01 00:00:00,32560,49.9
2026-10-01 00:00:00,47176,51.3
2026-10-01 00:00:00,50046,179.9
2026-10-01 00:00:00,27749,47.0
2026-10-01 00:00:00,45086,179.91
2026-10-01 00:00:00,49521,99.9
2026-10-01 00:00:00,18010,199.9
2026-10-01 00:00:00,26151,269.91
2026-10-01 00:00:00,47167,62.91
2026-10-01 00:00:00,47173,80.91
2026-10-01 00:00:00,64390,206.91
2026-10-01 00:00:00,49523,89.9
2026-10-01 00:00:00,49525,69.9
2026-10-01 00:00:00,49522,67.9
2026-10-01 00:00:00,50038,80.91
2026-10-01 00:00:00,2649,359.91
2026-10-01 00:00:00,954,224.91
2026-10-01 00:00:00,423,296.91
2026-10-01 00:00:00,14636,350.91
2026-10-01 00:00:00,1032,953.1
2026-10-01 00:00:00,37716,134.91
2026-10-01 00:00:00,27816,22.41
2026-10-01 00:00:00,45242,179.91
2026-10-01 00:00:00,21344,89.91
2026-10-01 00:00:00,54123,4.9
2026-10-01 00:00:00,16612,31.41
2026-10-01 00:00:00,16611,31.41
2026-10-01 00:00:00,21340,31.41
2026-10-01 00:00:00,64418,71.91
2026-10-01 00:00:00,47402,39.9
2026-10-01 00:00:00,42112,53.91
2026-10-01 00:00:00,22547,116.91
2026-10-01 00:00:00,50401,179.91
2026-10-01 00:00:00,30099,47.9
2026-10-01 00:00:00,22550,53.91
2026-10-01 00:00:00,39603,53.91
2026-10-01 00:00:00,1704,179.91
2026-10-01 00:00:00,32896,22.41
2026-10-01 00:00:00,64402,49.41
2026-10-01 00:00:00,64401,49.41
2026-10-01 00:00:00,53920,89.91
2026-10-01 00:00:00,53884,62.91
2026-10-01 00:00:00,20976,24.3
2026-10-01 00:00:00,21351,33.3
2026-10-01 00:00:00,20975,35.91
2026-10-01 00:00:00,16713,34.11
2026-10-01 00:00:00,32641,24.3
2026-10-01 00:00:00,40623,26.91
2026-10-01 00:00:00,34363,26.91
2026-10-01 00:00:00,38505,209.93
2026-10-01 00:00:00,54492,13.41
2026-10-01 00:00:00,60361,26.91
2026-10-01 00:00:00,60318,62.91
2026-10-01 00:00:00,21297,14.31
2026-10-01 00:00:00,21294,23.31
2026-10-01 00:00:00,21296,21.51
2026-10-01 00:00:00,21923,229.9
2026-10-01 00:00:00,41560,44.91
2026-10-01 00:00:00,19074,13.41
2026-10-01 00:00:00,18275,5.31
2026-10-01 00:00:00,47756,26.55
2026-10-01 00:00:00,60333,35.91
2026-10-01 00:00:00,60352,25.11
2026-10-01 00:00:00,60329,35.91
2026-10-01 00:00:00,60335,35.91
2026-10-01 00:00:00,60341,26.91
2026-10-01 00:00:00,60354,25.11
2026-10-01 00:00:00,60488,40.41
2026-10-01 00:00:00,60364,22.41
2026-10-01 00:00:00,60359,22.41
2026-10-01 00:00:00,60325,35.91
2026-10-01 00:00:00,60321,35.91
2026-10-01 00:00:00,41566,49.41
2026-10-01 00:00:00,21303,14.31
2026-10-01 00:00:00,21292,17.01
2026-10-01 00:00:00,17796,49.41
2026-10-01 00:00:00,17813,49.41
2026-10-01 00:00:00,28307,35.91
2026-10-01 00:00:00,41570,49.41
2026-10-01 00:00:00,17800,49.41
2026-10-01 00:00:00,41554,49.41
2026-10-01 00:00:00,59622,22.41
2026-10-01 00:00:00,60347,31.41
2026-10-01 00:00:00,60337,35.91
2026-10-01 00:00:00,60357,26.91
2026-10-01 00:00:00,60332,44.91
2026-10-01 00:00:00,60351,31.41
2026-10-01 00:00:00,60327,44.91
2026-10-01 00:00:00,60345,31.41
2026-10-01 00:00:00,60314,44.91
2026-10-01 00:00:00,60320,44.91
2026-10-01 00:00:00,60319,44.91
2026-10-01 00:00:00,16542,13.41
2026-10-01 00:00:00,16564,22.41
2026-10-01 00:00:00,19075,22.41
2026-10-01 00:00:00,16541,13.41
2026-10-01 00:00:00,63394,19.8
2026-10-01 00:00:00,42143,62.91
2026-10-01 00:00:00,22394,35.91
2026-10-01 00:00:00,15764,44.91
2026-10-01 00:00:00,56847,53.91
2026-10-01 00:00:00,60363,17.91
2026-10-01 00:00:00,60360,17.91
2026-10-01 00:00:00,60330,31.41
2026-10-01 00:00:00,60353,22.41
2026-10-01 00:00:00,60328,31.41
2026-10-01 00:00:00,60348,22.41
2026-10-01 00:00:00,60336,31.41
2026-10-01 00:00:00,60358,22.41
2026-10-01 00:00:00,60322,31.41
2026-10-01 00:00:00,60316,35.91
2026-10-01 00:00:00,56726,13.41
2026-10-01 00:00:00,15765,34.11
2026-10-01 00:00:00,41533,53.91
2026-10-01 00:00:00,16562,22.41
2026-10-01 00:00:00,16563,22.41
2026-10-01 00:00:00,28546,35.91
2026-10-01 00:00:00,56957,24.3
2026-10-01 00:00:00,9837,53.91
2026-10-01 00:00:00,42182,71.91
2026-10-01 00:00:00,43267,161.91
2026-10-01 00:00:00,19066,34.9
2026-10-01 00:00:00,23714,44.91
2026-10-01 00:00:00,40141,71.91
2026-10-01 00:00:00,64393,179.91
2026-10-01 00:00:00,24340,10.8
2026-10-01 00:00:00,16315,10.8
2026-10-01 00:00:00,64388,179.91
2026-10-01 00:00:00,15394,44.91
2026-10-01 00:00:00,46328,199.9
2026-10-01 00:00:00,59618,53.91
2026-10-01 00:00:00,16576,53.91
2026-10-01 00:00:00,16575,59.9
2026-10-01 00:00:00,39635,31.41
2026-10-01 00:00:00,59640,71.91
2026-10-01 00:00:00,42222,62.91
2026-10-01 00:00:00,46307,80.91
2026-10-01 00:00:00,15406,80.91
2026-10-01 00:00:00,47152,35.91
2026-10-01 00:00:00,47181,53.91
2026-10-01 00:00:00,7567,125.91
2026-10-01 00:00:00,7341,125.91
2026-10-01 00:00:00,46427,26.91
2026-10-01 00:00:00,7565,107.91
2026-10-01 00:00:00,15393,79.9
2026-10-01 00:00:00,26000,116.91
2026-10-01 00:00:00,8312,129.9
2026-10-01 00:00:00,9051,189.9
2026-10-01 00:00:00,64392,125.91
2026-10-01 00:00:00,862,71.91
2026-10-01 00:00:00,32730,80.91
2026-10-01 00:00:00,46332,50.0
2026-10-01 00:00:00,25846,89.91
2026-10-01 00:00:00,12751,75.0
2026-10-01 00:00:00,47988,62.91
2026-10-01 00:00:00,46155,12.51
2026-10-01 00:00:00,39630,15.21
2026-10-01 00:00:00,39631,15.21
2026-10-01 00:00:00,12747,99.9
2026-10-01 00:00:00,18006,39.9
2026-10-01 00:00:00,64428,323.91
2026-10-01 00:00:00,60485,29.9
2026-10-01 00:00:00,39163,89.91
2026-10-01 00:00:00,87,71.91
2026-10-01 00:00:00,42164,125.91
2026-10-01 00:00:00,27818,71.91
2026-10-01 00:00:00,49845,230.93
2026-10-01 00:00:00,25834,89.9
2026-10-01 00:00:00,9188,161.91
2026-10-01 00:00:00,63011,134.91
2026-10-01 00:00:00,13863,116.91
2026-10-01 00:00:00,44536,579.0
2026-10-01 00:00:00,44538,579.0
2026-10-01 00:00:00,59963,53.91
2026-10-01 00:00:00,16642,49.9
2026-10-01 00:00:00,33590,159.9
2026-10-01 00:00:00,32539,39.9
2026-10-01 00:00:00,15766,23.31
2026-10-01 00:00:00,37717,58.41
2026-10-01 00:00:00,58549,349.93
2026-10-01 00:00:00,48061,49.5
2026-10-01 00:00:00,24331,26.91
2026-10-01 00:00:00,52086,43.11
2026-10-01 00:00:00,52087,43.11
2026-10-01 00:00:00,62884,59.9
2026-10-01 00:00:00,62885,89.9
2026-10-01 00:00:00,62881,77.9
2026-10-01 00:00:00,62883,99.9
2026-10-01 00:00:00,47436,19.71
2026-10-01 00:00:00,16326,19.71
2026-10-01 00:00:00,46300,12.51
2026-10-01 00:00:00,16310,12.51
2026-10-01 00:00:00,52093,14.4
2026-10-01 00:00:00,24345,11.2
2026-10-01 00:00:00,16332,18.13
2026-10-01 00:00:00,46177,23.85
2026-10-01 00:00:00,24344,12.51
2026-10-01 00:00:00,47438,7.65
2026-10-01 00:00:00,47440,4.95
2026-10-01 00:00:00,47428,4.41
2026-10-01 00:00:00,16303,4.95
2026-10-01 00:00:00,52088,19.35
2026-10-01 00:00:00,52091,71.91
2026-10-01 00:00:00,52099,42.0
2026-10-01 00:00:00,37590,26.6
2026-10-01 00:00:00,28294,17.91
2026-10-01 00:00:00,63026,44.91
2026-10-01 00:00:00,63024,71.91
2026-10-01 00:00:00,63028,56.61
2026-10-01 00:00:00,63025,56.61
2026-10-01 00:00:00,63027,28.71
2026-10-01 00:00:00,63022,28.71
2026-10-01 00:00:00,63029,43.11
2026-10-01 00:00:00,63023,43.11
2026-10-01 00:00:00,39486,54.9
2026-10-01 00:00:00,39492,31.41
2026-10-01 00:00:00,46221,19.9
2026-10-01 00:00:00,52101,67.5
2026-10-01 00:00:00,46281,50.4
2026-10-01 00:00:00,37589,21.7
2026-10-01 00:00:00,37585,27.3
2026-10-01 00:00:00,37586,30.1
2026-10-01 00:00:00,52102,80.91
2026-10-01 00:00:00,52090,48.6
2026-10-01 00:00:00,37592,33.6
2026-10-01 00:00:00,52092,59.4
2026-10-01 00:00:00,47418,61.2
2026-10-01 00:00:00,37591,23.1
2026-10-01 00:00:00,52095,18.9
2026-10-01 00:00:00,52094,37.0
2026-10-01 00:00:00,47425,22.5
2026-10-01 00:00:00,57651,28.7
2026-10-01 00:00:00,52080,36.9
2026-10-01 00:00:00,52082,11.61
2026-10-01 00:00:00,52085,11.61
2026-10-01 00:00:00,57972,15.75
2026-10-01 00:00:00,52081,15.75
2026-10-01 00:00:00,52097,23.9
2026-10-01 00:00:00,52100,21.51
2026-10-01 00:00:00,52083,26.91
2026-10-01 00:00:00,52098,26.91
2026-10-01 00:00:00,5897,97.93
2026-10-01 00:00:00,2633,169.9
2026-10-01 00:00:00,2634,199.9
2026-10-01 00:00:00,7344,139.9
2026-10-01 00:00:00,21432,80.91
2026-10-01 00:00:00,5895,139.93
2026-10-01 00:00:00,5896,90.93
2026-10-01 00:00:00,5891,223.93
2026-10-01 00:00:00,5892,125.93
2026-10-01 00:00:00,5888,286.93
2026-10-01 00:00:00,5893,230.93
2026-10-01 00:00:00,5883,440.93
2026-10-01 00:00:00,29210,20.61
2026-10-01 00:00:00,29209,20.61
2026-10-01 00:00:00,29208,20.61
2026-10-01 00:00:00,29211,20.61
2026-10-01 00:00:00,43285,26.91
2026-10-01 00:00:00,43281,26.91
2026-10-01 00:00:00,43282,26.91
2026-10-01 00:00:00,24938,67.41
2026-10-01 00:00:00,12136,143.91
2026-10-01 00:00:00,2650,179.91
2026-10-01 00:00:00,31530,44.91
2026-10-01 00:00:00,34769,269.91
2026-10-01 00:00:00,16609,43.11
2026-10-01 00:00:00,47177,116.91
2026-10-01 00:00:00,45420,22.41
2026-10-01 00:00:00,32902,53.91
2026-10-01 00:00:00,46628,31.41
2026-10-01 00:00:00,24319,13.05
2026-10-01 00:00:00,17447,259.9
2026-10-01 00:00:00,37683,125.91
2026-10-01 00:00:00,64419,179.91
2026-10-01 00:00:00,43869,422.91
2026-10-01 00:00:00,37700,287.91
2026-10-01 00:00:00,37684,134.91
2026-10-01 00:00:00,37689,143.91
2026-10-01 00:00:00,37686,134.91
2026-10-01 00:00:00,32636,99.0
2026-10-01 00:00:00,64417,215.1
2026-10-01 00:00:00,43870,521.91
2026-10-01 00:00:00,37701,341.91
2026-10-01 00:00:00,37687,170.91
2026-10-01 00:00:00,38395,249.9
2026-10-01 00:00:00,37685,197.91
2026-10-01 00:00:00,64415,251.91
2026-10-01 00:00:00,38396,239.9
2026-10-01 00:00:00,37676,350.91
2026-10-01 00:00:00,38397,259.9
2026-10-01 00:00:00,17446,199.9
2026-10-01 00:00:00,17445,139.9
2026-10-01 00:00:00,38394,179.9
2026-10-01 00:00:00,14637,499.9
2026-10-01 00:00:00,39224,395.91
2026-10-01 00:00:00,39223,269.91
2026-10-01 00:00:00,37699,620.91
2026-10-01 00:00:00,6830,476.91
2026-10-01 00:00:00,28819,539.91
2026-10-01 00:00:00,62906,59.9
2026-10-01 00:00:00,62908,59.9
2026-10-01 00:00:00,62907,53.91
2026-10-01 00:00:00,47018,139.9
2026-10-01 00:00:00,47019,139.9
2026-10-01 00:00:00,15317,37.0
2026-10-01 00:00:00,37657,701.1
2026-10-01 00:00:00,986,359.91
2026-10-01 00:00:00,9352,431.91
2026-10-01 00:00:00,987,499.9
2026-10-01 00:00:00,16599,449.91
2026-10-01 00:00:00,13152,413.91
2026-10-01 00:00:00,39168,377.91
2026-10-01 00:00:00,39164,339.9
2026-10-01 00:00:00,39165,359.91
2026-10-01 00:00:00,39166,413.91
2026-10-01 00:00:00,39167,449.91
2026-10-01 00:00:00,6820,369.0
2026-10-01 00:00:00,6858,611.91
2026-10-01 00:00:00,17,341.91
2026-10-01 00:00:00,64384,341.91
2026-10-01 00:00:00,64382,404.91
2026-10-01 00:00:00,64378,449.91
2026-10-01 00:00:00,37675,224.91
2026-10-01 00:00:00,37688,251.91
2026-10-01 00:00:00,17448,239.9
2026-10-01 00:00:00,79,161.91
2026-10-01 00:00:00,19722,161.91
2026-10-01 00:00:00,934,359.91
2026-10-01 00:00:00,8245,20.0
2026-10-01 00:00:00,43010,29.9
2026-10-01 00:00:00,59639,53.91
2026-10-01 00:00:00,16704,80.91
2026-10-01 00:00:00,49646,17.91
2026-10-01 00:00:00,59195,44.91
2026-10-01 00:00:00,18005,34.11
2026-10-01 00:00:00,21511,34.11
2026-10-01 00:00:00,16865,31.41
2026-10-01 00:00:00,43190,17.91
2026-10-01 00:00:00,43655,17.91
2026-10-01 00:00:00,43192,17.91
2026-10-01 00:00:00,53937,89.91
2026-10-01 00:00:00,12048,449.91
2026-10-01 00:00:00,45060,139.9
2026-10-01 00:00:00,42175,399.9
2026-10-01 00:00:00,42586,143.91
2026-10-01 00:00:00,42753,143.91
2026-10-01 00:00:00,46178,35.91
2026-10-01 00:00:00,49414,119.9
2026-10-01 00:00:00,21956,79.9
2026-10-01 00:00:00,46578,53.91
2026-10-01 00:00:00,12049,161.91
2026-10-01 00:00:00,43693,22.41
2026-10-01 00:00:00,36496,71.91
2026-10-01 00:00:00,46630,60.3
2026-10-01 00:00:00,21918,179.9
2026-10-01 00:00:00,21939,189.9
2026-10-01 00:00:00,13971,299.9
2026-10-01 00:00:00,45225,224.91
2026-10-01 00:00:00,47859,329.9
2026-10-01 00:00:00,21937,299.9
2026-10-01 00:00:00,45062,143.91
2026-10-01 00:00:00,45226,143.91
2026-10-01 00:00:00,47870,143.91
2026-10-01 00:00:00,21933,119.9
2026-10-01 00:00:00,62876,143.91
2026-10-01 00:00:00,47815,287.91
2026-10-01 00:00:00,13980,77.0
2026-10-01 00:00:00,59970,125.91
2026-10-01 00:00:00,45235,359.91
2026-10-01 00:00:00,64939,47.0
2026-10-01 00:00:00,64938,47.0
2026-10-01 00:00:00,64937,89.9
2026-10-01 00:00:00,64942,89.9
2026-10-01 00:00:00,47472,104.93
2026-10-01 00:00:00,49817,40.0
2026-10-01 00:00:00,59934,40.0
2026-10-01 00:00:00,62878,107.91
2026-10-01 00:00:00,60261,49.9
2026-10-01 00:00:00,45224,251.91
2026-10-01 00:00:00,32607,62.91
2026-10-01 00:00:00,39707,62.91
2026-10-01 00:00:00,39708,71.91
2026-10-01 00:00:00,26074,22.41
2026-10-01 00:00:00,59191,161.91
2026-10-01 00:00:00,44826,199.9
2026-10-01 00:00:00,19711,79.9
2026-10-01 00:00:00,35203,251.91
2026-10-01 00:00:00,8946,161.91
2026-10-01 00:00:00,42171,53.91
2026-10-01 00:00:00,13976,269.9
2026-10-01 00:00:00,45193,170.91
2026-10-01 00:00:00,6716,159.9
2026-10-01 00:00:00,64941,77.0
2026-10-01 00:00:00,64940,127.0
2026-10-01 00:00:00,42152,44.91
2026-10-01 00:00:00,32888,31.41
2026-10-01 00:00:00,31656,1999.0
2026-10-01 00:00:00,18008,159.9
2026-10-01 00:00:00,38488,41.93
2026-10-01 00:00:00,26163,22.41
2026-10-01 00:00:00,27624,299.9
2026-10-01 00:00:00,13949,107.91
2026-10-01 00:00:00,30124,277.0
2026-10-01 00:00:00,21337,224.91
2026-10-01 00:00:00,60371,125.91
2026-10-01 00:00:00,59856,62.91
2026-10-01 00:00:00,59855,80.91
2026-10-01 00:00:00,59853,89.91
2026-10-01 00:00:00,59171,179.91
2026-10-01 00:00:00,8943,179.91
2026-10-01 00:00:00,45183,129.9
2026-10-01 00:00:00,62875,129.9
2026-10-01 00:00:00,59170,197.91
2026-10-01 00:00:00,45231,329.9
2026-10-01 00:00:00,50041,224.91
2026-10-01 00:00:00,50043,269.91
2026-10-01 00:00:00,59857,239.9
2026-10-01 00:00:00,59844,413.91
2026-10-01 00:00:00,59842,431.91
2026-10-01 00:00:00,59846,449.91
2026-10-01 00:00:00,59852,314.91
2026-10-01 00:00:00,32166,399.9
2026-10-01 00:00:00,32169,239.9
2026-10-01 00:00:00,59174,179.91
2026-10-01 00:00:00,50042,224.91
2026-10-01 00:00:00,62882,159.9
2026-10-01 00:00:00,35211,206.91
2026-10-01 00:00:00,26520,215.91
2026-10-01 00:00:00,34756,119.9
2026-10-01 00:00:00,34750,239.9
2026-10-01 00:00:00,45230,259.9
2026-10-01 00:00:00,32012,229.9
2026-10-01 00:00:00,59905,110.0
2026-10-01 00:00:00,49244,20.0
2026-10-01 00:00:00,1240,476.91
2026-10-01 00:00:00,39273,269.91
2026-10-01 00:00:00,39173,269.91
2026-10-01 00:00:00,34935,35.91
2026-10-01 00:00:00,59863,49.41
2026-10-01 00:00:00,39176,339.9
2026-10-01 00:00:00,18123,199.9
2026-10-01 00:00:00,39178,476.91
2026-10-01 00:00:00,32608,494.91
2026-10-01 00:00:00,43130,22.41
2026-10-01 00:00:00,34352,62.91
2026-10-01 00:00:00,50040,35.91
2026-10-01 00:00:00,32566,71.91
2026-10-01 00:00:00,45078,44.91
2026-10-01 00:00:00,42511,89.9
2026-10-01 00:00:00,42514,89.9
2026-10-01 00:00:00,26075,143.91
2026-10-01 00:00:00,48052,44.91
2026-10-01 00:00:00,34945,129.9
2026-10-01 00:00:00,61674,79.9
2026-10-01 00:00:00,26080,31.41
2026-10-01 00:00:00,47424,76.5
2026-10-01 00:00:00,26066,53.91
2026-10-01 00:00:00,46478,199.9
2026-10-01 00:00:00,39194,152.91
2026-10-01 00:00:00,39195,170.91
2026-10-01 00:00:00,39197,197.91
2026-10-01 00:00:00,39196,224.91
2026-10-01 00:00:00,39201,99.9
2026-10-01 00:00:00,39202,179.91
2026-10-01 00:00:00,39203,242.91
2026-10-01 00:00:00,39204,269.91
2026-10-01 00:00:00,39199,170.91
2026-10-01 00:00:00,39200,197.91
2026-10-01 00:00:00,39198,197.91
2026-10-01 00:00:00,43400,249.9
2026-10-01 00:00:00,45192,224.91
2026-10-01 00:00:00,36573,179.91
2026-10-01 00:00:00,45140,189.9
2026-10-01 00:00:00,48847,53.91
2026-10-01 00:00:00,44609,62.91
2026-10-01 00:00:00,45177,323.91
2026-10-01 00:00:00,60365,215.91
2026-10-01 00:00:00,64527,233.91
2026-10-01 00:00:00,64515,233.91
2026-10-01 00:00:00,64517,233.91
2026-10-01 00:00:00,58620,269.91
2026-10-01 00:00:00,64520,233.91
2026-10-01 00:00:00,58239,224.91
2026-10-01 00:00:00,64528,233.91
2026-10-01 00:00:00,44226,233.91
2026-10-01 00:00:00,60315,44.91
2026-10-01 00:00:00,45412,107.91
2026-10-01 00:00:00,39183,89.91
2026-10-01 00:00:00,43211,62.91
2026-10-01 00:00:00,35016,116.91
2026-10-01 00:00:00,64531,341.91
2026-10-01 00:00:00,64522,593.91
2026-10-01 00:00:00,47127,479.9
2026-10-01 00:00:00,64524,521.91
2026-10-01 00:00:00,64514,449.91
2026-10-01 00:00:00,57673,440.91
2026-10-01 00:00:00,57680,395.91
2026-10-01 00:00:00,57678,395.91
2026-10-01 00:00:00,57679,701.91
2026-10-01 00:00:00,57681,359.91
2026-10-01 00:00:00,57675,449.91
2026-10-01 00:00:00,64526,521.91
2026-10-01 00:00:00,34725,539.91
2026-10-01 00:00:00,57683,599.0
2026-10-01 00:00:00,16480,1169.1
2026-10-01 00:00:00,58614,1079.1
2026-10-01 00:00:00,44018,499.0
2026-10-01 00:00:00,28316,1619.1
2026-10-01 00:00:00,28329,1899.0
2026-10-01 00:00:00,45190,579.9
2026-10-01 00:00:00,45191,679.9
2026-10-01 00:00:00,45189,579.9
2026-10-01 00:00:00,6250,699.9
2026-10-01 00:00:00,21423,206.91
2026-10-01 00:00:00,60281,119.9
2026-10-01 00:00:00,32840,99.9
2026-10-01 00:00:00,26138,99.9
2026-10-01 00:00:00,60251,119.9
2026-10-01 00:00:00,59845,323.91
2026-10-01 00:00:00,44607,119.9
2026-10-01 00:00:00,62886,125.91
2026-10-01 00:00:00,60262,152.91
2026-10-01 00:00:00,49737,110.0
2026-10-01 00:00:00,32044,149.9
2026-10-01 00:00:00,45212,215.91
2026-10-01 00:00:00,39281,341.91
2026-10-01 00:00:00,24493,15.75
2026-10-01 00:00:00,47474,97.93
2026-10-01 00:00:00,35537,224.91
2026-10-01 00:00:00,42196,134.91
2026-10-01 00:00:00,48232,35.91
2026-10-01 00:00:00,43202,26.91
2026-10-01 00:00:00,32388,31.41
2026-10-01 00:00:00,43160,59.9
2026-10-01 00:00:00,43163,59.9
2026-10-01 00:00:00,28333,467.91
2026-10-01 00:00:00,10744,134.91
2026-10-01 00:00:00,47921,60.3
2026-10-01 00:00:00,32570,17.91
2026-10-01 00:00:00,22539,5.53
2026-10-01 00:00:00,30796,12.53
2026-10-01 00:00:00,22541,6.23
2026-10-01 00:00:00,22531,32.83
2026-10-01 00:00:00,22537,23.03
2026-10-01 00:00:00,18274,10.71
2026-10-01 00:00:00,27049,8.91
2026-10-01 00:00:00,22538,11.83
2026-10-01 00:00:00,46312,22.41
2026-10-01 00:00:00,47544,206.91
2026-10-01 00:00:00,21372,53.91
2026-10-01 00:00:00,22536,13.93
2026-10-01 00:00:00,18276,8.01
2026-10-01 00:00:00,16271,44.9
2026-10-01 00:00:00,16272,49.9
2026-10-01 00:00:00,4211,53.91
2026-10-01 00:00:00,62075,152.91
2026-10-01 00:00:00,34374,107.91
2026-10-01 00:00:00,38486,195.93
2026-10-01 00:00:00,39177,152.91
2026-10-01 00:00:00,46596,35.91
2026-10-01 00:00:00,27620,119.9
2026-10-01 00:00:00,26140,31.41
2026-10-01 00:00:00,20105,17.91
2026-10-01 00:00:00,30797,1.33
2026-10-01 00:00:00,47153,22.41
2026-10-01 00:00:00,39633,22.41
2026-10-01 00:00:00,59986,71.91
2026-10-01 00:00:00,59981,161.91
2026-10-01 00:00:00,59980,242.91
2026-10-01 00:00:00,37710,125.91
2026-10-01 00:00:00,42176,26.91
2026-10-01 00:00:00,22542,0.63
2026-10-01 00:00:00,22543,0.35
2026-10-01 00:00:00,22540,0.14
2026-10-01 00:00:00,47357,69.93
2026-10-01 00:00:00,22532,8.33
2026-10-01 00:00:00,59627,58.41
2026-10-01 00:00:00,49654,31.41
2026-10-01 00:00:00,59626,35.91
2026-10-01 00:00:00,49647,62.91
2026-10-01 00:00:00,49652,62.91
2026-10-01 00:00:00,59628,62.91
2026-10-01 00:00:00,49655,53.91
2026-10-01 00:00:00,30798,2.03
2026-10-01 00:00:00,46405,10.0
2026-10-01 00:00:00,35952,20.61
2026-10-01 00:00:00,19070,14.31
2026-10-01 00:00:00,16555,15.9
2026-10-01 00:00:00,15767,19.71
2026-10-01 00:00:00,57658,457.0
2026-10-01 00:00:00,57664,227.0
2026-10-01 00:00:00,57666,297.0
2026-10-01 00:00:00,47753,5.0
2026-10-01 00:00:00,64353,143.91
2026-10-01 00:00:00,2437,251.91
2026-10-01 00:00:00,43859,206.91
2026-10-01 00:00:00,37698,692.91
2026-10-01 00:00:00,43860,233.91
2026-10-01 00:00:00,53932,233.91
2026-10-01 00:00:00,64352,233.91
2026-10-01 00:00:00,53933,233.91
2026-10-01 00:00:00,59179,143.91
2026-10-01 00:00:00,44491,649.0
2026-10-01 00:00:00,44492,649.0
2026-10-01 00:00:00,43030,134.91
2026-10-01 00:00:00,43027,134.91
2026-10-01 00:00:00,43028,134.91
2026-10-01 00:00:00,43029,134.91
2026-10-01 00:00:00,37696,143.91
2026-10-01 00:00:00,47135,152.91
2026-10-01 00:00:00,60487,297.0
2026-10-01 00:00:00,42214,134.91
2026-10-01 00:00:00,42185,359.91
2026-10-01 00:00:00,15777,199.9
2026-10-01 00:00:00,6183,147.0
2026-10-01 00:00:00,14640,674.1
2026-10-01 00:00:00,40408,299.9
2026-10-01 00:00:00,40409,299.9
2026-10-01 00:00:00,59978,233.91
2026-10-01 00:00:00,59976,233.91
2026-10-01 00:00:00,59975,359.91
2026-10-01 00:00:00,43874,269.91
2026-10-01 00:00:00,43034,395.1
2026-10-01 00:00:00,43033,746.91
2026-10-01 00:00:00,59962,359.91
2026-10-01 00:00:00,39185,116.91
2026-10-01 00:00:00,45121,83.93
2026-10-01 00:00:00,59633,44.91
2026-10-01 00:00:00,59634,44.91
2026-10-01 00:00:00,59631,44.91
2026-10-01 00:00:00,974,71.91
2026-10-01 00:00:00,929,80.91
2026-10-01 00:00:00,6854,332.91
2026-10-01 00:00:00,16645,332.91
2026-10-01 00:00:00,13435,89.91
2026-10-01 00:00:00,22534,20.93
2026-10-01 00:00:00,30795,83.93
2026-10-01 00:00:00,49218,62.91
2026-10-01 00:00:00,8959,2699.1
2026-10-01 00:00:00,45228,125.91
2026-10-01 00:00:00,15395,125.91
2026-10-01 00:00:00,59615,11.61
2026-10-01 00:00:00,16538,11.61
2026-10-01 00:00:00,49653,17.91
2026-10-01 00:00:00,43198,17.91
2026-10-01 00:00:00,48999,17.91
2026-10-01 00:00:00,59616,10.71
2026-10-01 00:00:00,16548,13.41
2026-10-01 00:00:00,31357,13.41
2026-10-01 00:00:00,59617,13.41
2026-10-01 00:00:00,19077,11.61
2026-10-01 00:00:00,49391,12.9
2026-10-01 00:00:00,46634,31.41
2026-10-01 00:00:00,42141,35.91
2026-10-01 00:00:00,43863,179.91
2026-10-01 00:00:00,43871,179.91
2026-10-01 00:00:00,43867,179.91
2026-10-01 00:00:00,16533,12.9
2026-10-01 00:00:00,16545,13.9
2026-10-01 00:00:00,46575,16.11
2026-10-01 00:00:00,8984,161.91
2026-10-01 00:00:00,43862,116.91
2026-10-01 00:00:00,43861,143.91
2026-10-01 00:00:00,59764,143.91
2026-10-01 00:00:00,37643,161.91
2026-10-01 00:00:00,37644,161.91
2026-10-01 00:00:00,56435,189.9
2026-10-01 00:00:00,57661,157.0
2026-10-01 00:00:00,12570,103.41
2026-10-01 00:00:00,12569,125.91
2026-10-01 00:00:00,45055,35.91
2026-10-01 00:00:00,45054,26.91
2026-10-01 00:00:00,45056,26.91
2026-10-01 00:00:00,45053,53.91
2026-10-01 00:00:00,49245,139.9
2026-10-01 00:00:00,47742,125.0
2026-10-01 00:00:00,47612,89.9
2026-10-01 00:00:00,46024,449.9
2026-10-01 00:00:00,48622,91.62
2026-10-01 00:00:00,54415,199.9
2026-10-01 00:00:00,55668,44.91
2026-10-01 00:00:00,55674,26.91
2026-10-01 00:00:00,59917,34.11
2026-10-01 00:00:00,59900,99.9
2026-10-01 00:00:00,56702,199.9
2026-10-01 00:00:00,51185,24.9
2026-10-01 00:00:00,54871,149.9
2026-10-01 00:00:00,49202,99.9
2026-10-01 00:00:00,47795,29.9
2026-10-01 00:00:00,48718,89.9
2026-10-01 00:00:00,48717,139.9
2026-10-01 00:00:00,59993,149.9
2026-10-01 00:00:00,48630,389.9
2026-10-01 00:00:00,62140,167.93
2026-10-01 00:00:00,58511,233.91
2026-10-01 00:00:00,56055,44.91
2026-10-01 00:00:00,63535,19.9
2026-10-01 00:00:00,50390,224.91
2026-10-01 00:00:00,40371,89.91
2026-10-01 00:00:00,38286,179.91
2026-10-01 00:00:00,58316,79.92
2026-10-01 00:00:00,16082,71.92
2026-10-01 00:00:00,58341,111.92
2026-10-01 00:00:00,51348,116.91
2026-10-01 00:00:00,63104,27.9
2026-10-01 00:00:00,63120,27.9
2026-10-01 00:00:00,59325,15.96
2026-10-01 00:00:00,59321,15.96
2026-10-01 00:00:00,59323,23.96
2026-10-01 00:00:00,59324,55.96
2026-10-01 00:00:00,59302,229.9
2026-10-01 00:00:00,59303,389.9
2026-10-01 00:00:00,65124,611.91
2026-10-01 00:00:00,24399,49.9
2026-10-01 00:00:00,51752,206.91
2026-10-01 00:00:00,59286,99.9
2026-10-01 00:00:00,59287,99.9
2026-10-01 00:00:00,59293,179.9
2026-10-01 00:00:00,59292,179.9
2026-10-01 00:00:00,59294,249.9
2026-10-01 00:00:00,52742,127.92
2026-10-01 00:00:00,58343,119.92
2026-10-01 00:00:00,53991,261.9
2026-10-01 00:00:00,53487,143.92
2026-10-01 00:00:00,59326,31.96
2026-10-01 00:00:00,45676,8.91
2026-10-01 00:00:00,31526,9.9
2026-10-01 00:00:00,40580,566.91
2026-10-01 00:00:00,51270,899.1
2026-10-01 00:00:00,50193,4139.1
2026-10-01 00:00:00,36631,188.91
2026-10-01 00:00:00,36186,1889.1
2026-10-01 00:00:00,65109,215.91
2026-10-01 00:00:00,43880,1439.1
2026-10-01 00:00:00,65118,629.91
2026-10-01 00:00:00,65126,404.91
2026-10-01 00:00:00,65122,359.91
2026-10-01 00:00:00,36184,359.1
2026-10-01 00:00:00,36640,399.0
2026-10-01 00:00:00,50336,170.91
2026-10-01 00:00:00,60475,116.91
2026-10-01 00:00:00,40589,530.91
2026-10-01 00:00:00,65099,71.91
2026-10-01 00:00:00,43882,341.91
2026-10-01 00:00:00,65119,476.91
2026-10-01 00:00:00,40584,386.91
2026-10-01 00:00:00,30140,341.1
2026-10-01 00:00:00,51563,539.91
2026-10-01 00:00:00,51561,899.1
2026-10-01 00:00:00,29972,269.1
2026-10-01 00:00:00,50548,197.1
2026-10-01 00:00:00,43884,296.1
2026-10-01 00:00:00,36630,359.1
2026-10-01 00:00:00,36633,764.91
2026-10-01 00:00:00,43878,431.91
2026-10-01 00:00:00,50170,494.91
2026-10-01 00:00:00,18816,314.91
2026-10-01 00:00:00,36182,494.91
2026-10-01 00:00:00,24400,59.9
2026-10-01 00:00:00,28300,69.9
2026-10-01 00:00:00,28299,49.9
2026-10-01 00:00:00,49465,98.91
2026-10-01 00:00:00,62311,99.9
2026-10-01 00:00:00,25006,224.91
2026-10-01 00:00:00,25007,179.91
2026-10-01 00:00:00,17441,404.91
2026-10-01 00:00:00,65146,242.91
2026-10-01 00:00:00,54214,161.91
2026-10-01 00:00:00,38231,332.91
2026-10-01 00:00:00,54889,107.91
2026-10-01 00:00:00,54448,224.91
2026-10-01 00:00:00,23234,249.9
2026-10-01 00:00:00,23239,479.9
2026-10-01 00:00:00,49049,40.5
2026-10-01 00:00:00,58499,386.91
2026-10-01 00:00:00,58510,125.91
2026-10-01 00:00:00,65113,341.91
2026-10-01 00:00:00,62153,224.91
2026-10-01 00:00:00,65098,386.91
2026-10-01 00:00:00,57010,134.91
2026-10-01 00:00:00,57009,305.91
2026-10-01 00:00:00,57005,99.9
2026-10-01 00:00:00,57007,152.91
2026-10-01 00:00:00,57004,99.9
2026-10-01 00:00:00,57006,99.9
2026-10-01 00:00:00,57008,99.9
2026-10-01 00:00:00,57001,251.91
2026-10-01 00:00:00,62138,215.91
2026-10-01 00:00:00,65158,314.91
2026-10-01 00:00:00,65159,251.91
2026-10-01 00:00:00,65160,314.91
2026-10-01 00:00:00,1011,151.92
2026-10-01 00:00:00,62079,29.9
2026-10-01 00:00:00,62080,29.9
2026-10-01 00:00:00,63152,29.9
2026-10-01 00:00:00,62076,26.91
2026-10-01 00:00:00,57816,59.9
2026-10-01 00:00:00,57808,59.9
2026-10-01 00:00:00,59307,129.9
2026-10-01 00:00:00,47285,50.91
2026-10-01 00:00:00,45563,74.95
2026-10-01 00:00:00,36195,350.91
2026-10-01 00:00:00,60052,161.91
2026-10-01 00:00:00,60063,44.91
2026-10-01 00:00:00,59291,199.9
2026-10-01 00:00:00,53431,242.91
2026-10-01 00:00:00,45651,200.0
2026-10-01 00:00:00,59314,69.95
2026-10-01 00:00:00,39994,539.91
2026-10-01 00:00:00,53449,199.9
2026-10-01 00:00:00,1485,34.9
2026-10-01 00:00:00,11406,79.9
2026-10-01 00:00:00,18011,89.91
2026-10-01 00:00:00,49518,89.91
2026-10-01 00:00:00,46070,89.91
2026-10-01 00:00:00,65195,3149.1
2026-10-01 00:00:00,36197,125.91
2026-10-01 00:00:00,56100,539.91
2026-10-01 00:00:00,62932,71.91
2026-10-01 00:00:00,38443,99.9
2026-10-01 00:00:00,58813,200.0
2026-10-01 00:00:00,38230,224.91
2026-10-01 00:00:00,53426,179.91
2026-10-01 00:00:00,38229,179.91
2026-10-01 00:00:00,54888,179.91
2026-10-01 00:00:00,38228,116.91
2026-10-01 00:00:00,58002,108.0
2026-10-01 00:00:00,58011,108.0
2026-10-01 00:00:00,58009,108.0
2026-10-01 00:00:00,57849,108.0
2026-10-01 00:00:00,58007,108.0
2026-10-01 00:00:00,58006,108.0
2026-10-01 00:00:00,57850,108.0
2026-10-01 00:00:00,36627,107.91
2026-10-01 00:00:00,58028,108.0
2026-10-01 00:00:00,58029,108.0
2026-10-01 00:00:00,58030,108.0
2026-10-01 00:00:00,58031,108.0
2026-10-01 00:00:00,54218,179.9
2026-10-01 00:00:00,53223,49.9
2026-10-01 00:00:00,37393,161.91
2026-10-01 00:00:00,37382,161.91
2026-10-01 00:00:00,37391,161.91
2026-10-01 00:00:00,37392,161.91
2026-10-01 00:00:00,37390,161.91
2026-10-01 00:00:00,58512,89.91
2026-10-01 00:00:00,52404,386.91
2026-10-01 00:00:00,65161,314.91
2026-10-01 00:00:00,65194,3599.1
2026-10-01 00:00:00,39995,314.91
2026-10-01 00:00:00,62086,89.91
2026-10-01 00:00:00,36446,494.91
2026-10-01 00:00:00,65120,629.91
2026-10-01 00:00:00,60239,212.42
2026-10-01 00:00:00,16846,111.92
2026-10-01 00:00:00,45716,94.95
2026-10-01 00:00:00,45549,79.9
2026-10-01 00:00:00,45547,79.9
2026-10-01 00:00:00,65093,665.91
2026-10-01 00:00:00,56059,53.91
2026-10-01 00:00:00,49186,161.91
2026-10-01 00:00:00,65104,242.91
2026-10-01 00:00:00,38432,71.91
2026-10-01 00:00:00,35190,31.41
2026-10-01 00:00:00,14503,3.51
2026-10-01 00:00:00,20102,89.91
2026-10-01 00:00:00,65149,242.91
2026-10-01 00:00:00,59088,125.91
2026-10-01 00:00:00,47279,179.91
2026-10-01 00:00:00,64834,125.91
2026-10-01 00:00:00,64832,143.91
2026-10-01 00:00:00,49191,454.93
2026-10-01 00:00:00,24393,10.9
2026-10-01 00:00:00,24402,19.9
2026-10-01 00:00:00,57000,269.91
2026-10-01 00:00:00,53999,119.92
2026-10-01 00:00:00,52407,404.91
2026-10-01 00:00:00,52408,404.91
2026-10-01 00:00:00,37432,49.9
2026-10-01 00:00:00,52487,179.91
2026-10-01 00:00:00,52397,386.91
2026-10-01 00:00:00,52488,179.91
2026-10-01 00:00:00,54917,314.91
2026-10-01 00:00:00,54915,494.91
2026-10-01 00:00:00,54918,269.91
2026-10-01 00:00:00,54913,584.91
2026-10-01 00:00:00,54916,53.91
2026-10-01 00:00:00,57980,125.91
2026-10-01 00:00:00,54920,521.91
2026-10-01 00:00:00,16835,143.92
2026-10-01 00:00:00,62165,314.91
2026-10-01 00:00:00,65147,242.91
2026-10-01 00:00:00,52280,135.92
2026-10-01 00:00:00,25030,279.92
2026-10-01 00:00:00,23233,159.9
2026-10-01 00:00:00,59533,99.9
2026-10-01 00:00:00,4102,359.92
2026-10-01 00:00:00,60236,297.41
2026-10-01 00:00:00,11774,134.91
2026-10-01 00:00:00,54892,206.91
2026-10-01 00:00:00,30508,269.91
2026-10-01 00:00:00,30514,251.91
2026-10-01 00:00:00,62053,269.91
2026-10-01 00:00:00,30201,119.92
2026-10-01 00:00:00,40101,179.91
2026-10-01 00:00:00,65138,242.91
2026-10-01 00:00:00,65153,242.91
2026-10-01 00:00:00,65142,242.91
2026-10-01 00:00:00,65152,242.91
2026-10-01 00:00:00,65157,242.91
2026-10-01 00:00:00,65139,242.91
2026-10-01 00:00:00,65155,242.91
2026-10-01 00:00:00,65141,242.91
2026-10-01 00:00:00,65154,242.91
2026-10-01 00:00:00,65140,242.91
2026-10-01 00:00:00,65112,611.91
2026-10-01 00:00:00,65116,350.91
2026-10-01 00:00:00,51268,251.91
2026-10-01 00:00:00,51565,161.91
2026-10-01 00:00:00,2259,339.9
2026-10-01 00:00:00,49190,224.91
2026-10-01 00:00:00,53376,62.91
2026-10-01 00:00:00,45363,179.91
2026-10-01 00:00:00,57019,269.91
2026-10-01 00:00:00,45356,314.91
2026-10-01 00:00:00,59048,197.91
2026-10-01 00:00:00,45371,899.1
2026-10-01 00:00:00,45362,134.91
2026-10-01 00:00:00,45355,399.9
2026-10-01 00:00:00,57020,197.91
2026-10-01 00:00:00,57017,296.91
2026-10-01 00:00:00,45361,107.91
2026-10-01 00:00:00,57023,134.91
2026-10-01 00:00:00,57022,269.91
2026-10-01 00:00:00,57021,224.91
2026-10-01 00:00:00,55718,224.91
2026-10-01 00:00:00,62164,399.9
2026-10-01 00:00:00,45366,161.91
2026-10-01 00:00:00,54224,629.91
2026-10-01 00:00:00,54215,404.91
2026-10-01 00:00:00,54208,404.91
2026-10-01 00:00:00,52406,719.91
2026-10-01 00:00:00,58501,224.91
2026-10-01 00:00:00,65150,242.91
2026-10-01 00:00:00,31820,143.91
2026-10-01 00:00:00,53387,55.92
2026-10-01 00:00:00,57868,143.1
2026-10-01 00:00:00,54453,296.91
2026-10-01 00:00:00,59479,149.9
2026-10-01 00:00:00,58355,79.92
2026-10-01 00:00:00,59289,449.91
2026-10-01 00:00:00,36443,899.1
2026-10-01 00:00:00,51521,89.91
2026-10-01 00:00:00,57058,314.91
2026-10-01 00:00:00,45556,74.95
2026-10-01 00:00:00,16084,119.92
2026-10-01 00:00:00,62142,160.93
2026-10-01 00:00:00,45559,94.95
2026-10-01 00:00:00,65148,242.91
2026-10-01 00:00:00,59313,44.95
2026-10-01 00:00:00,59508,59.9
2026-10-01 00:00:00,65129,260.91
2026-10-01 00:00:00,46299,239.92
2026-10-01 00:00:00,33930,71.92
2026-10-01 00:00:00,51714,161.91
2026-10-01 00:00:00,60460,287.91
2026-10-01 00:00:00,29360,449.91
2026-10-01 00:00:00,50200,269.91
2026-10-01 00:00:00,36307,1331.1
2026-10-01 00:00:00,50199,287.91
2026-10-01 00:00:00,36313,287.91
2026-10-01 00:00:00,50327,269.91
2026-10-01 00:00:00,65115,746.91
2026-10-01 00:00:00,50198,719.91
2026-10-01 00:00:00,65111,404.91
2026-10-01 00:00:00,50197,809.91
2026-10-01 00:00:00,50196,3779.1
2026-10-01 00:00:00,31688,809.91
2026-10-01 00:00:00,65110,404.91
2026-10-01 00:00:00,30151,189.9
2026-10-01 00:00:00,50885,611.91
2026-10-01 00:00:00,60473,129.9
2026-10-01 00:00:00,65117,485.91
2026-10-01 00:00:00,60459,179.91
2026-10-01 00:00:00,29363,399.9
2026-10-01 00:00:00,65114,746.91
2026-10-01 00:00:00,65107,323.91
2026-10-01 00:00:00,50331,89.91
2026-10-01 00:00:00,32450,89.9
2026-10-01 00:00:00,18015,161.91
2026-10-01 00:00:00,18016,224.91
2026-10-01 00:00:00,46068,359.91
2026-10-01 00:00:00,46101,584.91
2026-10-01 00:00:00,46265,719.91
2026-10-01 00:00:00,46063,332.91
2026-10-01 00:00:00,65163,701.91
2026-10-01 00:00:00,57046,314.91
2026-10-01 00:00:00,57067,260.91
2026-10-01 00:00:00,57043,179.91
2026-10-01 00:00:00,57042,179.91
2026-10-01 00:00:00,57059,404.91
2026-10-01 00:00:00,57068,404.91
2026-10-01 00:00:00,57045,314.91
2026-10-01 00:00:00,57062,629.91
2026-10-01 00:00:00,57309,152.91
2026-10-01 00:00:00,57574,589.9
2026-10-01 00:00:00,57310,296.91
2026-10-01 00:00:00,57575,296.91
2026-10-01 00:00:00,62158,269.91
2026-10-01 00:00:00,57122,566.91
2026-10-01 00:00:00,57577,170.91
2026-10-01 00:00:00,54884,242.91
2026-10-01 00:00:00,54883,188.91
2026-10-01 00:00:00,26524,98.91
2026-10-01 00:00:00,32684,161.91
2026-10-01 00:00:00,60481,179.91
2026-10-01 00:00:00,21965,224.91
2026-10-01 00:00:00,21962,143.91
2026-10-01 00:00:00,21963,107.91
2026-10-01 00:00:00,59493,99.9
2026-10-01 00:00:00,58945,152.91
2026-10-01 00:00:00,63146,161.91
2026-10-01 00:00:00,24397,14.9
2026-10-01 00:00:00,10124,399.9
2026-10-01 00:00:00,24502,19.9
2026-10-01 00:00:00,24503,26.91
2026-10-01 00:00:00,65145,242.91
2026-10-01 00:00:00,57035,314.91
2026-10-01 00:00:00,57036,359.91
2026-10-01 00:00:00,57039,386.91
2026-10-01 00:00:00,51609,80.91
2026-10-01 00:00:00,56712,89.91
2026-10-01 00:00:00,54454,80.91
2026-10-01 00:00:00,9246,341.91
2026-10-01 00:00:00,11775,79.9
2026-10-01 00:00:00,47284,107.91
2026-10-01 00:00:00,43548,134.91
2026-10-01 00:00:00,58314,119.92
2026-10-01 00:00:00,57025,89.91
2026-10-01 00:00:00,60050,134.91
2026-10-01 00:00:00,34127,134.91
2026-10-01 00:00:00,59320,179.9
2026-10-01 00:00:00,65133,206.91
2026-10-01 00:00:00,58995,314.91
2026-10-01 00:00:00,60051,161.91
2026-10-01 00:00:00,52132,22.41
2026-10-01 00:00:00,58996,233.91
2026-10-01 00:00:00,63175,125.91
2026-10-01 00:00:00,63180,287.91
2026-10-01 00:00:00,49547,107.91
2026-10-01 00:00:00,63979,31.96
2026-10-01 00:00:00,17583,269.91
2026-10-01 00:00:00,63981,79.96
2026-10-01 00:00:00,57024,314.91
2026-10-01 00:00:00,30148,339.9
2026-10-01 00:00:00,58867,287.82
2026-10-01 00:00:00,53076,53.91
2026-10-01 00:00:00,59322,69.95
2026-10-01 00:00:00,43381,179.91
2026-10-01 00:00:00,30360,223.92
2026-10-01 00:00:00,57002,71.91
2026-10-01 00:00:00,58258,143.92
2026-10-01 00:00:00,62162,314.91
2026-10-01 00:00:00,62160,118.93
2026-10-01 00:00:00,62131,230.93
2026-10-01 00:00:00,64866,89.91
2026-10-01 00:00:00,64868,161.91
2026-10-01 00:00:00,41966,269.91
2026-10-01 00:00:00,64873,53.91
2026-10-01 00:00:00,64872,80.91
2026-10-01 00:00:00,54449,215.91
2026-10-01 00:00:00,65151,242.91
2026-10-01 00:00:00,57124,62.91
2026-10-01 00:00:00,50164,296.1
2026-10-01 00:00:00,51266,719.1
2026-10-01 00:00:00,45373,233.1
2026-10-01 00:00:00,54194,31.41
2026-10-01 00:00:00,57901,69.9
2026-10-01 00:00:00,57900,69.9
2026-10-01 00:00:00,58121,50.91
2026-10-01 00:00:00,53499,175.92
2026-10-01 00:00:00,60234,186.92
2026-10-01 00:00:00,57815,89.91
2026-10-01 00:00:00,58241,119.92
2026-10-01 00:00:00,65143,242.91
2026-10-01 00:00:00,58940,251.91
2026-10-01 00:00:00,59480,124.95
2026-10-01 00:00:00,59482,124.95
2026-10-01 00:00:00,59481,124.95
2026-10-01 00:00:00,46092,152.91
2026-10-01 00:00:00,57562,206.91
2026-10-01 00:00:00,63545,599.9
2026-10-01 00:00:00,65156,242.91
2026-10-01 00:00:00,37269,59.42
2026-10-01 00:00:00,37283,110.42
2026-10-01 00:00:00,43534,280.41
2026-10-01 00:00:00,37282,110.42
2026-10-01 00:00:00,37279,212.42
2026-10-01 00:00:00,43544,110.42
2026-10-01 00:00:00,43530,118.92
2026-10-01 00:00:00,57975,29.9
2026-10-01 00:00:00,57973,29.9
2026-10-01 00:00:00,38216,494.91
2026-10-01 00:00:00,37322,206.91
2026-10-01 00:00:00,16086,119.92
2026-10-01 00:00:00,38227,269.91
2026-10-01 00:00:00,59062,160.93
2026-10-01 00:00:00,59060,125.93
2026-10-01 00:00:00,59315,49.95
2026-10-01 00:00:00,57889,19.9
2026-10-01 00:00:00,57888,19.9
2026-10-01 00:00:00,53401,14.9
2026-10-01 00:00:00,37311,116.91
2026-10-01 00:00:00,37306,104.93
2026-10-01 00:00:00,57026,179.91
2026-10-01 00:00:00,65105,242.91
2026-10-01 00:00:00,46109,139.9
2026-10-01 00:00:00,36448,314.1
2026-10-01 00:00:00,20091,99.9
2026-10-01 00:00:00,65123,359.91
2026-10-01 00:00:00,65102,242.91
2026-10-01 00:00:00,51938,26.91
2026-10-01 00:00:00,56627,269.1
2026-10-01 00:00:00,59484,64.95
2026-10-01 00:00:00,59483,64.95
2026-10-01 00:00:00,53425,134.91
2026-10-01 00:00:00,63902,149.9
2026-10-01 00:00:00,62139,230.93
2026-10-01 00:00:00,62143,174.93
2026-10-01 00:00:00,58997,296.91
2026-10-01 00:00:00,59489,79.95
2026-10-01 00:00:00,59490,159.9
2026-10-01 00:00:00,58871,119.92
2026-10-01 00:00:00,60167,494.91
2026-10-01 00:00:00,59304,79.9
2026-10-01 00:00:00,39993,494.91
2026-10-01 00:00:00,53418,296.91
2026-10-01 00:00:00,56062,71.91
2026-10-01 00:00:00,62934,94.41
2026-10-01 00:00:00,62935,62.91
2026-10-01 00:00:00,62936,94.41
2026-10-01 00:00:00,56063,44.91
2026-10-01 00:00:00,31460,89.91
2026-10-01 00:00:00,59297,199.9
2026-10-01 00:00:00,37511,161.91
2026-10-01 00:00:00,65132,323.91
2026-10-01 00:00:00,45545,124.95
2026-10-01 00:00:00,45548,124.95
2026-10-01 00:00:00,30319,186.92
2026-10-01 00:00:00,37267,59.42
2026-10-01 00:00:00,30528,59.42
2026-10-01 00:00:00,30527,59.42
2026-10-01 00:00:00,36285,224.91
2026-10-01 00:00:00,54919,314.91
2026-10-01 00:00:00,65100,1034.1
2026-10-01 00:00:00,59499,149.9
2026-10-01 00:00:00,45600,249.9
2026-10-01 00:00:00,35971,314.91
2026-10-01 00:00:00,64842,449.1
2026-10-01 00:00:00,59495,79.9
2026-10-01 00:00:00,57057,143.91
2026-10-01 00:00:00,51688,269.91
2026-10-01 00:00:00,52658,89.91
2026-10-01 00:00:00,54887,89.91
2026-10-01 00:00:00,60412,89.91
2026-10-01 00:00:00,60461,161.91
2026-10-01 00:00:00,52660,161.91
2026-10-01 00:00:00,54911,179.91
2026-10-01 00:00:00,59496,229.9
2026-10-01 00:00:00,57016,224.91
2026-10-01 00:00:00,51698,206.1
2026-10-01 00:00:00,57013,98.91
2026-10-01 00:00:00,59494,59.9
2026-10-01 00:00:00,59497,169.9
2026-10-01 00:00:00,60467,134.91
2026-10-01 00:00:00,52656,134.91
2026-10-01 00:00:00,52659,179.91
2026-10-01 00:00:00,52661,179.91
2026-10-01 00:00:00,52662,206.91
2026-10-01 00:00:00,62136,209.93
2026-10-01 00:00:00,59061,244.93
2026-10-01 00:00:00,60458,386.91
2026-10-01 00:00:00,60411,215.91
2026-10-01 00:00:00,43221,359.91
2026-10-01 00:00:00,59129,449.91
2026-10-01 00:00:00,36274,251.91
2026-10-01 00:00:00,57049,314.91
2026-10-01 00:00:00,57050,215.91
2026-10-01 00:00:00,57048,1061.1
2026-10-01 00:00:00,36365,269.91
2026-10-01 00:00:00,56997,134.91
2026-10-01 00:00:00,40118,239.9
2026-10-01 00:00:00,59327,139.93
2026-10-01 00:00:00,45550,124.95
2026-10-01 00:00:00,11778,199.9
2026-10-01 00:00:00,20933,35.91
2026-10-01 00:00:00,45675,139.9
2026-10-01 00:00:00,50316,53.91
2026-10-01 00:00:00,50314,53.91
2026-10-01 00:00:00,50315,53.91
2026-10-01 00:00:00,53119,167.92
2026-10-01 00:00:00,35825,107.91
2026-10-01 00:00:00,54899,341.91
2026-10-01 00:00:00,54908,341.91
2026-10-01 00:00:00,54904,341.91
2026-10-01 00:00:00,58494,62.91
2026-10-01 00:00:00,58344,119.92
2026-10-01 00:00:00,56996,80.91
2026-10-01 00:00:00,13278,161.91
2026-10-01 00:00:00,57054,251.91
2026-10-01 00:00:00,57052,314.91
2026-10-01 00:00:00,57051,251.91
2026-10-01 00:00:00,57053,494.91
2026-10-01 00:00:00,57055,359.91
2026-10-01 00:00:00,57069,169.9
2026-10-01 00:00:00,11039,139.9
2026-10-01 00:00:00,65144,242.91
2026-10-01 00:00:00,58092,44.91
2026-10-01 00:00:00,59201,134.91
2026-10-01 00:00:00,59198,134.91
2026-10-01 00:00:00,59203,134.91
2026-10-01 00:00:00,63190,107.91
2026-10-01 00:00:00,65067,71.91
2026-10-01 00:00:00,65069,71.91
2026-10-01 00:00:00,65070,71.91
2026-10-01 00:00:00,65061,71.91
2026-10-01 00:00:00,65068,71.91
2026-10-01 00:00:00,65080,71.91
2026-10-01 00:00:00,65071,71.91
2026-10-01 00:00:00,65062,71.91
2026-10-01 00:00:00,65094,71.91
2026-10-01 00:00:00,65065,71.91
2026-10-01 00:00:00,65066,71.91
2026-10-01 00:00:00,65082,71.91
2026-10-01 00:00:00,65081,71.91
2026-10-01 00:00:00,65058,71.91
2026-10-01 00:00:00,65054,134.91
2026-10-01 00:00:00,65055,134.91
2026-10-01 00:00:00,65047,71.91
2026-10-01 00:00:00,65083,71.91
2026-10-01 00:00:00,65052,71.91
2026-10-01 00:00:00,65057,71.91
2026-10-01 00:00:00,65043,134.91
2026-10-01 00:00:00,65040,71.91
2026-10-01 00:00:00,65085,71.91
2026-10-01 00:00:00,65044,71.91
2026-10-01 00:00:00,65041,134.91
2026-10-01 00:00:00,65053,134.91
2026-10-01 00:00:00,65059,71.91
2026-10-01 00:00:00,65086,71.91
2026-10-01 00:00:00,65095,71.91
2026-10-01 00:00:00,65050,134.91
2026-10-01 00:00:00,65045,149.9
2026-10-01 00:00:00,65056,134.91
2026-10-01 00:00:00,65051,134.91
2026-10-01 00:00:00,65048,134.91
2026-10-01 00:00:00,65039,134.91
2026-10-01 00:00:00,65064,134.91
2026-10-01 00:00:00,65088,71.91
2026-10-01 00:00:00,65084,71.91
2026-10-01 00:00:00,65046,134.91
2026-10-01 00:00:00,65049,71.91
2026-10-01 00:00:00,65042,71.91
2026-10-01 00:00:00,65060,71.91
2026-10-01 00:00:00,65087,71.91
2026-10-01 00:00:00,65063,134.91
2026-10-01 00:00:00,65090,71.91
2026-10-01 00:00:00,65077,71.91
2026-10-01 00:00:00,65078,71.91
2026-10-01 00:00:00,65089,71.91
2026-10-01 00:00:00,65079,71.91
2026-10-01 00:00:00,65091,71.91
2026-10-01 00:00:00,65073,71.91
2026-10-01 00:00:00,65072,71.91
2026-10-01 00:00:00,65076,71.91
2026-10-01 00:00:00,65092,71.91
2026-10-01 00:00:00,65074,71.91
2026-10-01 00:00:00,65075,71.91
2026-10-01 00:00:00,65096,71.91
2026-10-01 00:00:00,49782,100.0
2026-10-01 00:00:00,52195,127.92
2026-10-01 00:00:00,16873,539.1
2026-10-01 00:00:00,59478,149.9
2026-10-01 00:00:00,59477,149.9
2026-10-01 00:00:00,58497,386.91
2026-10-01 00:00:00,58496,404.91
2026-10-01 00:00:00,38446,129.9
2026-10-01 00:00:00,51276,107.91
2026-10-01 00:00:00,63036,224.91
2026-10-01 00:00:00,63039,224.91
2026-10-01 00:00:00,63038,152.91
2026-10-01 00:00:00,57153,431.91
2026-10-01 00:00:00,57898,152.91
2026-10-01 00:00:00,57445,341.91
2026-10-01 00:00:00,57802,29.95
2026-10-01 00:00:00,63536,119.9
2026-10-01 00:00:00,54921,49.41
2026-10-01 00:00:00,56602,449.91
2026-10-01 00:00:00,65101,503.91
2026-10-01 00:00:00,59946,404.91
2026-10-01 00:00:00,59535,99.9
2026-10-01 00:00:00,59531,80.91
2026-10-01 00:00:00,63975,279.9
2026-10-01 00:00:00,54623,379.0
2026-10-01 00:00:00,62312,219.9
2026-10-01 00:00:00,51750,179.91
2026-10-01 00:00:00,62057,53.91
2026-10-01 00:00:00,59316,99.95
2026-10-01 00:00:00,57748,53.91
2026-10-01 00:00:00,58172,24.21
2026-10-01 00:00:00,24403,71.91
2026-10-01 00:00:00,24394,59.9
2026-10-01 00:00:00,23133,169.9
2026-10-01 00:00:00,39780,35.91
2026-10-01 00:00:00,39779,35.91
2026-10-01 00:00:00,27069,279.9
2026-10-01 00:00:00,36294,404.91
2026-10-01 00:00:00,43252,107.91
2026-10-01 00:00:00,19130,379.9
2026-10-01 00:00:00,16357,59.9
2026-10-01 00:00:00,43260,89.91
2026-10-01 00:00:00,50635,314.91
2026-10-01 00:00:00,56713,143.91
2026-10-01 00:00:00,54088,284.05
2026-10-01 00:00:00,52767,159.92
2026-10-01 00:00:00,58315,143.92
2026-10-01 00:00:00,58311,111.92
2026-10-01 00:00:00,36219,674.1
2026-10-01 00:00:00,50379,98.91
2026-10-01 00:00:00,51578,386.91
2026-10-01 00:00:00,42409,31.41
2026-10-01 00:00:00,57833,35.1
2026-10-01 00:00:00,24401,8.91
2026-10-01 00:00:00,24392,6.9
2026-10-01 00:00:00,49468,143.91
2026-10-01 00:00:00,33509,404.91
2026-10-01 00:00:00,49731,79.9
2026-10-01 00:00:00,57028,224.91
2026-10-01 00:00:00,31829,296.91
2026-10-01 00:00:00,31821,296.91
2026-10-01 00:00:00,53404,170.91
2026-10-01 00:00:00,50834,133.9
2026-10-01 00:00:00,58329,159.92
2026-10-01 00:00:00,35968,899.1
2026-10-01 00:00:00,62148,215.91
2026-10-01 00:00:00,47282,93.42
2026-10-01 00:00:00,47283,59.42
2026-10-01 00:00:00,15434,159.92
2026-10-01 00:00:00,16850,119.92
2026-10-01 00:00:00,51710,161.91
2026-10-01 00:00:00,45568,64.95
2026-10-01 00:00:00,28526,269.1
2026-10-01 00:00:00,24484,11.61
2026-10-01 00:00:00,24398,9.9
2026-10-01 00:00:00,60482,53.91
2026-10-01 00:00:00,54924,53.91
2026-10-01 00:00:00,54893,44.91
2026-10-01 00:00:00,54894,44.91
2026-10-01 00:00:00,60478,44.91
2026-10-01 00:00:00,38226,44.91
2026-10-01 00:00:00,38221,44.91
2026-10-01 00:00:00,38222,44.91
2026-10-01 00:00:00,38224,44.91
2026-10-01 00:00:00,63973,159.9
2026-10-01 00:00:00,105,135.92
2026-10-01 00:00:00,52740,127.92
2026-10-01 00:00:00,59093,179.91
2026-10-01 00:00:00,59065,107.91
2026-10-01 00:00:00,648,151.92
2026-10-01 00:00:00,59064,143.91
2026-10-01 00:00:00,53429,152.91
2026-10-01 00:00:00,59082,233.91
2026-10-01 00:00:00,11044,319.92
2026-10-01 00:00:00,52431,111.92
2026-10-01 00:00:00,645,127.92
2026-10-01 00:00:00,58357,151.92
2026-10-01 00:00:00,30355,151.92
2026-10-01 00:00:00,14032,71.92
2026-10-01 00:00:00,15253,127.92
2026-10-01 00:00:00,58242,79.92
2026-10-01 00:00:00,13411,111.92
2026-10-01 00:00:00,52737,127.92
2026-10-01 00:00:00,52759,159.92
2026-10-01 00:00:00,52817,239.92
2026-10-01 00:00:00,58313,127.92
2026-10-01 00:00:00,53281,159.92
2026-10-01 00:00:00,52747,151.92
2026-10-01 00:00:00,52420,119.92
2026-10-01 00:00:00,52791,239.92
2026-10-01 00:00:00,58342,239.92
2026-10-01 00:00:00,58324,239.92
2026-10-01 00:00:00,52779,239.92
2026-10-01 00:00:00,59517,139.93
2026-10-01 00:00:00,30356,151.92
2026-10-01 00:00:00,52799,239.92
2026-10-01 00:00:00,62091,107.91
2026-10-01 00:00:00,13396,119.92
2026-10-01 00:00:00,52746,143.92
2026-10-01 00:00:00,53257,151.92
2026-10-01 00:00:00,58352,239.92
2026-10-01 00:00:00,52796,239.92
2026-10-01 00:00:00,52797,239.92
2026-10-01 00:00:00,52809,279.92
2026-10-01 00:00:00,15259,151.92
2026-10-01 00:00:00,58326,159.92
2026-10-01 00:00:00,58253,239.92
2026-10-01 00:00:00,52424,127.92
2026-10-01 00:00:00,58244,143.92
2026-10-01 00:00:00,52920,151.92
2026-10-01 00:00:00,30212,111.92
2026-10-01 00:00:00,58360,143.92
2026-10-01 00:00:00,58340,239.92
2026-10-01 00:00:00,59089,134.91
2026-10-01 00:00:00,15264,151.92
2026-10-01 00:00:00,52810,279.92
2026-10-01 00:00:00,15251,519.92
2026-10-01 00:00:00,13398,127.92
2026-10-01 00:00:00,13274,79.92
2026-10-01 00:00:00,30194,119.92
2026-10-01 00:00:00,58321,239.92
2026-10-01 00:00:00,52813,423.92
2026-10-01 00:00:00,52783,239.92
2026-10-01 00:00:00,52787,239.92
2026-10-01 00:00:00,52800,239.92
2026-10-01 00:00:00,52801,279.92
2026-10-01 00:00:00,58255,239.92
2026-10-01 00:00:00,53494,151.92
2026-10-01 00:00:00,52802,279.92
2026-10-01 00:00:00,13420,79.92
2026-10-01 00:00:00,58331,239.92
2026-10-01 00:00:00,58358,151.92
2026-10-01 00:00:00,52792,239.92
2026-10-01 00:00:00,30219,159.92
2026-10-01 00:00:00,58353,159.92
2026-10-01 00:00:00,30340,143.92
2026-10-01 00:00:00,53638,383.92
2026-10-01 00:00:00,52780,239.92
2026-10-01 00:00:00,25048,143.92
2026-10-01 00:00:00,52782,239.92
2026-10-01 00:00:00,58322,239.92
2026-10-01 00:00:00,13609,143.92
2026-10-01 00:00:00,30199,79.92
2026-10-01 00:00:00,58312,143.92
2026-10-01 00:00:00,58354,127.92
2026-10-01 00:00:00,58336,239.92
2026-10-01 00:00:00,52794,239.92
2026-10-01 00:00:00,21222,127.92
2026-10-01 00:00:00,52770,159.92
2026-10-01 00:00:00,53497,423.92
2026-10-01 00:00:00,15260,151.92
2026-10-01 00:00:00,30338,151.92
2026-10-01 00:00:00,58320,239.92
2026-10-01 00:00:00,58323,239.92
2026-10-01 00:00:00,52749,151.92
2026-10-01 00:00:00,58317,159.92
2026-10-01 00:00:00,16004,151.92
2026-10-01 00:00:00,30200,119.92
2026-10-01 00:00:00,58243,111.92
2026-10-01 00:00:00,58252,159.92
2026-10-01 00:00:00,30218,559.92
2026-10-01 00:00:00,15262,151.92
2026-10-01 00:00:00,52739,127.92
2026-10-01 00:00:00,52803,279.92
2026-10-01 00:00:00,58325,239.92
2026-10-01 00:00:00,30224,111.92
2026-10-01 00:00:00,15261,151.92
2026-10-01 00:00:00,58359,79.92
2026-10-01 00:00:00,62137,174.93
2026-10-01 00:00:00,54469,224.91
2026-10-01 00:00:00,58493,80.91
2026-10-01 00:00:00,58492,143.91
2026-10-01 00:00:00,57814,26.91
2026-10-01 00:00:00,57807,19.9
2026-10-01 00:00:00,57810,26.91
2026-10-01 00:00:00,57991,439.92
2026-10-01 00:00:00,33849,119.92
2026-10-01 00:00:00,36629,152.91
2026-10-01 00:00:00,52668,179.91
2026-10-01 00:00:00,57564,89.91
2026-10-01 00:00:00,52671,62.91
2026-10-01 00:00:00,52664,62.91
2026-10-01 00:00:00,53378,53.91
2026-10-01 00:00:00,53382,53.91
2026-10-01 00:00:00,53377,53.91
2026-10-01 00:00:00,45614,44.91
2026-10-01 00:00:00,52666,71.91
2026-10-01 00:00:00,53381,71.91
2026-10-01 00:00:00,59502,19.9
2026-10-01 00:00:00,54890,170.91
2026-10-01 00:00:00,62937,62.91
2026-10-01 00:00:00,53417,107.91
2026-10-01 00:00:00,65038,339.9
2026-10-01 00:00:00,45611,44.91
2026-10-01 00:00:00,59301,69.9
2026-10-01 00:00:00,59312,44.95
2026-10-01 00:00:00,62938,98.91
2026-10-01 00:00:00,43550,206.91
2026-10-01 00:00:00,28297,79.9
2026-10-01 00:00:00,28298,79.9
2026-10-01 00:00:00,60053,71.91
2026-10-01 00:00:00,60055,62.91
2026-10-01 00:00:00,60049,71.91
2026-10-01 00:00:00,59290,129.9
2026-10-01 00:00:00,45582,74.95
2026-10-01 00:00:00,65121,386.91
2026-10-01 00:00:00,60477,143.91
2026-10-01 00:00:00,60474,296.91
2026-10-01 00:00:00,45598,199.9
2026-10-01 00:00:00,45601,139.9
2026-10-01 00:00:00,58925,53.91
2026-10-01 00:00:00,58926,35.94
2026-10-01 00:00:00,59317,99.95
2026-10-01 00:00:00,59514,149.9
2026-10-01 00:00:00,53420,296.91
2026-10-01 00:00:00,60415,107.91
2026-10-01 00:00:00,52669,134.91
2026-10-01 00:00:00,45663,89.91
2026-10-01 00:00:00,49530,44.91
2026-10-01 00:00:00,46277,44.91
2026-10-01 00:00:00,49529,44.91
2026-10-01 00:00:00,62939,35.91
2026-10-01 00:00:00,59498,99.9
2026-10-01 00:00:00,65162,197.91
2026-10-01 00:00:00,43967,209.9
2026-10-01 00:00:00,45539,79.9
2026-10-01 00:00:00,45537,79.9
2026-10-01 00:00:00,49192,209.93
2026-10-01 00:00:00,57037,359.91
2026-10-01 00:00:00,57038,386.91
2026-10-01 00:00:00,49807,323.91
2026-10-01 00:00:00,36383,269.91
2026-10-01 00:00:00,57041,359.91
2026-10-01 00:00:00,9219,101.7
2026-10-01 00:00:00,50353,260.1
2026-10-01 00:00:00,58004,90.0
2026-10-01 00:00:00,14194,494.91
2026-10-01 00:00:00,65137,197.91
2026-10-01 00:00:00,59488,114.95
2026-10-01 00:00:00,30390,629.91
2026-10-01 00:00:00,42051,359.91
2026-10-01 00:00:00,33929,263.92
2026-10-01 00:00:00,53631,19.71
2026-10-01 00:00:00,53232,152.91
2026-10-01 00:00:00,25062,89.91
2026-10-01 00:00:00,27029,260.91
2026-10-01 00:00:00,32678,107.91
2026-10-01 00:00:00,60470,215.91
2026-10-01 00:00:00,51366,188.91
2026-10-01 00:00:00,59487,49.95
2026-10-01 00:00:00,58033,87.3
2026-10-01 00:00:00,8837,98.91
2026-10-01 00:00:00,8839,116.91
2026-10-01 00:00:00,8917,116.91
2026-10-01 00:00:00,8866,116.91
2026-10-01 00:00:00,8827,116.91
2026-10-01 00:00:00,50349,44.91
2026-10-01 00:00:00,65108,251.91
2026-10-01 00:00:00,56088,116.91
2026-10-01 00:00:00,54903,269.91
2026-10-01 00:00:00,54907,215.91
2026-10-01 00:00:00,54885,80.91
2026-10-01 00:00:00,60479,107.91
2026-10-01 00:00:00,54900,161.91
2026-10-01 00:00:00,54901,269.91
2026-10-01 00:00:00,53237,179.91
2026-10-01 00:00:00,53236,179.91
2026-10-01 00:00:00,53235,179.91
2026-10-01 00:00:00,65196,2249.1
2026-10-01 00:00:00,56190,251.91
2026-10-01 00:00:00,45543,107.91
2026-10-01 00:00:00,40370,152.91
2026-10-01 00:00:00,15162,149.9
2026-10-01 00:00:00,59510,99.9
2026-10-01 00:00:00,37323,296.91
2026-10-01 00:00:00,34118,44.91
2026-10-01 00:00:00,45698,118.93
2026-10-01 00:00:00,56610,359.1
2026-10-01 00:00:00,58339,119.92
2026-10-01 00:00:00,54882,44.91
2026-10-01 00:00:00,49188,629.91
2026-10-01 00:00:00,65097,71.91
2026-10-01 00:00:00,65135,80.91
2026-10-01 00:00:00,65134,62.91
2026-10-01 00:00:00,65136,251.91
2026-10-01 00:00:00,59536,89.91
2026-10-01 00:00:00,62931,71.91
2026-10-01 00:00:00,62940,80.91
2026-10-01 00:00:00,62941,89.91
2026-10-01 00:00:00,32210,116.91
2026-10-01 00:00:00,38214,224.91
2026-10-01 00:00:00,53421,80.91
2026-10-01 00:00:00,65130,260.91
2026-10-01 00:00:00,65131,224.91
2026-10-01 00:00:00,53389,119.92
2026-10-01 00:00:00,58351,199.9
2026-10-01 00:00:00,33880,151.92
2026-10-01 00:00:00,65103,242.91
2026-10-01 00:00:00,45562,74.95
2026-10-01 00:00:00,51685,44.91
2026-10-01 00:00:00,51357,467.91
2026-10-01 00:00:00,51787,269.91
2026-10-01 00:00:00,50389,249.9
2026-10-01 00:00:00,50377,62.91
2026-10-01 00:00:00,58498,199.9
2026-10-01 00:00:00,55727,319.9
2026-10-01 00:00:00,53311,249.9
2026-10-01 00:00:00,50385,1499.0
2026-10-01 00:00:00,50378,129.0
2026-10-01 00:00:00,50391,249.9
2026-10-01 00:00:00,50382,999.0
2026-10-01 00:00:00,50192,494.91
2026-10-01 00:00:00,58257,159.92
2026-10-01 00:00:00,50180,206.91
2026-10-01 00:00:00,50384,224.91
2026-10-01 00:00:00,50383,224.91
2026-10-01 00:00:00,49781,129.0
2026-10-01 00:00:00,55717,179.9
2026-10-01 00:00:00,50388,449.91
2026-10-01 00:00:00,50386,499.9
2026-10-01 00:00:00,50387,449.91
2026-10-01 00:00:00,60054,125.91
2026-10-01 00:00:00,53571,19.9
2026-10-01 00:00:00,32457,7.95
2026-10-01 00:00:00,41699,8.01
2026-10-01 00:00:00,52695,44.91
2026-10-01 00:00:00,52349,51.21
2026-10-01 00:00:00,52350,51.21
2026-10-01 00:00:00,53010,40.41
2026-10-01 00:00:00,59748,1424.05
2026-10-01 00:00:00,61941,2299.0
2026-10-01 00:00:00,62449,31.41
2026-10-01 00:00:00,59811,499.9
2026-10-01 00:00:00,38142,539.91
2026-10-01 00:00:00,46040,611.91
2026-10-01 00:00:00,46069,629.91
2026-10-01 00:00:00,46370,1274.15
2026-10-01 00:00:00,46367,552.41
2026-10-01 00:00:00,46368,671.41
2026-10-01 00:00:00,46372,892.42
2026-10-01 00:00:00,59753,1749.0
2026-10-01 00:00:00,40777,41.97
2026-10-01 00:00:00,52344,71.91
2026-10-01 00:00:00,52341,71.91
2026-10-01 00:00:00,64885,1999.0
2026-10-01 00:00:00,64602,2499.0
2026-10-01 00:00:00,64850,6999.0
2026-10-01 00:00:00,64469,22499.0
2026-10-01 00:00:00,64599,3499.0
2026-10-01 00:00:00,64605,5497.0
2026-10-01 00:00:00,16049,36.9
2026-10-01 00:00:00,16048,33.9
2026-10-01 00:00:00,39575,71.91
2026-10-01 00:00:00,39627,71.91
2026-10-01 00:00:00,46072,119.95
2026-10-01 00:00:00,56760,149.9
2026-10-01 00:00:00,13737,149.9
2026-10-01 00:00:00,15381,89.95
2026-10-01 00:00:00,15375,89.95
2026-10-01 00:00:00,15378,179.9
2026-10-01 00:00:00,56758,289.9
2026-10-01 00:00:00,13740,289.9
2026-10-01 00:00:00,15376,289.9
2026-10-01 00:00:00,59749,899.9
2026-10-01 00:00:00,46674,279.9
2026-10-01 00:00:00,60157,951.15
2026-10-01 00:00:00,44756,1079.1
2026-10-01 00:00:00,60158,719.91
2026-10-01 00:00:00,45085,152.91
2026-10-01 00:00:00,1073,129.9
2026-10-01 00:00:00,29850,1249.0
2026-10-01 00:00:00,51138,30.51
2026-10-01 00:00:00,16057,89.9
2026-10-01 00:00:00,16056,74.9
2026-10-01 00:00:00,16058,74.9
2026-10-01 00:00:00,16064,34.9
2026-10-01 00:00:00,16063,149.9
2026-10-01 00:00:00,16065,49.9
2026-10-01 00:00:00,15999,49.9
2026-10-01 00:00:00,26337,49.9
2026-10-01 00:00:00,10855,69.9
2026-10-01 00:00:00,26338,69.9
2026-10-01 00:00:00,10856,89.9
2026-10-01 00:00:00,10857,139.9
2026-10-01 00:00:00,16000,29.9
2026-10-01 00:00:00,26336,29.9
2026-10-01 00:00:00,10858,60.9
2026-10-01 00:00:00,35643,494.95
2026-10-01 00:00:00,52338,71.91
2026-10-01 00:00:00,61997,2249.1
2026-10-01 00:00:00,44953,3499.0
2026-10-01 00:00:00,64604,3999.0
2026-10-01 00:00:00,64601,8497.0
2026-10-01 00:00:00,64598,5497.0
2026-10-01 00:00:00,64603,7497.0
2026-10-01 00:00:00,64851,8997.0
2026-10-01 00:00:00,64473,17999.0
2026-10-01 00:00:00,64472,17999.0
2026-10-01 00:00:00,64546,2997.0
2026-10-01 00:00:00,64543,2997.0
2026-10-01 00:00:00,52307,42.21
2026-10-01 00:00:00,29459,89.91
2026-10-01 00:00:00,29461,99.9
2026-10-01 00:00:00,56759,219.9
2026-10-01 00:00:00,64600,18997.0
2026-10-01 00:00:00,64471,22499.0
2026-10-01 00:00:00,58727,187.43
2026-10-01 00:00:00,46140,58.41
2026-10-01 00:00:00,46139,53.91
2026-10-01 00:00:00,46043,125.91
2026-10-01 00:00:00,46083,107.91
2026-10-01 00:00:00,46121,116.91
2026-10-01 00:00:00,64608,449.9
2026-10-01 00:00:00,58202,233.91
2026-10-01 00:00:00,58201,233.91
2026-10-01 00:00:00,64688,6499.0
2026-10-01 00:00:00,63769,1879.0
2026-10-01 00:00:00,44956,729.9
2026-10-01 00:00:00,47675,729.9
2026-10-01 00:00:00,44963,729.9
2026-10-01 00:00:00,44958,729.9
2026-10-01 00:00:00,59730,479.9
2026-10-01 00:00:00,59734,999.9
2026-10-01 00:00:00,59744,1749.0
2026-10-01 00:00:00,59738,799.9
2026-10-01 00:00:00,59587,549.9
2026-10-01 00:00:00,64684,3499.0
2026-10-01 00:00:00,64682,5997.0
2026-10-01 00:00:00,64691,12749.0
2026-10-01 00:00:00,45630,526.91
2026-10-01 00:00:00,45631,526.91
2026-10-01 00:00:00,60496,332.4
2026-10-01 00:00:00,60502,332.4
2026-10-01 00:00:00,47899,382.41
2026-10-01 00:00:00,40006,474.9
2026-10-01 00:00:00,60164,7999.0
2026-10-01 00:00:00,58200,386.91
2026-10-01 00:00:00,59812,597.9
2026-10-01 00:00:00,59814,1149.0
2026-10-01 00:00:00,57663,177.0
2026-10-01 00:00:00,40789,549.0
2026-10-01 00:00:00,57665,317.0
2026-10-01 00:00:00,16062,29.9
2026-10-01 00:00:00,16059,14.9
2026-10-01 00:00:00,16060,24.9
2026-10-01 00:00:00,16061,19.9
2026-10-01 00:00:00,2631,1199.0
2026-10-01 00:00:00,29451,899.9
2026-10-01 00:00:00,29454,1119.0
2026-10-01 00:00:00,13331,738.0
2026-10-01 00:00:00,63249,20.34
2026-10-01 00:00:00,63247,29.07
2026-10-01 00:00:00,11924,799.9
2026-10-01 00:00:00,45068,89.91
2026-10-01 00:00:00,19784,119.9
2026-10-01 00:00:00,19785,119.9
2026-10-01 00:00:00,19786,119.9
2026-10-01 00:00:00,19782,59.97
2026-10-01 00:00:00,3598,89.9
2026-10-01 00:00:00,3599,89.9
2026-10-01 00:00:00,46039,26.91
2026-10-01 00:00:00,64692,3799.0
2026-10-01 00:00:00,916,699.9
2026-10-01 00:00:00,13318,125.91
2026-10-01 00:00:00,13317,125.91
2026-10-01 00:00:00,13315,197.91
2026-10-01 00:00:00,13312,152.91
2026-10-01 00:00:00,13320,251.91
2026-10-01 00:00:00,13330,107.91
2026-10-01 00:00:00,13333,179.1
2026-10-01 00:00:00,48427,1804.05
2026-10-01 00:00:00,44920,1234.05
2026-10-01 00:00:00,39986,1234.05
2026-10-01 00:00:00,59757,699.9
2026-10-01 00:00:00,59751,599.9
2026-10-01 00:00:00,59733,797.9
2026-10-01 00:00:00,59756,799.9
2026-10-01 00:00:00,60501,979.9
2026-10-01 00:00:00,64112,949.9
2026-10-01 00:00:00,59755,799.9
2026-10-01 00:00:00,63154,215.91
2026-10-01 00:00:00,63153,179.91
2026-10-01 00:00:00,63258,29.9
2026-10-01 00:00:00,63259,39.9
2026-10-01 00:00:00,16268,103.41
2026-10-01 00:00:00,15540,99.9
2026-10-01 00:00:00,4225,164.9
2026-10-01 00:00:00,4218,164.9
2026-10-01 00:00:00,4222,94.9
2026-10-01 00:00:00,4220,114.9
2026-10-01 00:00:00,4221,149.9
2026-10-01 00:00:00,4215,104.9
2026-10-01 00:00:00,4217,129.9
2026-10-01 00:00:00,4226,94.9
2026-10-01 00:00:00,4219,114.9
2026-10-01 00:00:00,4229,149.9
2026-10-01 00:00:00,4213,104.9
2026-10-01 00:00:00,4234,129.9
2026-10-01 00:00:00,4263,104.9
2026-10-01 00:00:00,4264,129.9
2026-10-01 00:00:00,4265,139.9
2026-10-01 00:00:00,11168,139.9
2026-10-01 00:00:00,29456,99.9
2026-10-01 00:00:00,11484,129.9
2026-10-01 00:00:00,15380,89.9
2026-10-01 00:00:00,4242,79.9
2026-10-01 00:00:00,4239,64.9
2026-10-01 00:00:00,4223,32.45
2026-10-01 00:00:00,4248,69.95
2026-10-01 00:00:00,4243,139.9
2026-10-01 00:00:00,4235,39.95
2026-10-01 00:00:00,4251,39.95
2026-10-01 00:00:00,4247,149.9
2026-10-01 00:00:00,4268,169.9
2026-10-01 00:00:00,4224,89.9
2026-10-01 00:00:00,4237,89.9
2026-10-01 00:00:00,4272,159.9
2026-10-01 00:00:00,13732,149.9
2026-10-01 00:00:00,13735,149.9
2026-10-01 00:00:00,13736,159.9
2026-10-01 00:00:00,13730,159.9
2026-10-01 00:00:00,13731,119.9
2026-10-01 00:00:00,13728,119.9
2026-10-01 00:00:00,13729,149.9
2026-10-01 00:00:00,56644,99.9
2026-10-01 00:00:00,33594,99.9
2026-10-01 00:00:00,33600,99.9
2026-10-01 00:00:00,33602,99.9
2026-10-01 00:00:00,33606,99.9
2026-10-01 00:00:00,33598,99.9
2026-10-01 00:00:00,33604,99.9
2026-10-01 00:00:00,33595,119.9
2026-10-01 00:00:00,33601,119.9
2026-10-01 00:00:00,33603,119.9
2026-10-01 00:00:00,33607,119.9
2026-10-01 00:00:00,33605,119.9
2026-10-01 00:00:00,56762,69.9
2026-10-01 00:00:00,56761,89.9
2026-10-01 00:00:00,4257,89.9
2026-10-01 00:00:00,4256,119.9
2026-10-01 00:00:00,4249,159.9
2026-10-01 00:00:00,33475,169.9
2026-10-01 00:00:00,25956,169.9
2026-10-01 00:00:00,25957,199.9
2026-10-01 00:00:00,25959,199.9
2026-10-01 00:00:00,1072,399.9
2026-10-01 00:00:00,11163,399.9
2026-10-01 00:00:00,11173,399.9
2026-10-01 00:00:00,11171,399.9
2026-10-01 00:00:00,199,449.9
2026-10-01 00:00:00,1074,449.9
2026-10-01 00:00:00,4228,329.9
2026-10-01 00:00:00,11178,164.95
2026-10-01 00:00:00,11169,329.9
2026-10-01 00:00:00,11177,329.9
2026-10-01 00:00:00,4230,399.9
2026-10-01 00:00:00,4254,199.95
2026-10-01 00:00:00,4258,449.9
2026-10-01 00:00:00,4250,199.95
2026-10-01 00:00:00,4262,124.9
2026-10-01 00:00:00,4261,124.9
2026-10-01 00:00:00,4270,149.9
2026-10-01 00:00:00,4267,169.9
2026-10-01 00:00:00,25955,109.9
2026-10-01 00:00:00,4244,149.9
2026-10-01 00:00:00,4255,224.95
2026-10-01 00:00:00,13743,179.95
2026-10-01 00:00:00,33474,199.9
2026-10-01 00:00:00,25958,199.9
2026-10-01 00:00:00,16492,249.9
2026-10-01 00:00:00,16493,249.9
2026-10-01 00:00:00,25387,849.9
2026-10-01 00:00:00,64607,949.9
2026-10-01 00:00:00,62888,1329.0
2026-10-01 00:00:00,59583,749.9
2026-10-01 00:00:00,16267,69.9
2026-10-01 00:00:00,44933,119.9
2026-10-01 00:00:00,44934,119.9
2026-10-01 00:00:00,44935,119.9
2026-10-01 00:00:00,53009,40.41
2026-10-01 00:00:00,46128,899.9
2026-10-01 00:00:00,46122,899.9
2026-10-01 00:00:00,46113,899.9
2026-10-01 00:00:00,46037,899.9
2026-10-01 00:00:00,46036,899.9
2026-10-01 00:00:00,46038,899.9
2026-10-01 00:00:00,32461,12.45
2026-10-01 00:00:00,64487,2999.0
2026-10-01 00:00:00,64481,1999.0
2026-10-01 00:00:00,64488,3499.0
2026-10-01 00:00:00,64479,1997.0
2026-10-01 00:00:00,64485,1799.0
2026-10-01 00:00:00,61710,999.9
2026-10-01 00:00:00,62000,599.9
2026-10-01 00:00:00,62002,649.0
2026-10-01 00:00:00,64482,1049.0
2026-10-01 00:00:00,64484,890.91
2026-10-01 00:00:00,64486,1049.0
2026-10-01 00:00:00,61995,599.9
2026-10-01 00:00:00,59581,479.9
2026-10-01 00:00:00,62019,2199.0
2026-10-01 00:00:00,63768,1499.0
2026-10-01 00:00:00,62017,2199.0
2026-10-01 00:00:00,62018,2199.0
2026-10-01 00:00:00,64480,749.9
2026-10-01 00:00:00,64694,1127.0
2026-10-01 00:00:00,64545,399.9
2026-10-01 00:00:00,64544,399.9
2026-10-01 00:00:00,40091,499.9
2026-10-01 00:00:00,65292,4229.1
2026-10-01 00:00:00,65290,4229.1
2026-10-01 00:00:00,65291,4229.1
2026-10-01 00:00:00,65293,4229.1
2026-10-01 00:00:00,65282,1709.1
2026-10-01 00:00:00,65286,1709.1
2026-10-01 00:00:00,25415,1619.1
2026-10-01 00:00:00,64470,1497.0
2026-10-01 00:00:00,61707,499.9
2026-10-01 00:00:00,60994,319.9
2026-10-01 00:00:00,65289,2699.1
2026-10-01 00:00:00,65295,2699.1
2026-10-01 00:00:00,65294,2699.1
2026-10-01 00:00:00,65287,2699.1
2026-10-01 00:00:00,48549,219.9
2026-10-01 00:00:00,65285,3149.1
2026-10-01 00:00:00,65284,3149.1
2026-10-01 00:00:00,65283,3149.1
2026-10-01 00:00:00,65288,3149.1
2026-10-01 00:00:00,61996,349.0
2026-10-01 00:00:00,61998,599.0
2026-10-01 00:00:00,61999,699.0
2026-10-01 00:00:00,62001,699.0
2026-10-01 00:00:00,62003,749.0
2026-10-01 00:00:00,59813,449.9
2026-10-01 00:00:00,40792,199.0
2026-10-01 00:00:00,64696,1497.0
2026-10-01 00:00:00,64693,1499.0
2026-10-01 00:00:00,64695,1127.0
2026-10-01 00:00:00,12842,599.9
2026-10-01 00:00:00,59586,249.9
2026-10-01 00:00:00,19012,116.91
2026-10-01 00:00:00,61907,1899.0
2026-10-01 00:00:00,61908,1899.0
2026-10-01 00:00:00,61909,1899.0
2026-10-01 00:00:00,64999,1799.0
2026-10-01 00:00:00,64996,1799.0
2026-10-01 00:00:00,64997,1799.0
2026-10-01 00:00:00,60303,5939.1
2026-10-01 00:00:00,64994,2497.0
2026-10-01 00:00:00,64993,2497.0
2026-10-01 00:00:00,64995,2497.0
2026-10-01 00:00:00,60301,4499.0
2026-10-01 00:00:00,36169,25499.0
2026-10-01 00:00:00,45338,1439.1
2026-10-01 00:00:00,45339,1349.1
2026-10-01 00:00:00,45340,1349.1
2026-10-01 00:00:00,45341,1349.1
2026-10-01 00:00:00,16041,13.9
2026-10-01 00:00:00,16042,15.9
2026-10-01 00:00:00,26328,15.9
2026-10-01 00:00:00,16043,18.9
2026-10-01 00:00:00,26329,18.9
2026-10-01 00:00:00,16044,21.9
2026-10-01 00:00:00,16045,24.9
2026-10-01 00:00:00,26331,24.9
2026-10-01 00:00:00,16046,29.9
2026-10-01 00:00:00,26332,27.9
2026-10-01 00:00:00,16047,49.9
2026-10-01 00:00:00,10849,69.9
2026-10-01 00:00:00,16051,24.9
2026-10-01 00:00:00,16052,29.9
2026-10-01 00:00:00,16053,34.9
2026-10-01 00:00:00,26333,34.9
2026-10-01 00:00:00,16054,39.9
2026-10-01 00:00:00,16055,44.9
2026-10-01 00:00:00,26334,44.9
2026-10-01 00:00:00,10850,54.9
2026-10-01 00:00:00,4298,24.9
2026-10-01 00:00:00,4297,29.9
2026-10-01 00:00:00,4299,39.9
2026-10-01 00:00:00,4296,44.9
2026-10-01 00:00:00,4289,24.9
2026-10-01 00:00:00,4280,59.9
2026-10-01 00:00:00,4286,29.95
2026-10-01 00:00:00,4302,49.9
2026-10-01 00:00:00,4300,34.9
2026-10-01 00:00:00,22546,17.45
2026-10-01 00:00:00,16489,34.9
2026-10-01 00:00:00,16491,34.9
2026-10-01 00:00:00,16669,16.03
2026-10-01 00:00:00,16670,4.83
2026-10-01 00:00:00,41696,29.9
2026-10-01 00:00:00,16672,16.03
2026-10-01 00:00:00,11483,169.9
2026-10-01 00:00:00,4283,14.9
2026-10-01 00:00:00,4281,19.9
2026-10-01 00:00:00,4279,24.9
2026-10-01 00:00:00,4275,39.9
2026-10-01 00:00:00,4277,27.45
2026-10-01 00:00:00,4287,14.9
2026-10-01 00:00:00,4276,19.9
2026-10-01 00:00:00,4290,24.9
2026-10-01 00:00:00,4274,27.45
2026-10-01 00:00:00,4294,64.9
2026-10-01 00:00:00,11482,29.9
2026-10-01 00:00:00,4285,39.9
2026-10-01 00:00:00,4303,49.9
2026-10-01 00:00:00,4292,34.9
2026-10-01 00:00:00,10852,99.9
2026-10-01 00:00:00,10853,129.9
2026-10-01 00:00:00,10854,149.9
2026-10-01 00:00:00,46044,10.75
2026-10-01 00:00:00,48494,18.81
2026-10-01 00:00:00,15369,49.9
2026-10-01 00:00:00,15370,49.9
2026-10-01 00:00:00,16066,149.9
2026-10-01 00:00:00,41697,62.91
2026-10-01 00:00:00,896,1299.0
2026-10-01 00:00:00,16001,299.9
2026-10-01 00:00:00,40793,129.9
2026-10-01 00:00:00,61720,399.9
2026-10-01 00:00:00,60159,1189.15
2026-10-01 00:00:00,63253,29.25
2026-10-01 00:00:00,16067,72.9
2026-10-01 00:00:00,16050,42.9
2026-10-01 00:00:00,59167,382.41
2026-10-01 00:00:00,63677,322.91
2026-10-01 00:00:00,47898,382.41
2026-10-01 00:00:00,47890,382.41
2026-10-01 00:00:00,39987,2359.05
2026-10-01 00:00:00,2636,404.91
2026-10-01 00:00:00,2635,199.9
2026-10-01 00:00:00,48561,8499.0
2026-10-01 00:00:00,48568,12999.0
2026-10-01 00:00:00,48504,699.9
2026-10-01 00:00:00,48635,872.91
2026-10-01 00:00:00,48563,2399.0
2026-10-01 00:00:00,48569,1499.0
2026-10-01 00:00:00,48559,2599.0
2026-10-01 00:00:00,44869,0.0
2026-10-01 00:00:00,26419,23.31
2026-10-01 00:00:00,26379,24.9
2026-10-01 00:00:00,55585,59.97
2026-10-01 00:00:00,26373,40.41
2026-10-01 00:00:00,26370,22.41
2026-10-01 00:00:00,26380,21.51
2026-10-01 00:00:00,26355,21.9
2026-10-01 00:00:00,26389,15.95
2026-10-01 00:00:00,25364,29.0
2026-10-01 00:00:00,25365,29.0
2026-10-01 00:00:00,57854,13.41
2026-10-01 00:00:00,53684,11.61
2026-10-01 00:00:00,32918,49.9
2026-10-01 00:00:00,16661,13.41
2026-10-01 00:00:00,16659,20.34
2026-10-01 00:00:00,16660,20.34
2026-10-01 00:00:00,25346,104.7
2026-10-01 00:00:00,28729,107.97
2026-10-01 00:00:00,51383,70.2
2026-10-01 00:00:00,25350,53.1
2026-10-01 00:00:00,55309,31.5
2026-10-01 00:00:00,44725,35.91
2026-10-01 00:00:00,22282,16.11
2026-10-01 00:00:00,55311,12.42
2026-10-01 00:00:00,26412,13.41
2026-10-01 00:00:00,24571,1.65
2026-10-01 00:00:00,57858,211.41
2026-10-01 00:00:00,25362,8.97
2026-10-01 00:00:00,25363,8.7
2026-10-01 00:00:00,59054,53.91
2026-10-01 00:00:00,56821,44.91
2026-10-01 00:00:00,53133,80.0
2026-10-01 00:00:00,9831,54.5
2026-10-01 00:00:00,57853,62.91
2026-10-01 00:00:00,31802,512.91
2026-10-01 00:00:00,60264,53.91
2026-10-01 00:00:00,64111,125.91
2026-10-01 00:00:00,59211,209.94
2026-10-01 00:00:00,65013,224.97
2026-10-01 00:00:00,55304,14.97
2026-10-01 00:00:00,62188,2.9
2026-10-01 00:00:00,63237,13.41
2026-10-01 00:00:00,51909,22.41
2026-10-01 00:00:00,51908,14.31
2026-10-01 00:00:00,51785,17.01
2026-10-01 00:00:00,45042,17.91
2026-10-01 00:00:00,55589,44.91
2026-10-01 00:00:00,45047,80.91
2026-10-01 00:00:00,51902,13.41
2026-10-01 00:00:00,51903,13.41
2026-10-01 00:00:00,53670,50.0
2026-10-01 00:00:00,35195,62.91
2026-10-01 00:00:00,56815,29.61
2026-10-01 00:00:00,56817,29.61
2026-10-01 00:00:00,58017,49.41
2026-10-01 00:00:00,56814,20.61
2026-10-01 00:00:00,58018,35.91
2026-10-01 00:00:00,58015,40.41
2026-10-01 00:00:00,26724,11.61
2026-10-01 00:00:00,15965,80.7
2026-10-01 00:00:00,15714,59.97
2026-10-01 00:00:00,15713,199.9
2026-10-01 00:00:00,26322,269.91
2026-10-01 00:00:00,59232,299.94
2026-10-01 00:00:00,52910,161.7
2026-10-01 00:00:00,51216,68.97
2026-10-01 00:00:00,51759,41.97
2026-10-01 00:00:00,52278,249.9
2026-10-01 00:00:00,52279,101.97
2026-10-01 00:00:00,52277,314.91
2026-10-01 00:00:00,59217,206.97
2026-10-01 00:00:00,59216,68.97
2026-10-01 00:00:00,59214,494.91
2026-10-01 00:00:00,59215,449.9
2026-10-01 00:00:00,59212,389.9
2026-10-01 00:00:00,59223,659.4
2026-10-01 00:00:00,59210,399.9
2026-10-01 00:00:00,59209,158.97
2026-10-01 00:00:00,35284,629.91
2026-10-01 00:00:00,38798,323.91
2026-10-01 00:00:00,38797,107.97
2026-10-01 00:00:00,31739,164.97
2026-10-01 00:00:00,18516,164.97
2026-10-01 00:00:00,28596,98.97
2026-10-01 00:00:00,22261,179.97
2026-10-01 00:00:00,59235,1034.1
2026-10-01 00:00:00,59241,1160.1
2026-10-01 00:00:00,59239,1259.1
2026-10-01 00:00:00,33019,314.91
2026-10-01 00:00:00,36010,239.97
2026-10-01 00:00:00,36012,599.7
2026-10-01 00:00:00,34088,674.91
2026-10-01 00:00:00,34089,674.91
2026-10-01 00:00:00,34087,119.97
2026-10-01 00:00:00,60255,251.91
2026-10-01 00:00:00,60276,80.91
2026-10-01 00:00:00,59254,359.91
2026-10-01 00:00:00,59251,251.91
2026-10-01 00:00:00,59252,359.91
2026-10-01 00:00:00,59260,314.91
2026-10-01 00:00:00,59243,296.91
2026-10-01 00:00:00,45343,161.91
2026-10-01 00:00:00,22260,359.9
2026-10-01 00:00:00,28728,149.97
2026-10-01 00:00:00,59271,50.97
2026-10-01 00:00:00,59274,89.95
2026-10-01 00:00:00,33012,239.94
2026-10-01 00:00:00,64110,299.97
2026-10-01 00:00:00,59277,287.91
2026-10-01 00:00:00,33013,119.97
2026-10-01 00:00:00,25369,699.9
2026-10-01 00:00:00,25370,269.97
2026-10-01 00:00:00,35420,399.9
2026-10-01 00:00:00,25550,139.9
2026-10-01 00:00:00,25549,89.91
2026-10-01 00:00:00,25551,119.9
2026-10-01 00:00:00,10846,53.7
2026-10-01 00:00:00,15725,59.42
2026-10-01 00:00:00,15723,20.97
2026-10-01 00:00:00,15718,99.9
2026-10-01 00:00:00,15685,26.7
2026-10-01 00:00:00,15684,26.7
2026-10-01 00:00:00,15720,14.97
2026-10-01 00:00:00,15688,53.7
2026-10-01 00:00:00,15682,47.7
2026-10-01 00:00:00,15734,20.97
2026-10-01 00:00:00,15728,62.1
2026-10-01 00:00:00,15727,62.91
2026-10-01 00:00:00,15687,26.7
2026-10-01 00:00:00,15686,26.7
2026-10-01 00:00:00,15683,47.7
2026-10-01 00:00:00,18535,128.97
2026-10-01 00:00:00,15528,182.7
2026-10-01 00:00:00,25335,174.95
2026-10-01 00:00:00,38677,125.91
2026-10-01 00:00:00,26349,19.9
2026-10-01 00:00:00,31182,83.7
2026-10-01 00:00:00,38254,14.97
2026-10-01 00:00:00,38257,29.97
2026-10-01 00:00:00,25380,20.97
2026-10-01 00:00:00,25385,23.31
2026-10-01 00:00:00,42863,17.97
2026-10-01 00:00:00,52561,18.81
2026-10-01 00:00:00,61736,44.91
2026-10-01 00:00:00,61737,29.95
2026-10-01 00:00:00,62085,29.61
2026-10-01 00:00:00,62084,33.21
2026-10-01 00:00:00,51373,359.91
2026-10-01 00:00:00,62082,24.21
2026-10-01 00:00:00,62083,26.91
2026-10-01 00:00:00,51906,269.91
2026-10-01 00:00:00,31908,13.41
2026-10-01 00:00:00,56818,31.41
2026-10-01 00:00:00,56819,31.41
2026-10-01 00:00:00,56826,49.41
2026-10-01 00:00:00,53510,40.41
2026-10-01 00:00:00,33446,9.95
2026-10-01 00:00:00,33444,0.95
2026-10-01 00:00:00,33447,1.45
2026-10-01 00:00:00,20506,11.61
2026-10-01 00:00:00,20514,7.45
2026-10-01 00:00:00,20515,7.45
2026-10-01 00:00:00,53297,125.91
2026-10-01 00:00:00,45019,89.97
2026-10-01 00:00:00,51896,89.97
2026-10-01 00:00:00,56822,23.31
2026-10-01 00:00:00,20500,31.41
2026-10-01 00:00:00,20498,44.9
2026-10-01 00:00:00,21611,17.01
2026-10-01 00:00:00,20509,12.45
2026-10-01 00:00:00,9667,44.1
2026-10-01 00:00:00,9664,23.97
2026-10-01 00:00:00,10847,14.55
2026-10-01 00:00:00,35223,44.95
2026-10-01 00:00:00,53688,26.91
2026-10-01 00:00:00,53452,49.41
2026-10-01 00:00:00,31801,143.91
2026-10-01 00:00:00,56824,40.41
2026-10-01 00:00:00,59227,1439.1
2026-10-01 00:00:00,59225,1379.94
2026-10-01 00:00:00,59230,629.91
2026-10-01 00:00:00,59229,699.9
2026-10-01 00:00:00,51246,899.91
2026-10-01 00:00:00,59231,707.94
2026-10-01 00:00:00,55595,15.21
2026-10-01 00:00:00,43307,170.91
2026-10-01 00:00:00,53212,314.91
2026-10-01 00:00:00,43305,197.91
2026-10-01 00:00:00,31798,161.91
2026-10-01 00:00:00,53679,89.91
2026-10-01 00:00:00,53678,89.91
2026-10-01 00:00:00,53680,30.0
2026-10-01 00:00:00,53681,89.91
2026-10-01 00:00:00,45045,35.91
2026-10-01 00:00:00,45046,44.91
2026-10-01 00:00:00,45038,44.91
2026-10-01 00:00:00,45039,44.91
2026-10-01 00:00:00,51486,53.91
2026-10-01 00:00:00,51485,53.91
2026-10-01 00:00:00,36236,279.9
2026-10-01 00:00:00,36237,251.91
2026-10-01 00:00:00,53512,40.41
2026-10-01 00:00:00,9661,5.97
2026-10-01 00:00:00,45037,71.91
2026-10-01 00:00:00,45035,23.94
2026-10-01 00:00:00,59222,119.94
2026-10-01 00:00:00,45033,23.94
2026-10-01 00:00:00,45034,23.94
2026-10-01 00:00:00,45036,23.94
2026-10-01 00:00:00,45022,35.94
2026-10-01 00:00:00,45020,23.94
2026-10-01 00:00:00,45023,23.94
2026-10-01 00:00:00,51484,23.94
2026-10-01 00:00:00,59219,119.94
2026-10-01 00:00:00,51218,35.94
2026-10-01 00:00:00,51220,25.42
2026-10-01 00:00:00,51222,17.94
2026-10-01 00:00:00,35229,79.9
2026-10-01 00:00:00,35261,23.97
2026-10-01 00:00:00,51221,44.9
2026-10-01 00:00:00,51219,29.9
2026-10-01 00:00:00,34105,113.97
2026-10-01 00:00:00,45026,35.91
2026-10-01 00:00:00,45024,47.94
2026-10-01 00:00:00,45025,59.9
2026-10-01 00:00:00,45027,65.94
2026-10-01 00:00:00,45028,35.91
2026-10-01 00:00:00,45029,53.94
2026-10-01 00:00:00,45030,107.91
2026-10-01 00:00:00,45031,35.91
2026-10-01 00:00:00,51225,38.97
2026-10-01 00:00:00,52187,41.97
2026-10-01 00:00:00,51224,77.94
2026-10-01 00:00:00,52186,23.97
2026-10-01 00:00:00,53122,179.91
2026-10-01 00:00:00,31796,53.91
2026-10-01 00:00:00,43304,206.91
2026-10-01 00:00:00,26414,8.91
2026-10-01 00:00:00,24568,3.45
2026-10-01 00:00:00,24574,3.95
2026-10-01 00:00:00,20502,11.61
2026-10-01 00:00:00,20501,9.81
2026-10-01 00:00:00,20505,2.61
2026-10-01 00:00:00,63395,17.91
2026-10-01 00:00:00,53410,35.91
2026-10-01 00:00:00,53408,33.21
2026-10-01 00:00:00,53508,188.91
2026-10-01 00:00:00,53675,197.91
2026-10-01 00:00:00,59224,299.9
2026-10-01 00:00:00,59221,269.97
2026-10-01 00:00:00,26382,31.41
2026-10-01 00:00:00,26388,8.01
2026-10-01 00:00:00,24575,12.45
2026-10-01 00:00:00,58014,35.91
2026-10-01 00:00:00,56825,53.91
2026-10-01 00:00:00,53511,31.41
2026-10-01 00:00:00,56816,31.41
2026-10-01 00:00:00,56820,20.61
2026-10-01 00:00:00,58016,40.41
2026-10-01 00:00:00,53514,40.41
2026-10-01 00:00:00,53213,116.91
2026-10-01 00:00:00,59264,799.9
2026-10-01 00:00:00,59256,314.91
2026-10-01 00:00:00,59269,549.9
2026-10-01 00:00:00,59272,116.91
2026-10-01 00:00:00,59280,242.91
2026-10-01 00:00:00,59267,999.9
2026-10-01 00:00:00,51487,62.91
2026-10-01 00:00:00,65188,117.0
2026-10-01 00:00:00,65190,117.0
2026-10-01 00:00:00,65186,117.0
2026-10-01 00:00:00,65187,149.9
2026-10-01 00:00:00,65189,149.9
2026-10-01 00:00:00,65193,149.9
2026-10-01 00:00:00,65185,159.9
2026-10-01 00:00:00,65192,159.9
2026-10-01 00:00:00,65183,159.9
2026-10-01 00:00:00,65184,159.9
2026-10-01 00:00:00,65203,224.91
2026-10-01 00:00:00,65208,224.91
2026-10-01 00:00:00,65207,224.91
2026-10-01 00:00:00,65209,224.91
2026-10-01 00:00:00,51426,29.95
2026-10-01 00:00:00,51427,29.95
2026-10-01 00:00:00,51428,53.91
2026-10-01 00:00:00,32184,143.91
2026-10-01 00:00:00,1004,35.91
2026-10-01 00:00:00,1279,143.91
2026-10-01 00:00:00,45723,58.5
2026-10-01 00:00:00,49794,260.91
2026-10-01 00:00:00,64462,89.91
2026-10-01 00:00:00,44385,125.91
2026-10-01 00:00:00,64460,188.91
2026-10-01 00:00:00,64468,249.9
2026-10-01 00:00:00,993,116.91
2026-10-01 00:00:00,61,134.91
2026-10-01 00:00:00,2679,233.91
2026-10-01 00:00:00,47252,179.91
2026-10-01 00:00:00,58722,179.91
2026-10-01 00:00:00,43354,119.9
2026-10-01 00:00:00,155,152.91
2026-10-01 00:00:00,47645,161.91
2026-10-01 00:00:00,47643,116.91
2026-10-01 00:00:00,46589,107.91
2026-10-01 00:00:00,2724,116.91
2026-10-01 00:00:00,40167,48.5
2026-10-01 00:00:00,7413,179.91
2026-10-01 00:00:00,22584,339.9
2026-10-01 00:00:00,20217,233.91
2026-10-01 00:00:00,50553,269.91
2026-10-01 00:00:00,50555,100.0
2026-10-01 00:00:00,31574,339.9
2026-10-01 00:00:00,59141,189.9
2026-10-01 00:00:00,53392,206.91
2026-10-01 00:00:00,59140,99.9
2026-10-01 00:00:00,10784,71.91
2026-10-01 00:00:00,50923,224.91
2026-10-01 00:00:00,50974,359.91
2026-10-01 00:00:00,51966,539.91
2026-10-01 00:00:00,31561,377.91
2026-10-01 00:00:00,51964,359.91
2026-10-01 00:00:00,50924,296.91
2026-10-01 00:00:00,50915,89.91
2026-10-01 00:00:00,33710,339.91
2026-10-01 00:00:00,33715,339.91
2026-10-01 00:00:00,52872,322.91
2026-10-01 00:00:00,52877,322.91
2026-10-01 00:00:00,52875,322.91
2026-10-01 00:00:00,52878,322.91
2026-10-01 00:00:00,52885,339.91
2026-10-01 00:00:00,52886,339.91
2026-10-01 00:00:00,52874,297.41
2026-10-01 00:00:00,52880,297.41
2026-10-01 00:00:00,52873,297.41
2026-10-01 00:00:00,34876,263.41
2026-10-01 00:00:00,52879,280.41
2026-10-01 00:00:00,52881,280.41
2026-10-01 00:00:00,58603,280.41
2026-10-01 00:00:00,52876,280.41
2026-10-01 00:00:00,34857,349.9
2026-10-01 00:00:00,51959,127.42
2026-10-01 00:00:00,58612,127.42
2026-10-01 00:00:00,58613,127.42
2026-10-01 00:00:00,34909,169.92
2026-10-01 00:00:00,34914,195.42
2026-10-01 00:00:00,34912,195.42
2026-10-01 00:00:00,34913,195.42
2026-10-01 00:00:00,34866,161.42
2026-10-01 00:00:00,34865,144.42
2026-10-01 00:00:00,34863,144.42
2026-10-01 00:00:00,50404,59.95
2026-10-01 00:00:00,58628,188.91
2026-10-01 00:00:00,60124,39.95
2026-10-01 00:00:00,38430,269.91
2026-10-01 00:00:00,34915,80.91
2026-10-01 00:00:00,18512,44.91
2026-10-01 00:00:00,53045,31.41
2026-10-01 00:00:00,53046,29.61
2026-10-01 00:00:00,53047,53.91
2026-10-01 00:00:00,50930,17.91
2026-10-01 00:00:00,52106,31.41
2026-10-01 00:00:00,10671,89.91
2026-10-01 00:00:00,18499,116.91
2026-10-01 00:00:00,63371,24.95
2026-10-01 00:00:00,49666,29.95
2026-10-01 00:00:00,42048,119.94
2026-10-01 00:00:00,40268,14830.0
2026-10-01 00:00:00,40269,9816.0
2026-10-01 00:00:00,40271,10944.0
2026-10-01 00:00:00,42243,1269.0
2026-10-01 00:00:00,42244,1369.0
2026-10-01 00:00:00,64295,1869.0
2026-10-01 00:00:00,28001,1824.0
2026-10-01 00:00:00,28002,2212.0
2026-10-01 00:00:00,28003,2472.0
2026-10-01 00:00:00,35556,2905.0
2026-10-01 00:00:00,35557,3660.0
2026-10-01 00:00:00,35558,3272.0
2026-10-01 00:00:00,35559,3860.0
2026-10-01 00:00:00,36090,4316.0
2026-10-01 00:00:00,35612,5968.0
2026-10-01 00:00:00,35613,6768.0
2026-10-01 00:00:00,35614,7760.0
2026-10-01 00:00:00,36091,8604.0
2026-10-01 00:00:00,40352,6000.0
2026-10-01 00:00:00,40353,6676.0
2026-10-01 00:00:00,40354,9425.0
2026-10-01 00:00:00,40355,10250.0
2026-10-01 00:00:00,40255,3388.0
2026-10-01 00:00:00,40256,3751.0
2026-10-01 00:00:00,40258,8160.0
2026-10-01 00:00:00,40257,4262.5
2026-10-01 00:00:00,40259,5087.5
2026-10-01 00:00:00,40247,2365.0
2026-10-01 00:00:00,40248,2580.0
2026-10-01 00:00:00,40250,3624.5
2026-10-01 00:00:00,40249,2849.0
2026-10-01 00:00:00,35607,4528.0
2026-10-01 00:00:00,35608,5464.0
2026-10-01 00:00:00,39475,7575.0
2026-10-01 00:00:00,40264,8350.0
2026-10-01 00:00:00,64627,5522.0
2026-10-01 00:00:00,40265,4994.0
2026-10-01 00:00:00,40267,6055.5
2026-10-01 00:00:00,64625,4394.5
2026-10-01 00:00:00,64629,5324.0
2026-10-01 00:00:00,64626,5692.5
2026-10-01 00:00:00,64501,4563.0
2026-10-01 00:00:00,40260,8470.0
2026-10-01 00:00:00,40262,6136.0
2026-10-01 00:00:00,40261,5902.0
2026-10-01 00:00:00,40263,10160.0
2026-10-01 00:00:00,35609,5620.0
2026-10-01 00:00:00,35610,5192.0
2026-10-01 00:00:00,35611,7700.0
2026-10-01 00:00:00,35916,8470.0
2026-10-01 00:00:00,40347,3668.0
2026-10-01 00:00:00,40348,4552.0
2026-10-01 00:00:00,40349,5216.0
2026-10-01 00:00:00,40350,6096.0
2026-10-01 00:00:00,40351,6844.0
2026-10-01 00:00:00,64499,6175.0
2026-10-01 00:00:00,64497,6506.5
2026-10-01 00:00:00,64500,7150.0
2026-10-01 00:00:00,64498,7579.0
2026-10-01 00:00:00,64630,10524.0
2026-10-01 00:00:00,64322,3397.0
2026-10-01 00:00:00,48678,209.94
2026-10-01 00:00:00,65200,107.91
2026-10-01 00:00:00,28660,53.91
2026-10-01 00:00:00,29123,44.91
2026-10-01 00:00:00,42255,1370.0
2026-10-01 00:00:00,42254,1520.0
2026-10-01 00:00:00,42248,1770.0
2026-10-01 00:00:00,42249,1955.0
2026-10-01 00:00:00,63532,87.0
2026-10-01 00:00:00,21506,59.9
2026-10-01 00:00:00,10775,69.9
2026-10-01 00:00:00,43668,31.41
2026-10-01 00:00:00,18498,314.91
2026-10-01 00:00:00,18500,386.91
2026-10-01 00:00:00,55647,314.91
2026-10-01 00:00:00,31568,239.9
2026-10-01 00:00:00,18501,485.91
2026-10-01 00:00:00,52058,404.91
2026-10-01 00:00:00,46571,629.91
2026-10-01 00:00:00,48962,257.94
2026-10-01 00:00:00,48957,587.94
2026-10-01 00:00:00,48959,587.94
2026-10-01 00:00:00,62838,329.94
2026-10-01 00:00:00,62844,449.94
2026-10-01 00:00:00,62818,659.4
2026-10-01 00:00:00,62823,701.4
2026-10-01 00:00:00,62819,659.4
2026-10-01 00:00:00,64466,359.94
2026-10-01 00:00:00,64465,359.94
2026-10-01 00:00:00,39440,299.94
2026-10-01 00:00:00,45636,599.0
2026-10-01 00:00:00,45638,699.0
2026-10-01 00:00:00,64296,999.0
2026-10-01 00:00:00,27577,1350.0
2026-10-01 00:00:00,65213,224.91
2026-10-01 00:00:00,65211,224.91
2026-10-01 00:00:00,60061,129.9
2026-10-01 00:00:00,65197,134.91
2026-10-01 00:00:00,65199,224.91
2026-10-01 00:00:00,59709,179.91
2026-10-01 00:00:00,59710,422.91
2026-10-01 00:00:00,59712,359.91
2026-10-01 00:00:00,58577,299.9
2026-10-01 00:00:00,50707,62.91
2026-10-01 00:00:00,25243,62.91
2026-10-01 00:00:00,55278,34.2
2026-10-01 00:00:00,55275,38.0
2026-10-01 00:00:00,55270,34.2
2026-10-01 00:00:00,55274,42.3
2026-10-01 00:00:00,55272,16.2
2026-10-01 00:00:00,55285,27.9
2026-10-01 00:00:00,55289,27.9
2026-10-01 00:00:00,55290,31.0
2026-10-01 00:00:00,55282,43.2
2026-10-01 00:00:00,55287,16.2
2026-10-01 00:00:00,55288,27.9
2026-10-01 00:00:00,55267,42.3
2026-10-01 00:00:00,55279,41.4
2026-10-01 00:00:00,55280,41.4
2026-10-01 00:00:00,55261,44.1
2026-10-01 00:00:00,55263,44.1
2026-10-01 00:00:00,55258,29.7
2026-10-01 00:00:00,55266,29.7
2026-10-01 00:00:00,55257,29.7
2026-10-01 00:00:00,55259,41.4
2026-10-01 00:00:00,55283,53.1
2026-10-01 00:00:00,55264,53.1
2026-10-01 00:00:00,55269,31.5
2026-10-01 00:00:00,55291,44.1
2026-10-01 00:00:00,61758,44.91
2026-10-01 00:00:00,61752,134.91
2026-10-01 00:00:00,61749,134.91
2026-10-01 00:00:00,44613,161.91
2026-10-01 00:00:00,51058,119.9
2026-10-01 00:00:00,51059,161.91
2026-10-01 00:00:00,51060,119.9
2026-10-01 00:00:00,51000,129.9
2026-10-01 00:00:00,44614,134.91
2026-10-01 00:00:00,61785,111.93
2026-10-01 00:00:00,61786,143.91
2026-10-01 00:00:00,61756,44.91
2026-10-01 00:00:00,57619,17.91
2026-10-01 00:00:00,25282,17.91
2026-10-01 00:00:00,56972,26.91
2026-10-01 00:00:00,59672,53.91
2026-10-01 00:00:00,60146,29.95
2026-10-01 00:00:00,21508,17.91
2026-10-01 00:00:00,50403,49.95
2026-10-01 00:00:00,51805,112.41
2026-10-01 00:00:00,51810,116.91
2026-10-01 00:00:00,50920,107.91
2026-10-01 00:00:00,60143,29.95
2026-10-01 00:00:00,18449,19.9
2026-10-01 00:00:00,60141,29.95
2026-10-01 00:00:00,51049,89.9
2026-10-01 00:00:00,51047,80.91
2026-10-01 00:00:00,58602,359.91
2026-10-01 00:00:00,58610,359.91
2026-10-01 00:00:00,58599,404.91
2026-10-01 00:00:00,58605,404.91
2026-10-01 00:00:00,58606,404.91
2026-10-01 00:00:00,58600,449.91
2026-10-01 00:00:00,58607,449.91
2026-10-01 00:00:00,58611,449.91
2026-10-01 00:00:00,58604,422.91
2026-10-01 00:00:00,58609,404.91
2026-10-01 00:00:00,51008,479.92
2026-10-01 00:00:00,51014,503.92
2026-10-01 00:00:00,61821,319.92
2026-10-01 00:00:00,61775,479.9
2026-10-01 00:00:00,61807,583.92
2026-10-01 00:00:00,61777,503.92
2026-10-01 00:00:00,65204,134.91
2026-10-01 00:00:00,65206,134.91
2026-10-01 00:00:00,65205,134.91
2026-10-01 00:00:00,54554,129.9
2026-10-01 00:00:00,65212,116.91
2026-10-01 00:00:00,22868,359.91
2026-10-01 00:00:00,22869,404.91
2026-10-01 00:00:00,37639,449.91
2026-10-01 00:00:00,951,422.91
2026-10-01 00:00:00,39291,1143.2
2026-10-01 00:00:00,39285,1556.1
2026-10-01 00:00:00,24289,599.9
2026-10-01 00:00:00,7130,552.93
2026-10-01 00:00:00,51807,341.91
2026-10-01 00:00:00,51801,350.91
2026-10-01 00:00:00,50437,44.91
2026-10-01 00:00:00,50436,44.91
2026-10-01 00:00:00,50439,17.91
2026-10-01 00:00:00,50438,17.91
2026-10-01 00:00:00,50434,31.41
2026-10-01 00:00:00,50435,34.9
2026-10-01 00:00:00,51473,53.91
2026-10-01 00:00:00,64350,119.94
2026-10-01 00:00:00,64348,119.94
2026-10-01 00:00:00,64349,119.94
2026-10-01 00:00:00,62870,167.94
2026-10-01 00:00:00,62868,167.94
2026-10-01 00:00:00,62865,167.94
2026-10-01 00:00:00,62866,239.9
2026-10-01 00:00:00,62873,143.94
2026-10-01 00:00:00,64503,173.94
2026-10-01 00:00:00,63976,179.94
2026-10-01 00:00:00,63542,149.94
2026-10-01 00:00:00,44063,257.94
2026-10-01 00:00:00,64513,173.94
2026-10-01 00:00:00,63977,179.94
2026-10-01 00:00:00,64506,173.94
2026-10-01 00:00:00,64502,173.94
2026-10-01 00:00:00,64508,197.94
2026-10-01 00:00:00,64511,197.94
2026-10-01 00:00:00,64510,197.94
2026-10-01 00:00:00,64504,131.94
2026-10-01 00:00:00,64507,131.94
2026-10-01 00:00:00,64509,131.94
2026-10-01 00:00:00,63543,119.94
2026-10-01 00:00:00,47566,119.94
2026-10-01 00:00:00,47573,257.94
2026-10-01 00:00:00,64505,149.94
2026-10-01 00:00:00,64512,149.94
2026-10-01 00:00:00,63960,149.94
2026-10-01 00:00:00,40287,44.91
2026-10-01 00:00:00,40291,35.91
2026-10-01 00:00:00,10673,116.91
2026-10-01 00:00:00,10672,53.91
2026-10-01 00:00:00,60047,98.91
2026-10-01 00:00:00,65201,260.91
2026-10-01 00:00:00,60044,259.9
2026-10-01 00:00:00,46592,157.43
2026-10-01 00:00:00,42609,157.43
2026-10-01 00:00:00,56314,24.21
2026-10-01 00:00:00,50956,8.9
2026-10-01 00:00:00,21200,107.91
2026-10-01 00:00:00,51809,53.91
2026-10-01 00:00:00,51802,62.91
2026-10-01 00:00:00,31564,62.91
2026-10-01 00:00:00,51179,58.41
2026-10-01 00:00:00,31520,80.91
2026-10-01 00:00:00,31523,80.91
2026-10-01 00:00:00,31522,80.91
2026-10-01 00:00:00,31521,80.91
2026-10-01 00:00:00,53208,233.7
2026-10-01 00:00:00,53207,200.28
2026-10-01 00:00:00,34627,69.9
2026-10-01 00:00:00,42553,54.95
2026-10-01 00:00:00,42554,54.95
2026-10-01 00:00:00,42556,54.95
2026-10-01 00:00:00,32286,116.91
2026-10-01 00:00:00,51419,189.9
2026-10-01 00:00:00,21734,116.91
2026-10-01 00:00:00,29775,54.95
2026-10-01 00:00:00,65182,54.95
2026-10-01 00:00:00,61805,80.91
2026-10-01 00:00:00,61795,89.9
2026-10-01 00:00:00,50579,89.9
2026-10-01 00:00:00,61825,98.91
2026-10-01 00:00:00,61778,98.91
2026-10-01 00:00:00,61779,98.91
2026-10-01 00:00:00,25254,35.91
2026-10-01 00:00:00,18444,39.9
2026-10-01 00:00:00,21489,44.9
2026-10-01 00:00:00,63467,34.93
2026-10-01 00:00:00,10171,98.1
2026-10-01 00:00:00,31566,134.91
2026-10-01 00:00:00,51803,58.41
2026-10-01 00:00:00,51813,62.91
2026-10-01 00:00:00,4529,296.91
2026-10-01 00:00:00,34908,71.91
2026-10-01 00:00:00,54498,89.91
2026-10-01 00:00:00,51969,179.91
2026-10-01 00:00:00,50926,152.91
2026-10-01 00:00:00,51804,62.91
2026-10-01 00:00:00,51811,67.41
2026-10-01 00:00:00,51814,107.91
2026-10-01 00:00:00,50929,170.91
2026-10-01 00:00:00,51971,197.91
2026-10-01 00:00:00,51970,224.91
2026-10-01 00:00:00,50928,152.91
2026-10-01 00:00:00,60117,29.95
2026-10-01 00:00:00,60119,59.95
2026-10-01 00:00:00,60116,29.95
2026-10-01 00:00:00,60138,29.95
2026-10-01 00:00:00,60113,29.95
2026-10-01 00:00:00,51182,125.91
2026-10-01 00:00:00,50936,89.91
2026-10-01 00:00:00,59005,170.91
2026-10-01 00:00:00,51976,188.91
2026-10-01 00:00:00,15541,89.91
2026-10-01 00:00:00,28542,64.95
2026-10-01 00:00:00,49812,931.5
2026-10-01 00:00:00,58665,999.0
2026-10-01 00:00:00,51064,719.91
2026-10-01 00:00:00,48969,269.91
2026-10-01 00:00:00,51065,809.91
2026-10-01 00:00:00,20607,295.92
2026-10-01 00:00:00,20608,351.92
2026-10-01 00:00:00,20609,367.92
2026-10-01 00:00:00,20610,423.92
2026-10-01 00:00:00,20611,455.92
2026-10-01 00:00:00,64867,287.91
2026-10-01 00:00:00,50912,44.91
2026-10-01 00:00:00,50913,35.91
2026-10-01 00:00:00,51391,89.91
2026-10-01 00:00:00,50076,188.91
2026-10-01 00:00:00,50934,305.91
2026-10-01 00:00:00,51808,161.91
2026-10-01 00:00:00,51812,161.91
2026-10-01 00:00:00,47468,139.9
2026-10-01 00:00:00,50911,170.91
2026-10-01 00:00:00,53057,31.41
2026-10-01 00:00:00,51953,80.91
2026-10-01 00:00:00,60057,17.91
2026-10-01 00:00:00,60046,80.91
2026-10-01 00:00:00,35562,1200.0
2026-10-01 00:00:00,42245,899.0
2026-10-01 00:00:00,42246,999.0
2026-10-01 00:00:00,42247,1099.0
2026-10-01 00:00:00,35563,1455.0
2026-10-01 00:00:00,36092,1510.0
2026-10-01 00:00:00,35560,1390.0
2026-10-01 00:00:00,35561,1510.0
2026-10-01 00:00:00,39956,1760.0
2026-10-01 00:00:00,36093,1510.0
2026-10-01 00:00:00,35564,1390.0
2026-10-01 00:00:00,35565,1510.0
2026-10-01 00:00:00,39311,1760.0
2026-10-01 00:00:00,35567,1200.0
2026-10-01 00:00:00,35566,1455.0
2026-10-01 00:00:00,34310,854.1
2026-10-01 00:00:00,64636,2750.0
2026-10-01 00:00:00,64635,3330.0
2026-10-01 00:00:00,64632,3000.0
2026-10-01 00:00:00,64637,4400.0
2026-10-01 00:00:00,40356,1270.0
2026-10-01 00:00:00,40357,1420.0
2026-10-01 00:00:00,40358,1710.0
2026-10-01 00:00:00,40359,1270.0
2026-10-01 00:00:00,40360,1420.0
2026-10-01 00:00:00,40361,1710.0
2026-10-01 00:00:00,40272,2450.0
2026-10-01 00:00:00,40273,2600.0
2026-10-01 00:00:00,40275,3700.0
2026-10-01 00:00:00,40274,3000.0
2026-10-01 00:00:00,40276,4400.0
2026-10-01 00:00:00,40277,2200.0
2026-10-01 00:00:00,40278,2750.0
2026-10-01 00:00:00,40280,3700.0
2026-10-01 00:00:00,40279,3124.0
2026-10-01 00:00:00,40281,4200.0
2026-10-01 00:00:00,64631,2340.0
2026-10-01 00:00:00,64634,3330.0
2026-10-01 00:00:00,64638,3000.0
2026-10-01 00:00:00,64633,4400.0
2026-10-01 00:00:00,40282,2600.0
2026-10-01 00:00:00,64624,3700.0
2026-10-01 00:00:00,40285,4400.0
2026-10-01 00:00:00,40283,3000.0
2026-10-01 00:00:00,65210,71.91
2026-10-01 00:00:00,65198,98.91
2026-10-01 00:00:00,50271,100.0
2026-10-01 00:00:00,61784,134.91
2026-10-01 00:00:00,61826,134.91
2026-10-01 00:00:00,50570,143.91
2026-10-01 00:00:00,59040,269.91
2026-10-01 00:00:00,59038,269.91
2026-10-01 00:00:00,19674,206.91
2026-10-01 00:00:00,59767,179.91
2026-10-01 00:00:00,14842,206.91
2026-10-01 00:00:00,59771,179.91
2026-10-01 00:00:00,21737,229.9
2026-10-01 00:00:00,59769,206.91
2026-10-01 00:00:00,59768,206.91
2026-10-01 00:00:00,61787,242.91
2026-10-01 00:00:00,61829,242.91
2026-10-01 00:00:00,59780,107.91
2026-10-01 00:00:00,59784,89.91
2026-10-01 00:00:00,59779,107.91
2026-10-01 00:00:00,50517,89.91
2026-10-01 00:00:00,59776,31.41
2026-10-01 00:00:00,21752,31.41
2026-10-01 00:00:00,59775,31.41
2026-10-01 00:00:00,51317,89.91
2026-10-01 00:00:00,59037,107.91
2026-10-01 00:00:00,59042,107.91
2026-10-01 00:00:00,61796,107.91
2026-10-01 00:00:00,59796,62.91
2026-10-01 00:00:00,59791,224.91
2026-10-01 00:00:00,59789,99.9
2026-10-01 00:00:00,59793,224.91
2026-10-01 00:00:00,59788,269.91
2026-10-01 00:00:00,59785,269.91
2026-10-01 00:00:00,59787,269.91
2026-10-01 00:00:00,60059,305.91
2026-10-01 00:00:00,53062,50.31
2026-10-01 00:00:00,34917,26.91
2026-10-01 00:00:00,51442,29.95
2026-10-01 00:00:00,59671,30.0
2026-10-01 00:00:00,10602,49.9
2026-10-01 00:00:00,51448,349.93
2026-10-01 00:00:00,63538,599.9
2026-10-01 00:00:00,52298,649.9
2026-10-01 00:00:00,50256,599.9
2026-10-01 00:00:00,51305,989.9
2026-10-01 00:00:00,63911,169.9
2026-10-01 00:00:00,63531,116.91
2026-10-01 00:00:00,62812,449.94
2026-10-01 00:00:00,62805,419.94
2026-10-01 00:00:00,48868,699.9
2026-10-01 00:00:00,54766,39.9
2026-10-01 00:00:00,51177,139.9
2026-10-01 00:00:00,50932,119.9
2026-10-01 00:00:00,58879,99.9
2026-10-01 00:00:00,51279,107.91
2026-10-01 00:00:00,60064,59.9
2026-10-01 00:00:00,51410,99.9
2026-10-01 00:00:00,51420,169.9
2026-10-01 00:00:00,51774,35.91
2026-10-01 00:00:00,48965,379.9
2026-10-01 00:00:00,48967,431.91
2026-10-01 00:00:00,48966,429.9
2026-10-01 00:00:00,48968,224.91
2026-10-01 00:00:00,48970,349.9
2026-10-01 00:00:00,40668,39.9
2026-10-01 00:00:00,54383,100.0
2026-10-01 00:00:00,39586,229.9
2026-10-01 00:00:00,41905,179.1
2026-10-01 00:00:00,39585,17.91
2026-10-01 00:00:00,57914,44.91
2026-10-01 00:00:00,39384,22.41
2026-10-01 00:00:00,57945,69.9
2026-10-01 00:00:00,57865,44.91
2026-10-01 00:00:00,40667,49.9
2026-10-01 00:00:00,58947,323.91
2026-10-01 00:00:00,59009,359.91
2026-10-01 00:00:00,55518,19.9
2026-10-01 00:00:00,57828,296.91
2026-10-01 00:00:00,60110,1071.0
2026-10-01 00:00:00,62100,269.91
2026-10-01 00:00:00,62101,89.91
2026-10-01 00:00:00,55240,143.91
2026-10-01 00:00:00,54377,100.0
2026-10-01 00:00:00,38681,80.0
2026-10-01 00:00:00,43959,249.9
2026-10-01 00:00:00,54556,2609.91
2026-10-01 00:00:00,60229,699.9
2026-10-01 00:00:00,54425,999.0
2026-10-01 00:00:00,60228,999.0
2026-10-01 00:00:00,60226,899.0
2026-10-01 00:00:00,60227,899.0
2026-10-01 00:00:00,60225,487.0
2026-10-01 00:00:00,64596,89.91
2026-10-01 00:00:00,64595,71.91
2026-10-01 00:00:00,62112,47.9
2026-10-01 00:00:00,62103,107.9
2026-10-01 00:00:00,62102,359.91
2026-10-01 00:00:00,62998,44.91
2026-10-01 00:00:00,62997,44.91
2026-10-01 00:00:00,54566,139.9
2026-10-01 00:00:00,62089,62.91
2026-10-01 00:00:00,55230,58.5
2026-10-01 00:00:00,57952,159.9
2026-10-01 00:00:00,34792,224.91
2026-10-01 00:00:00,62167,224.1
2026-10-01 00:00:00,64880,539.1
2026-10-01 00:00:00,21332,143.9
2026-10-01 00:00:00,33917,99.9
2026-10-01 00:00:00,64560,179.91
2026-10-01 00:00:00,64580,179.91
2026-10-01 00:00:00,64565,269.91
2026-10-01 00:00:00,54564,29.9
2026-10-01 00:00:00,64581,179.91
2026-10-01 00:00:00,31376,14.9
2026-10-01 00:00:00,55246,127.8
2026-10-01 00:00:00,54537,119.9
2026-10-01 00:00:00,55466,89.91
2026-10-01 00:00:00,54475,89.91
2026-10-01 00:00:00,55560,413.91
2026-10-01 00:00:00,55559,98.91
2026-10-01 00:00:00,55558,809.91
2026-10-01 00:00:00,54582,143.91
2026-10-01 00:00:00,64558,116.91
2026-10-01 00:00:00,64563,116.91
2026-10-01 00:00:00,64556,89.91
2026-10-01 00:00:00,64562,89.91
2026-10-01 00:00:00,54563,49.9
2026-10-01 00:00:00,57873,224.91
2026-10-01 00:00:00,31255,39.9
2026-10-01 00:00:00,54381,120.0
2026-10-01 00:00:00,57913,323.91
2026-10-01 00:00:00,57874,134.91
2026-10-01 00:00:00,57916,179.91
2026-10-01 00:00:00,26428,199.9
2026-10-01 00:00:00,54380,100.0
2026-10-01 00:00:00,54183,62.91
2026-10-01 00:00:00,64574,179.91
2026-10-01 00:00:00,64575,179.91
2026-10-01 00:00:00,64582,89.91
2026-10-01 00:00:00,64561,143.91
2026-10-01 00:00:00,64579,143.91
2026-10-01 00:00:00,64577,143.91
2026-10-01 00:00:00,64586,116.91
2026-10-01 00:00:00,64584,116.91
2026-10-01 00:00:00,64583,116.91
2026-10-01 00:00:00,64553,89.91
2026-10-01 00:00:00,64552,89.91
2026-10-01 00:00:00,64549,116.91
2026-10-01 00:00:00,64555,116.91
2026-10-01 00:00:00,63056,382.41
2026-10-01 00:00:00,64567,89.91
2026-10-01 00:00:00,64557,116.91
2026-10-01 00:00:00,62170,399.0
2026-10-01 00:00:00,62099,71.91
2026-10-01 00:00:00,52232,179.91
2026-10-01 00:00:00,52233,179.91
2026-10-01 00:00:00,55390,120.0
2026-10-01 00:00:00,15244,199.9
2026-10-01 00:00:00,57786,179.91
2026-10-01 00:00:00,57871,152.1
2026-10-01 00:00:00,57917,269.91
2026-10-01 00:00:00,57918,134.91
2026-10-01 00:00:00,33922,202.5
2026-10-01 00:00:00,60536,14.95
2026-10-01 00:00:00,54169,66.78
2026-10-01 00:00:00,54565,29.9
2026-10-01 00:00:00,55235,35.91
2026-10-01 00:00:00,62098,269.91
2026-10-01 00:00:00,52239,197.91
2026-10-01 00:00:00,15288,11.97
2026-10-01 00:00:00,54561,299.9
2026-10-01 00:00:00,54575,134.91
2026-10-01 00:00:00,54560,199.9
2026-10-01 00:00:00,54574,174.9
2026-10-01 00:00:00,55535,199.9
2026-10-01 00:00:00,54576,134.9
2026-10-01 00:00:00,19574,107.91
2026-10-01 00:00:00,64594,199.9
2026-10-01 00:00:00,58983,179.91
2026-10-01 00:00:00,57875,62.91
2026-10-01 00:00:00,19564,51.92
2026-10-01 00:00:00,62128,449.91
2026-10-01 00:00:00,62129,449.91
2026-10-01 00:00:00,54386,26.91
2026-10-01 00:00:00,59044,60.0
2026-10-01 00:00:00,62107,206.91
2026-10-01 00:00:00,62106,143.91
2026-10-01 00:00:00,62108,179.91
2026-10-01 00:00:00,36858,249.9
2026-10-01 00:00:00,54535,169.9
2026-10-01 00:00:00,32972,169.9
2026-10-01 00:00:00,54387,224.91
2026-10-01 00:00:00,55689,170.91
2026-10-01 00:00:00,55688,134.91
2026-10-01 00:00:00,39386,429.9
2026-10-01 00:00:00,39588,539.91
2026-10-01 00:00:00,39382,719.91
2026-10-01 00:00:00,57954,189.9
2026-10-01 00:00:00,54548,2.9
2026-10-01 00:00:00,62995,143.91
2026-10-01 00:00:00,62996,44.9
2026-10-01 00:00:00,43942,107.97
2026-10-01 00:00:00,62104,269.91
2026-10-01 00:00:00,62156,449.91
2026-10-01 00:00:00,57886,35.9
2026-10-01 00:00:00,60108,629.1
2026-10-01 00:00:00,62999,143.91
2026-10-01 00:00:00,54479,71.91
2026-10-01 00:00:00,62110,23.9
2026-10-01 00:00:00,62113,23.9
2026-10-01 00:00:00,62111,39.9
2026-10-01 00:00:00,53821,35.91
2026-10-01 00:00:00,36486,29.9
2026-10-01 00:00:00,40661,14.9
2026-10-01 00:00:00,54379,269.91
2026-10-01 00:00:00,62920,103.68
2026-10-01 00:00:00,57860,269.91
2026-10-01 00:00:00,55388,100.0
2026-10-01 00:00:00,21605,19.9
2026-10-01 00:00:00,62073,143.91
2026-10-01 00:00:00,64569,62.91
2026-10-01 00:00:00,64564,80.91
2026-10-01 00:00:00,64559,80.91
2026-10-01 00:00:00,54378,100.0
2026-10-01 00:00:00,54376,100.0
2026-10-01 00:00:00,62168,224.1
2026-10-01 00:00:00,55538,349.9
2026-10-01 00:00:00,53579,15.57
2026-10-01 00:00:00,53441,134.91
2026-10-01 00:00:00,52825,89.91
2026-10-01 00:00:00,53436,629.91
2026-10-01 00:00:00,53437,269.91
2026-10-01 00:00:00,53094,99.95
2026-10-01 00:00:00,53445,134.91
2026-10-01 00:00:00,53444,149.95
2026-10-01 00:00:00,53443,80.91
2026-10-01 00:00:00,53442,107.91
2026-10-01 00:00:00,62533,2199.0
2026-10-01 00:00:00,48983,699.3
2026-10-01 00:00:00,49848,699.3
2026-10-01 00:00:00,42107,22.41
2026-10-01 00:00:00,26211,44.91
2026-10-01 00:00:00,58437,404.91
2026-10-01 00:00:00,58436,1169.1
2026-10-01 00:00:00,49378,71.91
2026-10-01 00:00:00,58853,629.91
2026-10-01 00:00:00,58442,134.91
2026-10-01 00:00:00,58440,170.91
2026-10-01 00:00:00,47210,503.91
2026-10-01 00:00:00,64967,152.91
2026-10-01 00:00:00,64969,179.91
2026-10-01 00:00:00,58484,152.91
2026-10-01 00:00:00,58383,206.91
2026-10-01 00:00:00,58433,269.91
2026-10-01 00:00:00,53098,349.93
2026-10-01 00:00:00,53099,244.93
2026-10-01 00:00:00,53100,349.93
2026-10-01 00:00:00,55699,349.93
2026-10-01 00:00:00,53349,244.93
2026-10-01 00:00:00,53416,244.93
2026-10-01 00:00:00,53173,349.93
2026-10-01 00:00:00,46742,134.91
2026-10-01 00:00:00,52605,80.91
2026-10-01 00:00:00,64952,296.91
2026-10-01 00:00:00,50653,29.93
2026-10-01 00:00:00,53097,244.93
2026-10-01 00:00:00,50261,14.97
2026-10-01 00:00:00,49554,233.91
2026-10-01 00:00:00,28401,152.91
2026-10-01 00:00:00,48699,239.92
2026-10-01 00:00:00,47194,215.92
2026-10-01 00:00:00,48705,159.92
2026-10-01 00:00:00,48706,159.92
2026-10-01 00:00:00,48701,239.92
2026-10-01 00:00:00,58467,339.9
2026-10-01 00:00:00,53245,50.0
2026-10-01 00:00:00,58470,249.9
2026-10-01 00:00:00,58473,229.9
2026-10-01 00:00:00,58399,259.9
2026-10-01 00:00:00,58394,259.9
2026-10-01 00:00:00,58395,207.92
2026-10-01 00:00:00,58403,329.9
2026-10-01 00:00:00,51104,199.92
2026-10-01 00:00:00,13306,139.0
2026-10-01 00:00:00,48672,188.93
2026-10-01 00:00:00,48687,209.94
2026-10-01 00:00:00,48682,349.9
2026-10-01 00:00:00,48683,174.93
2026-10-01 00:00:00,48674,161.94
2026-10-01 00:00:00,48670,161.94
2026-10-01 00:00:00,39815,349.9
2026-10-01 00:00:00,39823,188.93
2026-10-01 00:00:00,48685,188.93
2026-10-01 00:00:00,48680,161.94
2026-10-01 00:00:00,48676,188.93
2026-10-01 00:00:00,48691,244.93
2026-10-01 00:00:00,48684,244.93
2026-10-01 00:00:00,48679,349.9
2026-10-01 00:00:00,48693,349.9
2026-10-01 00:00:00,48675,161.94
2026-10-01 00:00:00,48671,244.93
2026-10-01 00:00:00,48673,244.93
2026-10-01 00:00:00,63651,9.93
2026-10-01 00:00:00,52267,39.94
2026-10-01 00:00:00,51123,209.3
2026-10-01 00:00:00,59050,839.3
2026-10-01 00:00:00,46886,84.95
2026-10-01 00:00:00,63703,84.95
2026-10-01 00:00:00,53913,839.3
2026-10-01 00:00:00,53912,489.93
2026-10-01 00:00:00,63957,1119.3
2026-10-01 00:00:00,53897,699.3
2026-10-01 00:00:00,49282,35.91
2026-10-01 00:00:00,47928,16.6
2026-10-01 00:00:00,58431,719.91
2026-10-01 00:00:00,58432,629.91
2026-10-01 00:00:00,58429,719.91
2026-10-01 00:00:00,50266,5.97
2026-10-01 00:00:00,40176,46.6
2026-10-01 00:00:00,58449,449.91
2026-10-01 00:00:00,58451,809.91
2026-10-01 00:00:00,51114,314.91
2026-10-01 00:00:00,64001,46.6
2026-10-01 00:00:00,58478,296.91
2026-10-01 00:00:00,58477,161.91
2026-10-01 00:00:00,58446,71.91
2026-10-01 00:00:00,23261,89.7
2026-10-01 00:00:00,46904,399.9
2026-10-01 00:00:00,52284,62.91
2026-10-01 00:00:00,47204,209.93
2026-10-01 00:00:00,48239,279.3
2026-10-01 00:00:00,32021,29.93
2026-10-01 00:00:00,51111,530.91
2026-10-01 00:00:00,58463,314.91
2026-10-01 00:00:00,51633,84.95
2026-10-01 00:00:00,58462,224.91
2026-10-01 00:00:00,58464,386.91
2026-10-01 00:00:00,51112,494.91
2026-10-01 00:00:00,58430,152.91
2026-10-01 00:00:00,47940,39.94
2026-10-01 00:00:00,52268,39.94
2026-10-01 00:00:00,48091,19.95
2026-10-01 00:00:00,48363,49.9
2026-10-01 00:00:00,52613,39.94
2026-10-01 00:00:00,63944,23.27
2026-10-01 00:00:00,63943,17.45
2026-10-01 00:00:00,52614,34.9
2026-10-01 00:00:00,29491,13.27
2026-10-01 00:00:00,64973,86.6
2026-10-01 00:00:00,16952,9.93
2026-10-01 00:00:00,48066,6.6
2026-10-01 00:00:00,16936,24.9
2026-10-01 00:00:00,16953,46.6
2026-10-01 00:00:00,29499,13.27
2026-10-01 00:00:00,53502,404.91
2026-10-01 00:00:00,58980,215.91
2026-10-01 00:00:00,53505,215.91
2026-10-01 00:00:00,53504,242.91
2026-10-01 00:00:00,53503,188.91
2026-10-01 00:00:00,49369,359.1
2026-10-01 00:00:00,50477,89.1
2026-10-01 00:00:00,64957,296.91
2026-10-01 00:00:00,64953,449.91
2026-10-01 00:00:00,50116,224.91
2026-10-01 00:00:00,64951,269.91
2026-10-01 00:00:00,64962,899.1
2026-10-01 00:00:00,58372,899.1
2026-10-01 00:00:00,58382,242.91
2026-10-01 00:00:00,46697,62.91
2026-10-01 00:00:00,58428,215.91
2026-10-01 00:00:00,58457,314.91
2026-10-01 00:00:00,58456,449.91
2026-10-01 00:00:00,58454,314.91
2026-10-01 00:00:00,58452,539.91
2026-10-01 00:00:00,58439,476.91
2026-10-01 00:00:00,64955,314.91
2026-10-01 00:00:00,46746,125.1
2026-10-01 00:00:00,64943,242.91
2026-10-01 00:00:00,58438,404.91
2026-10-01 00:00:00,46867,215.1
2026-10-01 00:00:00,64975,197.91
2026-10-01 00:00:00,64978,2069.1
2026-10-01 00:00:00,64947,476.91
2026-10-01 00:00:00,64944,296.91
2026-10-01 00:00:00,49025,364.95
2026-10-01 00:00:00,49022,494.91
2026-10-01 00:00:00,64958,449.91
2026-10-01 00:00:00,46826,161.1
2026-10-01 00:00:00,64948,449.91
2026-10-01 00:00:00,64945,197.91
2026-10-01 00:00:00,64968,251.91
2026-10-01 00:00:00,64950,449.91
2026-10-01 00:00:00,49373,71.1
2026-10-01 00:00:00,64959,179.91
2026-10-01 00:00:00,64960,251.91
2026-10-01 00:00:00,64949,134.91
2026-10-01 00:00:00,64946,332.91
2026-10-01 00:00:00,55076,86.85
2026-10-01 00:00:00,55082,110.52
2026-10-01 00:00:00,50267,11.97
2026-10-01 00:00:00,46632,7.45
2026-10-01 00:00:00,53906,43.27
2026-10-01 00:00:00,53899,41.94
2026-10-01 00:00:00,53898,41.94
2026-10-01 00:00:00,30688,9.95
2026-10-01 00:00:00,29510,33.27
2026-10-01 00:00:00,24016,31.41
2026-10-01 00:00:00,15843,17.98
2026-10-01 00:00:00,15950,72.67
2026-10-01 00:00:00,58963,1119.2
2026-10-01 00:00:00,55453,539.91
2026-10-01 00:00:00,58519,206.91
2026-10-01 00:00:00,58520,206.91
2026-10-01 00:00:00,50651,116.91
2026-10-01 00:00:00,53911,629.91
2026-10-01 00:00:00,49028,114.95
2026-10-01 00:00:00,49027,249.95
2026-10-01 00:00:00,52645,152.91
2026-10-01 00:00:00,51601,206.91
2026-10-01 00:00:00,51602,152.91
2026-10-01 00:00:00,55444,629.91
2026-10-01 00:00:00,49578,296.91
2026-10-01 00:00:00,49574,260.91
2026-10-01 00:00:00,58847,34.2
2026-10-01 00:00:00,58480,118.93
2026-10-01 00:00:00,58481,160.93
2026-10-01 00:00:00,64876,15.21
2026-10-01 00:00:00,51126,467.91
2026-10-01 00:00:00,36866,200.97
2026-10-01 00:00:00,52470,44.91
2026-10-01 00:00:00,54639,80.91
2026-10-01 00:00:00,54640,80.91
2026-10-01 00:00:00,51721,53.27
2026-10-01 00:00:00,20463,89.1
2026-10-01 00:00:00,59012,151.92
2026-10-01 00:00:00,58955,103.92
2026-10-01 00:00:00,58954,175.92
2026-10-01 00:00:00,58957,103.92
2026-10-01 00:00:00,58958,159.9
2026-10-01 00:00:00,46755,119.92
2026-10-01 00:00:00,58895,87.92
2026-10-01 00:00:00,58897,119.92
2026-10-01 00:00:00,58434,116.91
2026-10-01 00:00:00,36868,98.97
2026-10-01 00:00:00,36869,261.81
2026-10-01 00:00:00,50031,129.9
2026-10-01 00:00:00,47943,24.95
2026-10-01 00:00:00,58999,183.92
2026-10-01 00:00:00,32023,329.9
2026-10-01 00:00:00,55707,63.81
2026-10-01 00:00:00,55708,75.51
2026-10-01 00:00:00,58487,66.6
2026-10-01 00:00:00,50654,16.6
2026-10-01 00:00:00,58479,39.94
2026-10-01 00:00:00,16946,66.0
2026-10-01 00:00:00,58515,31.41
2026-10-01 00:00:00,50430,33.27
2026-10-01 00:00:00,51108,224.91
2026-10-01 00:00:00,48190,449.91
2026-10-01 00:00:00,58447,89.91
2026-10-01 00:00:00,58435,134.91
2026-10-01 00:00:00,57785,200.28
2026-10-01 00:00:00,17853,101.94
2026-10-01 00:00:00,17859,125.94
2026-10-01 00:00:00,17857,77.94
2026-10-01 00:00:00,17865,159.9
2026-10-01 00:00:00,17863,219.9
2026-10-01 00:00:00,30739,169.9
2026-10-01 00:00:00,52631,29.95
2026-10-01 00:00:00,54337,62.91
2026-10-01 00:00:00,64371,539.1
2026-10-01 00:00:00,55443,299.9
2026-10-01 00:00:00,30685,13.27
2026-10-01 00:00:00,48407,71.91
2026-10-01 00:00:00,52834,269.91
2026-10-01 00:00:00,52835,215.91
2026-10-01 00:00:00,48263,1169.1
2026-10-01 00:00:00,49168,359.91
2026-10-01 00:00:00,18145,17.91
2026-10-01 00:00:00,18146,22.41
2026-10-01 00:00:00,13795,129.9
2026-10-01 00:00:00,19924,69.9
2026-10-01 00:00:00,13797,41.94
2026-10-01 00:00:00,13796,41.94
2026-10-01 00:00:00,49014,224.95
2026-10-01 00:00:00,18144,17.91
2026-10-01 00:00:00,49010,116.91
2026-10-01 00:00:00,55491,62.91
2026-10-01 00:00:00,55492,23.97
2026-10-01 00:00:00,29737,69.9
2026-10-01 00:00:00,29736,69.9
2026-10-01 00:00:00,52827,170.91
2026-10-01 00:00:00,52828,206.91
2026-10-01 00:00:00,29731,49.9
2026-10-01 00:00:00,29732,49.9
2026-10-01 00:00:00,29730,29.9
2026-10-01 00:00:00,13794,129.9
2026-10-01 00:00:00,30393,24.9
2026-10-01 00:00:00,30667,15.9
2026-10-01 00:00:00,29721,29.9
2026-10-01 00:00:00,47207,15.21
2026-10-01 00:00:00,47211,17.91
2026-10-01 00:00:00,47214,20.61
2026-10-01 00:00:00,47215,47.61
2026-10-01 00:00:00,29725,49.9
2026-10-01 00:00:00,29724,49.9
2026-10-01 00:00:00,29723,49.9
2026-10-01 00:00:00,29726,49.9
2026-10-01 00:00:00,29722,34.9
2026-10-01 00:00:00,47223,40.41
2026-10-01 00:00:00,46824,62.91
2026-10-01 00:00:00,46721,80.91
2026-10-01 00:00:00,46882,107.91
2026-10-01 00:00:00,46839,152.91
2026-10-01 00:00:00,46708,44.91
2026-10-01 00:00:00,46831,62.91
2026-10-01 00:00:00,46887,107.91
2026-10-01 00:00:00,46710,62.91
2026-10-01 00:00:00,58465,206.91
2026-10-01 00:00:00,58466,260.91
2026-10-01 00:00:00,13801,53.94
2026-10-01 00:00:00,13798,41.94
2026-10-01 00:00:00,14065,89.9
2026-10-01 00:00:00,13800,53.94
2026-10-01 00:00:00,13802,53.94
2026-10-01 00:00:00,13799,41.94
2026-10-01 00:00:00,29728,35.94
2026-10-01 00:00:00,29727,35.94
2026-10-01 00:00:00,29729,35.94
2026-10-01 00:00:00,33734,34.9
2026-10-01 00:00:00,33731,29.9
2026-10-01 00:00:00,33730,29.9
2026-10-01 00:00:00,33732,34.9
2026-10-01 00:00:00,33735,34.9
2026-10-01 00:00:00,33499,34.9
2026-10-01 00:00:00,33726,39.9
2026-10-01 00:00:00,33724,34.9
2026-10-01 00:00:00,33725,39.9
2026-10-01 00:00:00,33723,34.9
2026-10-01 00:00:00,33727,39.9
2026-10-01 00:00:00,33728,35.94
2026-10-01 00:00:00,33737,49.9
2026-10-01 00:00:00,33498,39.9
2026-10-01 00:00:00,55087,110.88
2026-10-01 00:00:00,52823,71.91
2026-10-01 00:00:00,58488,116.91
2026-10-01 00:00:00,58486,116.91
2026-10-01 00:00:00,54354,125.91
2026-10-01 00:00:00,54355,108.0
2026-10-01 00:00:00,53501,233.91
2026-10-01 00:00:00,55073,71.91
2026-10-01 00:00:00,51772,107.91
2026-10-01 00:00:00,58981,53.91
2026-10-01 00:00:00,53917,43.27
2026-10-01 00:00:00,53918,43.27
2026-10-01 00:00:00,52597,53.27
2026-10-01 00:00:00,58485,39.94
2026-10-01 00:00:00,53901,66.6
2026-10-01 00:00:00,32028,39.94
2026-10-01 00:00:00,21703,71.91
2026-10-01 00:00:00,63701,43.27
2026-10-01 00:00:00,53894,53.27
2026-10-01 00:00:00,63684,21.33
2026-10-01 00:00:00,53905,29.93
2026-10-01 00:00:00,53902,29.93
2026-10-01 00:00:00,63691,21.0
2026-10-01 00:00:00,28380,33.27
2026-10-01 00:00:00,64976,106.61
2026-10-01 00:00:00,64977,106.61
2026-10-01 00:00:00,58385,86.6
2026-10-01 00:00:00,58490,86.6
2026-10-01 00:00:00,58489,73.27
2026-10-01 00:00:00,58491,66.6
2026-10-01 00:00:00,58386,126.61
2026-10-01 00:00:00,53904,86.6
2026-10-01 00:00:00,53903,86.6
2026-10-01 00:00:00,53915,86.6
2026-10-01 00:00:00,63682,21.93
2026-10-01 00:00:00,58978,149.93
2026-10-01 00:00:00,52819,149.93
2026-10-01 00:00:00,58529,127.43
2026-10-01 00:00:00,46684,97.43
2026-10-01 00:00:00,51101,194.92
2026-10-01 00:00:00,51103,172.43
2026-10-01 00:00:00,58393,187.43
2026-10-01 00:00:00,58387,239.92
2026-10-01 00:00:00,51106,187.43
2026-10-01 00:00:00,53174,188.3
2026-10-01 00:00:00,53177,349.93
2026-10-01 00:00:00,53172,188.3
2026-10-01 00:00:00,24282,39.94
2026-10-01 00:00:00,31956,6.6
2026-10-01 00:00:00,23250,16.6
2026-10-01 00:00:00,17104,33.27
2026-10-01 00:00:00,17105,33.27
2026-10-01 00:00:00,17106,49.9
2026-10-01 00:00:00,17107,6.6
2026-10-01 00:00:00,16948,6.6
2026-10-01 00:00:00,14813,13.27
2026-10-01 00:00:00,47953,12.33
2026-10-01 00:00:00,48310,199.9
2026-10-01 00:00:00,48422,149.9
2026-10-01 00:00:00,48376,230.93
2026-10-01 00:00:00,10170,167.0
2026-10-01 00:00:00,48412,299.9
2026-10-01 00:00:00,50304,89.97
2026-10-01 00:00:00,13806,144.9
2026-10-01 00:00:00,10180,167.0
2026-10-01 00:00:00,10165,167.0
2026-10-01 00:00:00,10181,167.0
2026-10-01 00:00:00,46725,160.93
2026-10-01 00:00:00,47968,202.3
2026-10-01 00:00:00,10167,127.0
2026-10-01 00:00:00,10164,127.0
2026-10-01 00:00:00,6230,127.0
2026-10-01 00:00:00,10166,127.0
2026-10-01 00:00:00,48371,329.9
2026-10-01 00:00:00,57245,249.9
2026-10-01 00:00:00,55069,68.85
2026-10-01 00:00:00,51945,79.95
2026-10-01 00:00:00,9303,92.67
2026-10-01 00:00:00,12648,13.27
2026-10-01 00:00:00,29515,13.27
2026-10-01 00:00:00,63714,119.94
2026-10-01 00:00:00,53889,179.91
2026-10-01 00:00:00,53890,134.91
2026-10-01 00:00:00,46830,22.41
2026-10-01 00:00:00,49073,35.91
2026-10-01 00:00:00,49407,80.91
2026-10-01 00:00:00,47220,53.91
2026-10-01 00:00:00,47949,44.91
2026-10-01 00:00:00,48043,80.91
2026-10-01 00:00:00,48036,80.91
2026-10-01 00:00:00,48027,62.91
2026-10-01 00:00:00,46705,116.91
2026-10-01 00:00:00,48099,31.41
2026-10-01 00:00:00,58876,40.41
2026-10-01 00:00:00,58877,40.41
2026-10-01 00:00:00,48101,26.91
2026-10-01 00:00:00,53895,69.9
2026-10-01 00:00:00,23944,17.91
2026-10-01 00:00:00,18141,31.41
2026-10-01 00:00:00,18139,35.91
2026-10-01 00:00:00,53582,20.52
2026-10-01 00:00:00,53309,17.91
2026-10-01 00:00:00,62722,2999.0
2026-10-01 00:00:00,47311,0.0
2026-10-01 00:00:00,44928,1149.5
2026-10-01 00:00:00,44930,849.5
2026-10-01 00:00:00,44929,2899.0
2026-10-01 00:00:00,48634,169.9
2026-10-01 00:00:00,48602,179.9
2026-10-01 00:00:00,62965,127.92
2026-10-01 00:00:00,62964,127.92
2026-10-01 00:00:00,50114,239.9
2026-10-01 00:00:00,50113,215.91
2026-10-01 00:00:00,54932,149.9
2026-10-01 00:00:00,48688,209.94
2026-10-01 00:00:00,48694,349.9
2026-10-01 00:00:00,48696,244.93
2026-10-01 00:00:00,50412,143.91
2026-10-01 00:00:00,50411,116.91
2026-10-01 00:00:00,48607,179.9
2026-10-01 00:00:00,48614,179.9
2026-10-01 00:00:00,48609,161.91
2026-10-01 00:00:00,47404,159.9
2026-10-01 00:00:00,55364,89.9
2026-10-01 00:00:00,55459,549.9
2026-10-01 00:00:00,50062,599.9
2026-10-01 00:00:00,48625,199.95
2026-10-01 00:00:00,26947,0.0
2026-10-01 00:00:00,55802,279.3
2026-10-01 00:00:00,48639,299.9
2026-10-01 00:00:00,63006,199.9
2026-10-01 00:00:00,63009,149.9
2026-10-01 00:00:00,63008,170.91
2026-10-01 00:00:00,62948,99.9
2026-10-01 00:00:00,54793,25.47
2026-10-01 00:00:00,26304,59.0
2026-10-01 00:00:00,26318,19.9
2026-10-01 00:00:00,38513,90.93
2026-10-01 00:00:00,52462,62.91
2026-10-01 00:00:00,63224,67.5
2026-10-01 00:00:00,64874,179.91
2026-10-01 00:00:00,46484,359.91
2026-10-01 00:00:00,60082,449.91
2026-10-01 00:00:00,46432,169.9
2026-10-01 00:00:00,37969,359.91
2026-10-01 00:00:00,14347,359.91
2026-10-01 00:00:00,46507,404.91
2026-10-01 00:00:00,46308,44.91
2026-10-01 00:00:00,27489,79.9
2026-10-01 00:00:00,46467,656.1
2026-10-01 00:00:00,56966,71.91
2026-10-01 00:00:00,57633,76.5
2026-10-01 00:00:00,53952,5.9
2026-10-01 00:00:00,52293,29.94
2026-10-01 00:00:00,63263,17.94
2026-10-01 00:00:00,53049,41.94
2026-10-01 00:00:00,52287,29.94
2026-10-01 00:00:00,53050,29.94
2026-10-01 00:00:00,35024,5.97
2026-10-01 00:00:00,56022,48.6
2026-10-01 00:00:00,55967,27.9
2026-10-01 00:00:00,55999,27.9
2026-10-01 00:00:00,56734,24.8
2026-10-01 00:00:00,56735,46.8
2026-10-01 00:00:00,56730,46.8
2026-10-01 00:00:00,56736,44.1
2026-10-01 00:00:00,56174,63.0
2026-10-01 00:00:00,56181,61.2
2026-10-01 00:00:00,56183,61.2
2026-10-01 00:00:00,56175,59.4
2026-10-01 00:00:00,56176,59.4
2026-10-01 00:00:00,56178,59.4
2026-10-01 00:00:00,56180,55.5
2026-10-01 00:00:00,56177,59.4
2026-10-01 00:00:00,56197,46.8
2026-10-01 00:00:00,55964,34.2
2026-10-01 00:00:00,56731,34.2
2026-10-01 00:00:00,56010,34.2
2026-10-01 00:00:00,55963,34.2
2026-10-01 00:00:00,56138,20.7
2026-10-01 00:00:00,56134,20.7
2026-10-01 00:00:00,56133,20.7
2026-10-01 00:00:00,55972,50.4
2026-10-01 00:00:00,56202,63.0
2026-10-01 00:00:00,56160,48.6
2026-10-01 00:00:00,55990,58.5
2026-10-01 00:00:00,56018,58.5
2026-10-01 00:00:00,56739,26.1
2026-10-01 00:00:00,55985,26.1
2026-10-01 00:00:00,55980,26.1
2026-10-01 00:00:00,55982,26.1
2026-10-01 00:00:00,55983,26.1
2026-10-01 00:00:00,55984,26.1
2026-10-01 00:00:00,56203,42.0
2026-10-01 00:00:00,56204,42.0
2026-10-01 00:00:00,56740,43.2
2026-10-01 00:00:00,56205,43.2
2026-10-01 00:00:00,56139,42.3
2026-10-01 00:00:00,56142,37.8
2026-10-01 00:00:00,56741,27.9
2026-10-01 00:00:00,56206,54.9
2026-10-01 00:00:00,55995,22.5
2026-10-01 00:00:00,56008,22.5
2026-10-01 00:00:00,56016,20.0
2026-10-01 00:00:00,56743,22.5
2026-10-01 00:00:00,56103,22.5
2026-10-01 00:00:00,56104,22.5
2026-10-01 00:00:00,56108,22.5
2026-10-01 00:00:00,56151,52.0
2026-10-01 00:00:00,64444,62.1
2026-10-01 00:00:00,56207,48.6
2026-10-01 00:00:00,56146,58.5
2026-10-01 00:00:00,55958,37.8
2026-10-01 00:00:00,56163,46.4
2026-10-01 00:00:00,56162,52.2
2026-10-01 00:00:00,55992,16.2
2026-10-01 00:00:00,55976,48.6
2026-10-01 00:00:00,56125,44.1
2026-10-01 00:00:00,56126,44.1
2026-10-01 00:00:00,56208,44.1
2026-10-01 00:00:00,56136,42.0
2026-10-01 00:00:00,56135,61.2
2026-10-01 00:00:00,56748,61.2
2026-10-01 00:00:00,56749,44.1
2026-10-01 00:00:00,55968,44.1
2026-10-01 00:00:00,55997,53.1
2026-10-01 00:00:00,56019,64.8
2026-10-01 00:00:00,56013,64.8
2026-10-01 00:00:00,56155,46.8
2026-10-01 00:00:00,55987,58.5
2026-10-01 00:00:00,56154,54.0
2026-10-01 00:00:00,56014,48.6
2026-10-01 00:00:00,55971,56.7
2026-10-01 00:00:00,56209,64.8
2026-10-01 00:00:00,56210,64.8
2026-10-01 00:00:00,56153,44.1
2026-10-01 00:00:00,56156,37.8
2026-10-01 00:00:00,56159,44.1
2026-10-01 00:00:00,56161,52.2
2026-10-01 00:00:00,56214,41.25
2026-10-01 00:00:00,56215,41.25
2026-10-01 00:00:00,56213,41.25
2026-10-01 00:00:00,55961,64.8
2026-10-01 00:00:00,56023,17.1
2026-10-01 00:00:00,56216,46.8
2026-10-01 00:00:00,64457,78.3
2026-10-01 00:00:00,64458,78.3
2026-10-01 00:00:00,64459,78.3
2026-10-01 00:00:00,64377,78.3
2026-10-01 00:00:00,64454,46.8
2026-10-01 00:00:00,64456,46.8
2026-10-01 00:00:00,64440,44.1
2026-10-01 00:00:00,64441,44.1
2026-10-01 00:00:00,64442,44.1
2026-10-01 00:00:00,64443,44.1
2026-10-01 00:00:00,64453,50.4
2026-10-01 00:00:00,64446,44.1
2026-10-01 00:00:00,64445,44.1
2026-10-01 00:00:00,64433,50.4
2026-10-01 00:00:00,64436,53.1
2026-10-01 00:00:00,64438,53.1
2026-10-01 00:00:00,64439,53.1
2026-10-01 00:00:00,64437,57.6
2026-10-01 00:00:00,64435,57.6
2026-10-01 00:00:00,64448,46.8
2026-10-01 00:00:00,63193,54.9
2026-10-01 00:00:00,64430,46.8
2026-10-01 00:00:00,64432,46.8
2026-10-01 00:00:00,64431,46.8
2026-10-01 00:00:00,64449,49.5
2026-10-01 00:00:00,64450,49.5
2026-10-01 00:00:00,28377,239.9
2026-10-01 00:00:00,46470,299.9
2026-10-01 00:00:00,46489,332.91
2026-10-01 00:00:00,56477,83.93
2026-10-01 00:00:00,54040,17.91
2026-10-01 00:00:00,52466,62.91
2026-10-01 00:00:00,57182,67.68
2026-10-01 00:00:00,57183,55.8
2026-10-01 00:00:00,65264,2150.1
2026-10-01 00:00:00,65265,2384.1
2026-10-01 00:00:00,26315,8.91
2026-10-01 00:00:00,26316,4.9
2026-10-01 00:00:00,46454,296.91
2026-10-01 00:00:00,45061,116.91
2026-10-01 00:00:00,45244,251.91
2026-10-01 00:00:00,46500,449.91
2026-10-01 00:00:00,57255,80.91
2026-10-01 00:00:00,59668,107.91
2026-10-01 00:00:00,59667,107.91
2026-10-01 00:00:00,52471,62.91
2026-10-01 00:00:00,11408,179.91
2026-10-01 00:00:00,59661,179.91
2026-10-01 00:00:00,59657,206.91
2026-10-01 00:00:00,50953,5.9
2026-10-01 00:00:00,59660,80.91
2026-10-01 00:00:00,12640,71.91
2026-10-01 00:00:00,62889,899.0
2026-10-01 00:00:00,62890,999.0
2026-10-01 00:00:00,59924,1599.0
2026-10-01 00:00:00,52526,124.95
2026-10-01 00:00:00,47134,1080.0
2026-10-01 00:00:00,47132,1080.0
2026-10-01 00:00:00,60375,1709.1
2026-10-01 00:00:00,45472,1349.1
2026-10-01 00:00:00,45469,1619.1
2026-10-01 00:00:00,60385,1359.0
2026-10-01 00:00:00,60389,1599.0
2026-10-01 00:00:00,60388,1119.0
2026-10-01 00:00:00,60390,1359.0
2026-10-01 00:00:00,60387,1599.0
2026-10-01 00:00:00,47361,959.0
2026-10-01 00:00:00,44579,1279.0
2026-10-01 00:00:00,44585,1519.0
2026-10-01 00:00:00,37989,629.91
2026-10-01 00:00:00,52697,71.91
2026-10-01 00:00:00,11293,134.91
2026-10-01 00:00:00,28351,99.9
2026-10-01 00:00:00,28352,99.9
2026-10-01 00:00:00,46494,170.91
2026-10-01 00:00:00,59656,179.91
2026-10-01 00:00:00,59659,179.91
2026-10-01 00:00:00,19758,839.0
2026-10-01 00:00:00,1992,429.0
2026-10-01 00:00:00,46528,359.91
2026-10-01 00:00:00,42106,116.91
2026-10-01 00:00:00,46448,314.91
2026-10-01 00:00:00,46460,332.91
2026-10-01 00:00:00,50700,64.9
2026-10-01 00:00:00,52474,44.91
2026-10-01 00:00:00,53865,13.41
2026-10-01 00:00:00,63265,63.25
2026-10-01 00:00:00,46466,199.9
2026-10-01 00:00:00,14344,449.91
2026-10-01 00:00:00,64170,1829.0
2026-10-01 00:00:00,64908,1214.1
2026-10-01 00:00:00,61914,2799.0
2026-10-01 00:00:00,61917,2389.0
2026-10-01 00:00:00,64907,1421.1
2026-10-01 00:00:00,63568,1214.1
2026-10-01 00:00:00,61873,2309.0
2026-10-01 00:00:00,64155,2179.0
2026-10-01 00:00:00,64171,1969.0
2026-10-01 00:00:00,64156,1909.0
2026-10-01 00:00:00,64909,1829.0
2026-10-01 00:00:00,64168,2079.0
2026-10-01 00:00:00,64163,1969.0
2026-10-01 00:00:00,61869,2389.0
2026-10-01 00:00:00,61859,2099.0
2026-10-01 00:00:00,61870,2349.0
2026-10-01 00:00:00,61861,2259.0
2026-10-01 00:00:00,61868,1829.0
2026-10-01 00:00:00,61872,1829.0
2026-10-01 00:00:00,61915,1969.0
2026-10-01 00:00:00,61916,2079.0
2026-10-01 00:00:00,64158,1759.0
2026-10-01 00:00:00,64154,2159.0
2026-10-01 00:00:00,61746,2519.0
2026-10-01 00:00:00,65271,2519.1
2026-10-01 00:00:00,65263,1277.1
2026-10-01 00:00:00,65268,1871.1
2026-10-01 00:00:00,65273,2267.1
2026-10-01 00:00:00,65270,2384.1
2026-10-01 00:00:00,65266,1889.1
2026-10-01 00:00:00,65276,3617.1
2026-10-01 00:00:00,65274,1646.1
2026-10-01 00:00:00,65272,2267.1
2026-10-01 00:00:00,64913,1727.1
2026-10-01 00:00:00,65275,1520.1
2026-10-01 00:00:00,64164,3059.0
2026-10-01 00:00:00,65262,3122.1
2026-10-01 00:00:00,65267,1340.1
2026-10-01 00:00:00,65269,3248.1
2026-10-01 00:00:00,64927,3554.1
2026-10-01 00:00:00,61876,2649.0
2026-10-01 00:00:00,64167,2859.0
2026-10-01 00:00:00,61910,2179.0
2026-10-01 00:00:00,64920,2309.0
2026-10-01 00:00:00,64922,2649.0
2026-10-01 00:00:00,64921,2389.0
2026-10-01 00:00:00,64172,2649.0
2026-10-01 00:00:00,64916,2150.1
2026-10-01 00:00:00,61912,2099.0
2026-10-01 00:00:00,61911,2259.0
2026-10-01 00:00:00,64159,2150.1
2026-10-01 00:00:00,61913,3129.0
2026-10-01 00:00:00,46548,314.91
2026-10-01 00:00:00,64915,2519.1
2026-10-01 00:00:00,64912,2879.1
2026-10-01 00:00:00,64911,3617.1
2026-10-01 00:00:00,64914,1889.1
2026-10-01 00:00:00,63569,3269.0
2026-10-01 00:00:00,64904,2204.1
2026-10-01 00:00:00,64928,1961.1
2026-10-01 00:00:00,64903,3671.1
2026-10-01 00:00:00,64165,3059.0
2026-10-01 00:00:00,64910,6344.1
2026-10-01 00:00:00,64160,2649.0
2026-10-01 00:00:00,64906,3851.1
2026-10-01 00:00:00,64157,2799.0
2026-10-01 00:00:00,64166,2389.0
2026-10-01 00:00:00,64162,2384.1
2026-10-01 00:00:00,64917,2204.1
2026-10-01 00:00:00,64905,3617.1
2026-10-01 00:00:00,64027,1.77
2026-10-01 00:00:00,21596,2.9
2026-10-01 00:00:00,14348,341.91
2026-10-01 00:00:00,58578,107.91
2026-10-01 00:00:00,46488,341.91
2026-10-01 00:00:00,51510,104.93
2026-10-01 00:00:00,41956,167.93
2026-10-01 00:00:00,12622,44.97
2026-10-01 00:00:00,59910,21.9
2026-10-01 00:00:00,30103,44.91
2026-10-01 00:00:00,28375,349.9
2026-10-01 00:00:00,47154,1679.0
2026-10-01 00:00:00,55419,179.9
2026-10-01 00:00:00,57138,40.41
2026-10-01 00:00:00,9986,89.91
2026-10-01 00:00:00,46490,170.91
2026-10-01 00:00:00,46483,170.91
2026-10-01 00:00:00,46496,170.91
2026-10-01 00:00:00,46502,170.91
2026-10-01 00:00:00,64879,242.91
2026-10-01 00:00:00,53537,80.01
2026-10-01 00:00:00,57372,131.31
2026-10-01 00:00:00,52596,131.31
2026-10-01 00:00:00,50962,4.9
2026-10-01 00:00:00,57331,279.9
2026-10-01 00:00:00,38146,71.91
2026-10-01 00:00:00,43850,20.0
2026-10-01 00:00:00,20004,50.0
2026-10-01 00:00:00,58917,31.92
2026-10-01 00:00:00,35748,152.91
2026-10-01 00:00:00,43903,59.9
2026-10-01 00:00:00,35546,62.91
2026-10-01 00:00:00,43902,71.91
2026-10-01 00:00:00,38155,125.91
2026-10-01 00:00:00,38153,125.91
2026-10-01 00:00:00,14680,71.91
2026-10-01 00:00:00,15005,89.91
2026-10-01 00:00:00,15004,89.91
2026-10-01 00:00:00,43898,71.91
2026-10-01 00:00:00,39186,116.91
2026-10-01 00:00:00,43855,89.91
2026-10-01 00:00:00,38150,134.91
2026-10-01 00:00:00,12033,20.0
2026-10-01 00:00:00,35544,107.91
2026-10-01 00:00:00,37667,215.91
2026-10-01 00:00:00,37666,287.91
2026-10-01 00:00:00,50,599.9
2026-10-01 00:00:00,28,99.9
2026-10-01 00:00:00,11379,379.9
2026-10-01 00:00:00,307,359.91
2026-10-01 00:00:00,23307,989.1
2026-10-01 00:00:00,1417,159.9
2026-10-01 00:00:00,308,314.91
2026-10-01 00:00:00,400,1079.1
2026-10-01 00:00:00,14594,319.9
2026-10-01 00:00:00,46273,199.9
2026-10-01 00:00:00,13254,189.0
2026-10-01 00:00:00,49263,134.91
2026-10-01 00:00:00,7389,215.91
2026-10-01 00:00:00,7393,179.91
2026-10-01 00:00:00,53926,251.91
2026-10-01 00:00:00,37648,170.91
2026-10-01 00:00:00,37659,449.91
2026-10-01 00:00:00,1197,314.91
2026-10-01 00:00:00,3924,305.91
2026-10-01 00:00:00,16601,170.91
2026-10-01 00:00:00,64412,179.9
2026-10-01 00:00:00,492,157.0
2026-10-01 00:00:00,53923,359.91
2026-10-01 00:00:00,20407,40.41
2026-10-01 00:00:00,49844,195.93
2026-10-01 00:00:00,31241,251.91
2026-10-01 00:00:00,57671,2297.0
2026-10-01 00:00:00,6821,485.91
2026-10-01 00:00:00,39280,161.91
2026-10-01 00:00:00,39279,179.91
2026-10-01 00:00:00,43843,62.91
2026-10-01 00:00:00,37670,299.9
2026-10-01 00:00:00,58617,699.9
2026-10-01 00:00:00,19986,79.92
2026-10-01 00:00:00,14591,95.92
2026-10-01 00:00:00,19987,44.0
2026-10-01 00:00:00,16618,47.92
2026-10-01 00:00:00,16619,55.92
2026-10-01 00:00:00,25746,55.92
2026-10-01 00:00:00,24983,53.6
2026-10-01 00:00:00,32642,24.9
2026-10-01 00:00:00,18281,22.41
2026-10-01 00:00:00,39282,134.91
2026-10-01 00:00:00,14589,107.91
2026-10-01 00:00:00,37669,224.91
2026-10-01 00:00:00,34023,219.9
2026-10-01 00:00:00,34024,179.9
2026-10-01 00:00:00,34022,249.9
2026-10-01 00:00:00,10316,116.91
2026-10-01 00:00:00,38148,99.9
2026-10-01 00:00:00,1162,422.91
2026-10-01 00:00:00,30109,62.91
2026-10-01 00:00:00,35535,431.91
2026-10-01 00:00:00,39172,1124.1
2026-10-01 00:00:00,53927,107.91
2026-10-01 00:00:00,35541,296.91
2026-10-01 00:00:00,21412,161.91
2026-10-01 00:00:00,43856,71.91
2026-10-01 00:00:00,38151,98.1
2026-10-01 00:00:00,14590,89.91
2026-10-01 00:00:00,54101,19.0
2026-10-01 00:00:00,35450,359.91
2026-10-01 00:00:00,54259,20.0
2026-10-01 00:00:00,59838,341.91
2026-10-01 00:00:00,59871,129.9
2026-10-01 00:00:00,25327,149.9
2026-10-01 00:00:00,49836,31.41
2026-10-01 00:00:00,57531,80.91
2026-10-01 00:00:00,57532,76.41
2026-10-01 00:00:00,21821,26.01
2026-10-01 00:00:00,21843,44.91
2026-10-01 00:00:00,61983,22.5
2026-10-01 00:00:00,63855,123.21
2026-10-01 00:00:00,49725,17.91
2026-10-01 00:00:00,50395,26.91
2026-10-01 00:00:00,57754,29.9
2026-10-01 00:00:00,63466,69.93
2026-10-01 00:00:00,63198,69.93
2026-10-01 00:00:00,63196,55.93
2026-10-01 00:00:00,63197,55.93
2026-10-01 00:00:00,40621,319.92
2026-10-01 00:00:00,27197,149.9
2026-10-01 00:00:00,50078,44.91
2026-10-01 00:00:00,40625,367.92
2026-10-01 00:00:00,853,359.92
2026-10-01 00:00:00,13574,319.92
2026-10-01 00:00:00,29128,199.9
2026-10-01 00:00:00,21380,399.92
2026-10-01 00:00:00,881,447.92
2026-10-01 00:00:00,20134,583.92
2026-10-01 00:00:00,8037,631.92
2026-10-01 00:00:00,50090,62.91
2026-10-01 00:00:00,40620,223.92
2026-10-01 00:00:00,63465,48.93
2026-10-01 00:00:00,21382,679.92
2026-10-01 00:00:00,49642,159.92
2026-10-01 00:00:00,50083,287.91
2026-10-01 00:00:00,49613,179.91
2026-10-01 00:00:00,49286,279.92
2026-10-01 00:00:00,8031,719.92
2026-10-01 00:00:00,8029,111.92
2026-10-01 00:00:00,63464,34.93
2026-10-01 00:00:00,54895,317.0
2026-10-01 00:00:00,54897,397.0
2026-10-01 00:00:00,1602,199.92
2026-10-01 00:00:00,54896,257.0
2026-10-01 00:00:00,1232,239.92
2026-10-01 00:00:00,27622,47.0
2026-10-01 00:00:00,63194,24.43
2026-10-01 00:00:00,63195,24.43
2026-10-01 00:00:00,62313,377.0
2026-10-01 00:00:00,63269,877.0
2026-10-01 00:00:00,63662,287.0
2026-10-01 00:00:00,62251,269.91
2026-10-01 00:00:00,64647,51.21
2026-10-01 00:00:00,64652,53.91
2026-10-01 00:00:00,64649,53.91
2026-10-01 00:00:00,37455,35.91
2026-10-01 00:00:00,37454,35.91
2026-10-01 00:00:00,31465,26.91
2026-10-01 00:00:00,31468,23.31
2026-10-01 00:00:00,30039,33.21
2026-10-01 00:00:00,31464,49.41
2026-10-01 00:00:00,31466,76.41
2026-10-01 00:00:00,46210,6.75
2026-10-01 00:00:00,49153,7.65
2026-10-01 00:00:00,46903,13.41
2026-10-01 00:00:00,46143,19.71
2026-10-01 00:00:00,47577,25.11
2026-10-01 00:00:00,31470,35.01
2026-10-01 00:00:00,31467,49.5
2026-10-01 00:00:00,50964,53.91
2026-10-01 00:00:00,17136,19.9
2026-10-01 00:00:00,34288,395.91
2026-10-01 00:00:00,50701,5.9
2026-10-01 00:00:00,46147,42.21
2026-10-01 00:00:00,31469,53.91
2026-10-01 00:00:00,32674,26.91
2026-10-01 00:00:00,31164,62.91
2026-10-01 00:00:00,52639,3.87
2026-10-01 00:00:00,49618,44.91
2026-10-01 00:00:00,20757,49.41
2026-10-01 00:00:00,64404,62.91
2026-10-01 00:00:00,48105,99.9
2026-10-01 00:00:00,49137,35.91
2026-10-01 00:00:00,26086,44.91
2026-10-01 00:00:00,44042,40500.0
2026-10-01 00:00:00,44428,170.91
2026-10-01 00:00:00,44273,229.9
2026-10-01 00:00:00,49132,55.9
2026-10-01 00:00:00,21820,29.61
2026-10-01 00:00:00,49775,40.41
2026-10-01 00:00:00,49776,40.41
2026-10-01 00:00:00,58180,35.91
2026-10-01 00:00:00,50891,89.91
2026-10-01 00:00:00,20764,98.91
2026-10-01 00:00:00,20763,35.91
2026-10-01 00:00:00,20762,35.91
2026-10-01 00:00:00,50087,53.91
2026-10-01 00:00:00,50888,53.91
2026-10-01 00:00:00,49649,35.91
2026-10-01 00:00:00,49648,35.91
2026-10-01 00:00:00,37457,48.93
2026-10-01 00:00:00,43140,315.0
2026-10-01 00:00:00,49120,62.91
2026-10-01 00:00:00,49121,62.91
2026-10-01 00:00:00,44269,49.9
2026-10-01 00:00:00,49122,71.91
2026-10-01 00:00:00,14839,233.1
2026-10-01 00:00:00,49124,71.91
2026-10-01 00:00:00,57943,35.91
2026-10-01 00:00:00,34279,116.91
2026-10-01 00:00:00,62253,26.91
2026-10-01 00:00:00,62284,67.41
2026-10-01 00:00:00,48104,305.91
2026-10-01 00:00:00,23715,26.91
2026-10-01 00:00:00,50950,8.9
2026-10-01 00:00:00,48632,259.9
2026-10-01 00:00:00,49656,116.91
2026-10-01 00:00:00,49659,116.91
2026-10-01 00:00:00,53858,30.0
2026-10-01 00:00:00,20822,35.91
2026-10-01 00:00:00,49755,49.41
2026-10-01 00:00:00,23077,26.91
2026-10-01 00:00:00,64646,51.21
2026-10-01 00:00:00,49798,33.21
2026-10-01 00:00:00,49797,33.21
2026-10-01 00:00:00,49800,33.21
2026-10-01 00:00:00,22231,53.91
2026-10-01 00:00:00,56563,98.91
2026-10-01 00:00:00,43142,315.0
2026-10-01 00:00:00,48236,351.4
2026-10-01 00:00:00,52469,80.91
2026-10-01 00:00:00,53470,35.91
2026-10-01 00:00:00,64740,22.41
2026-10-01 00:00:00,21831,25.11
2026-10-01 00:00:00,21841,193.41
2026-10-01 00:00:00,24645,29.66
2026-10-01 00:00:00,53859,53.91
2026-10-01 00:00:00,56552,109.71
2026-10-01 00:00:00,50896,39.9
2026-10-01 00:00:00,62271,22.41
2026-10-01 00:00:00,21825,26.01
2026-10-01 00:00:00,44845,116.91
2026-10-01 00:00:00,21822,29.61
2026-10-01 00:00:00,50895,26.91
2026-10-01 00:00:00,21823,19.71
2026-10-01 00:00:00,50901,31.41
2026-10-01 00:00:00,41731,134.91
2026-10-01 00:00:00,50894,35.91
2026-10-01 00:00:00,21834,46.71
2026-10-01 00:00:00,21835,16.11
2026-10-01 00:00:00,21833,39.51
2026-10-01 00:00:00,21829,29.61
2026-10-01 00:00:00,21649,24.9
2026-10-01 00:00:00,50892,31.41
2026-10-01 00:00:00,23724,229.9
2026-10-01 00:00:00,50735,53.91
2026-10-01 00:00:00,59860,17.0
2026-10-01 00:00:00,49757,44.91
2026-10-01 00:00:00,49754,36.9
2026-10-01 00:00:00,21846,32.9
2026-10-01 00:00:00,21845,36.9
2026-10-01 00:00:00,49674,26.91
2026-10-01 00:00:00,49822,26.91
2026-10-01 00:00:00,49821,26.91
2026-10-01 00:00:00,63864,31.41
2026-10-01 00:00:00,50736,233.91
2026-10-01 00:00:00,50737,22.41
2026-10-01 00:00:00,50739,323.91
2026-10-01 00:00:00,50742,449.91
2026-10-01 00:00:00,63871,29.9
2026-10-01 00:00:00,26119,62.91
2026-10-01 00:00:00,13818,149.9
2026-10-01 00:00:00,14840,99.9
2026-10-01 00:00:00,49397,40.0
2026-10-01 00:00:00,14841,199.9
2026-10-01 00:00:00,50243,13.41
2026-10-01 00:00:00,17444,62.91
2026-10-01 00:00:00,21913,9.9
2026-10-01 00:00:00,24350,44.91
2026-10-01 00:00:00,39570,29.61
2026-10-01 00:00:00,39571,35.91
2026-10-01 00:00:00,21826,29.61
2026-10-01 00:00:00,21827,35.91
2026-10-01 00:00:00,49756,35.01
2026-10-01 00:00:00,50897,26.91
2026-10-01 00:00:00,58178,26.91
2026-10-01 00:00:00,57944,40.41
2026-10-01 00:00:00,47924,80.91
2026-10-01 00:00:00,50500,134.91
2026-10-01 00:00:00,50899,22.41
2026-10-01 00:00:00,25325,22.41
2026-10-01 00:00:00,47031,359.91
2026-10-01 00:00:00,54898,317.0
2026-10-01 00:00:00,48715,22.41
2026-10-01 00:00:00,49416,224.1
2026-10-01 00:00:00,28244,379.9
2026-10-01 00:00:00,50750,116.91
2026-10-01 00:00:00,57960,98.91
2026-10-01 00:00:00,50748,71.91
2026-10-01 00:00:00,50965,71.91
2026-10-01 00:00:00,50749,35.91
2026-10-01 00:00:00,21832,13.41
2026-10-01 00:00:00,44252,89.1
2026-10-01 00:00:00,2630,269.91
2026-10-01 00:00:00,49645,386.91
2026-10-01 00:00:00,23036,233.91
2026-10-01 00:00:00,37448,279.93
2026-10-01 00:00:00,64648,22.41
2026-10-01 00:00:00,64650,22.41
2026-10-01 00:00:00,64651,22.41
2026-10-01 00:00:00,23080,4.41
2026-10-01 00:00:00,50680,22.41
2026-10-01 00:00:00,33491,62.91
2026-10-01 00:00:00,20620,62.91
2026-10-01 00:00:00,14837,100.0
2026-10-01 00:00:00,59859,357.0
2026-10-01 00:00:00,57942,44.9
2026-10-01 00:00:00,21819,15.21
2026-10-01 00:00:00,31227,49.9
2026-10-01 00:00:00,49753,59.9
2026-10-01 00:00:00,54286,79.9
2026-10-01 00:00:00,57838,49.9
2026-10-01 00:00:00,50210,59.9
2026-10-01 00:00:00,48714,199.9
2026-10-01 00:00:00,48713,233.91
2026-10-01 00:00:00,58162,37.45
2026-10-01 00:00:00,54320,3.95
2026-10-01 00:00:00,53788,39.9
2026-10-01 00:00:00,58133,63.92
2026-10-01 00:00:00,57690,9.95
2026-10-01 00:00:00,58521,17.91
2026-10-01 00:00:00,62264,23.45
2026-10-01 00:00:00,46018,17.91
2026-10-01 00:00:00,14369,71.92
2026-10-01 00:00:00,65000,141.55
2026-10-01 00:00:00,65008,49.0
2026-10-01 00:00:00,57770,2.95
2026-10-01 00:00:00,54769,1.47
2026-10-01 00:00:00,54770,2.67
2026-10-01 00:00:00,54771,2.07
2026-10-01 00:00:00,54772,1.77
2026-10-01 00:00:00,54773,2.97
2026-10-01 00:00:00,54774,2.37
2026-10-01 00:00:00,54847,0.45
2026-10-01 00:00:00,54775,3.27
2026-10-01 00:00:00,54776,0.87
2026-10-01 00:00:00,54777,0.57
2026-10-01 00:00:00,54778,1.17
2026-10-01 00:00:00,54779,4.47
2026-10-01 00:00:00,54780,3.87
2026-10-01 00:00:00,54781,3.87
2026-10-01 00:00:00,54782,3.87
2026-10-01 00:00:00,54783,4.47
2026-10-01 00:00:00,53718,72.81
2026-10-01 00:00:00,56379,72.81
2026-10-01 00:00:00,56387,68.31
2026-10-01 00:00:00,55851,33.48
2026-10-01 00:00:00,54794,0.06
2026-10-01 00:00:00,20241,1.47
2026-10-01 00:00:00,19583,66.51
2026-10-01 00:00:00,53779,15.21
2026-10-01 00:00:00,53780,15.21
2026-10-01 00:00:00,65003,474.05
2026-10-01 00:00:00,65005,199.0
2026-10-01 00:00:00,46016,14.31
2026-10-01 00:00:00,53761,6.45
2026-10-01 00:00:00,56223,44.91
2026-10-01 00:00:00,46022,22.41
2026-10-01 00:00:00,46017,14.31
2026-10-01 00:00:00,63226,19.71
2026-10-01 00:00:00,53726,11.45
2026-10-01 00:00:00,52967,166.41
2026-10-01 00:00:00,52966,94.41
2026-10-01 00:00:00,37578,47.61
2026-10-01 00:00:00,24425,11.45
2026-10-01 00:00:00,45938,1.08
2026-10-01 00:00:00,45925,1.08
2026-10-01 00:00:00,45990,2.61
2026-10-01 00:00:00,45998,2.43
2026-10-01 00:00:00,45972,2.43
2026-10-01 00:00:00,45948,3.78
2026-10-01 00:00:00,46033,3.78
2026-10-01 00:00:00,46003,5.67
2026-10-01 00:00:00,45915,3.15
2026-10-01 00:00:00,62399,6.21
2026-10-01 00:00:00,62401,6.21
2026-10-01 00:00:00,55141,5.94
2026-10-01 00:00:00,46006,2.52
2026-10-01 00:00:00,55830,1.1
2026-10-01 00:00:00,46537,206.91
2026-10-01 00:00:00,46539,206.91
2026-10-01 00:00:00,46541,206.91
2026-10-01 00:00:00,56988,206.91
2026-10-01 00:00:00,55656,206.91
2026-10-01 00:00:00,5983,206.91
2026-10-01 00:00:00,14356,206.91
2026-10-01 00:00:00,26548,206.91
2026-10-01 00:00:00,5981,206.91
2026-10-01 00:00:00,5982,206.91
2026-10-01 00:00:00,45970,3.5
2026-10-01 00:00:00,55352,8.91
2026-10-01 00:00:00,40323,62.91
2026-10-01 00:00:00,40322,53.91
2026-10-01 00:00:00,40321,44.91
2026-10-01 00:00:00,40320,48.93
2026-10-01 00:00:00,55149,6.21
2026-10-01 00:00:00,55160,7.74
2026-10-01 00:00:00,55137,5.13
2026-10-01 00:00:00,52512,33.21
2026-10-01 00:00:00,46021,44.95
2026-10-01 00:00:00,20265,1.77
2026-10-01 00:00:00,20266,2.97
2026-10-01 00:00:00,53759,7.45
2026-10-01 00:00:00,54753,7.45
2026-10-01 00:00:00,52380,160.11
2026-10-01 00:00:00,52382,207.81
2026-10-01 00:00:00,52991,104.31
2026-10-01 00:00:00,52176,47.61
2026-10-01 00:00:00,5974,124.95
2026-10-01 00:00:00,5976,124.95
2026-10-01 00:00:00,65002,664.05
2026-10-01 00:00:00,65004,521.55
2026-10-01 00:00:00,65007,445.55
2026-10-01 00:00:00,65001,854.05
2026-10-01 00:00:00,20297,3.87
2026-10-01 00:00:00,12176,107.92
2026-10-01 00:00:00,17190,31.92
2026-10-01 00:00:00,17188,24.95
2026-10-01 00:00:00,17186,45.52
2026-10-01 00:00:00,12177,124.72
2026-10-01 00:00:00,17220,22.45
2026-10-01 00:00:00,30273,71.91
2026-10-01 00:00:00,30279,395.91
2026-10-01 00:00:00,30281,539.1
2026-10-01 00:00:00,19563,36.72
2026-10-01 00:00:00,57989,119.92
2026-10-01 00:00:00,57986,68.72
2026-10-01 00:00:00,57988,51.92
2026-10-01 00:00:00,57985,279.92
2026-10-01 00:00:00,20254,2.37
2026-10-01 00:00:00,20253,2.37
2026-10-01 00:00:00,20292,10.71
2026-10-01 00:00:00,20247,2.37
2026-10-01 00:00:00,20245,2.37
2026-10-01 00:00:00,20239,3.45
2026-10-01 00:00:00,20246,3.57
2026-10-01 00:00:00,20244,5.25
2026-10-01 00:00:00,20301,7.17
2026-10-01 00:00:00,20295,2.07
2026-10-01 00:00:00,20294,2.07
2026-10-01 00:00:00,53194,35.91
2026-10-01 00:00:00,52984,62.91
2026-10-01 00:00:00,52994,73.71
2026-10-01 00:00:00,57921,40.41
2026-10-01 00:00:00,57922,40.41
2026-10-01 00:00:00,54153,107.91
2026-10-01 00:00:00,54502,98.91
2026-10-01 00:00:00,54156,107.91
2026-10-01 00:00:00,54528,145.71
2026-10-01 00:00:00,54530,80.91
2026-10-01 00:00:00,28366,80.91
2026-10-01 00:00:00,24435,24.95
2026-10-01 00:00:00,53185,14.31
2026-10-01 00:00:00,53774,17.01
2026-10-01 00:00:00,54071,7.45
2026-10-01 00:00:00,57727,11.61
2026-10-01 00:00:00,60545,19.95
2026-10-01 00:00:00,53186,12.51
2026-10-01 00:00:00,20240,1.77
2026-10-01 00:00:00,42316,314.91
2026-10-01 00:00:00,63218,65.61
2026-10-01 00:00:00,55193,19.17
2026-10-01 00:00:00,45983,41.94
2026-10-01 00:00:00,46054,14.31
2026-10-01 00:00:00,36860,53.91
2026-10-01 00:00:00,55200,19.1
2026-10-01 00:00:00,24418,69.52
2026-10-01 00:00:00,45971,27.9
2026-10-01 00:00:00,55199,30.06
2026-10-01 00:00:00,55158,4.1
2026-10-01 00:00:00,36613,11.92
2026-10-01 00:00:00,24422,31.92
2026-10-01 00:00:00,36611,7.92
2026-10-01 00:00:00,55178,13.14
2026-10-01 00:00:00,24432,18.81
2026-10-01 00:00:00,44447,39.92
2026-10-01 00:00:00,17254,34.95
2026-10-01 00:00:00,55165,8.55
2026-10-01 00:00:00,57778,29.45
2026-10-01 00:00:00,58125,19.45
2026-10-01 00:00:00,57842,3.45
2026-10-01 00:00:00,57776,26.9
2026-10-01 00:00:00,57841,18.81
2026-10-01 00:00:00,54507,173.9
2026-10-01 00:00:00,54058,251.91
2026-10-01 00:00:00,54059,215.91
2026-10-01 00:00:00,54060,218.61
2026-10-01 00:00:00,55703,104.31
2026-10-01 00:00:00,46553,179.91
2026-10-01 00:00:00,58524,107.91
2026-10-01 00:00:00,47227,80.91
2026-10-01 00:00:00,54523,68.31
2026-10-01 00:00:00,20262,1.17
2026-10-01 00:00:00,53778,26.01
2026-10-01 00:00:00,53777,26.01
2026-10-01 00:00:00,53516,17.91
2026-10-01 00:00:00,53775,17.91
2026-10-01 00:00:00,58149,34.2
2026-10-01 00:00:00,60245,167.4
2026-10-01 00:00:00,60247,167.4
2026-10-01 00:00:00,65220,152.91
2026-10-01 00:00:00,53191,14.75
2026-10-01 00:00:00,53190,13.25
2026-10-01 00:00:00,53188,15.21
2026-10-01 00:00:00,57728,18.81
2026-10-01 00:00:00,54064,11.45
2026-10-01 00:00:00,57729,22.41
2026-10-01 00:00:00,24430,67.41
2026-10-01 00:00:00,54737,17.45
2026-10-01 00:00:00,55129,2.1
2026-10-01 00:00:00,55127,1.9
2026-10-01 00:00:00,55147,6.21
2026-10-01 00:00:00,54740,17.91
2026-10-01 00:00:00,54741,20.61
2026-10-01 00:00:00,11511,399.9
2026-10-01 00:00:00,65216,296.91
2026-10-01 00:00:00,55826,6.21
2026-10-01 00:00:00,58020,67.41
2026-10-01 00:00:00,33674,24.95
2026-10-01 00:00:00,51494,26.91
2026-10-01 00:00:00,52626,62.91
2026-10-01 00:00:00,65012,1899.05
2026-10-01 00:00:00,54795,89.97
2026-10-01 00:00:00,40319,34.93
2026-10-01 00:00:00,25687,29.95
2026-10-01 00:00:00,53719,31.41
2026-10-01 00:00:00,53716,11.61
2026-10-01 00:00:00,53715,11.61
2026-10-01 00:00:00,53523,28.71
2026-10-01 00:00:00,53526,22.41
2026-10-01 00:00:00,53528,30.51
2026-10-01 00:00:00,53525,28.71
2026-10-01 00:00:00,53524,30.51
2026-10-01 00:00:00,56380,25.11
2026-10-01 00:00:00,24447,12.45
2026-10-01 00:00:00,20258,3.27
2026-10-01 00:00:00,55843,26.91
2026-10-01 00:00:00,54796,20.97
2026-10-01 00:00:00,55805,1.08
2026-10-01 00:00:00,32470,1.45
2026-10-01 00:00:00,53833,23.97
2026-10-01 00:00:00,8704,89.91
2026-10-01 00:00:00,54797,101.97
2026-10-01 00:00:00,57779,26.45
2026-10-01 00:00:00,58128,44.91
2026-10-01 00:00:00,53462,5.97
2026-10-01 00:00:00,57738,40.41
2026-10-01 00:00:00,45457,224.91
2026-10-01 00:00:00,52968,697.41
2026-10-01 00:00:00,54748,136.71
2026-10-01 00:00:00,57746,55.71
2026-10-01 00:00:00,57745,53.01
2026-10-01 00:00:00,58526,44.91
2026-10-01 00:00:00,17260,53.91
2026-10-01 00:00:00,17262,89.91
2026-10-01 00:00:00,36608,59.92
2026-10-01 00:00:00,57927,207.81
2026-10-01 00:00:00,58139,74.61
2026-10-01 00:00:00,58143,125.01
2026-10-01 00:00:00,57691,54.95
2026-10-01 00:00:00,58142,22.45
2026-10-01 00:00:00,58141,60.21
2026-10-01 00:00:00,58134,42.0
2026-10-01 00:00:00,58135,74.61
2026-10-01 00:00:00,57694,34.95
2026-10-01 00:00:00,57744,42.21
2026-10-01 00:00:00,57743,42.21
2026-10-01 00:00:00,57993,271.92
2026-10-01 00:00:00,57742,32.31
2026-10-01 00:00:00,57741,35.91
2026-10-01 00:00:00,53835,68.97
2026-10-01 00:00:00,54799,20.97
2026-10-01 00:00:00,53836,8.97
2026-10-01 00:00:00,57731,49.41
2026-10-01 00:00:00,54117,40.05
2026-10-01 00:00:00,46079,5.75
2026-10-01 00:00:00,54743,31.41
2026-10-01 00:00:00,19263,112.41
2026-10-01 00:00:00,21614,28.71
2026-10-01 00:00:00,24429,62.01
2026-10-01 00:00:00,57737,25.11
2026-10-01 00:00:00,12171,127.92
2026-10-01 00:00:00,41485,337.41
2026-10-01 00:00:00,36862,18.81
2026-10-01 00:00:00,45985,2.3
2026-10-01 00:00:00,24431,53.91
2026-10-01 00:00:00,19262,71.91
2026-10-01 00:00:00,19349,71.91
2026-10-01 00:00:00,19348,80.91
2026-10-01 00:00:00,45941,26.1
2026-10-01 00:00:00,46015,26.91
2026-10-01 00:00:00,24428,84.95
2026-10-01 00:00:00,19266,161.91
2026-10-01 00:00:00,19265,168.21
2026-10-01 00:00:00,45988,0.6
2026-10-01 00:00:00,19580,18.81
2026-10-01 00:00:00,46492,197.91
2026-10-01 00:00:00,46465,116.91
2026-10-01 00:00:00,46468,179.91
2026-10-01 00:00:00,46444,179.91
2026-10-01 00:00:00,46474,161.91
2026-10-01 00:00:00,54800,14.97
2026-10-01 00:00:00,55369,112.41
2026-10-01 00:00:00,55370,112.41
2026-10-01 00:00:00,57721,41.31
2026-10-01 00:00:00,57720,28.71
2026-10-01 00:00:00,57719,20.61
2026-10-01 00:00:00,57723,41.31
2026-10-01 00:00:00,57712,56.61
2026-10-01 00:00:00,57722,53.91
2026-10-01 00:00:00,52379,94.41
2026-10-01 00:00:00,52378,80.91
2026-10-01 00:00:00,52975,145.71
2026-10-01 00:00:00,53105,49.41
2026-10-01 00:00:00,56406,24.21
2026-10-01 00:00:00,28356,170.91
2026-10-01 00:00:00,46534,179.91
2026-10-01 00:00:00,46522,179.91
2026-10-01 00:00:00,46524,116.91
2026-10-01 00:00:00,6034,152.91
2026-10-01 00:00:00,56481,143.91
2026-10-01 00:00:00,53056,44.91
2026-10-01 00:00:00,57256,44.91
2026-10-01 00:00:00,53840,11.97
2026-10-01 00:00:00,56979,125.91
2026-10-01 00:00:00,46441,170.91
2026-10-01 00:00:00,46533,134.91
2026-10-01 00:00:00,46458,116.91
2026-10-01 00:00:00,53842,17.97
2026-10-01 00:00:00,53843,23.97
2026-10-01 00:00:00,6044,116.91
2026-10-01 00:00:00,56479,125.91
2026-10-01 00:00:00,53142,26.97
2026-10-01 00:00:00,53084,11.97
2026-10-01 00:00:00,28348,179.91
2026-10-01 00:00:00,53845,8.97
2026-10-01 00:00:00,28367,161.91
2026-10-01 00:00:00,28355,170.91
2026-10-01 00:00:00,57428,116.91
2026-10-01 00:00:00,46547,134.91
2026-10-01 00:00:00,6005,179.91
2026-10-01 00:00:00,54802,17.97
2026-10-01 00:00:00,5999,179.91
2026-10-01 00:00:00,46532,179.91
2026-10-01 00:00:00,46538,170.91
2026-10-01 00:00:00,46540,179.91
2026-10-01 00:00:00,46462,206.91
2026-10-01 00:00:00,28347,206.91
2026-10-01 00:00:00,28349,152.91
2026-10-01 00:00:00,53455,2.97
2026-10-01 00:00:00,46535,179.91
2026-10-01 00:00:00,5989,206.91
2026-10-01 00:00:00,5995,215.91
2026-10-01 00:00:00,34966,26.91
2026-10-01 00:00:00,53124,13.41
2026-10-01 00:00:00,5988,206.91
2026-10-01 00:00:00,6003,206.91
2026-10-01 00:00:00,46464,179.91
2026-10-01 00:00:00,53848,56.97
2026-10-01 00:00:00,53140,5.97
2026-10-01 00:00:00,54035,5.97
2026-10-01 00:00:00,28353,143.91
2026-10-01 00:00:00,28341,143.91
2026-10-01 00:00:00,52515,80.1
2026-10-01 00:00:00,57257,44.91
2026-10-01 00:00:00,33781,179.91
2026-10-01 00:00:00,46521,134.91
2026-10-01 00:00:00,5984,215.91
2026-10-01 00:00:00,46546,179.91
2026-10-01 00:00:00,53957,20.97
2026-10-01 00:00:00,46459,116.91
2026-10-01 00:00:00,46438,206.91
2026-10-01 00:00:00,53958,5.97
2026-10-01 00:00:00,53456,29.97
2026-10-01 00:00:00,53458,37.47
2026-10-01 00:00:00,46549,170.91
2026-10-01 00:00:00,5993,179.91
2026-10-01 00:00:00,5992,179.91
2026-10-01 00:00:00,46545,179.91
2026-10-01 00:00:00,6008,161.91
2026-10-01 00:00:00,56978,134.91
2026-10-01 00:00:00,52472,89.91
2026-10-01 00:00:00,28357,179.91
2026-10-01 00:00:00,46487,116.91
2026-10-01 00:00:00,46476,116.91
2026-10-01 00:00:00,46481,116.91
2026-10-01 00:00:00,53144,8.97
2026-10-01 00:00:00,52519,71.1
2026-10-01 00:00:00,52608,134.91
2026-10-01 00:00:00,54805,14.97
2026-10-01 00:00:00,52997,152.91
2026-10-01 00:00:00,56419,296.91
2026-10-01 00:00:00,52995,170.91
2026-10-01 00:00:00,16795,212.42
2026-10-01 00:00:00,28364,89.91
2026-10-01 00:00:00,19346,94.9
2026-10-01 00:00:00,19264,159.9
2026-10-01 00:00:00,55152,3.8
2026-10-01 00:00:00,30038,54.9
2026-10-01 00:00:00,46045,67.41
2026-10-01 00:00:00,63219,23.31
2026-10-01 00:00:00,45939,2.4
2026-10-01 00:00:00,45975,4.32
2026-10-01 00:00:00,45949,1.4
2026-10-01 00:00:00,45994,2.0
2026-10-01 00:00:00,46004,4.0
2026-10-01 00:00:00,45974,2.0
2026-10-01 00:00:00,46000,4.0
2026-10-01 00:00:00,55167,5.5
2026-10-01 00:00:00,63090,37.44
2026-10-01 00:00:00,55202,45.9
2026-10-01 00:00:00,55191,18.72
2026-10-01 00:00:00,55192,10.4
2026-10-01 00:00:00,45993,1.5
2026-10-01 00:00:00,45927,1.5
2026-10-01 00:00:00,45920,2.34
2026-10-01 00:00:00,45926,2.34
2026-10-01 00:00:00,44437,47.92
2026-10-01 00:00:00,36603,89.95
2026-10-01 00:00:00,11328,287.01
2026-10-01 00:00:00,58523,143.91
2026-10-01 00:00:00,55198,27.54
2026-10-01 00:00:00,14368,91.92
2026-10-01 00:00:00,12174,175.92
2026-10-01 00:00:00,17194,51.92
2026-10-01 00:00:00,29948,319.92
2026-10-01 00:00:00,19566,45.52
2026-10-01 00:00:00,44441,27.45
2026-10-01 00:00:00,11330,74.61
2026-10-01 00:00:00,46056,41.31
2026-10-01 00:00:00,52240,179.91
2026-10-01 00:00:00,55616,33.21
2026-10-01 00:00:00,55159,15.9
2026-10-01 00:00:00,45986,31.41
2026-10-01 00:00:00,58152,4.45
2026-10-01 00:00:00,53853,16.47
2026-10-01 00:00:00,52985,32.31
2026-10-01 00:00:00,46523,341.91
2026-10-01 00:00:00,37990,839.0
2026-10-01 00:00:00,62314,134.91
2026-10-01 00:00:00,60244,100.0
2026-10-01 00:00:00,37991,809.1
2026-10-01 00:00:00,28344,179.9
2026-10-01 00:00:00,46511,170.91
2026-10-01 00:00:00,46519,179.9
2026-10-01 00:00:00,46505,170.91
2026-10-01 00:00:00,46453,999.9
2026-10-01 00:00:00,46493,449.0
2026-10-01 00:00:00,37237,83.61
2026-10-01 00:00:00,54061,58.41
2026-10-01 00:00:00,57418,71.91
2026-10-01 00:00:00,52241,71.91
2026-10-01 00:00:00,57894,107.91
2026-10-01 00:00:00,57429,89.91
2026-10-01 00:00:00,57417,107.91
2026-10-01 00:00:00,57425,179.91
2026-10-01 00:00:00,57420,116.91
2026-10-01 00:00:00,57928,69.9
2026-10-01 00:00:00,57749,62.91
2026-10-01 00:00:00,54066,34.95
2026-10-01 00:00:00,20257,1.77
2026-10-01 00:00:00,20255,1.77
2026-10-01 00:00:00,56410,94.41
2026-10-01 00:00:00,57426,71.91
2026-10-01 00:00:00,20296,1.77
2026-10-01 00:00:00,62445,49.41
2026-10-01 00:00:00,53751,4.95
2026-10-01 00:00:00,31895,26.91
2026-10-01 00:00:00,54068,9.95
2026-10-01 00:00:00,53187,13.41
2026-10-01 00:00:00,58131,22.45
2026-10-01 00:00:00,16212,24.21
2026-10-01 00:00:00,19569,35.9
2026-10-01 00:00:00,55203,59.31
2026-10-01 00:00:00,20270,1.77
2026-10-01 00:00:00,20260,3.87
2026-10-01 00:00:00,20261,6.57
2026-10-01 00:00:00,20242,1.35
2026-10-01 00:00:00,20269,1.77
2026-10-01 00:00:00,20237,2.67
2026-10-01 00:00:00,20238,4.17
2026-10-01 00:00:00,29942,89.91
2026-10-01 00:00:00,62438,40.41
2026-10-01 00:00:00,44448,75.92
2026-10-01 00:00:00,33662,212.42
2026-10-01 00:00:00,33664,76.42
2026-10-01 00:00:00,33656,169.92
2026-10-01 00:00:00,10966,365.41
2026-10-01 00:00:00,52587,53.91
2026-10-01 00:00:00,44446,19.95
2026-10-01 00:00:00,62444,16.11
2026-10-01 00:00:00,53765,12.51
2026-10-01 00:00:00,26546,539.91
2026-10-01 00:00:00,53766,20.61
2026-10-01 00:00:00,56984,223.93
2026-10-01 00:00:00,62402,22.41
2026-10-01 00:00:00,62262,22.41
2026-10-01 00:00:00,53314,22.41
2026-10-01 00:00:00,53315,22.41
2026-10-01 00:00:00,53453,8.97
2026-10-01 00:00:00,57730,19.71
2026-10-01 00:00:00,54812,14.97
2026-10-01 00:00:00,54815,34.47
2026-10-01 00:00:00,54816,34.47
2026-10-01 00:00:00,54817,34.47
2026-10-01 00:00:00,56970,62.91
2026-10-01 00:00:00,56971,62.91
2026-10-01 00:00:00,54055,12.45
2026-10-01 00:00:00,54053,44.91
2026-10-01 00:00:00,54057,25.11
2026-10-01 00:00:00,55142,3.4
2026-10-01 00:00:00,55143,3.4
2026-10-01 00:00:00,58146,19.95
2026-10-01 00:00:00,56968,62.91
2026-10-01 00:00:00,45973,4.5
2026-10-01 00:00:00,45954,4.5
2026-10-01 00:00:00,52839,6.21
2026-10-01 00:00:00,62433,9.95
2026-10-01 00:00:00,54062,6.45
2026-10-01 00:00:00,46120,46.71
2026-10-01 00:00:00,46046,46.71
2026-10-01 00:00:00,47229,20.61
2026-10-01 00:00:00,65215,129.9
2026-10-01 00:00:00,64853,234.0
2026-10-01 00:00:00,52993,53.01
2026-10-01 00:00:00,53086,5.97
2026-10-01 00:00:00,57431,71.91
2026-10-01 00:00:00,54813,29.97
2026-10-01 00:00:00,53087,8.97
2026-10-01 00:00:00,54761,23.97
2026-10-01 00:00:00,58525,139.95
2026-10-01 00:00:00,65218,296.91
2026-10-01 00:00:00,57774,26.91
2026-10-01 00:00:00,25677,26.91
2026-10-01 00:00:00,54018,4.95
2026-10-01 00:00:00,46125,17.01
2026-10-01 00:00:00,36863,5.45
2026-10-01 00:00:00,32459,18.45
2026-10-01 00:00:00,65217,161.91
2026-10-01 00:00:00,62456,207.81
2026-10-01 00:00:00,46014,28.9
2026-10-01 00:00:00,54015,7.45
2026-10-01 00:00:00,46112,36.0
2026-10-01 00:00:00,47230,31.41
2026-10-01 00:00:00,25721,7.95
2026-10-01 00:00:00,36610,44.91
2026-10-01 00:00:00,62457,156.51
2026-10-01 00:00:00,32882,4.95
2026-10-01 00:00:00,62260,512.91
2026-10-01 00:00:00,65214,152.91
2026-10-01 00:00:00,37941,44.95
2026-10-01 00:00:00,57844,279.92
2026-10-01 00:00:00,52973,231.21
2026-10-01 00:00:00,52977,47.61
2026-10-01 00:00:00,55620,51.21
2026-10-01 00:00:00,55622,68.31
2026-10-01 00:00:00,52980,94.41
2026-10-01 00:00:00,58514,152.91
2026-10-01 00:00:00,55629,4.95
2026-10-01 00:00:00,52979,94.41
2026-10-01 00:00:00,52981,17.01
2026-10-01 00:00:00,52982,34.11
2026-10-01 00:00:00,52175,59.31
2026-10-01 00:00:00,58173,73.71
2026-10-01 00:00:00,65009,664.05
2026-10-01 00:00:00,62319,115.11
2026-10-01 00:00:00,65011,569.05
2026-10-01 00:00:00,65219,125.91
2026-10-01 00:00:00,54818,19.47
2026-10-01 00:00:00,54819,38.97
2026-10-01 00:00:00,53856,68.97
2026-10-01 00:00:00,53463,1.47
2026-10-01 00:00:00,19579,31.41
2026-10-01 00:00:00,58160,43.92
2026-10-01 00:00:00,5997,49.95
2026-10-01 00:00:00,5996,20.0
2026-10-01 00:00:00,46012,10.9
2026-10-01 00:00:00,63220,16.11
2026-10-01 00:00:00,58170,8.91
2026-10-01 00:00:00,52371,8.91
2026-10-01 00:00:00,52373,14.31
2026-10-01 00:00:00,55130,4.41
2026-10-01 00:00:00,55172,20.61
2026-10-01 00:00:00,46010,9.81
2026-10-01 00:00:00,57772,12.51
2026-10-01 00:00:00,60542,2.95
2026-10-01 00:00:00,20259,3.15
2026-10-01 00:00:00,54466,1.31
2026-10-01 00:00:00,53063,4.41
2026-10-01 00:00:00,54820,29.97
2026-10-01 00:00:00,54821,29.97
2026-10-01 00:00:00,63658,99.9
2026-10-01 00:00:00,56484,134.91
2026-10-01 00:00:00,62447,229.9
2026-10-01 00:00:00,53371,9.9
2026-10-01 00:00:00,52527,249.9
2026-10-01 00:00:00,55360,149.9
2026-10-01 00:00:00,56413,89.01
2026-10-01 00:00:00,52529,49.95
2026-10-01 00:00:00,31044,359.91
2026-10-01 00:00:00,23634,152.91
2026-10-01 00:00:00,58271,31.5
2026-10-01 00:00:00,6167,477.0
2026-10-01 00:00:00,6147,677.0
2026-10-01 00:00:00,6150,977.0
2026-10-01 00:00:00,23379,1888.0
2026-10-01 00:00:00,6148,877.0
2026-10-01 00:00:00,6140,1877.0
2026-10-01 00:00:00,6141,1977.0
2026-10-01 00:00:00,54859,26.91
2026-10-01 00:00:00,24082,899.1
2026-10-01 00:00:00,24083,1349.1
2026-10-01 00:00:00,54864,35.91
2026-10-01 00:00:00,54865,62.91
2026-10-01 00:00:00,63499,8.91
2026-10-01 00:00:00,36812,35.91
2026-10-01 00:00:00,54288,71.91
2026-10-01 00:00:00,58304,58.5
2026-10-01 00:00:00,63416,62.91
2026-10-01 00:00:00,23666,719.1
2026-10-01 00:00:00,10791,22.41
2026-10-01 00:00:00,10692,22.41
2026-10-01 00:00:00,54293,24.9
2026-10-01 00:00:00,23974,26.91
2026-10-01 00:00:00,58251,269.1
2026-10-01 00:00:00,58267,121.5
2026-10-01 00:00:00,58246,269.1
2026-10-01 00:00:00,43760,44.91
2026-10-01 00:00:00,58262,121.5
2026-10-01 00:00:00,58264,269.1
2026-10-01 00:00:00,58250,269.1
2026-10-01 00:00:00,18199,62.91
2026-10-01 00:00:00,18191,62.91
2026-10-01 00:00:00,10625,62.91
2026-10-01 00:00:00,18387,53.91
2026-10-01 00:00:00,24078,199.8
2026-10-01 00:00:00,24077,199.8
2026-10-01 00:00:00,58281,89.1
2026-10-01 00:00:00,58280,89.1
2026-10-01 00:00:00,58279,89.1
2026-10-01 00:00:00,37251,26.91
2026-10-01 00:00:00,58277,60.3
2026-10-01 00:00:00,58274,141.3
2026-10-01 00:00:00,58278,60.3
2026-10-01 00:00:00,54724,80.91
2026-10-01 00:00:00,58282,269.1
2026-10-01 00:00:00,58283,199.8
2026-10-01 00:00:00,54715,7.11
2026-10-01 00:00:00,54717,7.11
2026-10-01 00:00:00,37087,35.91
2026-10-01 00:00:00,54358,22.41
2026-10-01 00:00:00,24039,71.91
2026-10-01 00:00:00,11692,242.91
2026-10-01 00:00:00,45318,206.91
2026-10-01 00:00:00,45319,359.91
2026-10-01 00:00:00,31049,269.91
2026-10-01 00:00:00,45320,152.91
2026-10-01 00:00:00,45321,251.91
2026-10-01 00:00:00,45322,341.91
2026-10-01 00:00:00,45323,431.91
2026-10-01 00:00:00,45327,759.6
2026-10-01 00:00:00,45328,1099.8
2026-10-01 00:00:00,45324,260.91
2026-10-01 00:00:00,45325,296.91
2026-10-01 00:00:00,45326,593.91
2026-10-01 00:00:00,31050,152.91
2026-10-01 00:00:00,24175,350.91
2026-10-01 00:00:00,24179,593.91
2026-10-01 00:00:00,24180,251.91
2026-10-01 00:00:00,24181,323.91
2026-10-01 00:00:00,24185,404.91
2026-10-01 00:00:00,45334,224.91
2026-10-01 00:00:00,18956,449.91
2026-10-01 00:00:00,18957,539.91
2026-10-01 00:00:00,18465,125.91
2026-10-01 00:00:00,63438,71.91
2026-10-01 00:00:00,50301,31.68
2026-10-01 00:00:00,6146,1619.1
2026-10-01 00:00:00,58302,49.5
2026-10-01 00:00:00,58303,80.1
2026-10-01 00:00:00,18162,26.91
2026-10-01 00:00:00,11117,399.6
2026-10-01 00:00:00,52441,138.24
2026-10-01 00:00:00,58294,89.1
2026-10-01 00:00:00,58300,60.3
2026-10-01 00:00:00,58286,121.5
2026-10-01 00:00:00,58289,132.3
2026-10-01 00:00:00,58298,89.1
2026-10-01 00:00:00,18175,49.5
2026-10-01 00:00:00,58291,123.3
2026-10-01 00:00:00,58295,123.3
2026-10-01 00:00:00,58287,60.3
2026-10-01 00:00:00,58296,89.1
2026-10-01 00:00:00,58370,159.3
2026-10-01 00:00:00,58292,159.3
2026-10-01 00:00:00,58290,149.4
2026-10-01 00:00:00,58293,123.3
2026-10-01 00:00:00,58297,69.3
2026-10-01 00:00:00,64857,269.91
2026-10-01 00:00:00,58275,69.3
2026-10-01 00:00:00,18190,62.91
2026-10-01 00:00:00,31052,62.91
2026-10-01 00:00:00,11681,62.91
2026-10-01 00:00:00,11682,62.91
2026-10-01 00:00:00,23314,62.91
2026-10-01 00:00:00,43747,62.91
2026-10-01 00:00:00,43740,35.91
2026-10-01 00:00:00,43743,35.91
2026-10-01 00:00:00,43742,35.91
2026-10-01 00:00:00,43782,31.41
2026-10-01 00:00:00,43741,35.91
2026-10-01 00:00:00,43746,31.41
2026-10-01 00:00:00,57081,179.91
2026-10-01 00:00:00,11685,179.91
2026-10-01 00:00:00,43756,89.91
2026-10-01 00:00:00,43759,89.91
2026-10-01 00:00:00,43757,89.91
2026-10-01 00:00:00,43754,89.91
2026-10-01 00:00:00,43749,89.91
2026-10-01 00:00:00,58248,499.5
2026-10-01 00:00:00,58249,499.5
2026-10-01 00:00:00,24235,62.91
2026-10-01 00:00:00,24062,62.91
2026-10-01 00:00:00,23319,62.91
2026-10-01 00:00:00,11683,62.91
2026-10-01 00:00:00,11684,62.91
2026-10-01 00:00:00,43752,62.91
2026-10-01 00:00:00,31051,62.91
2026-10-01 00:00:00,46408,44.91
2026-10-01 00:00:00,46411,44.91
2026-10-01 00:00:00,54731,26.91
2026-10-01 00:00:00,24226,62.91
2026-10-01 00:00:00,18192,62.91
2026-10-01 00:00:00,58307,62.91
2026-10-01 00:00:00,58309,62.91
2026-10-01 00:00:00,45329,62.91
2026-10-01 00:00:00,58263,62.91
2026-10-01 00:00:00,10645,71.91
2026-10-01 00:00:00,45335,179.91
2026-10-01 00:00:00,43755,89.91
2026-10-01 00:00:00,37254,89.91
2026-10-01 00:00:00,45333,89.91
2026-10-01 00:00:00,58270,89.91
2026-10-01 00:00:00,45330,89.91
2026-10-01 00:00:00,58266,89.91
2026-10-01 00:00:00,58247,62.91
2026-10-01 00:00:00,43970,62.91
2026-10-01 00:00:00,58310,62.91
2026-10-01 00:00:00,24232,62.91
2026-10-01 00:00:00,24236,62.91
2026-10-01 00:00:00,58265,62.91
2026-10-01 00:00:00,45332,62.91
2026-10-01 00:00:00,58306,62.91
2026-10-01 00:00:00,54336,35.91
2026-10-01 00:00:00,51199,44.91
2026-10-01 00:00:00,23317,62.91
2026-10-01 00:00:00,36809,58.5
2026-10-01 00:00:00,58305,53.1
2026-10-01 00:00:00,63513,44.91
2026-10-01 00:00:00,54854,22.41
2026-10-01 00:00:00,63516,53.91
2026-10-01 00:00:00,46694,22.41
2026-10-01 00:00:00,52250,8.91
2026-10-01 00:00:00,52249,8.91
2026-10-01 00:00:00,52252,8.91
2026-10-01 00:00:00,46627,8.91
2026-10-01 00:00:00,52244,8.91
2026-10-01 00:00:00,52245,8.91
2026-10-01 00:00:00,52251,8.91
2026-10-01 00:00:00,52246,8.91
2026-10-01 00:00:00,55066,55.98
2026-10-01 00:00:00,54347,44.91
2026-10-01 00:00:00,36817,62.91
2026-10-01 00:00:00,63514,49.41
2026-10-01 00:00:00,63511,40.41
2026-10-01 00:00:00,52477,31.41
2026-10-01 00:00:00,52479,31.41
2026-10-01 00:00:00,52480,31.41
2026-10-01 00:00:00,53290,17.91
2026-10-01 00:00:00,53289,17.91
2026-10-01 00:00:00,53293,8.91
2026-10-01 00:00:00,53294,8.91
2026-10-01 00:00:00,50380,62.91
2026-10-01 00:00:00,51783,44.91
2026-10-01 00:00:00,63512,71.91
2026-10-01 00:00:00,18140,35.91
2026-10-01 00:00:00,52530,22.41
2026-10-01 00:00:00,58260,229.5
2026-10-01 00:00:00,63418,179.91
2026-10-01 00:00:00,63503,49.9
2026-10-01 00:00:00,63504,22.41
2026-10-01 00:00:00,61694,4859.1
2026-10-01 00:00:00,61700,4859.1
2026-10-01 00:00:00,61702,4859.1
2026-10-01 00:00:00,61703,3023.1
2026-10-01 00:00:00,53561,170.91
2026-10-01 00:00:00,53560,170.91
2026-10-01 00:00:00,53549,152.91
2026-10-01 00:00:00,53562,179.91
2026-10-01 00:00:00,53563,197.91
2026-10-01 00:00:00,53566,215.91
2026-10-01 00:00:00,53565,224.91
2026-10-01 00:00:00,53427,19.9
2026-10-01 00:00:00,63069,47.61
2026-10-01 00:00:00,62909,38.61
2026-10-01 00:00:00,62910,38.61
2026-10-01 00:00:00,62911,38.61
2026-10-01 00:00:00,53545,98.91
2026-10-01 00:00:00,53325,108.0
2026-10-01 00:00:00,53355,98.91
2026-10-01 00:00:00,61701,10367.1
2026-10-01 00:00:00,61696,10367.1
2026-10-01 00:00:00,61693,10367.1
2026-10-01 00:00:00,61705,10691.1
2026-10-01 00:00:00,53287,107.91
2026-10-01 00:00:00,53286,44.91
2026-10-01 00:00:00,62208,152.92
2026-10-01 00:00:00,59288,449.95
2026-10-01 00:00:00,61706,11771.1
2026-10-01 00:00:00,53384,134.91
2026-10-01 00:00:00,53385,107.91
2026-10-01 00:00:00,61716,4211.1
2026-10-01 00:00:00,61855,16415.1
2026-10-01 00:00:00,61856,15011.1
2026-10-01 00:00:00,61717,16415.1
2026-10-01 00:00:00,53256,19.9
2026-10-01 00:00:00,53557,152.91
2026-10-01 00:00:00,53556,152.91
2026-10-01 00:00:00,53550,152.91
2026-10-01 00:00:00,53553,152.91
2026-10-01 00:00:00,53554,152.91
2026-10-01 00:00:00,53551,152.91
2026-10-01 00:00:00,53396,62.91
2026-10-01 00:00:00,53398,39.92
2026-10-01 00:00:00,61699,4751.1
2026-10-01 00:00:00,53547,71.91
2026-10-01 00:00:00,53548,71.91
2026-10-01 00:00:00,53546,89.91
2026-10-01 00:00:00,53569,87.3
2026-10-01 00:00:00,53332,95.4
2026-10-01 00:00:00,53331,95.4
2026-10-01 00:00:00,53330,95.4
2026-10-01 00:00:00,53363,116.91
2026-10-01 00:00:00,53380,22.41
2026-10-01 00:00:00,53102,53.01
2026-10-01 00:00:00,53713,104.31
2026-10-01 00:00:00,53706,121.41
2026-10-01 00:00:00,53755,71.91
2026-10-01 00:00:00,53707,53.01
2026-10-01 00:00:00,53732,94.41
2026-10-01 00:00:00,59961,2000.0
2026-10-01 00:00:00,46019,56.61
2026-10-01 00:00:00,56420,94.41
2026-10-01 00:00:00,46097,55.93
2026-10-01 00:00:00,53735,26.91
2026-10-01 00:00:00,53198,83.61
2026-10-01 00:00:00,53747,143.91
2026-10-01 00:00:00,53744,80.91
2026-10-01 00:00:00,53203,156.51
2026-10-01 00:00:00,53739,314.91
2026-10-01 00:00:00,53740,166.41
2026-10-01 00:00:00,53103,249.21
2026-10-01 00:00:00,53746,239.31
2026-10-01 00:00:00,53749,224.01
2026-10-01 00:00:00,56393,136.71
2026-10-01 00:00:00,53202,131.31
2026-10-01 00:00:00,55862,113.31
2026-10-01 00:00:00,53750,62.91
2026-10-01 00:00:00,55848,53.91
2026-10-01 00:00:00,55844,30.51
2026-10-01 00:00:00,53196,62.91
2026-10-01 00:00:00,53741,275.31
2026-10-01 00:00:00,53743,249.21
2026-10-01 00:00:00,56889,17.91
2026-10-01 00:00:00,53183,9.81
2026-10-01 00:00:00,40490,0.0
2026-10-01 00:00:00,53641,40.41
2026-10-01 00:00:00,42041,379.9
2026-10-01 00:00:00,42049,584.91
2026-10-01 00:00:00,42378,89.91
2026-10-01 00:00:00,39840,143.91
2026-10-01 00:00:00,64813,44.91
2026-10-01 00:00:00,64812,62.91
2026-10-01 00:00:00,55735,170.91
2026-10-01 00:00:00,38609,107.91
2026-10-01 00:00:00,64737,89.91
2026-10-01 00:00:00,64738,42.21
2026-10-01 00:00:00,64734,80.91
2026-10-01 00:00:00,64865,219.9
2026-10-01 00:00:00,58096,62.91
2026-10-01 00:00:00,31598,53.91
2026-10-01 00:00:00,52450,26.1
2026-10-01 00:00:00,64225,17.91
2026-10-01 00:00:00,64226,35.91
2026-10-01 00:00:00,52925,33.21
2026-10-01 00:00:00,57909,224.91
2026-10-01 00:00:00,52959,98.91
2026-10-01 00:00:00,64745,206.91
2026-10-01 00:00:00,64814,42.41
2026-10-01 00:00:00,64299,203.92
2026-10-01 00:00:00,64862,584.91
2026-10-01 00:00:00,64870,413.91
2026-10-01 00:00:00,64200,40.41
2026-10-01 00:00:00,64201,35.91
2026-10-01 00:00:00,52445,44.1
2026-10-01 00:00:00,64199,26.91
2026-10-01 00:00:00,64792,161.42
2026-10-01 00:00:00,64726,17.91
2026-10-01 00:00:00,63766,269.9
2026-10-01 00:00:00,63765,219.9
2026-10-01 00:00:00,63767,359.91
2026-10-01 00:00:00,38660,125.91
2026-10-01 00:00:00,64213,58.41
2026-10-01 00:00:00,64221,53.91
2026-10-01 00:00:00,64218,26.91
2026-10-01 00:00:00,64192,20.61
2026-10-01 00:00:00,63063,39.42
2026-10-01 00:00:00,64191,44.91
2026-10-01 00:00:00,64190,26.91
2026-10-01 00:00:00,64189,21.51
2026-10-01 00:00:00,52219,116.91
2026-10-01 00:00:00,52221,44.91
2026-10-01 00:00:00,52222,44.91
2026-10-01 00:00:00,64215,26.91
2026-10-01 00:00:00,64198,29.61
2026-10-01 00:00:00,63064,39.6
2026-10-01 00:00:00,64212,31.41
2026-10-01 00:00:00,64222,35.91
2026-10-01 00:00:00,64194,29.61
2026-10-01 00:00:00,64193,26.91
2026-10-01 00:00:00,64730,31.41
2026-10-01 00:00:00,64732,31.41
2026-10-01 00:00:00,64731,31.41
2026-10-01 00:00:00,52568,134.91
2026-10-01 00:00:00,52550,125.91
2026-10-01 00:00:00,53340,134.91
2026-10-01 00:00:00,52564,98.91
2026-10-01 00:00:00,52546,125.91
2026-10-01 00:00:00,58097,89.9
2026-10-01 00:00:00,53643,79.9
2026-10-01 00:00:00,53644,79.9
2026-10-01 00:00:00,52940,89.9
2026-10-01 00:00:00,53645,35.91
2026-10-01 00:00:00,53646,35.91
2026-10-01 00:00:00,58098,35.91
2026-10-01 00:00:00,52571,33.21
2026-10-01 00:00:00,64728,19.71
2026-10-01 00:00:00,64729,19.71
2026-10-01 00:00:00,64727,20.61
2026-10-01 00:00:00,64742,15.21
2026-10-01 00:00:00,64220,53.91
2026-10-01 00:00:00,64217,76.41
2026-10-01 00:00:00,64736,35.91
2026-10-01 00:00:00,64783,107.91
2026-10-01 00:00:00,52943,170.91
2026-10-01 00:00:00,52567,152.91
2026-10-01 00:00:00,64197,71.91
2026-10-01 00:00:00,64195,53.91
2026-10-01 00:00:00,64214,35.91
2026-10-01 00:00:00,64788,26.91
2026-10-01 00:00:00,31596,69.9
2026-10-01 00:00:00,31597,54.9
2026-10-01 00:00:00,52949,54.9
2026-10-01 00:00:00,52950,49.9
2026-10-01 00:00:00,31595,66.9
2026-10-01 00:00:00,64799,39.51
2026-10-01 00:00:00,64800,80.91
2026-10-01 00:00:00,64790,127.42
2026-10-01 00:00:00,57819,152.91
2026-10-01 00:00:00,64818,60.9
2026-10-01 00:00:00,52951,62.91
2026-10-01 00:00:00,58034,44.91
2026-10-01 00:00:00,64805,51.21
2026-10-01 00:00:00,64807,152.91
2026-10-01 00:00:00,64811,44.91
2026-10-01 00:00:00,64204,22.41
2026-10-01 00:00:00,64228,17.91
2026-10-01 00:00:00,64206,18.0
2026-10-01 00:00:00,64216,40.41
2026-10-01 00:00:00,64791,29.9
2026-10-01 00:00:00,52534,107.91
2026-10-01 00:00:00,57908,31.41
2026-10-01 00:00:00,64224,22.41
2026-10-01 00:00:00,64733,31.41
2026-10-01 00:00:00,64739,51.21
2026-10-01 00:00:00,64735,31.41
2026-10-01 00:00:00,57906,31.41
2026-10-01 00:00:00,52953,89.91
2026-10-01 00:00:00,57700,179.91
2026-10-01 00:00:00,64803,134.91
2026-10-01 00:00:00,64817,63.81
2026-10-01 00:00:00,64798,31.41
2026-10-01 00:00:00,64802,44.91
2026-10-01 00:00:00,64338,31.36
2026-10-01 00:00:00,52451,74.9
2026-10-01 00:00:00,52452,56.9
2026-10-01 00:00:00,58099,13.41
2026-10-01 00:00:00,58100,17.91
2026-10-01 00:00:00,64219,58.41
2026-10-01 00:00:00,64229,80.91
2026-10-01 00:00:00,64196,35.91
2026-10-01 00:00:00,52724,26.91
2026-10-01 00:00:00,38591,62.91
2026-10-01 00:00:00,52632,31.41
2026-10-01 00:00:00,57907,31.41
2026-10-01 00:00:00,64202,35.91
2026-10-01 00:00:00,64223,22.41
2026-10-01 00:00:00,64227,31.41
2026-10-01 00:00:00,64185,21.51
2026-10-01 00:00:00,64188,26.91
2026-10-01 00:00:00,64801,69.21
2026-10-01 00:00:00,64797,107.91
2026-10-01 00:00:00,52449,53.91
2026-10-01 00:00:00,52533,62.91
2026-10-01 00:00:00,64186,35.91
2026-10-01 00:00:00,64182,44.91
2026-10-01 00:00:00,64187,39.51
2026-10-01 00:00:00,64179,44.91
2026-10-01 00:00:00,64180,62.91
2026-10-01 00:00:00,64178,44.91
2026-10-01 00:00:00,64181,35.91
2026-10-01 00:00:00,64746,17.91
2026-10-01 00:00:00,57882,44.1
2026-10-01 00:00:00,44960,34.9
2026-10-01 00:00:00,44962,31.41
2026-10-01 00:00:00,64183,53.91
2026-10-01 00:00:00,64823,119.9
2026-10-01 00:00:00,64822,161.91
2026-10-01 00:00:00,64806,85.41
2026-10-01 00:00:00,64203,26.91
2026-10-01 00:00:00,64209,31.05
2026-10-01 00:00:00,57589,341.91
2026-10-01 00:00:00,64804,69.21
2026-10-01 00:00:00,64741,15.21
2026-10-01 00:00:00,64808,179.91
2026-10-01 00:00:00,52962,49.41
2026-10-01 00:00:00,58103,60.21
2026-10-01 00:00:00,53648,49.41
2026-10-01 00:00:00,53649,49.41
2026-10-01 00:00:00,52963,49.41
2026-10-01 00:00:00,58104,49.41
2026-10-01 00:00:00,52453,63.67
2026-10-01 00:00:00,52414,69.9
2026-10-01 00:00:00,52416,64.9
2026-10-01 00:00:00,52415,74.9
2026-10-01 00:00:00,64816,33.91
2026-10-01 00:00:00,64815,59.42
2026-10-01 00:00:00,64340,33.91
2026-10-01 00:00:00,64341,33.91
2026-10-01 00:00:00,64796,71.91
2026-10-01 00:00:00,64794,161.91
2026-10-01 00:00:00,64795,116.91
2026-10-01 00:00:00,31599,161.91
2026-10-01 00:00:00,64205,67.41
2026-10-01 00:00:00,64207,80.91
2026-10-01 00:00:00,64810,62.91
2026-10-01 00:00:00,64809,89.91
2026-10-01 00:00:00,52220,149.9
2026-10-01 00:00:00,58074,67.41
2026-10-01 00:00:00,64308,15.21
2026-10-01 00:00:00,31590,44.91
2026-10-01 00:00:00,10138,224.91
2026-10-01 00:00:00,57762,71.91
2026-10-01 00:00:00,28642,12.9
2026-10-01 00:00:00,16774,42.9
2026-10-01 00:00:00,28686,13.9
2026-10-01 00:00:00,28714,9.9
2026-10-01 00:00:00,38850,49.41
2026-10-01 00:00:00,15663,116.91
2026-10-01 00:00:00,64699,26.91
2026-10-01 00:00:00,36585,80.91
2026-10-01 00:00:00,36587,143.91
2026-10-01 00:00:00,36586,44.91
2026-10-01 00:00:00,64374,53.91
2026-10-01 00:00:00,64375,80.91
2026-10-01 00:00:00,27157,71.91
2026-10-01 00:00:00,49040,71.91
2026-10-01 00:00:00,30031,53.91
2026-10-01 00:00:00,30154,169.9
2026-10-01 00:00:00,64713,134.91
2026-10-01 00:00:00,12082,129.9
2026-10-01 00:00:00,12083,395.1
2026-10-01 00:00:00,16778,69.9
2026-10-01 00:00:00,12092,422.1
2026-10-01 00:00:00,10224,359.1
2026-10-01 00:00:00,14137,219.9
2026-10-01 00:00:00,62919,35.91
2026-10-01 00:00:00,15661,134.91
2026-10-01 00:00:00,16777,59.9
2026-10-01 00:00:00,32317,260.91
2026-10-01 00:00:00,49146,179.91
2026-10-01 00:00:00,55003,97.02
2026-10-01 00:00:00,34215,98.91
2026-10-01 00:00:00,34216,98.91
2026-10-01 00:00:00,49355,19.9
2026-10-01 00:00:00,64720,35.01
2026-10-01 00:00:00,64712,89.91
2026-10-01 00:00:00,64129,15.21
2026-10-01 00:00:00,27175,19.9
2026-10-01 00:00:00,28685,13.9
2026-10-01 00:00:00,13823,397.0
2026-10-01 00:00:00,64719,53.91
2026-10-01 00:00:00,20405,11.61
2026-10-01 00:00:00,49036,3490.0
2026-10-01 00:00:00,12103,62.91
2026-10-01 00:00:00,18346,152.91
2026-10-01 00:00:00,14460,80.91
2026-10-01 00:00:00,16787,49.41
2026-10-01 00:00:00,64147,719.91
2026-10-01 00:00:00,32331,782.1
2026-10-01 00:00:00,32330,674.1
2026-10-01 00:00:00,12087,962.1
2026-10-01 00:00:00,48395,299.0
2026-10-01 00:00:00,49803,107.91
2026-10-01 00:00:00,49598,512.1
2026-10-01 00:00:00,49626,287.91
2026-10-01 00:00:00,38842,289.0
2026-10-01 00:00:00,41975,377.91
2026-10-01 00:00:00,50543,53.91
2026-10-01 00:00:00,12101,377.1
2026-10-01 00:00:00,10228,197.91
2026-10-01 00:00:00,34199,161.91
2026-10-01 00:00:00,49256,224.91
2026-10-01 00:00:00,47050,1349.6
2026-10-01 00:00:00,47460,727.04
2026-10-01 00:00:00,49704,89.91
2026-10-01 00:00:00,49834,79.9
2026-10-01 00:00:00,55613,249.9
2026-10-01 00:00:00,38852,35.91
2026-10-01 00:00:00,38851,98.91
2026-10-01 00:00:00,30042,71.91
2026-10-01 00:00:00,49350,19.9
2026-10-01 00:00:00,32311,107.91
2026-10-01 00:00:00,38849,30.51
2026-10-01 00:00:00,12105,116.91
2026-10-01 00:00:00,49159,7.11
2026-10-01 00:00:00,32307,33.21
2026-10-01 00:00:00,38853,26.91
2026-10-01 00:00:00,17834,71.91
2026-10-01 00:00:00,12368,62.91
2026-10-01 00:00:00,49632,58.41
2026-10-01 00:00:00,50467,19.9
2026-10-01 00:00:00,12367,80.91
2026-10-01 00:00:00,32314,206.91
2026-10-01 00:00:00,31778,71.91
2026-10-01 00:00:00,55034,11.61
2026-10-01 00:00:00,10227,197.91
2026-10-01 00:00:00,25337,899.1
2026-10-01 00:00:00,32342,386.91
2026-10-01 00:00:00,32436,512.1
2026-10-01 00:00:00,18404,134.91
2026-10-01 00:00:00,18400,60.21
2026-10-01 00:00:00,18402,125.91
2026-10-01 00:00:00,49824,60.21
2026-10-01 00:00:00,49825,60.21
2026-10-01 00:00:00,18398,89.91
2026-10-01 00:00:00,18395,125.91
2026-10-01 00:00:00,18396,107.91
2026-10-01 00:00:00,18397,107.91
2026-10-01 00:00:00,49777,71.91
2026-10-01 00:00:00,50866,58.41
2026-10-01 00:00:00,50293,17.91
2026-10-01 00:00:00,26730,10.9
2026-10-01 00:00:00,48332,10.71
2026-10-01 00:00:00,32313,314.1
2026-10-01 00:00:00,32309,143.91
2026-10-01 00:00:00,32310,161.91
2026-10-01 00:00:00,49827,89.1
2026-10-01 00:00:00,49712,179.91
2026-10-01 00:00:00,34217,99.9
2026-10-01 00:00:00,49412,71.91
2026-10-01 00:00:00,64145,782.1
2026-10-01 00:00:00,16782,189.9
2026-10-01 00:00:00,38854,89.91
2026-10-01 00:00:00,64130,62.91
2026-10-01 00:00:00,50294,35.91
2026-10-01 00:00:00,16752,126.9
2026-10-01 00:00:00,28721,13.9
2026-10-01 00:00:00,16748,26.91
2026-10-01 00:00:00,50857,71.91
2026-10-01 00:00:00,27169,13.41
2026-10-01 00:00:00,49721,773.91
2026-10-01 00:00:00,48205,42.21
2026-10-01 00:00:00,54998,170.91
2026-10-01 00:00:00,42024,46.6
2026-10-01 00:00:00,55395,40.41
2026-10-01 00:00:00,49601,299.0
2026-10-01 00:00:00,49478,134.91
2026-10-01 00:00:00,56973,94.41
2026-10-01 00:00:00,59456,1119.0
2026-10-01 00:00:00,47663,1439.0
2026-10-01 00:00:00,59342,1199.0
2026-10-01 00:00:00,50409,40.41
2026-10-01 00:00:00,26732,19.9
2026-10-01 00:00:00,64718,31.41
2026-10-01 00:00:00,16779,125.91
2026-10-01 00:00:00,12361,116.91
2026-10-01 00:00:00,48288,71.91
2026-10-01 00:00:00,50295,40.41
2026-10-01 00:00:00,16786,44.91
2026-10-01 00:00:00,50865,58.41
2026-10-01 00:00:00,46643,22.41
2026-10-01 00:00:00,12359,179.91
2026-10-01 00:00:00,48240,21.51
2026-10-01 00:00:00,20236,44.91
2026-10-01 00:00:00,12094,341.1
2026-10-01 00:00:00,16760,94.9
2026-10-01 00:00:00,49254,161.91
2026-10-01 00:00:00,49082,40.41
2026-10-01 00:00:00,49257,116.91
2026-10-01 00:00:00,64118,87.21
2026-10-01 00:00:00,64121,87.21
2026-10-01 00:00:00,64127,134.91
2026-10-01 00:00:00,50154,209.93
2026-10-01 00:00:00,50153,209.93
2026-10-01 00:00:00,64124,134.91
2026-10-01 00:00:00,64122,134.91
2026-10-01 00:00:00,64128,179.91
2026-10-01 00:00:00,64123,134.91
2026-10-01 00:00:00,50157,181.93
2026-10-01 00:00:00,50156,181.93
2026-10-01 00:00:00,50155,181.93
2026-10-01 00:00:00,47493,7.43
2026-10-01 00:00:00,47489,18.67
2026-10-01 00:00:00,64116,35.91
2026-10-01 00:00:00,64125,71.91
2026-10-01 00:00:00,64117,51.21
2026-10-01 00:00:00,64126,89.91
2026-10-01 00:00:00,64120,51.21
2026-10-01 00:00:00,64115,51.21
2026-10-01 00:00:00,39006,254.91
2026-10-01 00:00:00,38998,152.92
2026-10-01 00:00:00,38999,254.91
2026-10-01 00:00:00,39005,390.91
2026-10-01 00:00:00,44620,186.92
2026-10-01 00:00:00,47875,186.92
2026-10-01 00:00:00,44617,186.92
2026-10-01 00:00:00,47876,254.91
2026-10-01 00:00:00,47880,254.91
2026-10-01 00:00:00,47878,254.91
2026-10-01 00:00:00,47883,152.92
2026-10-01 00:00:00,44619,365.41
2026-10-01 00:00:00,47873,203.92
2026-10-01 00:00:00,47879,203.92
2026-10-01 00:00:00,47874,288.91
2026-10-01 00:00:00,47882,288.91
2026-10-01 00:00:00,7739,67.43
2026-10-01 00:00:00,47490,27.67
2026-10-01 00:00:00,47491,41.17
2026-10-01 00:00:00,47494,48.68
2026-10-01 00:00:00,64363,199.2
2026-10-01 00:00:00,64956,127.92
2026-10-01 00:00:00,50622,307.3
2026-10-01 00:00:00,50620,307.3
2026-10-01 00:00:00,50625,244.3
2026-10-01 00:00:00,50618,97.93
2026-10-01 00:00:00,63548,139.93
2026-10-01 00:00:00,63549,244.3
2026-10-01 00:00:00,50619,251.3
2026-10-01 00:00:00,50621,307.3
2026-10-01 00:00:00,37225,35.91
2026-10-01 00:00:00,50623,244.3
2026-10-01 00:00:00,41774,103.92
2026-10-01 00:00:00,42004,207.92
2026-10-01 00:00:00,41858,103.92
2026-10-01 00:00:00,46868,359.92
2026-10-01 00:00:00,41866,103.92
2026-10-01 00:00:00,38647,95.92
2026-10-01 00:00:00,38646,183.92
2026-10-01 00:00:00,32146,127.92
2026-10-01 00:00:00,50657,119.92
2026-10-01 00:00:00,50660,191.92
2026-10-01 00:00:00,50659,279.92
2026-10-01 00:00:00,7742,59.93
2026-10-01 00:00:00,7745,11.93
2026-10-01 00:00:00,7746,22.42
2026-10-01 00:00:00,6457,172.43
2026-10-01 00:00:00,39002,127.42
2026-10-01 00:00:00,44624,127.42
2026-10-01 00:00:00,44622,127.42
2026-10-01 00:00:00,47877,161.42
2026-10-01 00:00:00,39003,161.42
2026-10-01 00:00:00,47881,152.92
2026-10-01 00:00:00,44623,161.42
2026-10-01 00:00:00,50488,103.92
2026-10-01 00:00:00,50490,143.92
2026-10-01 00:00:00,38997,254.91
2026-10-01 00:00:00,44627,254.91
2026-10-01 00:00:00,39001,365.41
2026-10-01 00:00:00,7747,5.18
2026-10-01 00:00:00,7748,9.68
2026-10-01 00:00:00,63552,199.2
2026-10-01 00:00:00,64360,199.2
2026-10-01 00:00:00,64974,135.92
2026-10-01 00:00:00,29607,98.91
2026-10-01 00:00:00,63551,199.2
2026-10-01 00:00:00,7749,74.93
2026-10-01 00:00:00,7751,97.43
2026-10-01 00:00:00,50591,272.3
2026-10-01 00:00:00,50675,244.3
2026-10-01 00:00:00,50678,209.3
2026-10-01 00:00:00,50674,244.3
2026-10-01 00:00:00,50593,272.3
2026-10-01 00:00:00,50594,272.3
2026-10-01 00:00:00,48558,258.3
2026-10-01 00:00:00,50671,83.3
2026-10-01 00:00:00,50586,107.91
2026-10-01 00:00:00,50584,118.93
2026-10-01 00:00:00,50677,202.3
2026-10-01 00:00:00,50589,195.3
2026-10-01 00:00:00,50590,195.3
2026-10-01 00:00:00,50592,195.3
2026-10-01 00:00:00,64364,199.2
2026-10-01 00:00:00,64362,559.2
2026-10-01 00:00:00,7730,29.92
2026-10-01 00:00:00,64365,199.2
2026-10-01 00:00:00,64359,199.2
2026-10-01 00:00:00,64972,79.92
2026-10-01 00:00:00,44851,125.91
2026-10-01 00:00:00,44852,148.41
2026-10-01 00:00:00,63553,199.2
2026-10-01 00:00:00,7732,26.17
2026-10-01 00:00:00,7733,37.42
2026-10-01 00:00:00,7737,44.92
2026-10-01 00:00:00,7738,10.43
2026-10-01 00:00:00,55042,53.1
2026-10-01 00:00:00,7753,74.93
2026-10-01 00:00:00,7755,59.93
2026-10-01 00:00:00,64970,183.92
2026-10-01 00:00:00,7757,5.18
2026-10-01 00:00:00,7736,9.68
2026-10-01 00:00:00,7735,17.17
2026-10-01 00:00:00,7734,22.42
2026-10-01 00:00:00,38996,263.41
2026-10-01 00:00:00,39000,399.41
2026-10-01 00:00:00,39004,152.92
2026-10-01 00:00:00,64361,199.2
2026-10-01 00:00:00,12098,349.0
2026-10-01 00:00:00,18344,289.0
2026-10-01 00:00:00,12099,314.1
2026-10-01 00:00:00,12088,179.91
2026-10-01 00:00:00,30045,809.1
2026-10-01 00:00:00,38843,494.91
2026-10-01 00:00:00,64146,199.9
2026-10-01 00:00:00,12102,764.1
2026-10-01 00:00:00,12089,701.1
2026-10-01 00:00:00,12830,512.1
2026-10-01 00:00:00,38858,251.91
2026-10-01 00:00:00,32326,899.1
2026-10-01 00:00:00,49145,989.1
2026-10-01 00:00:00,28629,467.1
2026-10-01 00:00:00,28684,251.91
2026-10-01 00:00:00,64139,319.9
2026-10-01 00:00:00,34210,296.91
2026-10-01 00:00:00,32325,999.0
2026-10-01 00:00:00,34209,341.91
2026-10-01 00:00:00,64138,386.91
2026-10-01 00:00:00,49147,40.41
2026-10-01 00:00:00,36582,26.91
2026-10-01 00:00:00,63687,84.48
2026-10-01 00:00:00,38847,107.91
2026-10-01 00:00:00,16750,125.91
2026-10-01 00:00:00,48490,71.91
2026-10-01 00:00:00,32438,80.91
2026-10-01 00:00:00,16755,33.21
2026-10-01 00:00:00,60589,8.91
2026-10-01 00:00:00,50872,89.91
2026-10-01 00:00:00,50871,89.91
2026-10-01 00:00:00,49630,404.91
2026-10-01 00:00:00,31265,314.1
2026-10-01 00:00:00,31267,349.0
2026-10-01 00:00:00,38656,119.9
2026-10-01 00:00:00,10140,251.91
2026-10-01 00:00:00,49157,80.91
2026-10-01 00:00:00,12095,449.1
2026-10-01 00:00:00,48196,11.61
2026-10-01 00:00:00,48628,17.91
2026-10-01 00:00:00,48194,31.41
2026-10-01 00:00:00,48192,8.91
2026-10-01 00:00:00,48539,19.9
2026-10-01 00:00:00,48547,19.9
2026-10-01 00:00:00,37228,9.9
2026-10-01 00:00:00,55005,9.9
2026-10-01 00:00:00,55009,9.9
2026-10-01 00:00:00,55007,9.9
2026-10-01 00:00:00,55002,9.9
2026-10-01 00:00:00,30043,999.0
2026-10-01 00:00:00,49144,89.91
2026-10-01 00:00:00,49143,80.91
2026-10-01 00:00:00,20249,962.1
2026-10-01 00:00:00,64700,17.91
2026-10-01 00:00:00,38862,107.91
2026-10-01 00:00:00,13041,116.91
2026-10-01 00:00:00,49154,98.91
2026-10-01 00:00:00,32327,1199.0
2026-10-01 00:00:00,22423,251.1
2026-10-01 00:00:00,58070,26.91
2026-10-01 00:00:00,49037,386.1
2026-10-01 00:00:00,16757,35.91
2026-10-01 00:00:00,54684,152.91
2026-10-01 00:00:00,48487,62.91
2026-10-01 00:00:00,48492,71.91
2026-10-01 00:00:00,38855,103.41
2026-10-01 00:00:00,16766,15.21
2026-10-01 00:00:00,12833,359.91
2026-10-01 00:00:00,55612,39.9
2026-10-01 00:00:00,25338,296.1
2026-10-01 00:00:00,7009,188.91
2026-10-01 00:00:00,49033,206.91
2026-10-01 00:00:00,64722,116.91
2026-10-01 00:00:00,15662,71.91
2026-10-01 00:00:00,55602,35.91
2026-10-01 00:00:00,21290,55.0
2026-10-01 00:00:00,36787,224.1
2026-10-01 00:00:00,57763,197.91
2026-10-01 00:00:00,57764,179.91
2026-10-01 00:00:00,55025,34.65
2026-10-01 00:00:00,10141,269.1
2026-10-01 00:00:00,64131,125.91
2026-10-01 00:00:00,64133,159.9
2026-10-01 00:00:00,7007,269.1
2026-10-01 00:00:00,28718,24.9
2026-10-01 00:00:00,28717,49.9
2026-10-01 00:00:00,57724,39.9
2026-10-01 00:00:00,55605,170.91
2026-10-01 00:00:00,16781,26.91
2026-10-01 00:00:00,64723,24.21
2026-10-01 00:00:00,64724,17.91
2026-10-01 00:00:00,48219,197.91
2026-10-01 00:00:00,28712,22.41
2026-10-01 00:00:00,34206,107.91
2026-10-01 00:00:00,34207,107.91
2026-10-01 00:00:00,34208,107.91
2026-10-01 00:00:00,49714,107.91
2026-10-01 00:00:00,12366,116.91
2026-10-01 00:00:00,18343,21.51
2026-10-01 00:00:00,15660,467.1
2026-10-01 00:00:00,50408,17.91
2026-10-01 00:00:00,35551,323.1
2026-10-01 00:00:00,28715,79.9
2026-10-01 00:00:00,32336,449.1
2026-10-01 00:00:00,32337,404.1
2026-10-01 00:00:00,49255,629.1
2026-10-01 00:00:00,64148,314.1
2026-10-01 00:00:00,64142,287.91
2026-10-01 00:00:00,64143,404.1
2026-10-01 00:00:00,16767,49.9
2026-10-01 00:00:00,64137,139.9
2026-10-01 00:00:00,50864,149.9
2026-10-01 00:00:00,64132,143.91
2026-10-01 00:00:00,35540,206.91
2026-10-01 00:00:00,58071,440.1
2026-10-01 00:00:00,35549,431.1
2026-10-01 00:00:00,34202,134.91
2026-10-01 00:00:00,64711,71.91
2026-10-01 00:00:00,12357,139.9
2026-10-01 00:00:00,64715,62.91
2026-10-01 00:00:00,49826,170.91
2026-10-01 00:00:00,49833,59.9
2026-10-01 00:00:00,49832,59.9
2026-10-01 00:00:00,49831,69.9
2026-10-01 00:00:00,64368,53.91
2026-10-01 00:00:00,49041,89.91
2026-10-01 00:00:00,49042,197.91
2026-10-01 00:00:00,49705,35.91
2026-10-01 00:00:00,49086,53.91
2026-10-01 00:00:00,49087,9.9
2026-10-01 00:00:00,28713,10.9
2026-10-01 00:00:00,28719,44.9
2026-10-01 00:00:00,17837,53.91
2026-10-01 00:00:00,32306,71.91
2026-10-01 00:00:00,64725,22.41
2026-10-01 00:00:00,64372,59.9
2026-10-01 00:00:00,50862,67.41
2026-10-01 00:00:00,37178,35.91
2026-10-01 00:00:00,57725,62.91
2026-10-01 00:00:00,64373,54.9
2026-10-01 00:00:00,49336,149.9
2026-10-01 00:00:00,49806,476.1
2026-10-01 00:00:00,50469,19.9
2026-10-01 00:00:00,48638,152.91
2026-10-01 00:00:00,49480,53.91
2026-10-01 00:00:00,49083,33.21
2026-10-01 00:00:00,48605,109.9
2026-10-01 00:00:00,48606,109.9
2026-10-01 00:00:00,50126,103.92
2026-10-01 00:00:00,50127,183.92
2026-10-01 00:00:00,50119,103.92
2026-10-01 00:00:00,50120,189.9
2026-10-01 00:00:00,50121,349.9
2026-10-01 00:00:00,50117,49.9
2026-10-01 00:00:00,48604,199.9
2026-10-01 00:00:00,51455,263.92
2026-10-01 00:00:00,50476,89.9
2026-10-01 00:00:00,50628,134.91
2026-10-01 00:00:00,50627,449.1
2026-10-01 00:00:00,50629,134.91
2026-10-01 00:00:00,49713,98.91
2026-10-01 00:00:00,45771,4.41
2026-10-01 00:00:00,45873,7.2
2026-10-01 00:00:00,45874,4.5
2026-10-01 00:00:00,51950,9.45
2026-10-01 00:00:00,51142,16.11
2026-10-01 00:00:00,51981,17.9
2026-10-01 00:00:00,51526,9.45
2026-10-01 00:00:00,51544,4.05
2026-10-01 00:00:00,51547,4.05
2026-10-01 00:00:00,45862,13.41
2026-10-01 00:00:00,45775,13.41
2026-10-01 00:00:00,57105,3.6
2026-10-01 00:00:00,52063,3.6
2026-10-01 00:00:00,52906,21.51
2026-10-01 00:00:00,52018,4.05
2026-10-01 00:00:00,51982,12.51
2026-10-01 00:00:00,51983,12.51
2026-10-01 00:00:00,51984,12.51
2026-10-01 00:00:00,51985,12.51
2026-10-01 00:00:00,57528,13.95
2026-10-01 00:00:00,59051,13.95
2026-10-01 00:00:00,45876,8.01
2026-10-01 00:00:00,45875,8.01
2026-10-01 00:00:00,59052,13.95
2026-10-01 00:00:00,45853,8.01
2026-10-01 00:00:00,45784,6.21
2026-10-01 00:00:00,45785,6.21
2026-10-01 00:00:00,45786,6.21
2026-10-01 00:00:00,45787,9.45
2026-10-01 00:00:00,45788,9.45
2026-10-01 00:00:00,50697,9.45
2026-10-01 00:00:00,57603,17.91
2026-10-01 00:00:00,53962,17.91
2026-10-01 00:00:00,57550,21.51
2026-10-01 00:00:00,51987,19.9
2026-10-01 00:00:00,53963,17.91
2026-10-01 00:00:00,51396,4.68
2026-10-01 00:00:00,57288,4.95
2026-10-01 00:00:00,57538,13.41
2026-10-01 00:00:00,57539,2.7
2026-10-01 00:00:00,51746,17.91
2026-10-01 00:00:00,52871,8.91
2026-10-01 00:00:00,57614,6.75
2026-10-01 00:00:00,51951,6.75
2026-10-01 00:00:00,51549,4.05
2026-10-01 00:00:00,51952,15.21
2026-10-01 00:00:00,51143,2.61
2026-10-01 00:00:00,51144,2.7
2026-10-01 00:00:00,51545,20.61
2026-10-01 00:00:00,51546,32.31
2026-10-01 00:00:00,57617,20.61
2026-10-01 00:00:00,58908,2.25
2026-10-01 00:00:00,51548,7.56
2026-10-01 00:00:00,51991,44.01
2026-10-01 00:00:00,51992,44.01
2026-10-01 00:00:00,51993,8.5
2026-10-01 00:00:00,52019,38.61
2026-10-01 00:00:00,52020,38.61
2026-10-01 00:00:00,54834,38.61
2026-10-01 00:00:00,52021,38.61
2026-10-01 00:00:00,51528,38.61
2026-10-01 00:00:00,52022,38.61
2026-10-01 00:00:00,51308,9.45
2026-10-01 00:00:00,45825,4.41
2026-10-01 00:00:00,52016,38.61
2026-10-01 00:00:00,51954,10.9
2026-10-01 00:00:00,51956,56.5
2026-10-01 00:00:00,52023,27.81
2026-10-01 00:00:00,51988,22.9
2026-10-01 00:00:00,51955,11.9
2026-10-01 00:00:00,51166,27.81
2026-10-01 00:00:00,51167,27.81
2026-10-01 00:00:00,57551,21.51
2026-10-01 00:00:00,32283,3.78
2026-10-01 00:00:00,45836,5.4
2026-10-01 00:00:00,45838,5.4
2026-10-01 00:00:00,45826,3.78
2026-10-01 00:00:00,52105,224.91
2026-10-01 00:00:00,48662,1712.41
2026-10-01 00:00:00,48663,1022.21
2026-10-01 00:00:00,48664,1380.91
2026-10-01 00:00:00,48665,2490.16
2026-10-01 00:00:00,52104,229.16
2026-10-01 00:00:00,52107,1009.46
2026-10-01 00:00:00,45899,9.81
2026-10-01 00:00:00,45902,9.81
2026-10-01 00:00:00,57623,21.51
2026-10-01 00:00:00,54531,71.91
2026-10-01 00:00:00,51996,17.91
2026-10-01 00:00:00,51777,15.21
2026-10-01 00:00:00,54435,10.71
2026-10-01 00:00:00,54784,17.91
2026-10-01 00:00:00,45835,3.6
2026-10-01 00:00:00,45837,3.6
2026-10-01 00:00:00,45795,3.78
2026-10-01 00:00:00,45841,5.4
2026-10-01 00:00:00,45797,3.78
2026-10-01 00:00:00,45799,5.4
2026-10-01 00:00:00,45840,3.78
2026-10-01 00:00:00,45800,5.4
2026-10-01 00:00:00,51140,35.01
2026-10-01 00:00:00,51141,30.51
2026-10-01 00:00:00,51640,14.85
2026-10-01 00:00:00,51539,14.85
2026-10-01 00:00:00,51639,11.61
2026-10-01 00:00:00,57636,30.51
2026-10-01 00:00:00,51283,14.31
2026-10-01 00:00:00,52899,21.51
2026-10-01 00:00:00,51145,11.25
2026-10-01 00:00:00,51146,11.25
2026-10-01 00:00:00,57375,10.71
2026-10-01 00:00:00,51615,9.45
2026-10-01 00:00:00,52897,21.51
2026-10-01 00:00:00,51541,26.91
2026-10-01 00:00:00,64877,14.31
2026-10-01 00:00:00,51497,4.95
2026-10-01 00:00:00,57546,4.41
2026-10-01 00:00:00,52001,4.05
2026-10-01 00:00:00,52002,4.05
2026-10-01 00:00:00,45908,23.31
2026-10-01 00:00:00,45909,23.31
2026-10-01 00:00:00,45843,23.31
2026-10-01 00:00:00,45910,23.31
2026-10-01 00:00:00,52073,8.28
2026-10-01 00:00:00,52025,26.91
2026-10-01 00:00:00,52059,12.51
2026-10-01 00:00:00,57508,17.91
2026-10-01 00:00:00,45834,12.51
2026-10-01 00:00:00,45878,7.65
2026-10-01 00:00:00,57294,12.51
2026-10-01 00:00:00,45845,7.65
2026-10-01 00:00:00,54314,12.51
2026-10-01 00:00:00,45848,7.65
2026-10-01 00:00:00,57535,13.95
2026-10-01 00:00:00,57536,13.95
2026-10-01 00:00:00,45846,8.01
2026-10-01 00:00:00,45849,8.01
2026-10-01 00:00:00,64863,539.1
2026-10-01 00:00:00,45856,71.91
2026-10-01 00:00:00,53531,170.91
2026-10-01 00:00:00,45893,170.91
2026-10-01 00:00:00,57107,71.91
2026-10-01 00:00:00,53530,31.41
2026-10-01 00:00:00,51819,16.11
2026-10-01 00:00:00,51818,16.11
2026-10-01 00:00:00,51816,53.91
2026-10-01 00:00:00,51820,16.11
2026-10-01 00:00:00,51821,40.41
2026-10-01 00:00:00,45774,6.66
2026-10-01 00:00:00,51740,3.15
2026-10-01 00:00:00,51737,3.15
2026-10-01 00:00:00,58974,17.91
2026-10-01 00:00:00,51738,3.15
2026-10-01 00:00:00,51744,3.15
2026-10-01 00:00:00,51739,3.15
2026-10-01 00:00:00,45896,8.01
2026-10-01 00:00:00,51999,20.61
2026-10-01 00:00:00,45852,35.91
2026-10-01 00:00:00,52072,4.05
2026-10-01 00:00:00,51503,13.41
2026-10-01 00:00:00,45900,15.21
2026-10-01 00:00:00,45903,13.41
2026-10-01 00:00:00,51614,5.31
2026-10-01 00:00:00,51616,9.45
2026-10-01 00:00:00,51778,10.35
2026-10-01 00:00:00,52006,9.45
2026-10-01 00:00:00,51161,23.31
2026-10-01 00:00:00,51162,22.5
2026-10-01 00:00:00,51657,11.61
2026-10-01 00:00:00,51665,2.61
2026-10-01 00:00:00,51659,2.61
2026-10-01 00:00:00,51658,11.61
2026-10-01 00:00:00,52070,3.15
2026-10-01 00:00:00,57185,21.51
2026-10-01 00:00:00,52003,8.55
2026-10-01 00:00:00,51638,6.75
2026-10-01 00:00:00,51660,11.61
2026-10-01 00:00:00,52069,11.61
2026-10-01 00:00:00,52071,2.61
2026-10-01 00:00:00,52076,2.61
2026-10-01 00:00:00,57627,21.51
2026-10-01 00:00:00,57628,21.51
2026-10-01 00:00:00,57632,20.25
2026-10-01 00:00:00,53849,25.65
2026-10-01 00:00:00,53089,25.65
2026-10-01 00:00:00,53850,29.25
2026-10-01 00:00:00,50968,20.25
2026-10-01 00:00:00,57635,20.25
2026-10-01 00:00:00,51743,3.15
2026-10-01 00:00:00,51742,3.15
2026-10-01 00:00:00,51741,3.15
2026-10-01 00:00:00,51745,3.15
2026-10-01 00:00:00,57626,21.51
2026-10-01 00:00:00,45818,9.81
2026-10-01 00:00:00,45819,9.81
2026-10-01 00:00:00,52007,30.15
2026-10-01 00:00:00,54806,14.31
2026-10-01 00:00:00,54807,30.15
2026-10-01 00:00:00,52008,14.31
2026-10-01 00:00:00,53960,30.15
2026-10-01 00:00:00,54808,14.31
2026-10-01 00:00:00,52027,17.91
2026-10-01 00:00:00,48134,319.41
2026-10-01 00:00:00,48153,175.5
2026-10-01 00:00:00,59045,14.31
2026-10-01 00:00:00,57515,14.31
2026-10-01 00:00:00,45869,3.78
2026-10-01 00:00:00,57189,5.4
2026-10-01 00:00:00,51523,23.31
2026-10-01 00:00:00,45904,53.91
2026-10-01 00:00:00,45872,53.91
2026-10-01 00:00:00,45907,53.91
2026-10-01 00:00:00,51315,37.71
2026-10-01 00:00:00,51515,40.41
2026-10-01 00:00:00,57369,6.21
2026-10-01 00:00:00,51517,6.21
2026-10-01 00:00:00,53515,15.21
2026-10-01 00:00:00,51815,14.31
2026-10-01 00:00:00,51817,14.31
2026-10-01 00:00:00,45793,125.91
2026-10-01 00:00:00,45794,125.91
2026-10-01 00:00:00,48122,449.91
2026-10-01 00:00:00,48124,449.91
2026-10-01 00:00:00,48128,449.91
2026-10-01 00:00:00,48121,296.91
2026-10-01 00:00:00,45730,161.91
2026-10-01 00:00:00,48127,1079.1
2026-10-01 00:00:00,45734,197.91
2026-10-01 00:00:00,45727,197.91
2026-10-01 00:00:00,45736,197.91
2026-10-01 00:00:00,45740,197.91
2026-10-01 00:00:00,45738,197.91
2026-10-01 00:00:00,45741,197.91
2026-10-01 00:00:00,45739,197.91
2026-10-01 00:00:00,48126,710.91
2026-10-01 00:00:00,48125,296.91
2026-10-01 00:00:00,48151,76.41
2026-10-01 00:00:00,48160,89.91
2026-10-01 00:00:00,48157,530.91
2026-10-01 00:00:00,48137,53.91
2026-10-01 00:00:00,48140,53.91
2026-10-01 00:00:00,48155,332.91
2026-10-01 00:00:00,48146,116.91
2026-10-01 00:00:00,48149,89.91
2026-10-01 00:00:00,48166,139.41
2026-10-01 00:00:00,45809,84.83
2026-10-01 00:00:00,45805,72.54
2026-10-01 00:00:00,45806,318.82
2026-10-01 00:00:00,48123,609.9
2026-10-01 00:00:00,45808,72.54
2026-10-01 00:00:00,45812,57.33
2026-10-01 00:00:00,45810,117.0
2026-10-01 00:00:00,45811,95.36
2026-10-01 00:00:00,45824,233.91
2026-10-01 00:00:00,45829,206.91
2026-10-01 00:00:00,45827,116.91
2026-10-01 00:00:00,48177,71.91
2026-10-01 00:00:00,48138,71.91
2026-10-01 00:00:00,48141,71.91
2026-10-01 00:00:00,48132,58.41
2026-10-01 00:00:00,48147,260.91
2026-10-01 00:00:00,48156,440.91
2026-10-01 00:00:00,48159,440.91
2026-10-01 00:00:00,48150,440.91
2026-10-01 00:00:00,48144,89.91
2026-10-01 00:00:00,48175,44.91
2026-10-01 00:00:00,48135,76.41
2026-10-01 00:00:00,48162,53.84
2026-10-01 00:00:00,51727,53.84
2026-10-01 00:00:00,48167,78.53
2026-10-01 00:00:00,48173,74.88
2026-10-01 00:00:00,48170,74.88
2026-10-01 00:00:00,48176,85.56
2026-10-01 00:00:00,48131,85.56
2026-10-01 00:00:00,63734,101.25
2026-10-01 00:00:00,63739,112.5
2026-10-01 00:00:00,63740,112.5
2026-10-01 00:00:00,45863,233.91
2026-10-01 00:00:00,45867,233.91
2026-10-01 00:00:00,48139,467.91
2026-10-01 00:00:00,48174,305.91
2026-10-01 00:00:00,48158,1079.1
2026-10-01 00:00:00,48148,467.91
2026-10-01 00:00:00,48154,467.91
2026-10-01 00:00:00,48161,467.91
2026-10-01 00:00:00,48143,467.91
2026-10-01 00:00:00,48152,674.91
2026-10-01 00:00:00,48169,233.91
2026-10-01 00:00:00,48133,233.91
2026-10-01 00:00:00,48136,476.91
2026-10-01 00:00:00,48171,197.91
2026-10-01 00:00:00,48129,413.91
2026-10-01 00:00:00,48145,467.91
2026-10-01 00:00:00,63737,149.63
2026-10-01 00:00:00,48165,566.91
2026-10-01 00:00:00,48164,566.91
2026-10-01 00:00:00,48168,944.91
2026-10-01 00:00:00,52029,17.28
2026-10-01 00:00:00,45830,42.9
2026-10-01 00:00:00,58527,79.9
2026-10-01 00:00:00,58522,62.91
2026-10-02,56915,17.91
2026-10-02,54667,14.04
2026-10-02,56914,44.91
2026-10-02,64750,116.91
2026-10-02,56879,101.61
2026-10-02,64284,95.31
2026-10-02,15933,38.61
2026-10-02,16812,31.41
2026-10-02,63828,359.1
2026-10-02,59409,1269.0
2026-10-02,59407,1519.0
2026-10-02,59461,1469.0
2026-10-02,63272,8.45
2026-10-02,63274,7.45
2026-10-02,63273,7.45
2026-10-02,56334,230.4
2026-10-02,64293,49.41
2026-10-02,47666,319.0
2026-10-02,58192,999.0
2026-10-02,18728,367.2
2026-10-02,54664,23.76
2026-10-02,56513,18.81
2026-10-02,54668,18.81
2026-10-02,56510,18.09
2026-10-02,56511,23.31
2026-10-02,56512,42.75
2026-10-02,56506,29.97
2026-10-02,20818,27.81
2026-10-02,64233,12.51
2026-10-02,64232,7.11
2026-10-02,64231,7.11
2026-10-02,63236,2.52
2026-10-02,56900,1.8
2026-10-02,56901,1.8
2026-10-02,51851,185.4
2026-10-02,56883,4.5
2026-10-02,27643,31.41
2026-10-02,64288,260.1
2026-10-02,60590,3.51
2026-10-02,60592,5.31
2026-10-02,56507,42.48
2026-10-02,35027,35.91
2026-10-02,63838,11.61
2026-10-02,64665,1.35
2026-10-02,64664,1.35
2026-10-02,64663,15.21
2026-10-02,53475,44.91
2026-10-02,21089,14.31
2026-10-02,53023,71.91
2026-10-02,64236,33.91
2026-10-02,53033,224.91
2026-10-02,27988,23.31
2026-10-02,27994,20.61
2026-10-02,27991,22.41
2026-10-02,27992,22.41
2026-10-02,53068,47.61
2026-10-02,58064,54.81
2026-10-02,51645,71.91
2026-10-02,13211,86.4
2026-10-02,16581,62.91
2026-10-02,17326,21.16
2026-10-02,15944,302.4
2026-10-02,13347,67.41
2026-10-02,62012,116.91
2026-10-02,62010,107.91
2026-10-02,62006,150.21
2026-10-02,20815,69.21
2026-10-02,27658,15.21
2026-10-02,27659,24.21
2026-10-02,24590,55.17
2026-10-02,4142,127.42
2026-10-02,64042,48.36
2026-10-02,14134,59.42
2026-10-02,64105,25.41
2026-10-02,7065,85.6
2026-10-02,25782,44.91
2026-10-02,50287,62.91
2026-10-02,17273,59.42
2026-10-02,58117,42.41
2026-10-02,50291,62.91
2026-10-02,56933,62.91
2026-10-02,58062,54.81
2026-10-02,58060,62.91
2026-10-02,58059,62.91
2026-10-02,56934,66.51
2026-10-02,56535,87.21
2026-10-02,1827,179.91
2026-10-02,53686,269.91
2026-10-02,52054,59.42
2026-10-02,64092,67.92
2026-10-02,64091,76.42
2026-10-02,24601,42.41
2026-10-02,64247,170.91
2026-10-02,50442,35.91
2026-10-02,48231,351.4
2026-10-02,64071,29.66
2026-10-02,54642,62.91
2026-10-02,52355,249.9
2026-10-02,53805,62.91
2026-10-02,53804,62.91
2026-10-02,18700,152.91
2026-10-02,56502,89.91
2026-10-02,65021,287.0
2026-10-02,62472,1035.0
2026-10-02,34423,479.0
2026-10-02,15576,33.21
2026-10-02,27907,24.21
2026-10-02,29139,44.91
2026-10-02,29140,49.41
2026-10-02,29141,60.21
2026-10-02,27978,25.11
2026-10-02,63814,58.41
2026-10-02,20811,0.31
2026-10-02,20809,1.26
2026-10-02,20819,1.08
2026-10-02,20820,0.54
2026-10-02,20821,0.36
2026-10-02,50777,154.71
2026-10-02,26440,71.91
2026-10-02,17025,44.91
2026-10-02,50776,80.91
2026-10-02,20494,19.71
2026-10-02,55746,7.65
2026-10-02,62915,6.3
2026-10-02,64763,2.08
2026-10-02,64756,1.53
2026-10-02,64757,1.73
2026-10-02,64759,1.53
2026-10-02,64761,2.69
2026-10-02,64758,1.35
2026-10-02,64760,2.61
2026-10-02,62924,0.9
2026-10-02,62916,8.1
2026-10-02,55581,107.91
2026-10-02,52305,44.91
2026-10-02,63757,42.21
2026-10-02,50016,149.9
2026-10-02,39298,1424.05
2026-10-02,65026,167.0
2026-10-02,20492,31.41
2026-10-02,64069,424.15
2026-10-02,25749,31.41
2026-10-02,25750,31.41
2026-10-02,56295,13.41
2026-10-02,62047,9.81
2026-10-02,61144,25.11
2026-10-02,61138,8.91
2026-10-02,61140,33.21
2026-10-02,61139,26.91
2026-10-02,21389,11.61
2026-10-02,63160,279.93
2026-10-02,63161,230.93
2026-10-02,63158,279.93
2026-10-02,25515,359.92
2026-10-02,52053,59.42
2026-10-02,63159,349.93
2026-10-02,56555,251.91
2026-10-02,25859,224.91
2026-10-02,8280,474.3
2026-10-02,65023,149.0
2026-10-02,53873,299.9
2026-10-02,14648,332.91
2026-10-02,24551,599.0
2026-10-02,13817,539.1
2026-10-02,24667,152.91
2026-10-02,18723,179.91
2026-10-02,18722,143.91
2026-10-02,13816,314.1
2026-10-02,51849,62.91
2026-10-02,34152,10.71
2026-10-02,53806,161.1
2026-10-02,29145,188.91
2026-10-02,34145,20.61
2026-10-02,34072,17.91
2026-10-02,29146,22.41
2026-10-02,29147,26.91
2026-10-02,29148,24.21
2026-10-02,29149,31.41
2026-10-02,27951,17.91
2026-10-02,27952,17.91
2026-10-02,34073,51.21
2026-10-02,60554,4.5
2026-10-02,64672,3.6
2026-10-02,64673,9.81
2026-10-02,64674,10.71
2026-10-02,20440,3.42
2026-10-02,34155,7.65
2026-10-02,21099,21.51
2026-10-02,9086,35.91
2026-10-02,20431,11.61
2026-10-02,64331,44.91
2026-10-02,20439,4.95
2026-10-02,34153,14.31
2026-10-02,29150,71.91
2026-10-02,29151,80.91
2026-10-02,21100,20.61
2026-10-02,13693,4.5
2026-10-02,13692,26.91
2026-10-02,55743,10.53
2026-10-02,21098,21.51
2026-10-02,9112,98.91
2026-10-02,54657,1.8
2026-10-02,53374,19.71
2026-10-02,27286,143.92
2026-10-02,25107,179.1
2026-10-02,33484,76.41
2026-10-02,31673,71.91
2026-10-02,31672,80.91
2026-10-02,62211,98.91
2026-10-02,8281,76.5
2026-10-02,24691,44.1
2026-10-02,17299,59.42
2026-10-02,26777,59.42
2026-10-02,17301,9.27
2026-10-02,64062,13.52
2026-10-02,64063,12.67
2026-10-02,17291,16.91
2026-10-02,17292,16.06
2026-10-02,64064,19.46
2026-10-02,17766,19.46
2026-10-02,17295,29.66
2026-10-02,17298,38.16
2026-10-02,52033,16.91
2026-10-02,17288,10.96
2026-10-02,64061,18.61
2026-10-02,17287,18.61
2026-10-02,17294,25.41
2026-10-02,17319,10.96
2026-10-02,17317,39.86
2026-10-02,13029,59.9
2026-10-02,13028,45.81
2026-10-02,12080,59.42
2026-10-02,13030,55.67
2026-10-02,12081,66.22
2026-10-02,17318,9.27
2026-10-02,17320,11.82
2026-10-02,17304,10.96
2026-10-02,17322,11.82
2026-10-02,17306,14.36
2026-10-02,64065,9.78
2026-10-02,17308,13.18
2026-10-02,17307,16.91
2026-10-02,58036,7.8
2026-10-02,17310,19.46
2026-10-02,17309,16.91
2026-10-02,17312,22.05
2026-10-02,17311,18.7
2026-10-02,64066,18.7
2026-10-02,17314,25.41
2026-10-02,64067,29.66
2026-10-02,17316,33.91
2026-10-02,17315,30.52
2026-10-02,24690,33.21
2026-10-02,44014,17.91
2026-10-02,62063,99.0
2026-10-02,19216,25.2
2026-10-02,8284,199.8
2026-10-02,8285,220.5
2026-10-02,56376,340.2
2026-10-02,50761,172.8
2026-10-02,50729,51.3
2026-10-02,19215,20.7
2026-10-02,49690,237.6
2026-10-02,6589,428.4
2026-10-02,64057,12.67
2026-10-02,17764,19.46
2026-10-02,17281,8.42
2026-10-02,17282,14.36
2026-10-02,24641,16.91
2026-10-02,64056,50.91
2026-10-02,15910,98.91
2026-10-02,64490,17.01
2026-10-02,64491,26.91
2026-10-02,64494,6.21
2026-10-02,64493,10.71
2026-10-02,64492,12.51
2026-10-02,15623,133.2
2026-10-02,15624,194.4
2026-10-02,51838,134.91
2026-10-02,51898,38.61
2026-10-02,51837,80.91
2026-10-02,8129,24.6
2026-10-02,8650,21.6
2026-10-02,16687,53.91
2026-10-02,15943,107.94
2026-10-02,8077,34.2
2026-10-02,57765,39.51
2026-10-02,64335,35.91
2026-10-02,24696,17.91
2026-10-02,24693,24.21
2026-10-02,51848,17.91
2026-10-02,31793,30.51
2026-10-02,31777,44.91
2026-10-02,44013,13.41
2026-10-02,44017,17.91
2026-10-02,44016,24.21
2026-10-02,64058,6.71
2026-10-02,17283,10.96
2026-10-02,20321,4.41
2026-10-02,20320,8.91
2026-10-02,8114,86.4
2026-10-02,58042,233.91
2026-10-02,42264,35.94
2026-10-02,8087,30.0
2026-10-02,64495,8.01
2026-10-02,51822,21.0
2026-10-02,50789,32.31
2026-10-02,50790,39.51
2026-10-02,56929,30.51
2026-10-02,50788,32.31
2026-10-02,49463,80.1
2026-10-02,49252,119.7
2026-10-02,16238,391.8
2026-10-02,15902,451.8
2026-10-02,16239,599.94
2026-10-02,8085,102.0
2026-10-02,56342,157.5
2026-10-02,8082,129.6
2026-10-02,8079,68.4
2026-10-02,8088,64.8
2026-10-02,8237,81.9
2026-10-02,8622,139.5
2026-10-02,8679,203.4
2026-10-02,8625,189.0
2026-10-02,8621,243.9
2026-10-02,8617,51.3
2026-10-02,8620,56.7
2026-10-02,8618,97.2
2026-10-02,8115,48.0
2026-10-02,50743,44.91
2026-10-02,62189,239.4
2026-10-02,8726,64.8
2026-10-02,15620,40.8
2026-10-02,26944,48.36
2026-10-02,26772,84.92
2026-10-02,50873,31.95
2026-10-02,38371,107.91
2026-10-02,27793,48.36
2026-10-02,26945,84.92
2026-10-02,26770,101.92
2026-10-02,15785,113.94
2026-10-02,64174,53.91
2026-10-02,51859,4.72
2026-10-02,51860,6.32
2026-10-02,56936,11.92
2026-10-02,65241,22.41
2026-10-02,56283,4.41
2026-10-02,8098,309.9
2026-10-02,17160,7.92
2026-10-02,27665,99.9
2026-10-02,29153,80.91
2026-10-02,27663,99.9
2026-10-02,27664,179.91
2026-10-02,29154,80.91
2026-10-02,44861,71.91
2026-10-02,44859,80.91
2026-10-02,29283,80.91
2026-10-02,64264,35.91
2026-10-02,64262,53.91
2026-10-02,64263,35.91
2026-10-02,64265,45.81
2026-10-02,27924,26.91
2026-10-02,54024,116.91
2026-10-02,54025,107.91
2026-10-02,54390,68.31
2026-10-02,54391,80.91
2026-10-02,28510,134.91
2026-10-02,28514,71.91
2026-10-02,28511,80.91
2026-10-02,28512,134.91
2026-10-02,53989,161.91
2026-10-02,53988,161.91
2026-10-02,53984,53.91
2026-10-02,53983,53.91
2026-10-02,53985,68.31
2026-10-02,54388,80.91
2026-10-02,54368,98.91
2026-10-02,53409,22.41
2026-10-02,17772,16.91
2026-10-02,20387,21.51
2026-10-02,20385,1.19
2026-10-02,58186,17.91
2026-10-02,14456,44.91
2026-10-02,65252,179.1
2026-10-02,31547,115.11
2026-10-02,27983,62.91
2026-10-02,63841,5.31
2026-10-02,61051,7.11
2026-10-02,52337,332.91
2026-10-02,25924,15.21
2026-10-02,20384,5.38
2026-10-02,63071,40.41
2026-10-02,14121,91.71
2026-10-02,29284,49.41
2026-10-02,29285,58.41
2026-10-02,29286,53.91
2026-10-02,29287,62.91
2026-10-02,29288,71.91
2026-10-02,3662,350.1
2026-10-02,2544,215.92
2026-10-02,30272,80.91
2026-10-02,6789,899.1
2026-10-02,30274,134.91
2026-10-02,30275,197.91
2026-10-02,30276,215.91
2026-10-02,30277,314.91
2026-10-02,30278,44.91
2026-10-02,30280,80.91
2026-10-02,30282,143.91
2026-10-02,30283,161.91
2026-10-02,55706,431.91
2026-10-02,16154,89.9
2026-10-02,16155,89.9
2026-10-02,16156,109.9
2026-10-02,16157,109.9
2026-10-02,16158,129.9
2026-10-02,16159,129.9
2026-10-02,31773,359.1
2026-10-02,24589,809.1
2026-10-02,33397,512.1
2026-10-02,24588,494.1
2026-10-02,52043,287.91
2026-10-02,64701,89.91
2026-10-02,64710,125.91
2026-10-02,64098,134.91
2026-10-02,3661,134.91
2026-10-02,31844,359.91
2026-10-02,26751,215.91
2026-10-02,52042,215.91
2026-10-02,52045,197.91
2026-10-02,58183,314.1
2026-10-02,12149,143.91
2026-10-02,12148,269.91
2026-10-02,12147,341.1
2026-10-02,63860,197.91
2026-10-02,52046,719.1
2026-10-02,42278,579.0
2026-10-02,26442,49.9
2026-10-02,26441,86.9
2026-10-02,26443,99.9
2026-10-02,31799,1349.1
2026-10-02,29322,674.1
2026-10-02,30307,206.91
2026-10-02,38476,323.91
2026-10-02,63285,2.45
2026-10-02,12348,1079.1
2026-10-02,56098,959.0
2026-10-02,56097,1299.0
2026-10-02,56096,1629.0
2026-10-02,12347,3329.1
2026-10-02,25855,1791.0
2026-10-02,12350,3990.0
2026-10-02,25851,4941.0
2026-10-02,7986,1159.0
2026-10-02,4324,1099.0
2026-10-02,27751,10791.0
2026-10-02,29319,3149.1
2026-10-02,19236,183.92
2026-10-02,64716,116.91
2026-10-02,63849,225.81
2026-10-02,64717,341.91
2026-10-02,19519,175.92
2026-10-02,4983,239.92
2026-10-02,20794,0.27
2026-10-02,20793,0.27
2026-10-02,38033,175.92
2026-10-02,30248,116.91
2026-10-02,17361,71.92
2026-10-02,1453,159.92
2026-10-02,7891,159.92
2026-10-02,6394,215.92
2026-10-02,6588,319.92
2026-10-02,54978,8.9
2026-10-02,51322,206.91
2026-10-02,51321,125.91
2026-10-02,34815,98.91
2026-10-02,54969,179.91
2026-10-02,57967,89.91
2026-10-02,57969,89.91
2026-10-02,54970,224.91
2026-10-02,57971,116.91
2026-10-02,57964,143.91
2026-10-02,57966,143.91
2026-10-02,57963,71.91
2026-10-02,57968,71.91
2026-10-02,64039,62.91
2026-10-02,52031,144.42
2026-10-02,58051,67.41
2026-10-02,57923,23.92
2026-10-02,57924,103.92
2026-10-02,55774,56.61
2026-10-02,39083,62.91
2026-10-02,64764,179.1
2026-10-02,64765,215.91
2026-10-02,31772,119.61
2026-10-02,63830,359.1
2026-10-02,33430,53.91
2026-10-02,56033,116.91
2026-10-02,56327,58.41
2026-10-02,63842,34.11
2026-10-02,56276,30.51
2026-10-02,29289,107.91
2026-10-02,29290,206.91
2026-10-02,29291,98.91
2026-10-02,29292,89.91
2026-10-02,27657,125.91
2026-10-02,64670,215.91
2026-10-02,64326,125.91
2026-10-02,39712,71.91
2026-10-02,39319,71.91
2026-10-02,64752,179.91
2026-10-02,64751,233.91
2026-10-02,64662,134.1
2026-10-02,15033,179.91
2026-10-02,63818,125.91
2026-10-02,39078,251.91
2026-10-02,63823,206.91
2026-10-02,63827,449.1
2026-10-02,63825,449.1
2026-10-02,39080,359.1
2026-10-02,15180,125.91
2026-10-02,63822,143.91
2026-10-02,63824,287.91
2026-10-02,63826,233.91
2026-10-02,64327,53.91
2026-10-02,64328,76.41
2026-10-02,64329,116.91
2026-10-02,31771,89.91
2026-10-02,31770,109.71
2026-10-02,55777,28.71
2026-10-02,55788,56.61
2026-10-02,56032,92.61
2026-10-02,55778,92.61
2026-10-02,31769,113.31
2026-10-02,56275,109.71
2026-10-02,56281,77.31
2026-10-02,55776,101.61
2026-10-02,55773,32.31
2026-10-02,53160,47.61
2026-10-02,65249,170.91
2026-10-02,65251,152.91
2026-10-02,63820,116.91
2026-10-02,39321,143.91
2026-10-02,63819,116.91
2026-10-02,63821,116.91
2026-10-02,39323,80.91
2026-10-02,56277,70.11
2026-10-02,63835,98.91
2026-10-02,53162,258.21
2026-10-02,55787,80.91
2026-10-02,53161,123.21
2026-10-02,39324,251.91
2026-10-02,65242,89.91
2026-10-02,63848,92.61
2026-10-02,56274,137.61
2026-10-02,33428,44.91
2026-10-02,25875,152.91
2026-10-02,31768,180.81
2026-10-02,55784,188.01
2026-10-02,33431,143.91
2026-10-02,33432,179.91
2026-10-02,39322,161.91
2026-10-02,39325,224.91
2026-10-02,56237,161.42
2026-10-02,34796,26.1
2026-10-02,13421,44.1
2026-10-02,26934,89.1
2026-10-02,26935,36.9
2026-10-02,51940,24.3
2026-10-02,50745,309.0
2026-10-02,52696,107.91
2026-10-02,42266,197.91
2026-10-02,10501,32.31
2026-10-02,10502,37.71
2026-10-02,32379,872.1
2026-10-02,5018,1709.1
2026-10-02,63811,44.91
2026-10-02,59330,1359.0
2026-10-02,62470,929.0
2026-10-02,21287,2249.0
2026-10-02,4406,314.41
2026-10-02,64053,314.41
2026-10-02,64704,31.41
2026-10-02,15926,36.0
2026-10-02,15930,39.0
2026-10-02,50780,34.11
2026-10-02,33433,50.91
2026-10-02,50289,34.11
2026-10-02,58041,35.91
2026-10-02,56551,175.41
2026-10-02,26942,67.92
2026-10-02,8195,134.91
2026-10-02,64878,629.1
2026-10-02,51823,206.91
2026-10-02,15925,37.8
2026-10-02,15924,40.8
2026-10-02,52052,67.92
2026-10-02,50782,144.81
2026-10-02,51942,60.21
2026-10-02,50781,35.91
2026-10-02,57496,197.91
2026-10-02,50778,62.91
2026-10-02,8196,224.91
2026-10-02,59364,239.0
2026-10-02,52714,251.91
2026-10-02,53043,76.42
2026-10-02,64275,169.91
2026-10-02,53017,144.42
2026-10-02,10748,118.92
2026-10-02,62205,169.91
2026-10-02,12804,118.92
2026-10-02,62204,152.92
2026-10-02,52324,169.91
2026-10-02,12800,93.42
2026-10-02,29294,107.91
2026-10-02,13373,44.91
2026-10-02,64645,152.92
2026-10-02,52894,203.92
2026-10-02,31775,389.0
2026-10-02,65244,413.1
2026-10-02,65243,404.1
2026-10-02,65235,377.1
2026-10-02,64748,404.91
2026-10-02,65253,215.1
2026-10-02,16240,126.0
2026-10-02,50796,63.81
2026-10-02,56344,113.4
2026-10-02,51850,165.15
2026-10-02,13175,107.94
2026-10-02,11495,89.91
2026-10-02,53217,11.61
2026-10-02,53298,13.41
2026-10-02,54405,206.91
2026-10-02,64267,62.91
2026-10-02,64669,29.61
2026-10-02,56042,29.9
2026-10-02,54136,98.91
2026-10-02,54137,62.91
2026-10-02,64258,7.11
2026-10-02,29909,44.91
2026-10-02,54133,17.91
2026-10-02,53299,13.41
2026-10-02,53216,11.61
2026-10-02,53214,13.41
2026-10-02,53215,13.41
2026-10-02,54647,260.91
2026-10-02,54646,85.41
2026-10-02,54648,188.91
2026-10-02,64291,188.91
2026-10-02,64290,260.91
2026-10-02,53979,116.91
2026-10-02,31677,71.91
2026-10-02,31675,71.91
2026-10-02,53978,116.91
2026-10-02,11510,242.91
2026-10-02,60587,71.91
2026-10-02,56450,116.91
2026-10-02,34794,447.2
2026-10-02,25127,143.1
2026-10-02,25128,260.1
2026-10-02,20635,799.2
2026-10-02,62218,98.91
2026-10-02,53155,80.91
2026-10-02,31676,71.91
2026-10-02,11144,76.41
2026-10-02,53600,12.51
2026-10-02,64259,17.91
2026-10-02,56269,26.91
2026-10-02,53976,12.51
2026-10-02,62210,71.91
2026-10-02,53982,26.91
2026-10-02,64268,78.21
2026-10-02,64269,28.71
2026-10-02,31667,350.1
2026-10-02,60962,116.91
2026-10-02,64622,71.91
2026-10-02,64282,62.91
2026-10-02,29908,134.91
2026-10-02,62231,44.91
2026-10-02,54649,62.91
2026-10-02,64257,116.91
2026-10-02,33427,5.31
2026-10-02,64274,44.91
2026-10-02,64679,71.91
2026-10-02,53154,11.61
2026-10-02,64273,62.91
2026-10-02,54135,62.91
2026-10-02,60564,53.91
2026-10-02,60566,116.91
2026-10-02,65234,44.91
2026-10-02,55747,26.91
2026-10-02,31678,71.91
2026-10-02,56798,58.41
2026-10-02,53977,116.91
2026-10-02,62212,44.91
2026-10-02,54134,116.91
2026-10-02,64292,134.91
2026-10-02,56797,17.01
2026-10-02,53164,109.95
2026-10-02,53597,22.41
2026-10-02,62173,26.91
2026-10-02,53598,6.21
2026-10-02,64266,9.81
2026-10-02,53970,12.51
2026-10-02,64272,4.41
2026-10-02,53971,16.11
2026-10-02,54026,24.21
2026-10-02,53972,31.41
2026-10-02,53599,8.91
2026-10-02,53596,21.51
2026-10-02,17019,31.41
2026-10-02,17020,44.91
2026-10-02,17021,71.91
2026-10-02,56799,98.91
2026-10-02,56651,26.91
2026-10-02,63762,62.91
2026-10-02,21085,39.9
2026-10-02,31559,107.91
2026-10-02,64657,62.91
2026-10-02,64659,179.1
2026-10-02,56893,80.91
2026-10-02,56557,73.71
2026-10-02,27717,17.91
2026-10-02,27720,8.91
2026-10-02,27728,8.91
2026-10-02,27884,8.91
2026-10-02,27885,8.91
2026-10-02,27886,8.91
2026-10-02,27888,8.91
2026-10-02,27889,8.91
2026-10-02,27890,8.91
2026-10-02,64283,98.1
2026-10-02,64287,46.71
2026-10-02,50844,62.91
2026-10-02,64286,53.91
2026-10-02,28469,53.91
2026-10-02,28470,69.21
2026-10-02,28445,62.91
2026-10-02,28446,98.91
2026-10-02,36122,49.41
2026-10-02,28443,62.91
2026-10-02,28463,62.91
2026-10-02,28450,40.41
2026-10-02,28442,224.91
2026-10-02,28434,107.91
2026-10-02,28437,67.41
2026-10-02,28444,98.91
2026-10-02,28429,42.21
2026-10-02,28428,143.91
2026-10-02,28456,71.91
2026-10-02,28447,197.91
2026-10-02,28461,89.91
2026-10-02,28457,80.91
2026-10-02,44915,62.91
2026-10-02,64285,80.91
2026-10-02,44864,62.91
2026-10-02,28432,116.91
2026-10-02,63605,4190.0
2026-10-02,63604,2975.0
2026-10-02,63607,2599.0
2026-10-02,63606,1439.0
2026-10-02,63596,1399.0
2026-10-02,63600,1399.0
2026-10-02,63599,1239.0
2026-10-02,63603,2790.0
2026-10-02,6674,359.2
2026-10-02,2509,1999.0
2026-10-02,19351,2159.0
2026-10-02,54923,2699.0
2026-10-02,50022,999.0
2026-10-02,64294,62.91
2026-10-02,38678,395.1
2026-10-02,50019,119.9
2026-10-02,10752,161.42
2026-10-02,63288,22.45
2026-10-02,63851,9.81
2026-10-02,63850,17.01
2026-10-02,56227,35.91
2026-10-02,56229,35.91
2026-10-02,56226,26.91
2026-10-02,63873,215.01
2026-10-02,27926,13.41
2026-10-02,27937,14.31
2026-10-02,27939,15.21
2026-10-02,27950,17.01
2026-10-02,29297,20.61
2026-10-02,14666,152.91
2026-10-02,53572,161.91
2026-10-02,55058,44.1
2026-10-02,17139,5.31
2026-10-02,11522,231.2
2026-10-02,56263,67.41
2026-10-02,20525,40.41
2026-10-02,14676,49.9
2026-10-02,39089,98.91
2026-10-02,39090,80.91
2026-10-02,31671,332.91
2026-10-02,50803,167.31
2026-10-02,7983,59.42
2026-10-02,24596,42.41
2026-10-02,7071,183.92
2026-10-02,17032,44.91
2026-10-02,17031,26.91
2026-10-02,63756,44.91
2026-10-02,55580,44.91
2026-10-02,63759,44.91
2026-10-02,63758,44.91
2026-10-02,39784,289.0
2026-10-02,21289,70.2
2026-10-02,26445,80.91
2026-10-02,62477,463.5
2026-10-02,5054,144.42
2026-10-02,62476,463.5
2026-10-02,64074,33.91
2026-10-02,56073,17.91
2026-10-02,20418,4.41
2026-10-02,62278,134.91
2026-10-02,60581,107.91
2026-10-02,55318,455.92
2026-10-02,62009,116.91
2026-10-02,27979,53.91
2026-10-02,27980,25.11
2026-10-02,56285,35.91
2026-10-02,59451,26.91
2026-10-02,59452,26.91
2026-10-02,20317,31.41
2026-10-02,50764,41.31
2026-10-02,50763,26.91
2026-10-02,50286,73.71
2026-10-02,50816,54.81
2026-10-02,51392,33.21
2026-10-02,58053,21.51
2026-10-02,58054,23.31
2026-10-02,50825,23.31
2026-10-02,50822,35.91
2026-10-02,50853,37.71
2026-10-02,52352,36.81
2026-10-02,58055,32.31
2026-10-02,50821,34.11
2026-10-02,56543,18.81
2026-10-02,56532,17.01
2026-10-02,58058,23.31
2026-10-02,50826,30.51
2026-10-02,58056,47.61
2026-10-02,56534,14.32
2026-10-02,56533,15.12
2026-10-02,50818,89.01
2026-10-02,50819,111.51
2026-10-02,50817,49.41
2026-10-02,56548,53.91
2026-10-02,59344,3139.0
2026-10-02,53015,26.91
2026-10-02,53024,44.91
2026-10-02,20447,1.8
2026-10-02,32681,2.25
2026-10-02,33926,0.54
2026-10-02,56682,80.91
2026-10-02,54458,35.91
2026-10-02,5047,118.92
2026-10-02,58182,67.92
2026-10-02,64080,11.82
2026-10-02,17670,16.06
2026-10-02,17673,19.46
2026-10-02,17674,38.16
2026-10-02,64082,110.42
2026-10-02,17666,20.31
2026-10-02,19737,16.91
2026-10-02,19739,28.9
2026-10-02,19738,21.16
2026-10-02,17668,16.91
2026-10-02,17669,42.41
2026-10-02,14133,50.91
2026-10-02,64012,29.61
2026-10-02,17057,15.21
2026-10-02,26465,17.91
2026-10-02,19523,17.91
2026-10-02,26466,23.31
2026-10-02,17182,31.41
2026-10-02,17676,38.16
2026-10-02,17667,25.41
2026-10-02,64081,89.91
2026-10-02,64234,51.21
2026-10-02,64241,18.61
2026-10-02,64244,71.91
2026-10-02,64254,80.91
2026-10-02,64243,35.91
2026-10-02,64235,332.1
2026-10-02,63286,54.95
2026-10-02,13196,297.0
2026-10-02,59010,46.8
2026-10-02,62473,8.01
2026-10-02,17662,17.4
2026-10-02,17663,18.0
2026-10-02,8292,476.4
2026-10-02,8290,100.2
2026-10-02,26828,10.12
2026-10-02,56329,22.41
2026-10-02,51843,21.51
2026-10-02,47659,512.1
2026-10-02,8253,124.2
2026-10-02,8254,113.4
2026-10-02,3214,205.2
2026-10-02,56350,1868.4
2026-10-02,16142,117.0
2026-10-02,8190,301.8
2026-10-02,62484,2789.1
2026-10-02,56756,26.91
2026-10-02,47660,1699.0
2026-10-02,53390,629.1
2026-10-02,12798,80.91
2026-10-02,52322,212.42
2026-10-02,53018,101.92
2026-10-02,64280,101.92
2026-10-02,64709,13.41
2026-10-02,20595,22.41
2026-10-02,50280,18.81
2026-10-02,56536,44.01
2026-10-02,50851,210.51
2026-10-02,64106,93.42
2026-10-02,32093,488.61
2026-10-02,63550,397.0
2026-10-02,47400,399.0
2026-10-02,47399,474.9
2026-10-02,47398,599.9
2026-10-02,47401,629.9
2026-10-02,47397,719.9
2026-10-02,47396,849.0
2026-10-02,8121,43.2
2026-10-02,27940,44.91
2026-10-02,27944,16.11
2026-10-02,29057,17.91
2026-10-02,52034,93.42
2026-10-02,34159,4.05
2026-10-02,17022,17.91
2026-10-02,31791,147.51
2026-10-02,19522,24.21
2026-10-02,25791,42.41
2026-10-02,64008,31.92
2026-10-02,50806,73.71
2026-10-02,55779,32.31
2026-10-02,55781,9.81
2026-10-02,55780,17.01
2026-10-02,62048,26.91
2026-10-02,55782,107.91
2026-10-02,20496,4.41
2026-10-02,58050,118.71
2026-10-02,7074,134.4
2026-10-02,64238,101.92
2026-10-02,56938,25.52
2026-10-02,30308,16.91
2026-10-02,53386,296.91
2026-10-02,52315,89.91
2026-10-02,50020,66.51
2026-10-02,57377,45.81
2026-10-02,52887,178.41
2026-10-02,56649,125.91
2026-10-02,55748,144.42
2026-10-02,52890,76.42
2026-10-02,53042,51.21
2026-10-02,30309,359.1
2026-10-02,5022,390.15
2026-10-02,64099,593.1
2026-10-02,26755,449.1
2026-10-02,26756,494.1
2026-10-02,52703,8.91
2026-10-02,17778,17.91
2026-10-02,7978,96.81
2026-10-02,14132,50.91
2026-10-02,64048,84.92
2026-10-02,64237,22.86
2026-10-02,39915,299.9
2026-10-02,39917,349.9
2026-10-02,6937,260.91
2026-10-02,50770,31.41
2026-10-02,50771,21.51
2026-10-02,58039,41.31
2026-10-02,27912,11.61
2026-10-02,27913,11.61
2026-10-02,27914,11.61
2026-10-02,64070,16.91
2026-10-02,41969,134.91
2026-10-02,56558,80.91
2026-10-02,63816,85.41
2026-10-02,56444,26.91
2026-10-02,56442,26.91
2026-10-02,56443,26.91
2026-10-02,62217,21.51
2026-10-02,27964,24.21
2026-10-02,27965,24.21
2026-10-02,27966,24.21
2026-10-02,27975,24.21
2026-10-02,27976,24.21
2026-10-02,27967,24.21
2026-10-02,27968,24.21
2026-10-02,27955,24.21
2026-10-02,27957,24.21
2026-10-02,27958,24.21
2026-10-02,27961,24.21
2026-10-02,27962,24.21
2026-10-02,27960,24.21
2026-10-02,27969,21.51
2026-10-02,27971,21.51
2026-10-02,27972,21.51
2026-10-02,27974,21.51
2026-10-02,16582,89.91
2026-10-02,17185,35.91
2026-10-02,63583,2990.0
2026-10-02,24642,59.42
2026-10-02,17692,33.91
2026-10-02,52035,127.42
2026-10-02,17690,25.41
2026-10-02,50809,45.81
2026-10-02,31787,116.91
2026-10-02,50808,44.01
2026-10-02,31790,44.91
2026-10-02,56540,16.72
2026-10-02,17689,48.36
2026-10-02,7975,101.92
2026-10-02,64239,26.91
2026-10-02,64240,33.21
2026-10-02,63815,58.41
2026-10-02,26932,273.6
2026-10-02,57979,62.91
2026-10-02,50445,53.91
2026-10-02,34797,107.91
2026-10-02,50755,152.91
2026-10-02,50296,22.41
2026-10-02,56466,53.91
2026-10-02,44876,53.91
2026-10-02,27295,80.91
2026-10-02,62183,53.91
2026-10-02,20329,98.91
2026-10-02,20365,116.91
2026-10-02,12795,125.1
2026-10-02,20417,98.91
2026-10-02,62228,116.91
2026-10-02,62229,80.91
2026-10-02,20562,33.21
2026-10-02,25902,39.51
2026-10-02,56471,40.41
2026-10-02,20363,53.91
2026-10-02,20364,89.91
2026-10-02,1091,107.1
2026-10-02,15025,89.91
2026-10-02,20362,42.21
2026-10-02,56470,40.41
2026-10-02,62230,80.91
2026-10-02,26575,263.92
2026-10-02,20339,134.91
2026-10-02,15027,98.91
2026-10-02,32682,35.91
2026-10-02,20557,33.21
2026-10-02,25593,783.2
2026-10-02,32291,134.91
2026-10-02,62227,71.91
2026-10-02,36481,17.91
2026-10-02,56271,44.91
2026-10-02,64271,28.71
2026-10-02,64270,71.91
2026-10-02,10619,53.91
2026-10-02,15026,98.91
2026-10-02,55583,341.1
2026-10-02,38039,1790.0
2026-10-02,59371,2099.0
2026-10-02,59400,2399.0
2026-10-02,59421,1839.0
2026-10-02,58888,35.91
2026-10-02,52891,101.92
2026-10-02,29058,17.91
2026-10-02,29059,17.91
2026-10-02,29060,17.91
2026-10-02,29296,42.21
2026-10-02,29298,38.61
2026-10-02,29299,78.21
2026-10-02,27922,12.51
2026-10-02,27923,16.11
2026-10-02,27945,16.11
2026-10-02,27946,16.11
2026-10-02,53603,1.8
2026-10-02,28507,80.91
2026-10-02,28506,62.91
2026-10-02,28503,62.91
2026-10-02,28502,62.91
2026-10-02,29300,42.21
2026-10-02,29301,69.21
2026-10-02,58111,3449.0
2026-10-02,59423,4109.0
2026-10-02,59338,2090.0
2026-10-02,21282,95.0
2026-10-02,21278,128.7
2026-10-02,21279,139.5
2026-10-02,21281,182.7
2026-10-02,63843,8.91
2026-10-02,27692,5.31
2026-10-02,27693,12.51
2026-10-02,27694,12.51
2026-10-02,63232,7.11
2026-10-02,17762,21.16
2026-10-02,17763,20.31
2026-10-02,17760,15.21
2026-10-02,17761,25.41
2026-10-02,51831,28.71
2026-10-02,16129,30.51
2026-10-02,50767,16.8
2026-10-02,50768,10.71
2026-10-02,50766,23.31
2026-10-02,58038,13.41
2026-10-02,50765,15.21
2026-10-02,51841,19.71
2026-10-02,50769,11.61
2026-10-02,15936,89.4
2026-10-02,63817,85.41
2026-10-02,52893,212.42
2026-10-02,50299,98.91
2026-10-02,50297,98.91
2026-10-02,50281,24.21
2026-10-02,50278,23.31
2026-10-02,63870,24.21
2026-10-02,63845,23.31
2026-10-02,50841,87.21
2026-10-02,16133,155.4
2026-10-02,15903,219.6
2026-10-02,36439,31.41
2026-10-02,55750,75.6
2026-10-02,17149,0.81
2026-10-02,17146,0.81
2026-10-02,12340,45.0
2026-10-02,27307,1.71
2026-10-02,13367,89.91
2026-10-02,38684,159.9
2026-10-02,21246,1399.0
2026-10-02,5053,169.91
2026-10-02,52041,296.65
2026-10-02,61988,11241.0
2026-10-02,61989,19341.0
2026-10-02,64345,949.0
2026-10-02,64347,1297.0
2026-10-02,64346,477.0
2026-10-02,61990,8091.0
2026-10-02,61991,8099.1
2026-10-02,61992,15660.0
2026-10-02,51842,14.34
2026-10-02,52010,17.4
2026-10-02,16252,96.21
2026-10-02,24695,19.71
2026-10-02,16147,73.71
2026-10-02,16148,89.01
2026-10-02,15945,44.91
2026-10-02,64859,35.91
2026-10-02,64176,26.91
2026-10-02,56228,20.61
2026-10-02,8549,17.91
2026-10-02,15191,17.91
2026-10-02,8554,17.91
2026-10-02,20787,0.81
2026-10-02,20784,0.81
2026-10-02,20785,0.81
2026-10-02,20786,0.81
2026-10-02,15198,17.91
2026-10-02,8552,17.91
2026-10-02,8551,17.91
2026-10-02,8548,17.91
2026-10-02,8544,17.91
2026-10-02,15782,8.91
2026-10-02,8545,17.91
2026-10-02,20780,17.91
2026-10-02,9031,17.91
2026-10-02,20779,17.91
2026-10-02,55028,71.91
2026-10-02,47671,1439.1
2026-10-02,32898,1791.0
2026-10-02,50793,171.81
2026-10-02,50830,1106.91
2026-10-02,50794,92.61
2026-10-02,57497,305.1
2026-10-02,50773,80.01
2026-10-02,63866,23.31
2026-10-02,8817,87.6
2026-10-02,16692,10.8
2026-10-02,50829,63.81
2026-10-02,50798,62.91
2026-10-02,63914,231.2
2026-10-02,50799,71.91
2026-10-02,50783,477.81
2026-10-02,34154,16.11
2026-10-02,57766,62.91
2026-10-02,50288,212.31
2026-10-02,51623,107.91
2026-10-02,6926,197.91
2026-10-02,31788,315.81
2026-10-02,17049,76.41
2026-10-02,50854,215.01
2026-10-02,17050,112.41
2026-10-02,17048,29.61
2026-10-02,50784,251.91
2026-10-02,4145,169.91
2026-10-02,50824,115.11
2026-10-02,50850,231.21
2026-10-02,53986,71.91
2026-10-02,58903,152.91
2026-10-02,10268,161.91
2026-10-02,17056,112.41
2026-10-02,16986,44.91
2026-10-02,51622,80.91
2026-10-02,6931,224.91
2026-10-02,10292,254.15
2026-10-02,50852,247.92
2026-10-02,2508,159.9
2026-10-02,64044,296.65
2026-10-02,64043,390.15
2026-10-02,30310,46.66
2026-10-02,51856,50.32
2026-10-02,50828,85.41
2026-10-02,16993,116.91
2026-10-02,26439,148.41
2026-10-02,16992,35.91
2026-10-02,53478,71.91
2026-10-02,30311,118.92
2026-10-02,58040,229.52
2026-10-02,31792,289.71
2026-10-02,50823,144.81
2026-10-02,56545,41.31
2026-10-02,58842,71.91
2026-10-02,56549,85.41
2026-10-02,39239,107.91
2026-10-02,39240,34.95
2026-10-02,39241,114.95
2026-10-02,27669,719.1
2026-10-02,27670,719.1
2026-10-02,60930,219.0
2026-10-02,25854,845.1
2026-10-02,54992,42.21
2026-10-02,5463,479.0
2026-10-02,41702,179.91
2026-10-02,56753,21.51
2026-10-02,20445,9.81
2026-10-02,17027,6.21
2026-10-02,51825,323.1
2026-10-02,50846,35.91
2026-10-02,50754,62.91
2026-10-02,50752,35.91
2026-10-02,50751,35.91
2026-10-02,50848,25.11
2026-10-02,50847,35.91
2026-10-02,51867,84.92
2026-10-02,51866,59.42
2026-10-02,26761,73.87
2026-10-02,25778,31.41
2026-10-02,51724,34.11
2026-10-02,20711,47.61
2026-10-02,29304,35.91
2026-10-02,29305,35.91
2026-10-02,29306,35.91
2026-10-02,29307,35.91
2026-10-02,29308,35.91
2026-10-02,29309,35.91
2026-10-02,29310,35.91
2026-10-02,15911,31.8
2026-10-02,8743,44.91
2026-10-02,56330,4.41
2026-10-02,64230,7.11
2026-10-02,26927,32.4
2026-10-02,19213,25.2
2026-10-02,19214,29.7
2026-10-02,42284,749.0
2026-10-02,58073,1611.0
2026-10-02,30312,42.41
2026-10-02,64068,42.41
2026-10-02,64281,50.91
2026-10-02,10747,169.15
2026-10-02,52888,127.42
2026-10-02,10749,127.42
2026-10-02,62011,62.91
2026-10-02,53012,107.91
2026-10-02,52178,125.91
2026-10-02,10734,107.91
2026-10-02,52346,42.21
2026-10-02,53020,80.91
2026-10-02,56425,62.91
2026-10-02,52889,161.42
2026-10-02,53808,53.91
2026-10-02,62014,107.91
2026-10-02,52323,161.42
2026-10-02,52326,305.91
2026-10-02,12796,144.42
2026-10-02,53027,80.91
2026-10-02,31549,194.65
2026-10-02,52332,161.42
2026-10-02,52476,229.41
2026-10-02,64086,67.92
2026-10-02,56554,665.91
2026-10-02,16969,53.91
2026-10-02,64083,56.87
2026-10-02,64085,71.91
2026-10-02,64087,13.41
2026-10-02,17755,13.41
2026-10-02,17756,16.91
2026-10-02,17757,20.61
2026-10-02,26486,26.91
2026-10-02,17277,14.31
2026-10-02,52039,33.21
2026-10-02,52037,15.21
2026-10-02,17276,8.73
2026-10-02,17001,18.81
2026-10-02,17002,19.71
2026-10-02,17003,22.41
2026-10-02,17004,23.31
2026-10-02,17005,24.21
2026-10-02,17006,26.01
2026-10-02,17007,27.81
2026-10-02,17008,26.91
2026-10-02,17009,28.71
2026-10-02,17010,30.51
2026-10-02,16997,31.41
2026-10-02,16998,14.31
2026-10-02,16999,17.01
2026-10-02,17000,17.91
2026-10-02,52038,24.21
2026-10-02,64090,84.92
2026-10-02,64089,93.42
2026-10-02,11506,242.91
2026-10-02,42042,233.91
2026-10-02,21276,539.0
2026-10-02,17059,19.71
2026-10-02,17013,33.21
2026-10-02,17014,35.91
2026-10-02,17015,37.71
2026-10-02,17016,38.61
2026-10-02,17017,44.91
2026-10-02,17012,26.91
2026-10-02,26773,18.61
2026-10-02,16991,17.91
2026-10-02,64084,76.42
2026-10-02,26472,33.21
2026-10-02,26490,35.91
2026-10-02,26429,35.91
2026-10-02,26474,31.41
2026-10-02,64246,98.91
2026-10-02,18717,197.91
2026-10-02,11978,129.9
2026-10-02,63557,892.0
2026-10-02,59428,292.41
2026-10-02,62198,789.0
2026-10-02,6932,449.1
2026-10-02,26483,80.91
2026-10-02,20437,0.18
2026-10-02,56293,25.11
2026-10-02,34139,10.71
2026-10-02,53609,21.51
2026-10-02,34140,16.11
2026-10-02,53610,25.11
2026-10-02,34076,21.51
2026-10-02,53156,26.91
2026-10-02,34074,28.71
2026-10-02,25878,62.91
2026-10-02,34079,71.91
2026-10-02,53611,53.91
2026-10-02,34138,53.91
2026-10-02,34078,25.11
2026-10-02,34075,10.71
2026-10-02,34180,14.31
2026-10-02,21103,17.91
2026-10-02,34186,8.91
2026-10-02,34188,14.31
2026-10-02,34169,10.71
2026-10-02,53628,15.21
2026-10-02,34178,12.51
2026-10-02,34144,14.31
2026-10-02,34150,12.51
2026-10-02,34148,17.91
2026-10-02,34149,21.51
2026-10-02,34143,10.71
2026-10-02,9113,17.91
2026-10-02,34179,8.91
2026-10-02,21114,9.0
2026-10-02,55766,62.91
2026-10-02,21105,19.71
2026-10-02,34181,25.11
2026-10-02,34182,21.51
2026-10-02,34420,21.51
2026-10-02,34189,12.51
2026-10-02,16959,71.91
2026-10-02,7979,53.91
2026-10-02,58048,122.31
2026-10-02,58049,156.51
2026-10-02,64077,67.92
2026-10-02,64047,50.91
2026-10-02,64046,93.42
2026-10-02,20485,6.21
2026-10-02,62216,30.51
2026-10-02,64103,59.42
2026-10-02,58047,105.21
2026-10-02,50805,151.11
2026-10-02,52055,22.41
2026-10-02,53483,179.91
2026-10-02,56426,89.91
2026-10-02,62184,4.41
2026-10-02,56331,11.61
2026-10-02,56928,68.31
2026-10-02,17028,20.61
2026-10-02,46446,161.91
2026-10-02,29311,58.41
2026-10-02,29313,53.91
2026-10-02,24529,249.9
2026-10-02,55328,269.91
2026-10-02,7981,67.92
2026-10-02,17687,42.41
2026-10-02,64094,50.91
2026-10-02,17686,44.91
2026-10-02,64093,67.92
2026-10-02,64095,25.41
2026-10-02,54643,31.41
2026-10-02,55794,11.61
2026-10-02,55783,13.41
2026-10-02,49487,499.0
2026-10-02,64097,152.92
2026-10-02,50811,472.41
2026-10-02,4122,483.0
2026-10-02,38374,161.91
2026-10-02,26782,59.42
2026-10-02,58067,41.31
2026-10-02,51852,36.72
2026-10-02,51621,26.91
2026-10-02,63844,34.11
2026-10-02,56537,45.81
2026-10-02,50290,28.71
2026-10-02,64045,59.42
2026-10-02,24594,67.92
2026-10-02,4405,152.92
2026-10-02,58052,132.21
2026-10-02,64104,25.41
2026-10-02,64078,50.91
2026-10-02,64041,21.16
2026-10-02,51844,26.91
2026-10-02,51846,71.91
2026-10-02,51845,26.91
2026-10-02,29098,44.91
2026-10-02,60555,77.31
2026-10-02,29099,44.91
2026-10-02,29100,44.91
2026-10-02,60557,75.51
2026-10-02,29101,44.91
2026-10-02,60558,79.11
2026-10-02,29102,44.91
2026-10-02,60559,66.51
2026-10-02,60560,79.11
2026-10-02,29104,44.91
2026-10-02,29105,44.91
2026-10-02,53576,71.91
2026-10-02,30054,71.91
2026-10-02,53575,71.91
2026-10-02,30055,71.91
2026-10-02,55754,8.64
2026-10-02,55759,8.64
2026-10-02,5015,242.91
2026-10-02,26752,33.21
2026-10-02,52047,269.91
2026-10-02,3620,377.1
2026-10-02,52051,71.91
2026-10-02,25786,93.42
2026-10-02,64101,386.1
2026-10-02,5003,203.92
2026-10-02,26759,251.91
2026-10-02,63859,40.41
2026-10-02,64100,242.91
2026-10-02,33437,179.91
2026-10-02,41973,287.91
2026-10-02,20376,98.91
2026-10-02,57946,89.91
2026-10-02,57970,22.41
2026-10-02,26757,125.91
2026-10-02,53388,269.1
2026-10-02,52044,215.91
2026-10-02,54585,161.91
2026-10-02,54586,80.91
2026-10-02,53165,157.41
2026-10-02,52329,280.41
2026-10-02,52330,127.42
2026-10-02,34191,215.91
2026-10-02,49678,36.9
2026-10-02,49720,34.2
2026-10-02,63926,23.8
2026-10-02,55026,44.91
2026-10-02,29110,44.91
2026-10-02,29317,80.91
2026-10-02,29113,71.91
2026-10-02,29378,31.41
2026-10-02,64332,80.91
2026-10-02,20814,17.91
2026-10-02,64754,242.91
2026-10-02,13913,89.91
2026-10-02,15779,4.5
2026-10-02,27661,116.91
2026-10-02,53620,152.91
2026-10-02,27667,206.1
2026-10-02,27668,314.1
2026-10-02,54851,69.21
2026-10-02,64666,89.91
2026-10-02,64667,89.91
2026-10-02,54029,134.91
2026-10-02,29444,125.91
2026-10-02,64753,242.91
2026-10-02,31764,98.91
2026-10-02,31766,98.91
2026-10-02,31765,98.91
2026-10-02,31763,98.91
2026-10-02,25877,125.91
2026-10-02,56441,29.61
2026-10-02,62213,179.91
2026-10-02,29442,98.91
2026-10-02,64676,134.91
2026-10-02,29440,152.91
2026-10-02,18685,71.91
2026-10-02,53687,62.91
2026-10-02,9111,102.6
2026-10-02,56977,44.91
2026-10-02,9110,80.91
2026-10-02,15783,44.91
2026-10-02,13902,197.91
2026-10-02,20803,1.71
2026-10-02,27323,1.98
2026-10-02,27324,1.71
2026-10-02,27325,2.69
2026-10-02,27326,4.73
2026-10-02,20813,9.81
2026-10-02,27631,2.88
2026-10-02,27322,0.9
2026-10-02,27321,0.81
2026-10-02,20452,1.98
2026-10-02,20436,1.8
2026-10-02,20807,2.7
2026-10-02,20808,2.61
2026-10-02,20805,0.9
2026-10-02,20804,1.6
2026-10-02,20806,1.98
2026-10-02,27329,1.26
2026-10-02,64705,134.91
2026-10-02,59445,40.41
2026-10-02,21064,1.62
2026-10-02,21071,0.81
2026-10-02,21072,0.54
2026-10-02,21069,0.72
2026-10-02,56328,158.31
2026-10-02,56897,15.21
2026-10-02,34142,107.91
2026-10-02,58044,45.81
2026-10-02,64175,11.61
2026-10-02,16966,53.91
2026-10-02,51323,84.92
2026-10-02,64017,89.91
2026-10-02,16967,58.41
2026-10-02,1828,170.91
2026-10-02,64014,44.91
2026-10-02,16963,49.41
2026-10-02,17054,103.41
2026-10-02,17768,53.55
2026-10-02,58076,979.0
2026-10-02,30313,76.42
2026-10-02,64072,42.41
2026-10-02,64073,42.41
2026-10-02,21096,19.71
2026-10-02,21095,42.21
2026-10-02,27680,2.61
2026-10-02,27681,2.61
2026-10-02,27682,3.51
2026-10-02,56225,14.31
2026-10-02,56232,14.31
2026-10-02,32683,2.61
2026-10-02,56874,278.91
2026-10-02,14722,48.51
2026-10-02,64151,125.91
2026-10-02,53812,134.91
2026-10-02,53793,139.41
2026-10-02,53811,143.91
2026-10-02,53863,170.91
2026-10-02,53792,188.91
2026-10-02,53304,62.91
2026-10-02,53784,76.41
2026-10-02,53786,89.91
2026-10-02,53787,89.91
2026-10-02,64150,98.91
2026-10-02,64149,103.41
2026-10-02,53794,125.91
2026-10-02,62485,71.1
2026-10-02,64054,25.41
2026-10-02,13183,160.8
2026-10-02,30167,206.91
2026-10-02,59411,859.0
2026-10-02,59410,514.9
2026-10-02,3252,464.9
2026-10-02,3253,585.0
2026-10-02,62221,71.91
2026-10-02,62222,49.41
2026-10-02,63763,71.91
2026-10-02,62219,60.21
2026-10-02,56755,44.91
2026-10-02,56754,44.91
2026-10-02,56752,44.91
2026-10-02,30314,84.92
2026-10-02,30315,144.42
2026-10-02,33436,169.91
2026-10-02,50835,210.51
2026-10-02,50838,169.11
2026-10-02,50839,26.91
2026-10-02,50836,41.31
2026-10-02,50837,49.41
2026-10-02,64248,62.91
2026-10-02,50833,53.91
2026-10-02,53696,15.21
2026-10-02,50283,80.91
2026-10-02,52321,288.91
2026-10-02,54584,62.91
2026-10-02,58185,38.16
2026-10-02,25927,13.41
2026-10-02,27981,62.91
2026-10-02,29061,17.91
2026-10-02,29062,17.91
2026-10-02,27927,13.41
2026-10-02,27941,15.21
2026-10-02,27915,11.61
2026-10-02,27916,11.61
2026-10-02,27928,13.41
2026-10-02,27929,13.41
2026-10-02,27931,24.21
2026-10-02,27893,8.91
2026-10-02,27917,11.61
2026-10-02,27919,11.61
2026-10-02,27683,7.11
2026-10-02,27684,7.11
2026-10-02,27685,7.11
2026-10-02,27686,7.11
2026-10-02,27687,7.11
2026-10-02,27688,7.11
2026-10-02,27689,7.11
2026-10-02,27699,13.41
2026-10-02,27691,7.11
2026-10-02,33406,33.21
2026-10-02,50284,351.81
2026-10-02,52577,203.92
2026-10-02,64655,7.11
2026-10-02,12806,211.65
2026-10-02,64702,15.21
2026-10-02,52311,186.92
2026-10-02,31670,49.41
2026-10-02,56875,53.91
2026-10-02,33401,62.91
2026-10-02,33399,62.91
2026-10-02,33400,62.91
2026-10-02,60575,26.91
2026-10-02,60578,53.91
2026-10-02,60576,26.91
2026-10-02,60577,134.91
2026-10-02,60579,152.91
2026-10-02,62015,134.91
2026-10-02,12162,84.92
2026-10-02,62007,125.91
2026-10-02,12799,46.66
2026-10-02,52335,76.42
2026-10-02,12801,144.42
2026-10-02,56231,26.91
2026-10-02,51854,14.48
2026-10-02,50774,4.41
2026-10-02,59439,26.91
2026-10-02,59442,33.21
2026-10-02,59441,26.91
2026-10-02,59440,26.91
2026-10-02,50772,34.11
2026-10-02,59438,26.91
2026-10-02,42257,83.94
2026-10-02,14131,118.8
2026-10-02,59406,819.0
2026-10-02,26753,40.41
2026-10-02,26754,44.91
2026-10-02,62206,186.92
2026-10-02,64703,53.91
2026-10-02,64623,71.91
2026-10-02,50279,22.41
2026-10-02,8746,100.8
2026-10-02,13184,126.0
2026-10-02,8808,122.4
2026-10-02,64096,76.42
2026-10-02,16970,107.91
2026-10-02,63869,156.51
2026-10-02,64040,17.91
2026-10-02,49664,294.0
2026-10-02,12802,178.41
2026-10-02,53019,89.91
2026-10-02,52304,98.91
2026-10-02,51646,89.91
2026-10-02,17695,21.16
2026-10-02,64075,25.41
2026-10-02,17696,16.91
2026-10-02,56538,23.31
2026-10-02,63051,186.92
2026-10-02,53014,254.15
2026-10-02,52333,157.17
2026-10-02,28500,60.21
2026-10-02,28494,58.41
2026-10-02,28496,67.41
2026-10-02,28501,71.91
2026-10-02,62474,254.9
2026-10-02,62475,319.0
2026-10-02,15028,71.91
2026-10-02,13914,107.91
2026-10-02,13216,98.1
2026-10-02,25920,33.21
2026-10-02,34415,170.91
2026-10-02,13904,71.91
2026-10-02,13907,39.9
2026-10-02,34413,89.91
2026-10-02,13908,107.91
2026-10-02,15185,62.91
2026-10-02,13909,107.91
2026-10-02,9104,54.0
2026-10-02,55790,23.31
2026-10-02,55789,26.91
2026-10-02,55793,5.31
2026-10-02,63235,242.1
2026-10-02,50282,71.91
2026-10-02,34326,49.41
2026-10-02,56259,278.91
2026-10-02,34328,49.41
2026-10-02,61027,15.21
2026-10-02,63840,11.61
2026-10-02,63839,13.41
2026-10-02,63837,15.21
2026-10-02,59426,296.91
2026-10-02,59424,350.91
2026-10-02,63057,188.91
2026-10-02,64289,233.91
2026-10-02,9089,169.9
2026-10-02,9091,169.9
2026-10-02,9088,169.9
2026-10-02,62930,179.91
2026-10-02,56872,35.91
2026-10-02,56873,35.91
2026-10-02,60754,62.91
2026-10-02,17024,98.91
2026-10-02,64721,44.91
2026-10-02,59943,359.1
2026-10-02,59433,98.91
2026-10-02,59431,89.91
2026-10-02,11505,59.42
2026-10-02,59432,611.91
2026-10-02,17682,80.67
2026-10-02,4143,186.92
2026-10-02,17677,33.91
2026-10-02,59430,386.91
2026-10-02,26781,211.65
2026-10-02,26774,39.86
2026-10-02,25769,46.66
2026-10-02,53622,17.01
2026-10-02,64055,186.92
2026-10-02,5046,106.17
2026-10-02,64079,67.92
2026-10-02,26775,19.46
2026-10-02,26943,31.36
2026-10-02,4118,144.42
2026-10-02,4119,84.92
2026-10-02,11492,76.42
2026-10-02,7969,93.42
2026-10-02,13182,432.0
2026-10-02,8187,287.4
2026-10-02,15921,72.0
2026-10-02,64706,15.21
2026-10-02,59947,71.91
2026-10-02,26750,97.67
2026-10-02,24638,98.91
2026-10-02,62480,242.1
2026-10-02,6900,242.1
2026-10-02,59363,340.0
2026-10-02,17184,80.9
2026-10-02,8819,85.5
2026-10-02,42299,323.91
2026-10-02,59944,224.1
2026-10-02,12078,110.42
2026-10-02,26748,237.91
2026-10-02,44911,237.15
2026-10-02,52056,107.91
2026-10-02,52036,76.42
2026-10-02,26742,161.91
2026-10-02,59361,949.0
2026-10-02,21717,199.8
2026-10-02,38373,332.91
2026-10-02,38869,199.9
2026-10-02,58035,252.0
2026-10-02,34313,152.92
2026-10-02,8542,17.91
2026-10-02,26758,197.91
2026-10-02,49064,220.5
2026-10-02,49684,220.5
2026-10-02,51186,301.5
2026-10-02,57611,330.65
2026-10-02,10746,84.92
2026-10-02,62471,1125.0
2026-10-02,65022,547.0
2026-10-02,50775,124.11
2026-10-02,27461,639.0
2026-10-02,64714,62.91
2026-10-02,64052,46.66
2026-10-02,64050,59.42
2026-10-02,64051,59.42
2026-10-02,58045,35.91
2026-10-02,24644,38.16
2026-10-02,8126,467.1
2026-10-02,58046,60.21
2026-10-02,50800,54.81
2026-10-02,56424,67.41
2026-10-02,63813,44.91
2026-10-02,65239,75.51
2026-10-02,63043,35.91
2026-10-02,65240,89.91
2026-10-02,29638,125.91
2026-10-02,10496,107.91
2026-10-02,64708,98.91
2026-10-02,10495,179.91
2026-10-02,9108,45.0
2026-10-02,56927,26.91
2026-10-02,11992,80.91
2026-10-02,26766,215.2
2026-10-02,34339,28.71
2026-10-02,27894,8.91
2026-10-02,27895,8.91
2026-10-02,27904,9.81
2026-10-02,27905,9.81
2026-10-02,27906,9.81
2026-10-02,27932,13.41
2026-10-02,27933,13.41
2026-10-02,56626,20.86
2026-10-02,29381,42.21
2026-10-02,29382,49.41
2026-10-02,27305,0.4
2026-10-02,9094,44.91
2026-10-02,34332,16.11
2026-10-02,34333,10.71
2026-10-02,34334,53.91
2026-10-02,34335,16.11
2026-10-02,34336,31.41
2026-10-02,56919,26.91
2026-10-02,26568,152.91
2026-10-02,47403,11.61
2026-10-02,53619,107.91
2026-10-02,27306,0.34
2026-10-02,50018,63.81
2026-10-02,20790,3.51
2026-10-02,9095,306.0
2026-10-02,29383,58.41
2026-10-02,29384,71.91
2026-10-02,21613,10.43
2026-10-02,62223,134.91
2026-10-02,62005,143.91
2026-10-02,62004,134.91
2026-10-02,62013,134.91
2026-10-02,62203,195.42
2026-10-02,62008,125.91
2026-10-02,8248,67.92
2026-10-02,56234,116.91
2026-10-02,60574,188.91
2026-10-02,27920,11.61
2026-10-02,27908,11.61
2026-10-02,20520,35.91
2026-10-02,20523,49.41
2026-10-02,20522,71.91
2026-10-02,10616,42.21
2026-10-02,63042,224.91
2026-10-02,10907,84.92
2026-10-02,63764,5.31
2026-10-02,26409,350.1
2026-10-02,29064,17.91
2026-10-02,29385,20.61
2026-10-02,29065,17.91
2026-10-02,29066,17.91
2026-10-02,29386,20.61
2026-10-02,13185,1900.0
2026-10-02,65024,297.0
2026-10-02,47307,299.0
2026-10-02,65025,397.0
2026-10-02,64496,599.0
2026-10-02,38549,799.0
2026-10-02,58365,449.1
2026-10-02,47652,369.9
2026-10-02,65027,797.0
2026-10-02,47655,399.0
2026-10-02,63281,3.45
2026-10-02,63282,3.45
2026-10-02,63275,3.6
2026-10-02,63283,4.95
2026-10-02,63276,3.6
2026-10-02,63284,3.45
2026-10-02,63280,3.45
2026-10-02,63278,1.0
2026-10-02,33071,16.11
2026-10-02,33073,16.11
2026-10-02,33389,17.01
2026-10-02,33391,19.71
2026-10-02,33392,7.11
2026-10-02,33074,7.11
2026-10-02,33394,8.55
2026-10-02,33390,8.91
2026-10-02,33373,30.51
2026-10-02,27911,26.91
2026-10-02,20446,0.63
2026-10-02,56529,19.71
2026-10-02,56530,10.71
2026-10-02,56527,7.11
2026-10-02,20583,2.25
2026-10-02,56528,8.01
2026-10-02,25926,35.91
2026-10-02,27647,53.91
2026-10-02,25893,71.91
2026-10-02,25881,89.91
2026-10-02,25914,80.91
2026-10-02,27646,20.61
2026-10-02,27654,26.91
2026-10-02,27650,8.91
2026-10-02,27648,8.01
2026-10-02,27649,8.91
2026-10-02,27645,11.61
2026-10-02,27652,17.91
2026-10-02,27651,15.21
2026-10-02,25917,35.91
2026-10-02,27653,24.21
2026-10-02,62926,10.35
2026-10-02,61184,53.91
2026-10-02,64336,14.31
2026-10-02,20497,2.46
2026-10-02,31674,5.95
2026-10-02,20491,8.32
2026-10-02,20493,17.91
2026-10-02,64333,1.35
2026-10-02,62483,799.0
2026-10-02,59383,999.0
2026-10-02,27463,399.0
2026-10-02,27217,309.0
2026-10-02,59282,519.0
2026-10-02,59398,1029.0
2026-10-02,59283,1349.0
2026-10-02,59336,1039.0
2026-10-02,59373,1749.0
2026-10-02,33708,599.0
2026-10-02,59395,1039.0
2026-10-02,31606,499.0
2026-10-02,13026,839.0
2026-10-02,59460,1049.0
2026-10-02,33709,769.0
2026-10-02,59392,1049.0
2026-10-02,3244,1079.0
2026-10-02,59384,1149.0
2026-10-02,47661,1039.0
2026-10-02,62478,659.0
2026-10-02,33706,1189.0
2026-10-02,59418,1259.1
2026-10-02,63578,929.0
2026-10-02,59385,1799.0
2026-10-02,21270,849.0
2026-10-02,6893,335.0
2026-10-02,15591,2229.0
2026-10-02,59374,1790.0
2026-10-02,59396,1119.0
2026-10-02,63582,749.0
2026-10-02,59376,1949.0
2026-10-02,16972,85.41
2026-10-02,29388,26.91
2026-10-02,62215,134.91
2026-10-02,56681,35.91
2026-10-02,62214,98.91
2026-10-02,54138,62.91
2026-10-02,6892,579.0
2026-10-02,6918,2239.0
2026-10-02,19746,35.91
2026-10-02,64102,50.91
2026-10-02,64015,143.91
2026-10-02,50804,162.81
2026-10-02,50842,62.91
2026-10-02,64617,179.91
2026-10-02,64767,197.91
2026-10-02,64613,179.91
2026-10-02,64614,179.91
2026-10-02,64615,179.91
2026-10-02,60568,35.91
2026-10-02,18602,26.91
2026-10-02,20438,0.81
2026-10-02,13371,8.91
2026-10-02,13372,17.91
2026-10-02,20776,0.81
2026-10-02,20777,0.81
2026-10-02,20442,17.91
2026-10-02,27328,3.51
2026-10-02,27701,8.01
2026-10-02,27703,8.01
2026-10-02,27704,8.01
2026-10-02,27705,8.01
2026-10-02,27706,8.01
2026-10-02,27897,8.91
2026-10-02,27898,8.91
2026-10-02,27899,8.91
2026-10-02,27696,7.11
2026-10-02,27707,8.01
2026-10-02,27708,8.01
2026-10-02,27709,8.01
2026-10-02,27697,7.11
2026-10-02,27710,8.01
2026-10-02,27711,8.01
2026-10-02,50807,231.21
2026-10-02,20345,35.91
2026-10-02,14663,98.91
2026-10-02,8879,98.91
2026-10-02,54644,71.91
2026-10-02,56068,71.91
2026-10-02,64612,51.21
2026-10-02,63812,35.91
2026-10-02,52895,254.91
2026-10-02,50017,80.91
2026-10-02,24678,71.91
2026-10-02,62207,152.92
2026-10-02,56233,35.91
2026-10-02,28484,44.91
2026-10-02,28486,44.91
2026-10-02,28488,26.91
2026-10-02,28487,33.21
2026-10-02,28491,35.91
2026-10-02,28490,35.91
2026-10-02,28481,31.41
2026-10-02,28483,42.21
2026-10-02,28475,89.91
2026-10-02,9097,40.41
2026-10-02,64330,143.91
2026-10-02,64334,116.91
2026-10-02,44878,35.91
2026-10-02,28471,35.91
2026-10-02,28472,35.91
2026-10-02,56284,21.51
2026-10-02,25921,21.51
2026-10-02,33049,6.5
2026-10-02,29390,31.41
2026-10-02,29391,31.41
2026-10-02,29392,62.91
2026-10-02,29393,26.91
2026-10-02,29394,33.21
2026-10-02,29396,33.21
2026-10-02,29135,17.91
2026-10-02,27900,14.31
2026-10-02,27901,14.31
2026-10-02,27934,24.21
2026-10-02,29397,49.41
2026-10-02,27936,24.21
2026-10-02,29398,134.91
2026-10-02,28473,42.21
2026-10-02,28478,33.21
2026-10-02,28477,53.91
2026-10-02,28492,71.91
2026-10-02,28493,62.91
2026-10-02,53605,4.05
2026-10-02,34416,9.81
2026-10-02,34063,4.95
2026-10-02,28499,71.91
2026-10-02,28474,67.41
2026-10-02,21066,0.36
2026-10-02,21065,1.08
2026-10-02,21067,1.26
2026-10-02,16668,4.83
2026-10-02,21060,0.54
2026-10-02,27639,0.63
2026-10-02,21070,0.36
2026-10-02,27634,4.32
2026-10-02,27637,3.33
2026-10-02,27635,0.63
2026-10-02,27632,0.27
2026-10-02,27633,0.45
2026-10-02,20817,0.13
2026-10-02,27330,2.16
2026-10-02,27947,16.11
2026-10-02,27948,16.11
2026-10-02,29137,17.91
2026-10-02,29138,17.91
2026-10-02,27318,1.26
2026-10-02,27319,1.44
2026-10-02,27308,0.13
2026-10-02,27309,0.21
2026-10-02,27315,0.14
2026-10-02,27311,0.99
2026-10-02,27638,0.54
2026-10-02,20799,0.14
2026-10-02,20800,0.18
2026-10-02,21061,1.08
2026-10-02,21068,1.44
2026-10-02,21062,1.98
2026-10-02,27327,0.72
2026-10-02,21063,1.08
2026-10-02,27312,0.16
2026-10-02,27313,0.18
2026-10-02,20801,0.14
2026-10-02,27320,0.16
2026-10-02,59413,2619.0
2026-10-02,59401,3209.0
2026-10-02,59415,3139.0
2026-10-02,55023,89.91
2026-10-02,11507,111.51
2026-10-02,44842,188.91
2026-10-02,29400,125.91
2026-10-02,27902,8.91
2026-10-02,27903,8.91
2026-10-02,27630,0.81
2026-10-02,60591,6.48
2026-10-02,21076,0.9
2026-10-02,21079,0.54
2026-10-02,21077,2.16
2026-10-02,8124,42.0
2026-10-02,21082,0.27
2026-10-02,21081,0.27
2026-10-02,64049,67.92
2026-10-02,21074,1.26
2026-10-02,56236,71.91
2026-10-02,29631,119.9
2026-10-02,62224,53.91
2026-10-02,62225,80.91
2026-10-02,62226,206.1
2026-10-02,27303,1.35
2026-10-02,16137,79.8
2026-10-02,63810,44.91
2026-10-02,18670,4.5
2026-10-02,57669,297.0
2026-10-02,54656,4.5
2026-10-02,21280,128.7
2026-10-02,56916,17.91
2026-10-02,56074,269.1
2026-10-02,56523,5.58
2026-10-02,56524,5.58
2026-10-02,52048,1790.0
2026-10-02,65255,557.1
2026-10-02,45260,161.41
2026-10-02,44060,749.02
2026-10-02,65248,1790.0
2026-10-02,56320,112.41
2026-10-02,56072,44.91
2026-10-02,52050,71.91
2026-10-02,58184,33.21
2026-10-02,62481,1071.0
2026-10-02,63135,764.1
2026-10-02,58364,719.1
2026-10-02,54996,503.1
2026-10-02,38719,130.41
2026-10-02,47797,125.91
2026-10-02,65037,227.0
2026-10-02,65031,227.0
2026-10-02,65035,227.0
2026-10-02,65036,227.0
2026-10-02,65030,227.0
2026-10-02,65033,327.0
2026-10-02,65032,277.0
2026-10-02,65029,327.0
2026-10-02,48118,277.0
2026-10-02,65028,327.0
2026-10-02,65034,327.0
2026-10-02,24582,7.12
2026-10-02,33063,125.91
2026-10-02,47005,65.88
2026-10-02,33064,143.91
2026-10-02,40619,215.1
2026-10-02,40618,215.1
2026-10-02,10510,107.1
2026-10-02,47704,134.1
2026-10-02,47705,134.1
2026-10-02,49294,386.91
2026-10-02,55507,539.1
2026-10-02,48406,539.1
2026-10-02,48401,539.1
2026-10-02,48344,539.1
2026-10-02,48411,539.1
2026-10-02,60086,539.1
2026-10-02,60100,89.9
2026-10-02,60104,119.9
2026-10-02,63743,599.0
2026-10-02,63576,599.0
2026-10-02,63572,599.0
2026-10-02,47653,44.91
2026-10-02,47654,44.91
2026-10-02,54184,159.9
2026-10-02,63574,599.0
2026-10-02,63575,499.0
2026-10-02,39645,31.41
2026-10-02,43917,332.91
2026-10-02,44198,494.1
2026-10-02,47690,458.1
2026-10-02,55573,458.1
2026-10-02,44195,458.1
2026-10-02,63573,499.0
2026-10-02,63742,499.0
2026-10-02,63270,299.9
2026-10-02,64534,566.1
2026-10-02,64537,566.1
2026-10-02,64532,566.1
2026-10-02,64540,566.1
2026-10-02,60105,129.9
2026-10-02,60101,179.91
2026-10-02,60102,69.9
2026-10-02,63665,449.1
2026-10-02,63666,449.1
2026-10-02,63667,449.1
2026-10-02,50946,5.9
2026-10-02,46967,107.91
2026-10-02,48660,197.91
2026-10-02,46935,110.25
2026-10-02,39418,479.9
2026-10-02,39420,879.9
2026-10-02,39422,1199.92
2026-10-02,63969,2399.2
2026-10-02,48506,611.1
2026-10-02,49667,611.1
2026-10-02,48441,611.1
2026-10-02,36644,296.91
2026-10-02,42084,179.9
2026-10-02,39419,299.9
2026-10-02,42081,539.91
2026-10-02,49406,179.91
2026-10-02,39982,413.91
2026-10-02,42083,159.9
2026-10-02,39423,269.91
2026-10-02,61792,1990.0
2026-10-02,63884,1169.0
2026-10-02,63885,1169.0
2026-10-02,63888,1169.0
2026-10-02,64036,1259.0
2026-10-02,63889,1169.0
2026-10-02,64037,1259.0
2026-10-02,63890,1169.0
2026-10-02,64038,1259.0
2026-10-02,63891,1169.0
2026-10-02,20465,53.91
2026-10-02,63967,2799.2
2026-10-02,63965,3199.2
2026-10-02,63962,2559.2
2026-10-02,42799,1759.2
2026-10-02,16237,1897.0
2026-10-02,9279,899.91
2026-10-02,54587,161.91
2026-10-02,61043,206.91
2026-10-02,28631,17.91
2026-10-02,37927,215.91
2026-10-02,9675,53.91
2026-10-02,58746,34.65
2026-10-02,31558,35.91
2026-10-02,12155,89.91
2026-10-02,49608,179.91
2026-10-02,49611,112.41
2026-10-02,48276,179.91
2026-10-02,64358,899.1
2026-10-02,62052,11.9
2026-10-02,53482,89.91
2026-10-02,38401,359.91
2026-10-02,10507,152.91
2026-10-02,10505,197.91
2026-10-02,10506,287.91
2026-10-02,60534,323.91
2026-10-02,58631,359.91
2026-10-02,37873,152.91
2026-10-02,37872,179.91
2026-10-02,37871,179.91
2026-10-02,46928,98.91
2026-10-02,18342,184.5
2026-10-02,42792,233.91
2026-10-02,48649,719.91
2026-10-02,1985,71.91
2026-10-02,42968,80.0
2026-10-02,53147,89.91
2026-10-02,53067,53.91
2026-10-02,46951,98.91
2026-10-02,42093,22.41
2026-10-02,28745,50.0
2026-10-02,42099,134.91
2026-10-02,53474,179.91
2026-10-02,46938,116.91
2026-10-02,24964,161.91
2026-10-02,5055,602.91
2026-10-02,40610,332.1
2026-10-02,48438,332.1
2026-10-02,48442,332.1
2026-10-02,43500,332.1
2026-10-02,40607,332.1
2026-10-02,47004,53.91
2026-10-02,53480,89.91
2026-10-02,38327,143.91
2026-10-02,53151,44.91
2026-10-02,46961,422.1
2026-10-02,47848,449.1
2026-10-02,55563,449.1
2026-10-02,55570,449.1
2026-10-02,64891,449.1
2026-10-02,64892,449.1
2026-10-02,63664,368.1
2026-10-02,61939,449.1
2026-10-02,61940,449.1
2026-10-02,46984,359.91
2026-10-02,61936,359.1
2026-10-02,27249,134.91
2026-10-02,42087,8.9
2026-10-02,57095,611.1
2026-10-02,55574,611.1
2026-10-02,57093,611.1
2026-10-02,47094,656.1
2026-10-02,55579,611.1
2026-10-02,58777,611.1
2026-10-02,55576,521.1
2026-10-02,57092,566.1
2026-10-02,55512,431.1
2026-10-02,48481,566.1
2026-10-02,47097,611.1
2026-10-02,57096,629.1
2026-10-02,58779,629.1
2026-10-02,57101,629.1
2026-10-02,55575,629.1
2026-10-02,55567,629.1
2026-10-02,58778,629.1
2026-10-02,60092,629.1
2026-10-02,58780,584.1
2026-10-02,60090,584.1
2026-10-02,55564,584.1
2026-10-02,58776,584.1
2026-10-02,64542,584.1
2026-10-02,10514,62.91
2026-10-02,42089,22.41
2026-10-02,42088,40.41
2026-10-02,62125,35.91
2026-10-02,38399,152.91
2026-10-02,63577,349.0
2026-10-02,55217,61.65
2026-10-02,55218,61.65
2026-10-02,55216,61.65
2026-10-02,55224,61.65
2026-10-02,55219,61.65
2026-10-02,55225,61.65
2026-10-02,46918,35.1
2026-10-02,55222,35.1
2026-10-02,47013,200.0
2026-10-02,12964,177.0
2026-10-02,27141,177.0
2026-10-02,12963,177.0
2026-10-02,27273,440.91
2026-10-02,46922,86.85
2026-10-02,46921,86.85
2026-10-02,46920,86.85
2026-10-02,46919,86.85
2026-10-02,58990,152.91
2026-10-02,58986,152.91
2026-10-02,58989,80.91
2026-10-02,58987,152.91
2026-10-02,58984,89.91
2026-10-02,58985,116.91
2026-10-02,58988,152.91
2026-10-02,49281,130.41
2026-10-02,56715,359.1
2026-10-02,58693,200.0
2026-10-02,58696,200.0
2026-10-02,58695,602.91
2026-10-02,58694,200.0
2026-10-02,46931,44.91
2026-10-02,58689,116.91
2026-10-02,58690,62.91
2026-10-02,56865,332.1
2026-10-02,56864,332.1
2026-10-02,47011,332.1
2026-10-02,48475,392.58
2026-10-02,35808,719.1
2026-10-02,57086,719.1
2026-10-02,57087,521.1
2026-10-02,37602,629.1
2026-10-02,38544,629.1
2026-10-02,45010,649.0
2026-10-02,48393,179.91
2026-10-02,40614,809.1
2026-10-02,44985,611.1
2026-10-02,44990,566.1
2026-10-02,44992,494.1
2026-10-02,58013,162.0
2026-10-02,46973,159.9
2026-10-02,46979,159.9
2026-10-02,43921,170.91
2026-10-02,43922,170.91
2026-10-02,43919,170.91
2026-10-02,43920,170.91
2026-10-02,44843,206.91
2026-10-02,43923,143.91
2026-10-02,57812,19.9
2026-10-02,57974,26.91
2026-10-02,57813,26.91
2026-10-02,54032,206.91
2026-10-02,54033,159.9
2026-10-02,18300,152.55
2026-10-02,18298,89.91
2026-10-02,18296,35.91
2026-10-02,18297,44.91
2026-10-02,47691,521.1
2026-10-02,58781,521.1
2026-10-02,55509,413.1
2026-10-02,60085,566.1
2026-10-02,57094,566.1
2026-10-02,57099,566.1
2026-10-02,44980,566.1
2026-10-02,44982,566.1
2026-10-02,61932,359.1
2026-10-02,60094,359.1
2026-10-02,61931,359.1
2026-10-02,49272,449.91
2026-10-02,48325,386.1
2026-10-02,44206,476.1
2026-10-02,44208,386.1
2026-10-02,44205,386.1
2026-10-02,44979,521.1
2026-10-02,44210,422.1
2026-10-02,44211,422.1
2026-10-02,64535,314.1
2026-10-02,64538,314.1
2026-10-02,64539,314.1
2026-10-02,64533,314.1
2026-10-02,64536,314.1
2026-10-02,38695,386.91
2026-10-02,49676,386.91
2026-10-02,48267,125.91
2026-10-02,49670,494.1
2026-10-02,55533,494.1
2026-10-02,56669,629.91
2026-10-02,48495,3239.1
2026-10-02,48505,521.1
2026-10-02,55578,521.1
2026-10-02,62912,152.91
2026-10-02,65257,3742.05
2026-10-02,64315,2944.05
2026-10-02,64313,12985.55
2026-10-02,65261,3172.05
2026-10-02,65224,664.05
2026-10-02,58753,939.0
2026-10-02,42782,759.05
2026-10-02,65221,854.05
2026-10-02,62172,999.0
2026-10-02,27035,4036.55
2026-10-02,39465,4093.55
2026-10-02,27036,6373.55
2026-10-02,39469,7941.05
2026-10-02,39466,6430.55
2026-10-02,39467,8292.55
2026-10-02,52281,10399.0
2026-10-02,17250,8999.0
2026-10-02,47017,6399.0
2026-10-02,47016,5397.0
2026-10-02,42919,5414.05
2026-10-02,42920,7499.0
2026-10-02,42921,8999.0
2026-10-02,42922,6999.0
2026-10-02,42923,8299.0
2026-10-02,59816,6899.0
2026-10-02,38889,5999.0
2026-10-02,38890,8299.0
2026-10-02,65017,2999.0
2026-10-02,34953,989.0
2026-10-02,63327,502.55
2026-10-02,58212,1199.0
2026-10-02,58216,1549.0
2026-10-02,58214,1499.0
2026-10-02,24844,1847.0
2026-10-02,27535,1699.0
2026-10-02,58218,3199.0
2026-10-02,58210,1799.0
2026-10-02,22488,3769.0
2026-10-02,39879,2089.05
2026-10-02,54402,255.55
2026-10-02,22070,255.55
2026-10-02,63359,303.05
2026-10-02,64357,777.0
2026-10-02,64356,797.0
2026-10-02,48537,616.55
2026-10-02,63360,559.55
2026-10-02,63997,1999.0
2026-10-02,32574,540.55
2026-10-02,63992,769.0
2026-10-02,6077,859.0
2026-10-02,26250,579.0
2026-10-02,6075,1129.55
2026-10-02,38376,256.4
2026-10-02,37531,1899.0
2026-10-02,65015,899.0
2026-10-02,44496,1999.0
2026-10-02,44497,1999.0
2026-10-02,46222,12.15
2026-10-02,46216,10.71
2026-10-02,50943,17.91
2026-10-02,39863,170.91
2026-10-02,24508,44.91
2026-10-02,64003,11674.55
2026-10-02,41518,484.4
2026-10-02,41519,709.0
2026-10-02,45753,347.0
2026-10-02,45755,247.0
2026-10-02,57653,1597.0
2026-10-02,64893,5499.0
2026-10-02,38556,2469.05
2026-10-02,54086,4103.05
2026-10-02,38277,6799.0
2026-10-02,22486,17889.0
2026-10-02,30661,151.91
2026-10-02,58367,901.55
2026-10-02,58366,901.55
2026-10-02,62896,297.0
2026-10-02,19686,1139.05
2026-10-02,43482,987.05
2026-10-02,19913,1889.0
2026-10-02,32203,1604.55
2026-10-02,65177,5841.55
2026-10-02,65176,5024.55
2026-10-02,65175,3390.55
2026-10-02,65172,1604.55
2026-10-02,57649,2488.05
2026-10-02,56499,1699.55
2026-10-02,58633,2108.05
2026-10-02,34049,4435.55
2026-10-02,34048,5936.55
2026-10-02,42885,6820.05
2026-10-02,48667,13499.0
2026-10-02,48669,8497.0
2026-10-02,48668,9999.0
2026-10-02,26287,1747.05
2026-10-02,26168,1994.05
2026-10-02,25400,3666.05
2026-10-02,19787,2260.05
2026-10-02,19788,2497.55
2026-10-02,33505,2497.55
2026-10-02,32208,2108.05
2026-10-02,33341,3699.0
2026-10-02,54874,5841.55
2026-10-02,45354,7352.05
2026-10-02,63332,464.55
2026-10-02,57654,749.0
2026-10-02,61791,347.0
2026-10-02,65316,847.0
2026-10-02,65318,847.0
2026-10-02,65319,847.0
2026-10-02,65321,747.0
2026-10-02,65322,747.0
2026-10-02,65320,747.0
2026-10-02,61790,1597.0
2026-10-02,58197,1697.0
2026-10-02,65314,1897.0
2026-10-02,65317,1897.0
2026-10-02,65313,1897.0
2026-10-02,65315,1897.0
2026-10-02,65306,377.0
2026-10-02,65297,327.0
2026-10-02,65305,377.0
2026-10-02,65296,327.0
2026-10-02,65304,377.0
2026-10-02,65307,377.0
2026-10-02,65302,377.0
2026-10-02,65299,327.0
2026-10-02,65301,377.0
2026-10-02,65298,327.0
2026-10-02,65300,377.0
2026-10-02,65303,377.0
2026-10-02,65308,697.0
2026-10-02,65225,597.55
2026-10-02,63350,816.05
2026-10-02,6885,208.05
2026-10-02,54462,1433.55
2026-10-02,65229,730.55
2026-10-02,62179,589.0
2026-10-02,65222,350.55
2026-10-02,16822,56.91
2026-10-02,16823,66.41
2026-10-02,16821,26.91
2026-10-02,5945,247.0
2026-10-02,65226,854.05
2026-10-02,65228,597.55
2026-10-02,63722,645.05
2026-10-02,65016,1149.0
2026-10-02,47221,206.91
2026-10-02,63082,499.0
2026-10-02,62887,1197.0
2026-10-02,42892,1899.05
2026-10-02,60023,3191.05
2026-10-02,65178,1756.55
2026-10-02,60024,4863.05
2026-10-02,60022,4255.05
2026-10-02,58615,107.91
2026-10-02,58618,107.91
2026-10-02,52465,116.91
2026-10-02,65170,6544.55
2026-10-02,11373,149.0
2026-10-02,23026,559.0
2026-10-02,45009,439.0
2026-10-02,45008,439.0
2026-10-02,23027,1789.0
2026-10-02,6371,5249.0
2026-10-02,63588,1399.0
2026-10-02,63358,949.05
2026-10-02,39880,85.41
2026-10-02,45754,18.9
2026-10-02,45756,23.65
2026-10-02,54846,18.9
2026-10-02,42823,18.9
2026-10-02,45239,197.0
2026-10-02,57656,399.0
2026-10-02,39258,2997.0
2026-10-02,64317,6934.05
2026-10-02,61852,8999.0
2026-10-02,58204,8799.0
2026-10-02,48470,3419.05
2026-10-02,36849,1642.55
2026-10-02,54605,1099.0
2026-10-02,38037,2889.0
2026-10-02,44490,979.0
2026-10-02,65018,1253.05
2026-10-02,41523,1994.05
2026-10-02,54078,3324.05
2026-10-02,34951,789.0
2026-10-02,50952,6.9
2026-10-02,38586,6199.0
2026-10-02,38585,7699.0
2026-10-02,63357,360.05
2026-10-02,63343,265.05
2026-10-02,41596,1424.05
2026-10-02,44505,399.0
2026-10-02,35586,319.0
2026-10-02,35585,229.0
2026-10-02,54626,579.0
2026-10-02,63624,1433.55
2026-10-02,63627,312.55
2026-10-02,63620,1338.55
2026-10-02,63646,322.05
2026-10-02,63645,901.55
2026-10-02,63622,721.05
2026-10-02,63621,331.55
2026-10-02,63623,360.05
2026-10-02,63647,1424.05
2026-10-02,63649,246.05
2026-10-02,63650,274.55
2026-10-02,62241,10420.55
2026-10-02,63626,436.05
2026-10-02,63625,493.05
2026-10-02,65362,1999.0
2026-10-02,45647,1999.0
2026-10-02,58205,6599.0
2026-10-02,57090,1823.05
2026-10-02,29530,5794.05
2026-10-02,58206,4464.05
2026-10-02,58203,5497.0
2026-10-02,65361,699.0
2026-10-02,24197,11294.55
2026-10-02,60025,5794.05
2026-10-02,60021,7961.0
2026-10-02,15655,6174.05
2026-10-02,44575,2249.0
2026-10-02,65360,499.0
2026-10-02,54455,20499.0
2026-10-02,46376,75.91
2026-10-02,16826,66.41
2026-10-02,16825,56.91
2026-10-02,45757,61.66
2026-10-02,19546,17.91
2026-10-02,48465,5034.05
2026-10-02,33336,4949.0
2026-10-02,38234,7699.0
2026-10-02,33331,8599.0
2026-10-02,24847,7999.0
2026-10-02,38626,6999.0
2026-10-02,38625,7299.0
2026-10-02,62905,3897.0
2026-10-02,65168,5661.05
2026-10-02,65173,3742.05
2026-10-02,65169,4853.55
2026-10-02,65174,3134.05
2026-10-02,61884,5357.05
2026-10-02,65179,3960.55
2026-10-02,65180,5138.55
2026-10-02,47035,4299.0
2026-10-02,24840,8499.0
2026-10-02,54406,10799.0
2026-10-02,61928,9499.0
2026-10-02,39247,10399.0
2026-10-02,56433,12589.0
2026-10-02,45760,729.0
2026-10-02,30594,2889.0
2026-10-02,30638,2399.0
2026-10-02,45759,1099.0
2026-10-02,44509,579.0
2026-10-02,41526,797.05
2026-10-02,63728,1300.55
2026-10-02,63593,949.05
2026-10-02,63594,949.05
2026-10-02,63592,949.05
2026-10-02,43801,1099.0
2026-10-02,64897,147.0
2026-10-02,64898,229.0
2026-10-02,64899,229.0
2026-10-02,48361,1929.0
2026-10-02,48372,2889.0
2026-10-02,54627,2070.05
2026-10-02,35869,379.05
2026-10-02,58570,84.55
2026-10-02,45750,399.0
2026-10-02,44625,297.0
2026-10-02,65164,177.0
2026-10-02,65167,177.0
2026-10-02,45751,199.0
2026-10-02,57670,199.0
2026-10-02,45749,199.0
2026-10-02,65165,197.0
2026-10-02,50703,17.91
2026-10-02,41742,233.91
2026-10-02,44574,3299.0
2026-10-02,38553,1652.05
2026-10-02,29171,1880.05
2026-10-02,64310,1861.05
2026-10-02,54427,1999.0
2026-10-02,61834,1199.0
2026-10-02,61854,1399.0
2026-10-02,61833,2199.0
2026-10-02,48348,2659.05
2026-10-02,42889,3999.0
2026-10-02,40376,2999.0
2026-10-02,56705,3086.55
2026-10-02,47477,174.93
2026-10-02,59609,199.0
2026-10-02,63356,331.55
2026-10-02,13712,247.0
2026-10-02,29031,769.0
2026-10-02,63324,445.55
2026-10-02,23290,489.0
2026-10-02,65166,697.0
2026-10-02,23291,559.0
2026-10-02,64856,269.91
2026-10-02,43807,2108.05
2026-10-02,63339,835.05
2026-10-02,45752,349.0
2026-10-02,56857,1566.55
2026-10-02,65223,949.05
2026-10-02,5711,699.0
2026-10-02,58565,65.55
2026-10-02,6119,9399.0
2026-10-02,6456,12824.05
2026-10-02,6557,11689.0
2026-10-02,43972,521.55
2026-10-02,24628,499.0
2026-10-02,18030,449.0
2026-10-02,26277,589.0
2026-10-02,39870,1015.55
2026-10-02,63727,279.0
2026-10-02,56706,806.55
2026-10-02,18029,319.0
2026-10-02,61847,369.0
2026-10-02,54622,607.9
2026-10-02,37600,589.0
2026-10-02,46375,899.0
2026-10-02,54106,35.91
2026-10-02,64855,80.91
2026-10-02,5721,2299.0
2026-10-02,65181,1044.05
2026-10-02,45238,797.0
2026-10-02,57655,1399.0
2026-10-02,59610,129.0
2026-10-02,58563,474.05
2026-10-02,28249,3856.05
2026-10-02,38233,4449.0
2026-10-02,33327,8099.0
2026-10-02,33329,6699.0
2026-10-02,33324,8399.0
2026-10-02,33326,7297.0
2026-10-02,61850,7997.0
2026-10-02,61846,4697.0
2026-10-02,61853,6199.0
2026-10-02,61835,4399.0
2026-10-02,36205,24499.0
2026-10-02,54094,6193.05
2026-10-02,65171,4910.55
2026-10-02,61880,6611.05
2026-10-02,61882,8767.55
2026-10-02,61848,11599.0
2026-10-02,44666,19999.0
2026-10-02,44658,8399.0
2026-10-02,61923,6299.0
2026-10-02,61838,25174.05
2026-10-02,56827,10999.0
2026-10-02,44597,20399.0
2026-10-02,39659,7997.0
2026-10-02,54603,24034.05
2026-10-02,61844,22999.0
2026-10-02,61841,9099.0
2026-10-02,61840,10499.0
2026-10-02,61842,16149.05
2026-10-02,44938,14499.0
2026-10-02,54604,18999.0
2026-10-02,53123,215.91
2026-10-02,33467,474.05
2026-10-02,62163,806.55
2026-10-02,22494,5789.0
2026-10-02,38558,419.0
2026-10-02,29032,479.0
2026-10-02,63354,255.55
2026-10-02,63355,274.55
2026-10-02,23030,829.0
2026-10-02,22586,439.0
2026-10-02,28732,597.55
2026-10-02,64827,379.05
2026-10-02,26268,449.0
2026-10-02,48522,2773.05
2026-10-02,48641,2896.55
2026-10-02,35874,1709.05
2026-10-02,35873,664.05
2026-10-02,19692,474.05
2026-10-02,33786,759.05
2026-10-02,44141,740.05
2026-10-02,26266,559.0
2026-10-02,53375,89.91
2026-10-02,59611,519.0
2026-10-02,63719,1299.0
2026-10-02,16817,28.4
2026-10-02,16818,28.4
2026-10-02,65230,2754.05
2026-10-02,59608,299.0
2026-10-02,63587,4160.05
2026-10-02,16820,28.4
2026-10-02,16819,26.91
2026-10-02,63345,797.05
2026-10-02,37527,939.55
2026-10-02,64894,297.0
2026-10-02,44519,599.0
2026-10-02,57657,299.0
2026-10-02,58637,787.55
2026-10-02,45911,419.0
2026-10-02,54558,1148.55
2026-10-02,45721,477.0
2026-10-02,62893,1699.0
2026-10-02,45011,1379.0
2026-10-02,62895,2379.0
2026-10-02,45758,557.0
2026-10-02,61889,1699.0
2026-10-02,61893,1699.0
2026-10-02,61892,1699.0
2026-10-02,61894,2979.0
2026-10-02,63741,1699.0
2026-10-02,52634,769.0
2026-10-02,52637,1189.0
2026-10-02,61888,2129.0
2026-10-02,52635,2549.0
2026-10-02,24288,1599.0
2026-10-02,9339,1599.0
2026-10-02,61891,1647.0
2026-10-02,62894,2879.0
2026-10-02,61890,247.0
2026-10-02,63347,559.55
2026-10-02,63346,493.05
2026-10-02,63328,1219.0
2026-10-02,48570,219.0
2026-10-02,47015,2545.05
2026-10-02,48631,911.05
2026-10-02,48565,1424.05
2026-10-02,45913,2754.05
2026-10-02,45912,8910.05
2026-10-02,61901,3189.0
2026-10-02,54569,9518.05
2026-10-02,46379,3324.05
2026-10-02,45312,4090.7
2026-10-02,46672,9489.55
2026-10-02,46381,1199.0
2026-10-02,48373,284.9
2026-10-02,46380,1262.55
2026-10-02,48640,341.9
2026-10-02,48367,569.9
2026-10-02,44940,474.9
2026-10-02,47445,249.9
2026-10-02,45266,599.9
2026-10-02,64312,4084.05
2026-10-02,65259,2896.55
2026-10-02,65258,8245.05
2026-10-02,65260,6069.55
2026-10-02,61896,3099.0
2026-10-02,61895,3099.0
2026-10-02,50004,3689.1
2026-10-02,50006,3689.1
2026-10-02,64918,3689.1
2026-10-02,50005,3689.1
2026-10-02,63322,990.0
2026-10-02,44646,990.0
2026-10-02,49951,67699.0
2026-10-02,64319,284.9
2026-10-02,49995,6189.0
2026-10-02,53791,89.91
2026-10-02,34801,71.91
2026-10-02,53695,22.41
2026-10-02,19470,100.0
2026-10-02,53210,98.91
2026-10-02,53211,62.91
2026-10-02,49928,20499.0
2026-10-02,49897,18099.0
2026-10-02,49880,25389.0
2026-10-02,52704,699.0
2026-10-02,49955,683.1
2026-10-02,49956,1169.1
2026-10-02,59613,2799.0
2026-10-02,47044,1699.0
2026-10-02,3371,189.05
2026-10-02,48783,1399.0
2026-10-02,48767,1399.0
2026-10-02,33248,360.9
2026-10-02,59998,729.0
2026-10-02,21901,99.0
2026-10-02,5576,75.05
2026-10-02,5577,94.05
2026-10-02,48786,1299.0
2026-10-02,48795,1299.0
2026-10-02,48798,1899.0
2026-10-02,47832,719.0
2026-10-02,47831,719.0
2026-10-02,47822,719.0
2026-10-02,47830,719.0
2026-10-02,48813,879.0
2026-10-02,48812,879.0
2026-10-02,48810,879.0
2026-10-02,48776,1499.0
2026-10-02,48791,1499.0
2026-10-02,47486,399.0
2026-10-02,42430,377.0
2026-10-02,42429,377.0
2026-10-02,42428,377.0
2026-10-02,47034,69.0
2026-10-02,38818,229.0
2026-10-02,44481,217.55
2026-10-02,38816,217.55
2026-10-02,59156,799.0
2026-10-02,5552,75.05
2026-10-02,5553,75.91
2026-10-02,60032,989.0
2026-10-02,3365,189.05
2026-10-02,33243,90.25
2026-10-02,20694,189.05
2026-10-02,47501,539.0
2026-10-02,47502,539.0
2026-10-02,47500,539.0
2026-10-02,47503,539.0
2026-10-02,47042,499.0
2026-10-02,63301,1190.0
2026-10-02,53001,107.91
2026-10-02,38582,3399.0
2026-10-02,31345,4199.0
2026-10-02,35552,1471.55
2026-10-02,8332,1047.0
2026-10-02,21229,33.93
2026-10-02,49993,1259.0
2026-10-02,44057,39.0
2026-10-02,59718,12599.1
2026-10-02,59720,7199.1
2026-10-02,48773,0.0
2026-10-02,59717,16559.1
2026-10-02,59614,26909.1
2026-10-02,48781,16199.1
2026-10-02,60034,4499.0
2026-10-02,60037,5799.0
2026-10-02,53468,35.91
2026-10-02,53471,44.91
2026-10-02,54756,37.05
2026-10-02,46301,37.91
2026-10-02,33266,27.55
2026-10-02,53869,17.91
2026-10-02,53868,15.21
2026-10-02,44779,250.0
2026-10-02,63744,350.0
2026-10-02,57605,71.91
2026-10-02,10103,65.55
2026-10-02,54757,71.16
2026-10-02,46283,99.0
2026-10-02,45303,79.0
2026-10-02,26293,40.0
2026-10-02,57620,89.91
2026-10-02,57606,71.91
2026-10-02,57607,179.91
2026-10-02,47408,37.05
2026-10-02,33310,27.55
2026-10-02,46186,200.0
2026-10-02,53044,44.91
2026-10-02,57608,224.91
2026-10-02,33309,26.6
2026-10-02,16385,56.91
2026-10-02,53651,1.71
2026-10-02,64925,20109.0
2026-10-02,49876,16299.0
2026-10-02,49944,0.0
2026-10-02,49912,24099.0
2026-10-02,49926,24099.0
2026-10-02,49932,20499.0
2026-10-02,49904,23339.0
2026-10-02,49867,39899.0
2026-10-02,49958,8399.0
2026-10-02,49929,8399.0
2026-10-02,49866,9759.0
2026-10-02,58538,8399.0
2026-10-02,58537,10199.0
2026-10-02,59153,31399.0
2026-10-02,49902,18099.0
2026-10-02,49964,22899.0
2026-10-02,49903,24099.0
2026-10-02,59715,9599.0
2026-10-02,49965,40489.0
2026-10-02,49870,24099.0
2026-10-02,49883,24099.0
2026-10-02,49953,10799.0
2026-10-02,49919,8999.0
2026-10-02,49948,5012.1
2026-10-02,59154,10799.0
2026-10-02,49885,11999.0
2026-10-02,33302,141.55
2026-10-02,33301,171.0
2026-10-02,34807,142.41
2026-10-02,46194,79.0
2026-10-02,50000,839.0
2026-10-02,49969,479.0
2026-10-02,49998,1049.0
2026-10-02,65014,90.25
2026-10-02,46189,161.41
2026-10-02,33275,52.25
2026-10-02,33285,109.25
2026-10-02,33269,85.5
2026-10-02,36248,630.0
2026-10-02,44778,280.0
2026-10-02,53059,107.91
2026-10-02,24794,2621.05
2026-10-02,63305,350.0
2026-10-02,61719,497.0
2026-10-02,53658,5.31
2026-10-02,60020,2249.0
2026-10-02,60009,859.0
2026-10-02,60005,2249.0
2026-10-02,50013,899.0
2026-10-02,50014,899.0
2026-10-02,50011,819.0
2026-10-02,43815,854.05
2026-10-02,64931,1429.0
2026-10-02,53051,242.91
2026-10-02,60018,1259.0
2026-10-02,52224,89.91
2026-10-02,52225,116.91
2026-10-02,52226,62.91
2026-10-02,52227,80.91
2026-10-02,52495,80.91
2026-10-02,52228,134.91
2026-10-02,52229,179.91
2026-10-02,53657,5.31
2026-10-02,49894,5999.0
2026-10-02,49909,7799.0
2026-10-02,49938,2999.0
2026-10-02,49888,14399.0
2026-10-02,49915,7799.0
2026-10-02,49935,4199.0
2026-10-02,49916,4499.0
2026-10-02,49872,3599.0
2026-10-02,49892,3599.0
2026-10-02,49889,10799.0
2026-10-02,49920,7799.0
2026-10-02,49921,3599.0
2026-10-02,63753,430.0
2026-10-02,64934,2449.0
2026-10-02,49999,2229.0
2026-10-02,31416,129.51
2026-10-02,31419,18.54
2026-10-02,53053,44.46
2026-10-02,31417,129.51
2026-10-02,31420,17.91
2026-10-02,31418,44.46
2026-10-02,53947,6.21
2026-10-02,52303,9.81
2026-10-02,52108,9.81
2026-10-02,52109,8.91
2026-10-02,53948,105.21
2026-10-02,53054,53.91
2026-10-02,52113,89.91
2026-10-02,43819,445.55
2026-10-02,60017,469.0
2026-10-02,53653,148.41
2026-10-02,53654,224.91
2026-10-02,53693,98.91
2026-10-02,53345,125.91
2026-10-02,53652,53.91
2026-10-02,49893,34639.0
2026-10-02,49913,46519.0
2026-10-02,49878,25299.0
2026-10-02,49918,23079.0
2026-10-02,49927,14499.0
2026-10-02,49871,20499.0
2026-10-02,49873,10799.0
2026-10-02,49905,13199.0
2026-10-02,49899,24099.0
2026-10-02,49908,6599.0
2026-10-02,49906,11999.0
2026-10-02,49949,27799.0
2026-10-02,49907,19299.0
2026-10-02,49874,15699.0
2026-10-02,49898,5999.0
2026-10-02,49940,4799.0
2026-10-02,64936,4799.0
2026-10-02,49917,5399.0
2026-10-02,60035,16899.0
2026-10-02,49896,8999.0
2026-10-02,49923,6599.0
2026-10-02,49925,17549.0
2026-10-02,49887,6599.0
2026-10-02,49952,22899.0
2026-10-02,49877,2299.0
2026-10-02,49939,33799.0
2026-10-02,49881,20499.0
2026-10-02,49911,22899.0
2026-10-02,49869,14099.0
2026-10-02,49890,21699.0
2026-10-02,49934,6599.0
2026-10-02,49875,14499.0
2026-10-02,49882,10199.0
2026-10-02,49900,27799.0
2026-10-02,60299,42299.0
2026-10-02,49884,17319.0
2026-10-02,49879,28999.0
2026-10-02,64935,6199.0
2026-10-02,64932,3699.0
2026-10-02,63299,800.0
2026-10-02,60529,280.0
2026-10-02,48796,1099.0
2026-10-02,63571,350.0
2026-10-02,63306,670.0
2026-10-02,49914,33799.0
2026-10-02,49966,33799.0
2026-10-02,65281,520.0
2026-10-02,63760,62.91
2026-10-02,64930,3589.0
2026-10-02,64933,2589.0
2026-10-02,64929,2449.0
2026-10-02,49960,269.0
2026-10-02,49957,349.0
2026-10-02,63761,58.41
2026-10-02,45530,390.0
2026-10-02,45532,390.0
2026-10-02,45518,430.0
2026-10-02,45521,430.0
2026-10-02,45520,430.0
2026-10-02,45516,410.0
2026-10-02,45524,410.0
2026-10-02,61712,410.0
2026-10-02,45514,430.0
2026-10-02,45515,430.0
2026-10-02,45513,430.0
2026-10-02,45517,430.0
2026-10-02,45528,390.0
2026-10-02,45526,390.0
2026-10-02,45522,390.0
2026-10-02,45525,430.0
2026-10-02,44759,390.0
2026-10-02,45527,390.0
2026-10-02,45534,430.0
2026-10-02,45533,430.0
2026-10-02,45531,390.0
2026-10-02,63314,430.0
2026-10-02,53825,152.91
2026-10-02,48497,85.41
2026-10-02,63308,350.0
2026-10-02,63300,1550.0
2026-10-02,49972,719.0
2026-10-02,63309,330.0
2026-10-02,65256,28109.55
2026-10-02,64923,1699.0
2026-10-02,59805,2199.0
2026-10-02,59157,399.0
2026-10-02,59158,699.0
2026-10-02,65279,699.0
2026-10-02,59159,1299.0
2026-10-02,63747,430.0
2026-10-02,63746,430.0
2026-10-02,63307,430.0
2026-10-02,63614,430.0
2026-10-02,60528,430.0
2026-10-02,63752,430.0
2026-10-02,63750,430.0
2026-10-02,61831,2200.0
2026-10-02,61830,2800.0
2026-10-02,49990,499.0
2026-10-02,49978,1719.0
2026-10-02,49868,13969.0
2026-10-02,59804,31399.0
2026-10-02,49954,6599.0
2026-10-02,60038,6599.0
2026-10-02,63316,550.0
2026-10-02,54118,53.75
2026-10-02,63303,990.0
2026-10-02,58539,2999.0
2026-10-02,49922,6599.0
2026-10-02,63317,1300.0
2026-10-02,45512,990.0
2026-10-02,46377,650.0
2026-10-02,54313,94.91
2026-10-02,49986,3049.0
2026-10-02,50001,2429.0
2026-10-02,49987,4769.0
2026-10-02,64926,14299.0
2026-10-02,49988,399.0
2026-10-02,49984,2229.0
2026-10-02,49996,2449.0
2026-10-02,48416,559.55
2026-10-02,49962,1469.0
2026-10-02,63304,390.0
2026-10-02,46530,359.91
2026-10-02,50954,4.47
2026-10-02,50955,13.41
2026-10-02,60527,8059.0
2026-10-02,50012,10029.0
2026-10-02,37404,280.0
2026-10-02,37403,200.0
2026-10-02,37408,300.0
2026-10-02,37400,300.0
2026-10-02,48413,2597.0
2026-10-02,47116,1699.0
2026-10-02,47104,1399.0
2026-10-02,46192,99.0
2026-10-02,47114,2699.0
2026-10-02,61924,2799.0
2026-10-02,61930,2599.0
2026-10-02,63010,5797.0
2026-10-02,49967,319.0
2026-10-02,49961,350.1
2026-10-02,49943,377.1
2026-10-02,49936,679.0
2026-10-02,60041,2599.0
2026-10-02,63320,2750.0
2026-10-02,51151,47.61
2026-10-02,51152,157.41
2026-10-02,51153,27.81
2026-10-02,51154,49.41
2026-10-02,51155,67.41
2026-10-02,51156,158.31
2026-10-02,51157,27.81
2026-10-02,53949,49.41
2026-10-02,53950,67.41
2026-10-02,31428,15.21
2026-10-02,31427,26.91
2026-10-02,47902,53.91
2026-10-02,47903,26.91
2026-10-02,47907,62.91
2026-10-02,51158,62.01
2026-10-02,51159,87.21
2026-10-02,51313,94.41
2026-10-02,54126,94.41
2026-10-02,21227,62.91
2026-10-02,21224,35.91
2026-10-02,21226,56.61
2026-10-02,47904,15.21
2026-10-02,47906,53.91
2026-10-02,47905,53.91
2026-10-02,21231,42.21
2026-10-02,21230,48.51
2026-10-02,54394,33.21
2026-10-02,53689,23.31
2026-10-02,63319,330.0
2026-10-02,63312,460.0
2026-10-02,53690,8.91
2026-10-02,53691,26.91
2026-10-02,53692,53.91
2026-10-02,64919,2389.0
2026-10-02,64924,3129.0
2026-10-02,60007,929.0
2026-10-02,60016,2459.0
2026-10-02,60004,929.0
2026-10-02,60015,3149.0
2026-10-02,49989,1119.0
2026-10-02,49991,1619.1
2026-10-02,49982,2699.1
2026-10-02,49980,4519.0
2026-10-02,63302,1390.0
2026-10-02,65280,2679.0
2026-10-02,63318,890.0
2026-10-02,65277,5799.0
2026-10-02,65278,5799.0
2026-10-02,48805,1529.0
2026-10-02,63296,1999.0
2026-10-02,63298,1999.0
2026-10-02,63297,1999.0
2026-10-02,63295,1999.0
2026-10-02,49864,1299.0
2026-10-02,49863,1299.0
2026-10-02,49910,5049.0
2026-10-02,49975,2589.0
2026-10-02,59722,6799.0
2026-10-02,59721,5849.1
2026-10-02,48763,899.1
2026-10-02,48759,899.1
2026-10-02,48758,899.1
2026-10-02,48754,899.1
2026-10-02,60040,1399.0
2026-10-02,60043,1399.0
2026-10-02,60042,1399.0
2026-10-02,48818,3299.0
2026-10-02,53136,53.97
2026-10-02,63052,379.05
2026-10-02,61843,3357.0
2026-10-02,57630,58.41
2026-10-02,49959,9769.0
2026-10-02,49891,10799.0
2026-10-02,58179,566.91
2026-10-02,818,449.0
2026-10-02,819,549.0
2026-10-02,48343,94.05
2026-10-02,28000,149.0
2026-10-02,27999,199.0
2026-10-02,47416,349.0
2026-10-02,57760,238.14
2026-10-02,49941,494.1
2026-10-02,58540,2999.0
2026-10-02,58991,206.91
2026-10-02,63311,350.0
2026-10-02,63313,430.0
2026-10-02,53662,8.91
2026-10-02,53663,9.45
2026-10-02,49983,4049.0
2026-10-02,49971,1289.0
2026-10-02,49901,2529.0
2026-10-02,49968,1009.0
2026-10-02,52475,62.91
2026-10-02,63748,430.0
2026-10-02,55693,1999.0
2026-10-02,55695,2997.0
2026-10-02,55694,3297.0
2026-10-02,62892,9689.05
2026-10-02,57530,4549.55
2026-10-02,64773,3941.55
2026-10-02,53685,12.51
2026-10-02,53694,11.61
2026-10-02,53668,40.41
2026-10-02,53509,26.91
2026-10-02,53507,53.91
2026-10-02,53513,35.91
2026-10-02,53506,71.91
2026-10-02,44660,2999.0
2026-10-02,44662,3799.0
2026-10-02,44667,4399.0
2026-10-02,63745,430.0
2026-10-02,48316,2027.0
2026-10-02,48385,3999.0
2026-10-02,61927,11399.05
2026-10-02,63321,870.0
2026-10-02,49981,2249.1
2026-10-02,49946,755.1
2026-10-02,49931,719.1
2026-10-02,49933,620.1
2026-10-02,63570,590.0
2026-10-02,47045,1699.0
2026-10-02,47040,1424.05
2026-10-02,48615,246.05
2026-10-02,48613,949.0
2026-10-02,48623,141.55
2026-10-02,47043,499.0
2026-10-02,64024,284.9
2026-10-02,45816,130.05
2026-10-02,53346,139.9
2026-10-02,48637,123.41
2026-10-02,48365,3459.0
2026-10-02,48616,2564.05
2026-10-02,48500,3390.55
2026-10-02,48501,1995.0
2026-10-02,48338,399.0
2026-10-02,48315,399.0
2026-10-02,48421,949.05
2026-10-02,48419,949.05
2026-10-02,48340,399.0
2026-10-02,48049,26.91
2026-10-02,46251,49.14
2026-10-02,47149,22.41
2026-10-02,52120,44.91
2026-10-02,43138,26.91
2026-10-02,6831,314.91
2026-10-02,9344,314.91
2026-10-02,9354,314.91
2026-10-02,16859,13.41
2026-10-02,16861,13.41
2026-10-02,21348,89.91
2026-10-02,16884,62.91
2026-10-02,64414,62.91
2026-10-02,5303,149.9
2026-10-02,47632,29.88
2026-10-02,6819,341.91
2026-10-02,39275,89.91
2026-10-02,43210,44.91
2026-10-02,46926,50.0
2026-10-02,32714,107.91
2026-10-02,34384,350.91
2026-10-02,46605,5.0
2026-10-02,45443,20.0
2026-10-02,47509,53.91
2026-10-02,47582,8.64
2026-10-02,1225,413.1
2026-10-02,1491,42.3
2026-10-02,1490,89.91
2026-10-02,12746,85.5
2026-10-02,1113,125.91
2026-10-02,969,161.91
2026-10-02,27780,69.3
2026-10-02,7923,99.0
2026-10-02,702,215.91
2026-10-02,59621,40.41
2026-10-02,43164,40.41
2026-10-02,43165,40.41
2026-10-02,43166,40.41
2026-10-02,42170,80.91
2026-10-02,7554,152.91
2026-10-02,844,242.91
2026-10-02,59180,161.91
2026-10-02,13086,179.91
2026-10-02,50049,139.9
2026-10-02,20047,62.91
2026-10-02,59906,206.91
2026-10-02,48851,224.91
2026-10-02,51654,143.91
2026-10-02,59968,35.91
2026-10-02,35147,206.91
2026-10-02,47723,53.91
2026-10-02,47818,89.91
2026-10-02,59868,152.91
2026-10-02,59872,134.91
2026-10-02,59866,125.91
2026-10-02,6951,269.91
2026-10-02,43137,35.91
2026-10-02,13088,99.0
2026-10-02,872,197.91
2026-10-02,6968,251.91
2026-10-02,16706,179.91
2026-10-02,50015,251.91
2026-10-02,45428,62.91
2026-10-02,9951,134.91
2026-10-02,13690,87.0
2026-10-02,13665,87.0
2026-10-02,13689,87.0
2026-10-02,39277,134.91
2026-10-02,39276,215.91
2026-10-02,13090,99.0
2026-10-02,12112,179.91
2026-10-02,2434,143.91
2026-10-02,2435,116.91
2026-10-02,21608,35.91
2026-10-02,64400,1259.1
2026-10-02,46280,1151.1
2026-10-02,31139,999.0
2026-10-02,31140,899.0
2026-10-02,53943,1399.0
2026-10-02,59601,299.9
2026-10-02,53938,1799.1
2026-10-02,59602,499.0
2026-10-02,59936,499.9
2026-10-02,47021,1529.1
2026-10-02,59766,990.0
2026-10-02,59765,990.0
2026-10-02,35531,1349.1
2026-10-02,42584,999.0
2026-10-02,59606,1327.0
2026-10-02,47025,499.9
2026-10-02,16591,827.1
2026-10-02,16592,1188.0
2026-10-02,24286,1188.0
2026-10-02,53921,597.0
2026-10-02,39268,899.9
2026-10-02,39269,1403.1
2026-10-02,39270,1403.1
2026-10-02,28817,1399.0
2026-10-02,53922,1799.1
2026-10-02,64403,1439.1
2026-10-02,20978,2069.1
2026-10-02,25983,62.91
2026-10-02,34370,22.41
2026-10-02,42367,107.91
2026-10-02,16606,134.91
2026-10-02,21437,44.91
2026-10-02,13945,62.91
2026-10-02,26038,14.31
2026-10-02,53925,206.91
2026-10-02,25836,89.91
2026-10-02,21345,189.0
2026-10-02,46635,6.21
2026-10-02,48097,44.91
2026-10-02,40315,38.43
2026-10-02,40312,107.91
2026-10-02,40317,69.93
2026-10-02,40314,44.91
2026-10-02,40313,27.93
2026-10-02,40316,71.91
2026-10-02,32758,107.91
2026-10-02,62304,62.91
2026-10-02,62303,44.91
2026-10-02,21455,53.91
2026-10-02,48458,125.91
2026-10-02,47161,22.41
2026-10-02,43868,206.91
2026-10-02,43866,170.91
2026-10-02,47757,26.1
2026-10-02,46657,40.41
2026-10-02,37707,89.91
2026-10-02,48019,75.6
2026-10-02,24346,37.8
2026-10-02,60367,22.41
2026-10-02,60324,40.41
2026-10-02,60331,35.91
2026-10-02,28730,55.8
2026-10-02,32361,20.0
2026-10-02,21291,13.41
2026-10-02,21298,15.21
2026-10-02,21299,23.31
2026-10-02,21293,25.11
2026-10-02,21302,20.61
2026-10-02,47437,26.91
2026-10-02,46276,26.91
2026-10-02,47439,26.91
2026-10-02,24396,44.91
2026-10-02,58542,35.91
2026-10-02,58543,35.91
2026-10-02,58622,35.91
2026-10-02,11902,125.91
2026-10-02,26019,12.51
2026-10-02,26018,12.51
2026-10-02,27821,12.51
2026-10-02,26037,14.31
2026-10-02,26036,14.31
2026-10-02,57976,44.91
2026-10-02,34705,26.91
2026-10-02,42365,107.91
2026-10-02,430,179.91
2026-10-02,53881,989.1
2026-10-02,6969,566.1
2026-10-02,6975,746.1
2026-10-02,6976,629.1
2026-10-02,39225,296.91
2026-10-02,39226,332.91
2026-10-02,39227,359.91
2026-10-02,40410,314.91
2026-10-02,45221,161.91
2026-10-02,35208,170.91
2026-10-02,61832,429.0
2026-10-02,45176,296.91
2026-10-02,35539,413.1
2026-10-02,26079,134.91
2026-10-02,60486,129.9
2026-10-02,65329,249.9
2026-10-02,65327,299.9
2026-10-02,65331,249.9
2026-10-02,8983,206.91
2026-10-02,65330,249.9
2026-10-02,50228,224.91
2026-10-02,40203,89.91
2026-10-02,40197,116.91
2026-10-02,40191,152.91
2026-10-02,6419,197.91
2026-10-02,62199,179.91
2026-10-02,50215,107.91
2026-10-02,50216,134.91
2026-10-02,27613,87.0
2026-10-02,27611,49.9
2026-10-02,50092,74.9
2026-10-02,39703,125.91
2026-10-02,39504,111.93
2026-10-02,39505,125.93
2026-10-02,39704,181.93
2026-10-02,39502,41.93
2026-10-02,55685,57.0
2026-10-02,39705,209.93
2026-10-02,39503,55.93
2026-10-02,49524,99.9
2026-10-02,27627,47.9
2026-10-02,27625,57.9
2026-10-02,27626,79.9
2026-10-02,34039,129.9
2026-10-02,24323,11.61
2026-10-02,25940,22.41
2026-10-02,19591,13.41
2026-10-02,27607,187.0
2026-10-02,24335,8.91
2026-10-02,45430,152.91
2026-10-02,44501,649.0
2026-10-02,44502,649.0
2026-10-02,44504,649.0
2026-10-02,37999,125.91
2026-10-02,14734,107.91
2026-10-02,14733,89.91
2026-10-02,15409,125.91
2026-10-02,16269,85.41
2026-10-02,50725,71.92
2026-10-02,50724,151.92
2026-10-02,50722,119.92
2026-10-02,50721,119.92
2026-10-02,50262,119.92
2026-10-02,50263,23.92
2026-10-02,50728,55.92
2026-10-02,50723,103.92
2026-10-02,50441,51.92
2026-10-02,50727,79.92
2026-10-02,15401,116.91
2026-10-02,59969,116.91
2026-10-02,59971,116.91
2026-10-02,15542,99.9
2026-10-02,26152,35.91
2026-10-02,50264,71.92
2026-10-02,50730,89.91
2026-10-02,43624,23.92
2026-10-02,43621,23.92
2026-10-02,47355,69.93
2026-10-02,57659,279.9
2026-10-02,57672,279.9
2026-10-02,57660,297.0
2026-10-02,62315,323.91
2026-10-02,46660,22.41
2026-10-02,64424,629.1
2026-10-02,59977,206.91
2026-10-02,53466,89.91
2026-10-02,16623,143.91
2026-10-02,21439,31.41
2026-10-02,11181,103.92
2026-10-02,50053,71.91
2026-10-02,65348,139.9
2026-10-02,45419,71.91
2026-10-02,19512,79.92
2026-10-02,65345,99.9
2026-10-02,38208,104.93
2026-10-02,38209,132.93
2026-10-02,50097,296.91
2026-10-02,27617,197.0
2026-10-02,40194,179.91
2026-10-02,40200,143.91
2026-10-02,49165,143.91
2026-10-02,50732,152.91
2026-10-02,21493,55.92
2026-10-02,14825,79.92
2026-10-02,11186,111.92
2026-10-02,43626,63.92
2026-10-02,43675,11.92
2026-10-02,43628,51.92
2026-10-02,43625,51.92
2026-10-02,43673,11.92
2026-10-02,21535,55.92
2026-10-02,25465,51.92
2026-10-02,19516,111.92
2026-10-02,39115,119.92
2026-10-02,25476,23.92
2026-10-02,21482,11.92
2026-10-02,27199,23.92
2026-10-02,50219,80.91
2026-10-02,44825,314.91
2026-10-02,62197,38.61
2026-10-02,64620,125.91
2026-10-02,64619,125.91
2026-10-02,18289,2.03
2026-10-02,27039,0.42
2026-10-02,53467,53.91
2026-10-02,47160,17.91
2026-10-02,64409,107.91
2026-10-02,34388,71.91
2026-10-02,34389,107.91
2026-10-02,24317,27.9
2026-10-02,56789,46.8
2026-10-02,56788,46.8
2026-10-02,49222,29.88
2026-10-02,32554,53.91
2026-10-02,45398,22.41
2026-10-02,48056,35.91
2026-10-02,16327,17.91
2026-10-02,64982,71.91
2026-10-02,38210,62.91
2026-10-02,55795,56.25
2026-10-02,22535,139.93
2026-10-02,22533,9.03
2026-10-02,873,224.91
2026-10-02,20028,44.91
2026-10-02,7557,89.91
2026-10-02,7552,89.91
2026-10-02,7553,62.91
2026-10-02,848,116.91
2026-10-02,39510,17.01
2026-10-02,64426,215.91
2026-10-02,45057,62.91
2026-10-02,45058,80.91
2026-10-02,57676,59.9
2026-10-02,64383,134.91
2026-10-02,64381,170.91
2026-10-02,64380,224.91
2026-10-02,39574,53.91
2026-10-02,39573,53.91
2026-10-02,46185,71.91
2026-10-02,39576,62.91
2026-10-02,39626,62.91
2026-10-02,39577,71.91
2026-10-02,39650,15.21
2026-10-02,39651,15.21
2026-10-02,39648,25.11
2026-10-02,39649,15.21
2026-10-02,48712,40.41
2026-10-02,59861,80.91
2026-10-02,59880,99.0
2026-10-02,24523,27.0
2026-10-02,24524,34.2
2026-10-02,24522,16.03
2026-10-02,46269,21.51
2026-10-02,46272,28.71
2026-10-02,39506,49.41
2026-10-02,39507,31.41
2026-10-02,47752,4.5
2026-10-02,21328,26.91
2026-10-02,12454,161.91
2026-10-02,25864,260.1
2026-10-02,40637,44.91
2026-10-02,37544,71.91
2026-10-02,64410,62.91
2026-10-02,13161,125.91
2026-10-02,47925,49.41
2026-10-02,32609,62.91
2026-10-02,34934,22.41
2026-10-02,16608,20.0
2026-10-02,16607,53.91
2026-10-02,47144,53.91
2026-10-02,43133,35.91
2026-10-02,43132,35.91
2026-10-02,24311,53.91
2026-10-02,39482,25.11
2026-10-02,16331,14.4
2026-10-02,46340,50.0
2026-10-02,45064,35.91
2026-10-02,21366,62.91
2026-10-02,16718,179.91
2026-10-02,53465,35.91
2026-10-02,47627,35.28
2026-10-02,37718,80.91
2026-10-02,37719,99.0
2026-10-02,48270,17.1
2026-10-02,45122,41.93
2026-10-02,45179,179.91
2026-10-02,19052,17.91
2026-10-02,16721,25.11
2026-10-02,16860,16.11
2026-10-02,34382,53.91
2026-10-02,34373,22.41
2026-10-02,46425,22.41
2026-10-02,53939,44.91
2026-10-02,39181,25.11
2026-10-02,14183,53.91
2026-10-02,49170,53.91
2026-10-02,16629,76.5
2026-10-02,7965,98.1
2026-10-02,14639,89.91
2026-10-02,14186,53.91
2026-10-02,47630,35.28
2026-10-02,27815,40.41
2026-10-02,9187,125.91
2026-10-02,48039,5.0
2026-10-02,37664,206.91
2026-10-02,37665,233.91
2026-10-02,37662,233.91
2026-10-02,16639,71.91
2026-10-02,7985,103.5
2026-10-02,16637,80.91
2026-10-02,16636,22.41
2026-10-02,59619,14.31
2026-10-02,48048,62.91
2026-10-02,15390,25.2
2026-10-02,24605,40.41
2026-10-02,16556,14.31
2026-10-02,15387,35.91
2026-10-02,15391,55.8
2026-10-02,7927,71.91
2026-10-02,28311,350.91
2026-10-02,42192,269.91
2026-10-02,47975,175.5
2026-10-02,38489,62.93
2026-10-02,34026,22.41
2026-10-02,43173,26.91
2026-10-02,43175,26.91
2026-10-02,48855,35.91
2026-10-02,45402,31.41
2026-10-02,59193,170.91
2026-10-02,8942,206.91
2026-10-02,19063,62.91
2026-10-02,59625,26.91
2026-10-02,59624,26.91
2026-10-02,37730,62.91
2026-10-02,19062,35.91
2026-10-02,37706,143.91
2026-10-02,50030,31.41
2026-10-02,43212,53.91
2026-10-02,62879,260.91
2026-10-02,46659,71.91
2026-10-02,46584,179.91
2026-10-02,42119,89.91
2026-10-02,59642,269.91
2026-10-02,59623,31.41
2026-10-02,49650,31.41
2026-10-02,18004,31.41
2026-10-02,15399,44.91
2026-10-02,34392,169.9
2026-10-02,60484,187.0
2026-10-02,53936,512.1
2026-10-02,60483,299.9
2026-10-02,21503,179.91
2026-10-02,44315,152.91
2026-10-02,59641,242.91
2026-10-02,43873,314.1
2026-10-02,13102,89.91
2026-10-02,13104,89.91
2026-10-02,43657,44.91
2026-10-02,25989,71.91
2026-10-02,40037,44.91
2026-10-02,16622,50.0
2026-10-02,39179,71.91
2026-10-02,39180,116.91
2026-10-02,42368,107.91
2026-10-02,42369,107.91
2026-10-02,64422,611.1
2026-10-02,42144,329.9
2026-10-02,36569,35.91
2026-10-02,39182,26.91
2026-10-02,35019,26.91
2026-10-02,26008,26.91
2026-10-02,57662,197.0
2026-10-02,43872,323.91
2026-10-02,64408,152.91
2026-10-02,858,215.91
2026-10-02,16646,31.41
2026-10-02,47158,80.91
2026-10-02,45395,35.91
2026-10-02,37712,152.91
2026-10-02,20068,80.91
2026-10-02,31646,80.91
2026-10-02,47137,80.91
2026-10-02,31647,89.91
2026-10-02,34943,62.91
2026-10-02,47600,10.8
2026-10-02,45424,179.91
2026-10-02,26001,31.41
2026-10-02,17458,44.91
2026-10-02,21434,143.91
2026-10-02,15408,89.91
2026-10-02,7918,76.5
2026-10-02,40135,58.5
2026-10-02,39776,44.91
2026-10-02,12749,125.91
2026-10-02,6957,620.1
2026-10-02,46196,71.91
2026-10-02,7919,62.91
2026-10-02,44098,260.91
2026-10-02,39777,44.91
2026-10-02,7924,99.0
2026-10-02,2298,53.91
2026-10-02,39778,197.91
2026-10-02,47146,53.91
2026-10-02,7916,80.91
2026-10-02,46191,179.91
2026-10-02,970,197.91
2026-10-02,7915,107.91
2026-10-02,14007,62.91
2026-10-02,47995,134.91
2026-10-02,27779,67.5
2026-10-02,48001,116.91
2026-10-02,972,170.91
2026-10-02,7929,76.5
2026-10-02,25494,69.3
2026-10-02,62300,80.91
2026-10-02,7313,467.91
2026-10-02,50601,53.91
2026-10-02,64610,89.91
2026-10-02,50094,179.91
2026-10-02,62323,26.91
2026-10-02,39567,13.41
2026-10-02,64611,134.91
2026-10-02,16638,89.91
2026-10-02,61687,71.91
2026-10-02,61686,71.91
2026-10-02,61688,71.91
2026-10-02,6952,260.91
2026-10-02,9426,620.1
2026-10-02,39260,99.0
2026-10-02,39259,121.5
2026-10-02,39261,121.5
2026-10-02,39262,152.91
2026-10-02,39263,179.91
2026-10-02,39789,99.9
2026-10-02,61678,15.92
2026-10-02,46412,10.0
2026-10-02,29424,10.0
2026-10-02,55672,26.91
2026-10-02,49259,35.91
2026-10-02,61677,15.92
2026-10-02,61679,15.92
2026-10-02,61685,15.92
2026-10-02,61675,15.92
2026-10-02,61682,15.92
2026-10-02,61680,15.92
2026-10-02,61683,15.92
2026-10-02,61684,15.92
2026-10-02,61676,15.92
2026-10-02,61681,15.92
2026-10-02,55669,32.31
2026-10-02,55675,26.91
2026-10-02,55666,44.91
2026-10-02,55670,32.31
2026-10-02,65352,19.9
2026-10-02,65353,19.9
2026-10-02,65357,19.9
2026-10-02,65355,19.9
2026-10-02,65354,19.9
2026-10-02,28667,53.91
2026-10-02,46396,48.93
2026-10-02,45417,22.41
2026-10-02,47981,49.14
2026-10-02,60078,107.91
2026-10-02,46730,215.91
2026-10-02,59620,62.91
2026-10-02,7895,62.91
2026-10-02,62880,99.9
2026-10-02,21920,77.0
2026-10-02,49000,71.91
2026-10-02,34761,89.91
2026-10-02,45252,89.9
2026-10-02,31363,62.91
2026-10-02,43188,71.91
2026-10-02,43189,71.91
2026-10-02,21487,62.91
2026-10-02,59176,116.91
2026-10-02,14584,161.91
2026-10-02,39791,99.9
2026-10-02,46419,62.91
2026-10-02,43656,53.91
2026-10-02,42197,89.91
2026-10-02,35003,129.9
2026-10-02,53940,197.91
2026-10-02,21926,99.9
2026-10-02,24483,17.91
2026-10-02,46624,62.91
2026-10-02,21486,16.11
2026-10-02,31358,16.11
2026-10-02,49231,4.5
2026-10-02,49230,4.5
2026-10-02,47998,4.5
2026-10-02,49228,4.5
2026-10-02,46230,4.5
2026-10-02,47979,4.5
2026-10-02,45461,50.0
2026-10-02,46353,99.9
2026-10-02,46346,197.91
2026-10-02,59591,167.0
2026-10-02,59599,167.0
2026-10-02,59595,167.0
2026-10-02,59596,167.0
2026-10-02,59588,2699.1
2026-10-02,55681,359.91
2026-10-02,59604,539.91
2026-10-02,59763,179.91
2026-10-02,59605,269.91
2026-10-02,59762,134.91
2026-10-02,60077,71.91
2026-10-02,63723,224.91
2026-10-02,47164,224.91
2026-10-02,59758,157.0
2026-10-02,53931,239.9
2026-10-02,59908,89.91
2026-10-02,59915,71.91
2026-10-02,16631,44.91
2026-10-02,47272,99.9
2026-10-02,8338,170.91
2026-10-02,64405,269.91
2026-10-02,64407,269.91
2026-10-02,64406,269.91
2026-10-02,927,503.91
2026-10-02,14626,116.91
2026-10-02,12744,143.91
2026-10-02,401,170.91
2026-10-02,23104,269.91
2026-10-02,23108,134.91
2026-10-02,47024,169.9
2026-10-02,59593,199.9
2026-10-02,59600,199.9
2026-10-02,21446,233.91
2026-10-02,40139,249.9
2026-10-02,9486,199.9
2026-10-02,1057,170.91
2026-10-02,574,199.9
2026-10-02,575,199.9
2026-10-02,17614,139.9
2026-10-02,1252,377.91
2026-10-02,569,197.91
2026-10-02,566,197.91
2026-10-02,1276,386.91
2026-10-02,41,1619.1
2026-10-02,5119,359.91
2026-10-02,6945,395.91
2026-10-02,6944,395.91
2026-10-02,399,287.91
2026-10-02,16730,71.91
2026-10-02,572,269.91
2026-10-02,9156,206.91
2026-10-02,64355,149.9
2026-10-02,6946,296.91
2026-10-02,37668,287.91
2026-10-02,43399,299.9
2026-10-02,37647,341.91
2026-10-02,1199,197.91
2026-10-02,59183,129.9
2026-10-02,45196,99.9
2026-10-02,7934,152.91
2026-10-02,37547,89.91
2026-10-02,62316,59.9
2026-10-02,45207,206.91
2026-10-02,64354,59.9
2026-10-02,64386,494.91
2026-10-02,6953,449.91
2026-10-02,64411,107.91
2026-10-02,37642,157.0
2026-10-02,64397,89.91
2026-10-02,21951,224.91
2026-10-02,64389,125.91
2026-10-02,64395,125.91
2026-10-02,64394,125.91
2026-10-02,16726,152.91
2026-10-02,46284,62.91
2026-10-02,161,179.9
2026-10-02,16724,224.91
2026-10-02,59597,59.9
2026-10-02,59592,59.9
2026-10-02,56786,80.91
2026-10-02,11984,699.9
2026-10-02,34723,539.91
2026-10-02,34724,449.91
2026-10-02,34726,539.91
2026-10-02,15769,881.1
2026-10-02,38384,629.91
2026-10-02,39787,116.91
2026-10-02,39788,125.91
2026-10-02,53934,359.91
2026-10-02,64427,152.91
2026-10-02,1277,449.91
2026-10-02,37704,107.91
2026-10-02,37660,359.91
2026-10-02,6955,269.91
2026-10-02,64413,386.91
2026-10-02,64416,386.91
2026-10-02,16593,206.91
2026-10-02,16641,395.91
2026-10-02,62144,89.91
2026-10-02,59629,39.9
2026-10-02,59630,179.9
2026-10-02,37691,99.0
2026-10-02,43032,449.91
2026-10-02,38493,62.93
2026-10-02,8301,161.91
2026-10-02,2638,224.91
2026-10-02,62072,17.91
2026-10-02,56800,134.91
2026-10-02,30298,179.91
2026-10-02,30297,224.91
2026-10-02,56801,242.91
2026-10-02,56802,323.91
2026-10-02,43298,125.91
2026-10-02,46652,150.0
2026-10-02,843,143.91
2026-10-02,43026,170.91
2026-10-02,698,260.91
2026-10-02,14167,35.91
2026-10-02,32728,80.91
2026-10-02,32535,62.91
2026-10-02,37546,359.91
2026-10-02,46390,31.41
2026-10-02,47151,26.91
2026-10-02,57668,747.0
2026-10-02,57667,397.0
2026-10-02,62877,99.9
2026-10-02,46331,50.0
2026-10-02,62122,35.91
2026-10-02,62121,35.91
2026-10-02,2646,249.9
2026-10-02,34365,125.91
2026-10-02,46252,26.91
2026-10-02,185,107.91
2026-10-02,52084,26.91
2026-10-02,924,116.91
2026-10-02,1095,99.0
2026-10-02,977,99.0
2026-10-02,919,134.91
2026-10-02,1488,40.41
2026-10-02,1487,26.91
2026-10-02,59995,251.91
2026-10-02,59988,197.91
2026-10-02,59992,161.91
2026-10-02,59990,323.91
2026-10-02,37714,521.91
2026-10-02,37715,323.91
2026-10-02,34925,170.91
2026-10-02,35452,422.91
2026-10-02,35451,359.91
2026-10-02,32645,341.91
2026-10-02,32646,269.91
2026-10-02,45413,89.91
2026-10-02,32548,80.91
2026-10-02,47148,44.91
2026-10-02,58235,22.41
2026-10-02,58240,22.41
2026-10-02,42140,22.41
2026-10-02,46995,359.91
2026-10-02,62120,19.71
2026-10-02,62123,10.71
2026-10-02,62119,13.41
2026-10-02,53882,1079.1
2026-10-02,64396,990.0
2026-10-02,53883,1223.1
2026-10-02,6970,899.1
2026-10-02,39230,242.91
2026-10-02,39231,332.91
2026-10-02,39235,332.91
2026-10-02,39232,377.91
2026-10-02,39236,431.91
2026-10-02,39233,485.91
2026-10-02,39234,539.91
2026-10-02,39238,539.91
2026-10-02,65334,599.9
2026-10-02,65335,429.9
2026-10-02,21342,692.1
2026-10-02,60080,692.1
2026-10-02,60079,791.1
2026-10-02,21368,269.91
2026-10-02,47023,341.91
2026-10-02,39228,224.91
2026-10-02,39229,269.91
2026-10-02,6860,1619.1
2026-10-02,14187,179.91
2026-10-02,62302,107.91
2026-10-02,62306,152.91
2026-10-02,27748,57.0
2026-10-02,31368,179.91
2026-10-02,56434,169.9
2026-10-02,37735,125.91
2026-10-02,47356,160.93
2026-10-02,64379,179.91
2026-10-02,64385,296.91
2026-10-02,64387,431.91
2026-10-02,18511,53.91
2026-10-02,27750,47.0
2026-10-02,37539,31.41
2026-10-02,47138,80.91
2026-10-02,32560,44.91
2026-10-02,47176,51.3
2026-10-02,50046,161.91
2026-10-02,27749,47.0
2026-10-02,45086,179.91
2026-10-02,49521,99.9
2026-10-02,18010,199.9
2026-10-02,26151,269.91
2026-10-02,47167,62.91
2026-10-02,47173,80.91
2026-10-02,64390,206.91
2026-10-02,49523,89.9
2026-10-02,49525,69.9
2026-10-02,49522,67.9
2026-10-02,50038,80.91
2026-10-02,2649,359.91
2026-10-02,954,224.91
2026-10-02,423,296.91
2026-10-02,14636,350.91
2026-10-02,1032,953.1
2026-10-02,37716,134.91
2026-10-02,27816,22.41
2026-10-02,65347,99.9
2026-10-02,45242,179.91
2026-10-02,21344,89.91
2026-10-02,54123,4.9
2026-10-02,16612,31.41
2026-10-02,16611,31.41
2026-10-02,21340,31.41
2026-10-02,64418,71.91
2026-10-02,47402,39.9
2026-10-02,42112,53.91
2026-10-02,22547,116.91
2026-10-02,50401,179.91
2026-10-02,30099,47.9
2026-10-02,22550,53.91
2026-10-02,39603,53.91
2026-10-02,1704,179.91
2026-10-02,32896,22.41
2026-10-02,64402,49.41
2026-10-02,64401,49.41
2026-10-02,53920,89.91
2026-10-02,53884,62.91
2026-10-02,20976,24.3
2026-10-02,21351,33.3
2026-10-02,20975,35.91
2026-10-02,16713,34.11
2026-10-02,32641,24.3
2026-10-02,40623,26.91
2026-10-02,34363,26.91
2026-10-02,38505,209.93
2026-10-02,54492,13.41
2026-10-02,60361,26.91
2026-10-02,60318,62.91
2026-10-02,21297,14.31
2026-10-02,21294,23.31
2026-10-02,21296,21.51
2026-10-02,21923,206.91
2026-10-02,41560,44.91
2026-10-02,19074,13.41
2026-10-02,18275,5.31
2026-10-02,47756,26.55
2026-10-02,60333,35.91
2026-10-02,60352,25.11
2026-10-02,60329,35.91
2026-10-02,60335,35.91
2026-10-02,60341,26.91
2026-10-02,60354,25.11
2026-10-02,60488,40.41
2026-10-02,60364,22.41
2026-10-02,60359,22.41
2026-10-02,60325,35.91
2026-10-02,60321,35.91
2026-10-02,41566,49.41
2026-10-02,21303,14.31
2026-10-02,21292,17.01
2026-10-02,17796,49.41
2026-10-02,17813,49.41
2026-10-02,28307,35.91
2026-10-02,41570,49.41
2026-10-02,17800,49.41
2026-10-02,41554,49.41
2026-10-02,59622,22.41
2026-10-02,60347,31.41
2026-10-02,60337,35.91
2026-10-02,60357,26.91
2026-10-02,60332,44.91
2026-10-02,60351,31.41
2026-10-02,60327,44.91
2026-10-02,60345,31.41
2026-10-02,60314,44.91
2026-10-02,60320,44.91
2026-10-02,60319,44.91
2026-10-02,16542,13.41
2026-10-02,16564,22.41
2026-10-02,19075,22.41
2026-10-02,16541,13.41
2026-10-02,63394,19.8
2026-10-02,42143,62.91
2026-10-02,22394,35.91
2026-10-02,15764,44.91
2026-10-02,56847,53.91
2026-10-02,60363,17.91
2026-10-02,60360,17.91
2026-10-02,60330,31.41
2026-10-02,60353,22.41
2026-10-02,60328,31.41
2026-10-02,60348,22.41
2026-10-02,60336,31.41
2026-10-02,60358,22.41
2026-10-02,60322,31.41
2026-10-02,60316,35.91
2026-10-02,56726,13.41
2026-10-02,15765,34.11
2026-10-02,41533,53.91
2026-10-02,16562,22.41
2026-10-02,16563,22.41
2026-10-02,28546,35.91
2026-10-02,56957,24.3
2026-10-02,9837,53.91
2026-10-02,43267,161.91
2026-10-02,19066,31.41
2026-10-02,23714,44.91
2026-10-02,40141,71.91
2026-10-02,64393,179.91
2026-10-02,24340,10.8
2026-10-02,16315,10.8
2026-10-02,65344,49.9
2026-10-02,64388,179.91
2026-10-02,15394,44.91
2026-10-02,21496,179.91
2026-10-02,46328,199.9
2026-10-02,59618,53.91
2026-10-02,16576,53.91
2026-10-02,16575,53.91
2026-10-02,39635,31.41
2026-10-02,59640,71.91
2026-10-02,42222,62.91
2026-10-02,46307,80.91
2026-10-02,15406,80.91
2026-10-02,47152,35.91
2026-10-02,47181,53.91
2026-10-02,7567,125.91
2026-10-02,7341,125.91
2026-10-02,46427,26.91
2026-10-02,7565,107.91
2026-10-02,15393,71.91
2026-10-02,26000,116.91
2026-10-02,8312,116.91
2026-10-02,9051,170.91
2026-10-02,65349,69.9
2026-10-02,64392,125.91
2026-10-02,862,71.91
2026-10-02,32730,80.91
2026-10-02,46332,50.0
2026-10-02,25846,89.91
2026-10-02,12751,67.5
2026-10-02,47988,62.91
2026-10-02,46155,12.51
2026-10-02,39630,15.21
2026-10-02,39631,15.21
2026-10-02,12747,89.91
2026-10-02,18006,35.91
2026-10-02,64428,323.91
2026-10-02,65328,349.9
2026-10-02,65326,349.9
2026-10-02,60485,29.9
2026-10-02,39163,89.91
2026-10-02,1097,71.91
2026-10-02,87,71.91
2026-10-02,42164,125.91
2026-10-02,27818,71.91
2026-10-02,49845,230.93
2026-10-02,25834,80.91
2026-10-02,9188,161.91
2026-10-02,63011,134.91
2026-10-02,13863,116.91
2026-10-02,44536,579.0
2026-10-02,44538,579.0
2026-10-02,59963,53.91
2026-10-02,16642,44.91
2026-10-02,33590,159.9
2026-10-02,32539,35.91
2026-10-02,15766,23.31
2026-10-02,37717,58.41
2026-10-02,58549,349.93
2026-10-02,48061,49.5
2026-10-02,24331,26.91
2026-10-02,52086,43.11
2026-10-02,52087,43.11
2026-10-02,62884,59.9
2026-10-02,62885,89.9
2026-10-02,62881,77.9
2026-10-02,62883,99.9
2026-10-02,47436,19.71
2026-10-02,16326,19.71
2026-10-02,46300,12.51
2026-10-02,16310,12.51
2026-10-02,52093,14.4
2026-10-02,24345,11.2
2026-10-02,16332,18.13
2026-10-02,46177,23.85
2026-10-02,24344,12.51
2026-10-02,47438,7.65
2026-10-02,47440,4.95
2026-10-02,47428,4.41
2026-10-02,16303,4.95
2026-10-02,52088,19.35
2026-10-02,52091,71.91
2026-10-02,52099,37.8
2026-10-02,37590,26.6
2026-10-02,28294,17.91
2026-10-02,63026,44.91
2026-10-02,63024,71.91
2026-10-02,63028,56.61
2026-10-02,63025,56.61
2026-10-02,63027,28.71
2026-10-02,63022,28.71
2026-10-02,63029,43.11
2026-10-02,63023,43.11
2026-10-02,39486,49.41
2026-10-02,39492,31.41
2026-10-02,46221,17.91
2026-10-02,52101,67.5
2026-10-02,46281,50.4
2026-10-02,37589,21.7
2026-10-02,37585,27.3
2026-10-02,37586,30.1
2026-10-02,52102,80.91
2026-10-02,52090,48.6
2026-10-02,37592,33.6
2026-10-02,52092,59.4
2026-10-02,47418,61.2
2026-10-02,37591,23.1
2026-10-02,52095,18.9
2026-10-02,52094,33.3
2026-10-02,47425,22.5
2026-10-02,57651,28.7
2026-10-02,52080,36.9
2026-10-02,52082,11.61
2026-10-02,52085,11.61
2026-10-02,57972,15.75
2026-10-02,52081,15.75
2026-10-02,52097,21.51
2026-10-02,52100,21.51
2026-10-02,52083,26.91
2026-10-02,52098,26.91
2026-10-02,5897,97.93
2026-10-02,2633,169.9
2026-10-02,2634,199.9
2026-10-02,7344,139.9
2026-10-02,21432,80.91
2026-10-02,5895,179.91
2026-10-02,5896,116.91
2026-10-02,5891,287.91
2026-10-02,5892,161.91
2026-10-02,5888,368.91
2026-10-02,5893,296.91
2026-10-02,5887,431.91
2026-10-02,5890,404.91
2026-10-02,5883,566.91
2026-10-02,29210,20.61
2026-10-02,29209,20.61
2026-10-02,29208,20.61
2026-10-02,29211,20.61
2026-10-02,43285,26.91
2026-10-02,43281,26.91
2026-10-02,43282,26.91
2026-10-02,24938,67.41
2026-10-02,12136,143.91
2026-10-02,2650,179.91
2026-10-02,31530,44.91
2026-10-02,34769,269.91
2026-10-02,16609,43.11
2026-10-02,47177,116.91
2026-10-02,45420,22.41
2026-10-02,32902,53.91
2026-10-02,46628,31.41
2026-10-02,24319,13.05
2026-10-02,17447,259.9
2026-10-02,37683,125.91
2026-10-02,64419,179.91
2026-10-02,43869,422.91
2026-10-02,37700,287.91
2026-10-02,37684,134.91
2026-10-02,37689,143.91
2026-10-02,37686,134.91
2026-10-02,32636,99.0
2026-10-02,64417,215.1
2026-10-02,65332,379.9
2026-10-02,43870,521.91
2026-10-02,37701,341.91
2026-10-02,37687,170.91
2026-10-02,38395,199.9
2026-10-02,65333,399.9
2026-10-02,37685,197.91
2026-10-02,64415,251.91
2026-10-02,38396,239.9
2026-10-02,37676,350.91
2026-10-02,38397,259.9
2026-10-02,17446,199.9
2026-10-02,17445,139.9
2026-10-02,38394,139.9
2026-10-02,14637,449.91
2026-10-02,39224,395.91
2026-10-02,39223,269.91
2026-10-02,37699,620.91
2026-10-02,6830,476.91
2026-10-02,28819,539.91
2026-10-02,62906,53.91
2026-10-02,62908,53.91
2026-10-02,62907,53.91
2026-10-02,47018,99.9
2026-10-02,47019,99.9
2026-10-02,15317,37.0
2026-10-02,37657,701.1
2026-10-02,986,359.91
2026-10-02,9352,431.91
2026-10-02,987,449.91
2026-10-02,16599,449.91
2026-10-02,13152,413.91
2026-10-02,39168,377.91
2026-10-02,39164,305.91
2026-10-02,39165,359.91
2026-10-02,39166,413.91
2026-10-02,39167,449.91
2026-10-02,6820,369.0
2026-10-02,6858,611.91
2026-10-02,17,341.91
2026-10-02,64384,341.91
2026-10-02,64382,404.91
2026-10-02,64378,449.91
2026-10-02,37675,224.91
2026-10-02,37688,251.91
2026-10-02,17448,239.9
2026-10-02,79,161.91
2026-10-02,19722,161.91
2026-10-02,934,359.91
2026-10-02,8245,20.0
2026-10-02,43010,26.91
2026-10-02,65346,39.9
2026-10-02,59639,53.91
2026-10-02,16704,80.91
2026-10-02,49646,17.91
2026-10-02,59195,44.91
2026-10-02,18005,34.11
2026-10-02,21511,34.11
2026-10-02,16865,31.41
2026-10-02,43190,17.91
2026-10-02,43655,17.91
2026-10-02,43192,17.91
2026-10-02,53937,89.91
2026-10-02,12048,449.91
2026-10-02,45060,139.9
2026-10-02,42175,399.9
2026-10-02,42586,143.91
2026-10-02,42753,143.91
2026-10-02,46178,35.91
2026-10-02,49414,107.91
2026-10-02,21956,71.91
2026-10-02,46578,53.91
2026-10-02,12049,161.91
2026-10-02,43693,22.41
2026-10-02,36496,71.91
2026-10-02,46630,60.3
2026-10-02,21918,179.9
2026-10-02,21939,170.91
2026-10-02,13971,269.91
2026-10-02,45225,224.91
2026-10-02,47859,329.9
2026-10-02,21937,269.91
2026-10-02,45062,143.91
2026-10-02,45226,143.91
2026-10-02,47870,143.91
2026-10-02,21933,119.9
2026-10-02,62876,143.91
2026-10-02,47815,287.91
2026-10-02,13980,77.0
2026-10-02,59970,125.91
2026-10-02,45235,359.91
2026-10-02,64939,47.0
2026-10-02,64938,47.0
2026-10-02,64937,57.0
2026-10-02,64942,57.0
2026-10-02,47472,104.93
2026-10-02,49817,40.0
2026-10-02,59934,40.0
2026-10-02,62878,107.91
2026-10-02,60261,49.9
2026-10-02,45224,251.91
2026-10-02,32607,62.91
2026-10-02,32606,62.91
2026-10-02,39707,62.91
2026-10-02,39708,71.91
2026-10-02,26074,22.41
2026-10-02,59191,161.91
2026-10-02,44826,199.9
2026-10-02,19711,79.9
2026-10-02,35203,251.91
2026-10-02,8946,161.91
2026-10-02,42171,53.91
2026-10-02,13976,242.91
2026-10-02,45193,170.91
2026-10-02,6716,143.91
2026-10-02,64941,77.0
2026-10-02,64940,127.0
2026-10-02,42152,44.91
2026-10-02,32888,31.41
2026-10-02,31656,1999.0
2026-10-02,18008,159.9
2026-10-02,38488,41.93
2026-10-02,26163,22.41
2026-10-02,13121,431.91
2026-10-02,27624,299.9
2026-10-02,13949,107.91
2026-10-02,30124,277.0
2026-10-02,45141,179.9
2026-10-02,21337,224.91
2026-10-02,60371,125.91
2026-10-02,59856,62.91
2026-10-02,59855,80.91
2026-10-02,59853,89.91
2026-10-02,59171,179.91
2026-10-02,8943,179.91
2026-10-02,45183,129.9
2026-10-02,62875,129.9
2026-10-02,59170,197.91
2026-10-02,45231,329.9
2026-10-02,50041,224.91
2026-10-02,50043,269.91
2026-10-02,59857,239.9
2026-10-02,59844,413.91
2026-10-02,59842,431.91
2026-10-02,59846,449.91
2026-10-02,59852,314.91
2026-10-02,32166,359.91
2026-10-02,32169,215.91
2026-10-02,59174,179.91
2026-10-02,50042,224.91
2026-10-02,62882,159.9
2026-10-02,35211,206.91
2026-10-02,26520,215.91
2026-10-02,34756,107.91
2026-10-02,34750,215.91
2026-10-02,45230,259.9
2026-10-02,32012,229.9
2026-10-02,59905,99.0
2026-10-02,49244,20.0
2026-10-02,1240,476.91
2026-10-02,39273,269.91
2026-10-02,39173,269.91
2026-10-02,34935,35.91
2026-10-02,59863,49.41
2026-10-02,65325,279.9
2026-10-02,39176,305.91
2026-10-02,18123,199.9
2026-10-02,39178,476.91
2026-10-02,32608,494.91
2026-10-02,43130,22.41
2026-10-02,34352,62.91
2026-10-02,50040,35.91
2026-10-02,32566,71.91
2026-10-02,45078,44.91
2026-10-02,42511,80.91
2026-10-02,42514,80.91
2026-10-02,26075,143.91
2026-10-02,48052,44.91
2026-10-02,34945,129.9
2026-10-02,61674,79.9
2026-10-02,26080,31.41
2026-10-02,47424,76.5
2026-10-02,26066,53.91
2026-10-02,46478,199.9
2026-10-02,39194,152.91
2026-10-02,39195,170.91
2026-10-02,39197,197.91
2026-10-02,39196,224.91
2026-10-02,39201,99.9
2026-10-02,39202,179.91
2026-10-02,39203,242.91
2026-10-02,39204,269.91
2026-10-02,39199,170.91
2026-10-02,39200,197.91
2026-10-02,39198,197.91
2026-10-02,43400,157.0
2026-10-02,45192,224.91
2026-10-02,36573,179.91
2026-10-02,45140,149.9
2026-10-02,48847,53.91
2026-10-02,44609,62.91
2026-10-02,45177,323.91
2026-10-02,60365,215.91
2026-10-02,64527,233.91
2026-10-02,64515,233.91
2026-10-02,64517,233.91
2026-10-02,58620,269.91
2026-10-02,64520,233.91
2026-10-02,58239,224.91
2026-10-02,64528,233.91
2026-10-02,64521,233.91
2026-10-02,44226,233.91
2026-10-02,60315,44.91
2026-10-02,45412,107.91
2026-10-02,39183,89.91
2026-10-02,43211,62.91
2026-10-02,35016,116.91
2026-10-02,64531,341.91
2026-10-02,65359,599.9
2026-10-02,65358,599.9
2026-10-02,65356,599.9
2026-10-02,64522,593.91
2026-10-02,47127,479.9
2026-10-02,64524,521.91
2026-10-02,64514,449.91
2026-10-02,57673,440.91
2026-10-02,57680,395.91
2026-10-02,57678,395.91
2026-10-02,57679,701.91
2026-10-02,57681,359.91
2026-10-02,57675,449.91
2026-10-02,64526,521.91
2026-10-02,34725,539.91
2026-10-02,57683,599.0
2026-10-02,16480,1169.1
2026-10-02,58614,1079.1
2026-10-02,44018,499.0
2026-10-02,28316,1619.1
2026-10-02,28329,1899.0
2026-10-02,45190,521.91
2026-10-02,45191,611.91
2026-10-02,45189,521.91
2026-10-02,6250,699.9
2026-10-02,21423,206.91
2026-10-02,60281,107.91
2026-10-02,32840,99.9
2026-10-02,26138,99.9
2026-10-02,60251,119.9
2026-10-02,59845,323.91
2026-10-02,44607,119.9
2026-10-02,62886,125.91
2026-10-02,60262,152.91
2026-10-02,49737,99.0
2026-10-02,32044,134.91
2026-10-02,65351,149.9
2026-10-02,65350,199.9
2026-10-02,45212,215.91
2026-10-02,39281,341.91
2026-10-02,24493,15.75
2026-10-02,47474,97.93
2026-10-02,35537,224.91
2026-10-02,42196,134.91
2026-10-02,48232,35.91
2026-10-02,43202,26.91
2026-10-02,32388,31.41
2026-10-02,43160,53.91
2026-10-02,43163,53.91
2026-10-02,28333,467.91
2026-10-02,10744,134.91
2026-10-02,47921,60.3
2026-10-02,32570,17.91
2026-10-02,15398,53.91
2026-10-02,22539,5.53
2026-10-02,30796,12.53
2026-10-02,22541,6.23
2026-10-02,22531,32.83
2026-10-02,22537,23.03
2026-10-02,18274,10.71
2026-10-02,27049,8.91
2026-10-02,22538,11.83
2026-10-02,46312,22.41
2026-10-02,47544,206.91
2026-10-02,21372,53.91
2026-10-02,22536,13.93
2026-10-02,18276,8.01
2026-10-02,16271,44.9
2026-10-02,16272,49.9
2026-10-02,4211,53.91
2026-10-02,62075,152.91
2026-10-02,34374,107.91
2026-10-02,38486,195.93
2026-10-02,39177,152.91
2026-10-02,46596,35.91
2026-10-02,27620,119.9
2026-10-02,26140,31.41
2026-10-02,20105,17.91
2026-10-02,30797,1.33
2026-10-02,47153,22.41
2026-10-02,39633,22.41
2026-10-02,59986,71.91
2026-10-02,59981,161.91
2026-10-02,59980,242.91
2026-10-02,37710,125.91
2026-10-02,42176,26.91
2026-10-02,22542,0.63
2026-10-02,22543,0.35
2026-10-02,22540,0.14
2026-10-02,47357,69.93
2026-10-02,22532,8.33
2026-10-02,59627,58.41
2026-10-02,49654,31.41
2026-10-02,59626,35.91
2026-10-02,49647,62.91
2026-10-02,49652,62.91
2026-10-02,59628,62.91
2026-10-02,49655,53.91
2026-10-02,30798,2.03
2026-10-02,46405,10.0
2026-10-02,35952,20.61
2026-10-02,19070,14.31
2026-10-02,16555,14.31
2026-10-02,15767,19.71
2026-10-02,57658,457.0
2026-10-02,57664,227.0
2026-10-02,57666,297.0
2026-10-02,47753,5.0
2026-10-02,64353,143.91
2026-10-02,2437,251.91
2026-10-02,43859,206.91
2026-10-02,37698,692.91
2026-10-02,43860,233.91
2026-10-02,53932,233.91
2026-10-02,64352,233.91
2026-10-02,53933,233.91
2026-10-02,59179,143.91
2026-10-02,44491,649.0
2026-10-02,44492,649.0
2026-10-02,43030,134.91
2026-10-02,43027,134.91
2026-10-02,43028,134.91
2026-10-02,43029,134.91
2026-10-02,37696,143.91
2026-10-02,47135,152.91
2026-10-02,60487,297.0
2026-10-02,42214,134.91
2026-10-02,42185,359.91
2026-10-02,15777,199.9
2026-10-02,6183,147.0
2026-10-02,14640,674.1
2026-10-02,40408,299.9
2026-10-02,40409,299.9
2026-10-02,59978,233.91
2026-10-02,59976,233.91
2026-10-02,59975,359.91
2026-10-02,43874,269.91
2026-10-02,43034,395.1
2026-10-02,43033,746.91
2026-10-02,59962,359.91
2026-10-02,39185,116.91
2026-10-02,45121,83.93
2026-10-02,59633,44.91
2026-10-02,59634,44.91
2026-10-02,59631,44.91
2026-10-02,974,71.91
2026-10-02,929,80.91
2026-10-02,6854,332.91
2026-10-02,16645,332.91
2026-10-02,13435,89.91
2026-10-02,22534,20.93
2026-10-02,30795,83.93
2026-10-02,49218,62.91
2026-10-02,8959,2699.1
2026-10-02,45228,125.91
2026-10-02,15395,125.91
2026-10-02,59615,11.61
2026-10-02,16538,11.61
2026-10-02,49653,17.91
2026-10-02,43198,17.91
2026-10-02,48999,17.91
2026-10-02,59616,10.71
2026-10-02,16548,13.41
2026-10-02,31357,13.41
2026-10-02,59617,13.41
2026-10-02,19077,11.61
2026-10-02,49391,12.9
2026-10-02,46634,31.41
2026-10-02,42141,35.91
2026-10-02,43863,179.91
2026-10-02,43871,179.91
2026-10-02,43867,179.91
2026-10-02,16533,11.61
2026-10-02,16545,12.51
2026-10-02,46575,16.11
2026-10-02,8984,161.91
2026-10-02,43862,116.91
2026-10-02,43861,143.91
2026-10-02,59764,143.91
2026-10-02,37643,161.91
2026-10-02,37644,161.91
2026-10-02,56435,189.9
2026-10-02,65336,599.9
2026-10-02,57661,157.0
2026-10-02,12570,103.41
2026-10-02,12569,125.91
2026-10-02,45055,35.91
2026-10-02,45054,26.91
2026-10-02,45056,26.91
2026-10-02,45053,53.91
2026-10-02,49245,125.91
2026-10-02,47742,112.5
2026-10-02,47612,80.91
2026-10-02,46024,449.9
2026-10-02,48622,91.62
2026-10-02,54415,179.91
2026-10-02,55668,44.91
2026-10-02,55674,26.91
2026-10-02,59917,34.11
2026-10-02,59900,89.91
2026-10-02,56702,179.91
2026-10-02,51185,22.41
2026-10-02,54871,134.91
2026-10-02,49202,99.9
2026-10-02,47795,26.91
2026-10-02,48718,80.91
2026-10-02,48717,125.91
2026-10-02,59993,134.91
2026-10-02,48630,389.9
2026-10-02,62140,167.93
2026-10-02,58511,233.91
2026-10-02,56055,44.91
2026-10-02,63535,19.9
2026-10-02,50390,224.91
2026-10-02,40371,89.91
2026-10-02,38286,179.91
2026-10-02,58316,79.92
2026-10-02,16082,71.92
2026-10-02,58341,111.92
2026-10-02,51348,116.91
2026-10-02,63104,27.9
2026-10-02,63120,27.9
2026-10-02,59325,15.96
2026-10-02,59321,15.96
2026-10-02,59323,23.96
2026-10-02,59324,55.96
2026-10-02,59302,229.9
2026-10-02,59303,389.9
2026-10-02,65124,611.91
2026-10-02,24399,49.9
2026-10-02,51752,206.91
2026-10-02,59286,99.9
2026-10-02,59287,99.9
2026-10-02,59293,179.9
2026-10-02,59292,179.9
2026-10-02,59294,249.9
2026-10-02,52742,127.92
2026-10-02,58343,119.92
2026-10-02,53991,261.9
2026-10-02,53487,143.92
2026-10-02,59326,31.96
2026-10-02,45676,8.91
2026-10-02,31526,8.91
2026-10-02,40580,566.91
2026-10-02,51270,899.1
2026-10-02,50193,4139.1
2026-10-02,36631,188.91
2026-10-02,36186,1889.1
2026-10-02,65109,215.91
2026-10-02,43880,1439.1
2026-10-02,65118,629.91
2026-10-02,65126,404.91
2026-10-02,65122,359.91
2026-10-02,36184,359.1
2026-10-02,36640,359.1
2026-10-02,50336,170.91
2026-10-02,60475,116.91
2026-10-02,40589,530.91
2026-10-02,65099,71.91
2026-10-02,43882,341.91
2026-10-02,65119,476.91
2026-10-02,40584,386.91
2026-10-02,30140,341.1
2026-10-02,51563,539.91
2026-10-02,51561,899.1
2026-10-02,29972,269.1
2026-10-02,50548,197.1
2026-10-02,43884,296.1
2026-10-02,36630,359.1
2026-10-02,36633,764.91
2026-10-02,43878,431.91
2026-10-02,50170,494.91
2026-10-02,18816,314.91
2026-10-02,36182,494.91
2026-10-02,24400,59.9
2026-10-02,28300,62.91
2026-10-02,28299,49.9
2026-10-02,49465,98.91
2026-10-02,62311,99.9
2026-10-02,25006,224.91
2026-10-02,25007,179.91
2026-10-02,17441,404.91
2026-10-02,65146,242.91
2026-10-02,54214,161.91
2026-10-02,38231,332.91
2026-10-02,54889,107.91
2026-10-02,54448,224.91
2026-10-02,23234,224.91
2026-10-02,23239,431.91
2026-10-02,49049,40.5
2026-10-02,58499,386.91
2026-10-02,58510,125.91
2026-10-02,65113,341.91
2026-10-02,62153,224.91
2026-10-02,65098,386.91
2026-10-02,57010,134.91
2026-10-02,57009,305.91
2026-10-02,57005,99.9
2026-10-02,57007,152.91
2026-10-02,57004,99.9
2026-10-02,57006,99.9
2026-10-02,57008,99.9
2026-10-02,57001,251.91
2026-10-02,62138,215.91
2026-10-02,65158,314.91
2026-10-02,65159,251.91
2026-10-02,65160,314.91
2026-10-02,1011,151.92
2026-10-02,62079,26.91
2026-10-02,62080,26.91
2026-10-02,63152,26.91
2026-10-02,62076,26.91
2026-10-02,57816,59.9
2026-10-02,57808,59.9
2026-10-02,59307,129.9
2026-10-02,47285,50.91
2026-10-02,45563,74.95
2026-10-02,36195,350.91
2026-10-02,60052,161.91
2026-10-02,60063,44.91
2026-10-02,59291,199.9
2026-10-02,53431,242.91
2026-10-02,45651,200.0
2026-10-02,59314,69.95
2026-10-02,39994,539.91
2026-10-02,53449,199.9
2026-10-02,1485,31.41
2026-10-02,11406,71.91
2026-10-02,18011,89.91
2026-10-02,49518,89.91
2026-10-02,46070,89.91
2026-10-02,65195,3149.1
2026-10-02,36197,125.91
2026-10-02,56100,539.91
2026-10-02,62932,71.91
2026-10-02,38443,89.91
2026-10-02,58813,200.0
2026-10-02,38230,224.91
2026-10-02,53426,179.91
2026-10-02,38229,179.91
2026-10-02,54888,179.91
2026-10-02,38228,116.91
2026-10-02,58002,108.0
2026-10-02,58011,108.0
2026-10-02,58009,108.0
2026-10-02,57849,108.0
2026-10-02,58007,108.0
2026-10-02,58006,108.0
2026-10-02,57850,108.0
2026-10-02,36627,107.91
2026-10-02,58028,108.0
2026-10-02,58029,108.0
2026-10-02,58030,108.0
2026-10-02,58031,108.0
2026-10-02,54218,161.91
2026-10-02,53223,49.9
2026-10-02,37393,161.91
2026-10-02,37382,161.91
2026-10-02,37391,161.91
2026-10-02,37392,161.91
2026-10-02,37390,161.91
2026-10-02,58512,89.91
2026-10-02,52404,386.91
2026-10-02,65161,314.91
2026-10-02,65194,3599.1
2026-10-02,39995,314.91
2026-10-02,62086,89.91
2026-10-02,36446,494.91
2026-10-02,65120,629.91
2026-10-02,60239,212.42
2026-10-02,16846,111.92
2026-10-02,45716,94.95
2026-10-02,45549,79.9
2026-10-02,45547,79.9
2026-10-02,65093,665.91
2026-10-02,56059,53.91
2026-10-02,49186,161.91
2026-10-02,65104,242.91
2026-10-02,38432,71.91
2026-10-02,35190,31.41
2026-10-02,14503,3.51
2026-10-02,20102,89.91
2026-10-02,65149,242.91
2026-10-02,59088,125.91
2026-10-02,47279,179.91
2026-10-02,64834,125.91
2026-10-02,64832,143.91
2026-10-02,49191,454.93
2026-10-02,24393,10.9
2026-10-02,24402,19.9
2026-10-02,57000,269.91
2026-10-02,53999,119.92
2026-10-02,52407,404.91
2026-10-02,52408,404.91
2026-10-02,37432,49.9
2026-10-02,52487,179.91
2026-10-02,52397,386.91
2026-10-02,52488,179.91
2026-10-02,54917,314.91
2026-10-02,54915,494.91
2026-10-02,54918,269.91
2026-10-02,54913,584.91
2026-10-02,54916,53.91
2026-10-02,57980,125.91
2026-10-02,54920,521.91
2026-10-02,16835,143.92
2026-10-02,62165,314.91
2026-10-02,65147,242.91
2026-10-02,52280,135.92
2026-10-02,25030,279.92
2026-10-02,23233,143.91
2026-10-02,59533,99.9
2026-10-02,4102,359.92
2026-10-02,60236,297.41
2026-10-02,11774,134.91
2026-10-02,54892,206.91
2026-10-02,30508,269.91
2026-10-02,30514,251.91
2026-10-02,62053,269.91
2026-10-02,30201,119.92
2026-10-02,40101,179.91
2026-10-02,65138,242.91
2026-10-02,65153,242.91
2026-10-02,65142,242.91
2026-10-02,65152,242.91
2026-10-02,65157,242.91
2026-10-02,65139,242.91
2026-10-02,65155,242.91
2026-10-02,65141,242.91
2026-10-02,65154,242.91
2026-10-02,65140,242.91
2026-10-02,65112,611.91
2026-10-02,65116,350.91
2026-10-02,51268,251.91
2026-10-02,51565,161.91
2026-10-02,2259,305.91
2026-10-02,49190,224.91
2026-10-02,53376,62.91
2026-10-02,45363,179.91
2026-10-02,57019,269.91
2026-10-02,45356,314.91
2026-10-02,59048,197.91
2026-10-02,45371,899.1
2026-10-02,45362,134.91
2026-10-02,45355,359.91
2026-10-02,57020,197.91
2026-10-02,57017,296.91
2026-10-02,45361,107.91
2026-10-02,57023,134.91
2026-10-02,57022,269.91
2026-10-02,57021,224.91
2026-10-02,55718,224.91
2026-10-02,62164,359.91
2026-10-02,45366,161.91
2026-10-02,54224,629.91
2026-10-02,54215,404.91
2026-10-02,54208,404.91
2026-10-02,52406,719.91
2026-10-02,58501,224.91
2026-10-02,65150,242.91
2026-10-02,31820,143.91
2026-10-02,53387,55.92
2026-10-02,57868,143.1
2026-10-02,54453,296.91
2026-10-02,59479,149.9
2026-10-02,58355,79.92
2026-10-02,59289,449.91
2026-10-02,36443,899.1
2026-10-02,51521,89.91
2026-10-02,57058,314.91
2026-10-02,45556,74.95
2026-10-02,16084,119.92
2026-10-02,62142,160.93
2026-10-02,45559,189.9
2026-10-02,65148,242.91
2026-10-02,59313,44.95
2026-10-02,59508,59.9
2026-10-02,65129,260.91
2026-10-02,46299,239.92
2026-10-02,33930,71.92
2026-10-02,51714,161.91
2026-10-02,60460,287.91
2026-10-02,29360,449.91
2026-10-02,50200,269.91
2026-10-02,36307,1331.1
2026-10-02,50199,287.91
2026-10-02,36313,287.91
2026-10-02,50327,269.91
2026-10-02,65115,746.91
2026-10-02,50198,719.91
2026-10-02,65111,404.91
2026-10-02,50197,809.91
2026-10-02,50196,3779.1
2026-10-02,31688,809.91
2026-10-02,65110,404.91
2026-10-02,30151,170.91
2026-10-02,50885,611.91
2026-10-02,60473,116.91
2026-10-02,65117,485.91
2026-10-02,60459,179.91
2026-10-02,29363,359.91
2026-10-02,65114,746.91
2026-10-02,65107,323.91
2026-10-02,50331,89.91
2026-10-02,32450,80.91
2026-10-02,18015,161.91
2026-10-02,18016,224.91
2026-10-02,46068,359.91
2026-10-02,46101,584.91
2026-10-02,46265,719.91
2026-10-02,46063,332.91
2026-10-02,65163,701.91
2026-10-02,57046,314.91
2026-10-02,57067,260.91
2026-10-02,57043,179.91
2026-10-02,57042,179.91
2026-10-02,57059,404.91
2026-10-02,57068,404.91
2026-10-02,57045,314.91
2026-10-02,57062,629.91
2026-10-02,57309,152.91
2026-10-02,57574,530.91
2026-10-02,57310,296.91
2026-10-02,57575,296.91
2026-10-02,62158,269.91
2026-10-02,57122,566.91
2026-10-02,57577,170.91
2026-10-02,54884,242.91
2026-10-02,54883,188.91
2026-10-02,26524,98.91
2026-10-02,32684,161.91
2026-10-02,60481,179.91
2026-10-02,21965,224.91
2026-10-02,21962,143.91
2026-10-02,21963,107.91
2026-10-02,59493,99.9
2026-10-02,58945,152.91
2026-10-02,63146,161.91
2026-10-02,24397,14.9
2026-10-02,10124,359.91
2026-10-02,24502,19.9
2026-10-02,24503,26.91
2026-10-02,65145,242.91
2026-10-02,57035,314.91
2026-10-02,57036,359.91
2026-10-02,57039,386.91
2026-10-02,51609,80.91
2026-10-02,56712,89.91
2026-10-02,54454,80.91
2026-10-02,63176,125.91
2026-10-02,9246,341.91
2026-10-02,11775,71.91
2026-10-02,47284,107.91
2026-10-02,43548,134.91
2026-10-02,58314,119.92
2026-10-02,57025,89.91
2026-10-02,60050,134.91
2026-10-02,34127,134.91
2026-10-02,59320,89.95
2026-10-02,65133,206.91
2026-10-02,58995,314.91
2026-10-02,60051,161.91
2026-10-02,52132,22.41
2026-10-02,58996,233.91
2026-10-02,63175,125.91
2026-10-02,63180,287.91
2026-10-02,49593,89.91
2026-10-02,49547,107.91
2026-10-02,63979,31.96
2026-10-02,17583,269.91
2026-10-02,63981,79.96
2026-10-02,57024,314.91
2026-10-02,30148,305.91
2026-10-02,58867,287.82
2026-10-02,53076,53.91
2026-10-02,59322,69.95
2026-10-02,43381,179.91
2026-10-02,30360,223.92
2026-10-02,57002,71.91
2026-10-02,58258,143.92
2026-10-02,62162,314.91
2026-10-02,62160,118.93
2026-10-02,62131,230.93
2026-10-02,64866,89.91
2026-10-02,64868,161.91
2026-10-02,41966,269.91
2026-10-02,64873,53.91
2026-10-02,64872,80.91
2026-10-02,54449,215.91
2026-10-02,65151,242.91
2026-10-02,57124,62.91
2026-10-02,50164,296.1
2026-10-02,51266,719.1
2026-10-02,45373,233.1
2026-10-02,54194,31.41
2026-10-02,57901,69.9
2026-10-02,57900,69.9
2026-10-02,47275,89.91
2026-10-02,58121,50.91
2026-10-02,53499,175.92
2026-10-02,60234,186.92
2026-10-02,57815,89.91
2026-10-02,58241,119.92
2026-10-02,65143,242.91
2026-10-02,58940,251.91
2026-10-02,59480,124.95
2026-10-02,59482,124.95
2026-10-02,59481,124.95
2026-10-02,46092,152.91
2026-10-02,57562,206.91
2026-10-02,63545,599.9
2026-10-02,65156,242.91
2026-10-02,37269,59.42
2026-10-02,37283,110.42
2026-10-02,43534,280.41
2026-10-02,37282,110.42
2026-10-02,37279,212.42
2026-10-02,43544,110.42
2026-10-02,43530,118.92
2026-10-02,57975,29.9
2026-10-02,57973,29.9
2026-10-02,38216,494.91
2026-10-02,37322,206.91
2026-10-02,16086,119.92
2026-10-02,38227,269.91
2026-10-02,59062,160.93
2026-10-02,59060,125.93
2026-10-02,59315,49.95
2026-10-02,57889,19.9
2026-10-02,57888,19.9
2026-10-02,53401,14.9
2026-10-02,37311,116.91
2026-10-02,37306,104.93
2026-10-02,57026,179.91
2026-10-02,65105,242.91
2026-10-02,46109,125.91
2026-10-02,36448,314.1
2026-10-02,20091,89.91
2026-10-02,65123,359.91
2026-10-02,65102,242.91
2026-10-02,51938,26.91
2026-10-02,56627,269.1
2026-10-02,59484,64.95
2026-10-02,59483,64.95
2026-10-02,53425,134.91
2026-10-02,63902,149.9
2026-10-02,62139,230.93
2026-10-02,62143,174.93
2026-10-02,58997,296.91
2026-10-02,59489,79.95
2026-10-02,59490,79.95
2026-10-02,58871,119.92
2026-10-02,60167,494.91
2026-10-02,59304,79.9
2026-10-02,39993,494.91
2026-10-02,53418,296.91
2026-10-02,56062,71.91
2026-10-02,62934,94.41
2026-10-02,62935,62.91
2026-10-02,62936,94.41
2026-10-02,56063,44.91
2026-10-02,31460,89.91
2026-10-02,59297,199.9
2026-10-02,37511,161.91
2026-10-02,65132,323.91
2026-10-02,45545,124.95
2026-10-02,45548,124.95
2026-10-02,30319,186.92
2026-10-02,37267,59.42
2026-10-02,30528,59.42
2026-10-02,30527,59.42
2026-10-02,36285,224.91
2026-10-02,54919,314.91
2026-10-02,65100,1034.1
2026-10-02,59499,79.9
2026-10-02,45600,249.9
2026-10-02,35971,314.91
2026-10-02,64842,449.1
2026-10-02,59495,79.9
2026-10-02,57057,143.91
2026-10-02,51688,269.91
2026-10-02,52658,89.91
2026-10-02,54887,89.91
2026-10-02,60412,89.91
2026-10-02,60461,161.91
2026-10-02,52660,161.91
2026-10-02,54911,179.91
2026-10-02,59496,119.9
2026-10-02,57016,224.91
2026-10-02,51698,206.1
2026-10-02,57013,98.91
2026-10-02,59494,59.9
2026-10-02,59497,169.9
2026-10-02,52663,206.91
2026-10-02,60467,134.91
2026-10-02,52656,134.91
2026-10-02,52659,179.91
2026-10-02,52661,179.91
2026-10-02,52662,206.91
2026-10-02,62136,209.93
2026-10-02,59061,244.93
2026-10-02,60458,386.91
2026-10-02,60411,215.91
2026-10-02,43221,359.91
2026-10-02,59129,449.91
2026-10-02,36274,251.91
2026-10-02,57049,314.91
2026-10-02,57050,215.91
2026-10-02,57048,1061.1
2026-10-02,36365,269.91
2026-10-02,56997,134.91
2026-10-02,40118,215.91
2026-10-02,59327,139.93
2026-10-02,45550,124.95
2026-10-02,11778,179.91
2026-10-02,20933,35.91
2026-10-02,45675,139.9
2026-10-02,50316,53.91
2026-10-02,50314,53.91
2026-10-02,50315,53.91
2026-10-02,53119,167.92
2026-10-02,35825,107.91
2026-10-02,54899,341.91
2026-10-02,54908,341.91
2026-10-02,54904,341.91
2026-10-02,58494,62.91
2026-10-02,58344,119.92
2026-10-02,56996,80.91
2026-10-02,13278,161.91
2026-10-02,57054,251.91
2026-10-02,57052,314.91
2026-10-02,57051,251.91
2026-10-02,57053,494.91
2026-10-02,57055,359.91
2026-10-02,57069,152.91
2026-10-02,11039,125.91
2026-10-02,65144,242.91
2026-10-02,58092,44.91
2026-10-02,59201,134.91
2026-10-02,59198,134.91
2026-10-02,59203,134.91
2026-10-02,63190,107.91
2026-10-02,65067,71.91
2026-10-02,65069,71.91
2026-10-02,65070,71.91
2026-10-02,65061,71.91
2026-10-02,65068,71.91
2026-10-02,65080,71.91
2026-10-02,65071,71.91
2026-10-02,65062,71.91
2026-10-02,65094,71.91
2026-10-02,65065,71.91
2026-10-02,65066,71.91
2026-10-02,65082,71.91
2026-10-02,65081,71.91
2026-10-02,65058,71.91
2026-10-02,65054,134.91
2026-10-02,65055,134.91
2026-10-02,65047,71.91
2026-10-02,65083,71.91
2026-10-02,65052,71.91
2026-10-02,65057,71.91
2026-10-02,65043,134.91
2026-10-02,65040,71.91
2026-10-02,65085,71.91
2026-10-02,65044,71.91
2026-10-02,65041,134.91
2026-10-02,65053,134.91
2026-10-02,65059,71.91
2026-10-02,65086,71.91
2026-10-02,65095,71.91
2026-10-02,65050,134.91
2026-10-02,65045,134.91
2026-10-02,65056,134.91
2026-10-02,65051,134.91
2026-10-02,65048,134.91
2026-10-02,65039,134.91
2026-10-02,65064,134.91
2026-10-02,65088,71.91
2026-10-02,65084,71.91
2026-10-02,65046,134.91
2026-10-02,65049,71.91
2026-10-02,65042,71.91
2026-10-02,65060,71.91
2026-10-02,65087,71.91
2026-10-02,65063,134.91
2026-10-02,65090,71.91
2026-10-02,65077,71.91
2026-10-02,65078,71.91
2026-10-02,65089,71.91
2026-10-02,65079,71.91
2026-10-02,65091,71.91
2026-10-02,65073,71.91
2026-10-02,65072,71.91
2026-10-02,65076,71.91
2026-10-02,65092,71.91
2026-10-02,65074,71.91
2026-10-02,65075,71.91
2026-10-02,65096,71.91
2026-10-02,49782,100.0
2026-10-02,52195,127.92
2026-10-02,16873,539.1
2026-10-02,59478,149.9
2026-10-02,59477,149.9
2026-10-02,58497,386.91
2026-10-02,58496,404.91
2026-10-02,38446,116.91
2026-10-02,51276,107.91
2026-10-02,63036,224.91
2026-10-02,63039,224.91
2026-10-02,63038,152.91
2026-10-02,57153,431.91
2026-10-02,57898,152.91
2026-10-02,57445,341.91
2026-10-02,57802,29.95
2026-10-02,63536,119.9
2026-10-02,54921,49.41
2026-10-02,60166,98.91
2026-10-02,56602,449.91
2026-10-02,65101,503.91
2026-10-02,59946,404.91
2026-10-02,59535,99.9
2026-10-02,59531,80.91
2026-10-02,63975,279.9
2026-10-02,54623,379.0
2026-10-02,62312,59.9
2026-10-02,51750,179.91
2026-10-02,62057,53.91
2026-10-02,59316,99.95
2026-10-02,57748,53.91
2026-10-02,58172,24.21
2026-10-02,24403,71.91
2026-10-02,24394,59.9
2026-10-02,23133,169.9
2026-10-02,39780,35.91
2026-10-02,39779,35.91
2026-10-02,27069,251.91
2026-10-02,36294,404.91
2026-10-02,43252,107.91
2026-10-02,19130,341.91
2026-10-02,16357,53.91
2026-10-02,43260,89.91
2026-10-02,50635,314.91
2026-10-02,56713,143.91
2026-10-02,54088,284.05
2026-10-02,52767,159.92
2026-10-02,58315,143.92
2026-10-02,58311,111.92
2026-10-02,36219,674.1
2026-10-02,50379,98.91
2026-10-02,51578,386.91
2026-10-02,42409,31.41
2026-10-02,57833,35.1
2026-10-02,24401,8.91
2026-10-02,24392,6.9
2026-10-02,49468,143.91
2026-10-02,33509,404.91
2026-10-02,49731,71.91
2026-10-02,57028,224.91
2026-10-02,31829,296.91
2026-10-02,31821,296.91
2026-10-02,53404,170.91
2026-10-02,50834,120.51
2026-10-02,58329,159.92
2026-10-02,35968,899.1
2026-10-02,62148,215.91
2026-10-02,47282,93.42
2026-10-02,47283,59.42
2026-10-02,15434,159.92
2026-10-02,16850,119.92
2026-10-02,51710,161.91
2026-10-02,45568,64.95
2026-10-02,28526,269.1
2026-10-02,24484,11.61
2026-10-02,24398,9.9
2026-10-02,60482,53.91
2026-10-02,54924,53.91
2026-10-02,54893,44.91
2026-10-02,54894,44.91
2026-10-02,60478,44.91
2026-10-02,38226,44.91
2026-10-02,38221,44.91
2026-10-02,38222,44.91
2026-10-02,38224,44.91
2026-10-02,63973,159.9
2026-10-02,105,135.92
2026-10-02,52740,127.92
2026-10-02,59093,179.91
2026-10-02,59065,107.91
2026-10-02,648,151.92
2026-10-02,59064,143.91
2026-10-02,53429,152.91
2026-10-02,59082,233.91
2026-10-02,11044,319.92
2026-10-02,52431,111.92
2026-10-02,645,127.92
2026-10-02,58357,151.92
2026-10-02,30355,151.92
2026-10-02,14032,71.92
2026-10-02,15253,127.92
2026-10-02,58242,79.92
2026-10-02,13411,111.92
2026-10-02,52737,127.92
2026-10-02,52759,159.92
2026-10-02,52817,239.92
2026-10-02,58313,127.92
2026-10-02,53281,159.92
2026-10-02,52747,151.92
2026-10-02,52420,119.92
2026-10-02,52791,239.92
2026-10-02,58342,239.92
2026-10-02,58324,239.92
2026-10-02,52779,239.92
2026-10-02,59517,139.93
2026-10-02,30356,151.92
2026-10-02,52799,239.92
2026-10-02,62091,107.91
2026-10-02,13396,119.92
2026-10-02,52746,143.92
2026-10-02,53257,151.92
2026-10-02,58352,239.92
2026-10-02,52796,239.92
2026-10-02,52797,239.92
2026-10-02,52809,279.92
2026-10-02,15259,151.92
2026-10-02,58326,159.92
2026-10-02,58253,239.92
2026-10-02,52424,127.92
2026-10-02,58244,143.92
2026-10-02,52920,151.92
2026-10-02,30212,111.92
2026-10-02,58360,143.92
2026-10-02,58340,239.92
2026-10-02,59089,134.91
2026-10-02,15264,151.92
2026-10-02,52810,279.92
2026-10-02,15251,519.92
2026-10-02,13398,127.92
2026-10-02,13274,79.92
2026-10-02,30194,119.92
2026-10-02,58321,239.92
2026-10-02,52813,423.92
2026-10-02,52783,239.92
2026-10-02,52787,239.92
2026-10-02,52800,239.92
2026-10-02,52801,279.92
2026-10-02,58255,239.92
2026-10-02,53494,151.92
2026-10-02,52802,279.92
2026-10-02,13420,79.92
2026-10-02,58331,239.92
2026-10-02,58358,151.92
2026-10-02,52792,239.92
2026-10-02,30219,159.92
2026-10-02,58353,159.92
2026-10-02,30340,143.92
2026-10-02,53638,383.92
2026-10-02,52780,239.92
2026-10-02,25048,143.92
2026-10-02,52782,239.92
2026-10-02,58322,239.92
2026-10-02,13609,143.92
2026-10-02,30199,79.92
2026-10-02,58312,143.92
2026-10-02,58354,127.92
2026-10-02,58336,239.92
2026-10-02,52794,239.92
2026-10-02,21222,127.92
2026-10-02,52770,159.92
2026-10-02,53497,423.92
2026-10-02,15260,151.92
2026-10-02,30338,151.92
2026-10-02,58320,239.92
2026-10-02,58323,239.92
2026-10-02,52749,151.92
2026-10-02,58317,159.92
2026-10-02,16004,151.92
2026-10-02,30200,119.92
2026-10-02,58243,111.92
2026-10-02,58252,159.92
2026-10-02,30218,559.92
2026-10-02,15262,151.92
2026-10-02,52739,127.92
2026-10-02,52803,279.92
2026-10-02,58325,239.92
2026-10-02,30224,111.92
2026-10-02,15261,151.92
2026-10-02,58359,79.92
2026-10-02,62137,174.93
2026-10-02,54469,224.91
2026-10-02,58493,80.91
2026-10-02,58492,143.91
2026-10-02,57814,26.91
2026-10-02,57807,19.9
2026-10-02,57810,26.91
2026-10-02,57991,439.92
2026-10-02,33849,119.92
2026-10-02,36629,152.91
2026-10-02,52668,179.91
2026-10-02,57564,89.91
2026-10-02,52671,62.91
2026-10-02,52664,62.91
2026-10-02,53378,53.91
2026-10-02,53382,53.91
2026-10-02,53377,53.91
2026-10-02,45614,44.91
2026-10-02,52666,71.91
2026-10-02,53381,71.91
2026-10-02,59502,19.9
2026-10-02,54890,170.91
2026-10-02,62937,62.91
2026-10-02,53417,107.91
2026-10-02,65038,305.91
2026-10-02,45611,44.91
2026-10-02,59301,69.9
2026-10-02,59312,44.95
2026-10-02,62938,98.91
2026-10-02,43550,206.91
2026-10-02,28297,79.9
2026-10-02,28298,79.9
2026-10-02,60053,71.91
2026-10-02,60055,62.91
2026-10-02,60049,71.91
2026-10-02,59290,129.9
2026-10-02,45582,74.95
2026-10-02,65121,386.91
2026-10-02,60477,143.91
2026-10-02,60474,296.91
2026-10-02,45598,199.9
2026-10-02,45601,139.9
2026-10-02,58925,53.91
2026-10-02,58926,35.94
2026-10-02,16486,134.91
2026-10-02,59317,99.95
2026-10-02,59514,149.9
2026-10-02,53420,296.91
2026-10-02,60415,107.91
2026-10-02,52669,134.91
2026-10-02,45663,89.91
2026-10-02,49530,44.91
2026-10-02,46277,44.91
2026-10-02,49529,44.91
2026-10-02,62939,35.91
2026-10-02,59498,99.9
2026-10-02,65162,197.91
2026-10-02,43967,188.91
2026-10-02,45539,79.9
2026-10-02,45537,79.9
2026-10-02,49192,209.93
2026-10-02,57037,359.91
2026-10-02,57038,386.91
2026-10-02,49807,323.91
2026-10-02,36383,269.91
2026-10-02,57041,359.91
2026-10-02,9219,101.7
2026-10-02,50353,260.1
2026-10-02,58004,90.0
2026-10-02,14194,494.91
2026-10-02,65137,197.91
2026-10-02,59488,114.95
2026-10-02,30390,629.91
2026-10-02,42051,359.91
2026-10-02,33929,263.92
2026-10-02,53631,19.71
2026-10-02,53232,152.91
2026-10-02,25062,89.91
2026-10-02,27029,260.91
2026-10-02,32678,107.91
2026-10-02,60470,215.91
2026-10-02,51366,188.91
2026-10-02,59487,49.95
2026-10-02,58033,87.3
2026-10-02,8837,98.91
2026-10-02,8839,116.91
2026-10-02,8917,116.91
2026-10-02,8866,116.91
2026-10-02,8827,116.91
2026-10-02,50349,44.91
2026-10-02,65108,251.91
2026-10-02,56088,116.91
2026-10-02,54903,269.91
2026-10-02,54907,215.91
2026-10-02,54885,80.91
2026-10-02,60479,107.91
2026-10-02,54900,161.91
2026-10-02,54901,269.91
2026-10-02,53237,179.91
2026-10-02,53236,179.91
2026-10-02,53235,179.91
2026-10-02,65196,2249.1
2026-10-02,56190,251.91
2026-10-02,45543,107.91
2026-10-02,40370,152.91
2026-10-02,15162,134.91
2026-10-02,59510,99.9
2026-10-02,37323,296.91
2026-10-02,34118,44.91
2026-10-02,45698,118.93
2026-10-02,56610,359.1
2026-10-02,58339,119.92
2026-10-02,54882,44.91
2026-10-02,49188,629.91
2026-10-02,65097,71.91
2026-10-02,65135,80.91
2026-10-02,65134,62.91
2026-10-02,65136,251.91
2026-10-02,59536,89.91
2026-10-02,62931,71.91
2026-10-02,62940,80.91
2026-10-02,62941,89.91
2026-10-02,32210,116.91
2026-10-02,38214,224.91
2026-10-02,53421,80.91
2026-10-02,65130,260.91
2026-10-02,65131,224.91
2026-10-02,53389,119.92
2026-10-02,58351,199.9
2026-10-02,33880,151.92
2026-10-02,65103,242.91
2026-10-02,45562,74.95
2026-10-02,51685,44.91
2026-10-02,51357,467.91
2026-10-02,51787,269.91
2026-10-02,50389,224.91
2026-10-02,50377,62.91
2026-10-02,58498,179.91
2026-10-02,55727,287.91
2026-10-02,53311,224.91
2026-10-02,50385,1349.1
2026-10-02,50378,116.1
2026-10-02,50391,224.91
2026-10-02,50382,899.1
2026-10-02,50192,494.91
2026-10-02,58257,159.92
2026-10-02,50180,206.91
2026-10-02,50384,224.91
2026-10-02,50383,224.91
2026-10-02,49781,116.1
2026-10-02,55717,161.91
2026-10-02,50388,449.91
2026-10-02,50386,449.91
2026-10-02,50387,449.91
2026-10-02,60054,125.91
2026-10-02,53571,19.9
2026-10-02,32457,7.95
2026-10-02,41699,8.01
2026-10-02,52695,44.91
2026-10-02,52349,51.21
2026-10-02,52350,51.21
2026-10-02,53010,40.41
2026-10-02,59748,1424.05
2026-10-02,61941,1549.0
2026-10-02,62449,31.41
2026-10-02,59811,499.9
2026-10-02,38142,539.91
2026-10-02,46040,611.91
2026-10-02,46069,629.91
2026-10-02,46370,1274.15
2026-10-02,46367,552.41
2026-10-02,46368,671.41
2026-10-02,46372,892.42
2026-10-02,59753,1749.0
2026-10-02,40777,41.97
2026-10-02,52344,71.91
2026-10-02,52341,71.91
2026-10-02,64885,1999.0
2026-10-02,64602,2499.0
2026-10-02,64850,6999.0
2026-10-02,64469,22499.0
2026-10-02,64599,3499.0
2026-10-02,64605,5497.0
2026-10-02,16049,33.21
2026-10-02,16048,30.51
2026-10-02,62202,1799.0
2026-10-02,39575,71.91
2026-10-02,39627,71.91
2026-10-02,46072,119.95
2026-10-02,56760,149.9
2026-10-02,13737,149.9
2026-10-02,15381,89.95
2026-10-02,15375,89.95
2026-10-02,15378,179.9
2026-10-02,56758,289.9
2026-10-02,13740,289.9
2026-10-02,15376,289.9
2026-10-02,59749,899.9
2026-10-02,46674,279.9
2026-10-02,60157,951.15
2026-10-02,44756,1079.1
2026-10-02,60158,799.9
2026-10-02,45085,152.91
2026-10-02,1073,129.9
2026-10-02,29850,649.9
2026-10-02,51138,30.51
2026-10-02,16057,80.91
2026-10-02,16056,67.41
2026-10-02,16058,67.41
2026-10-02,16064,31.41
2026-10-02,16063,134.91
2026-10-02,16065,44.91
2026-10-02,15999,44.91
2026-10-02,26337,44.91
2026-10-02,10855,62.91
2026-10-02,26338,62.91
2026-10-02,10856,80.91
2026-10-02,10857,125.91
2026-10-02,16000,26.91
2026-10-02,26336,26.91
2026-10-02,10858,54.81
2026-10-02,35643,494.95
2026-10-02,52338,71.91
2026-10-02,61997,2249.1
2026-10-02,44953,3499.0
2026-10-02,64604,3999.0
2026-10-02,64601,8497.0
2026-10-02,64598,5497.0
2026-10-02,64603,7497.0
2026-10-02,64851,8997.0
2026-10-02,64473,17999.0
2026-10-02,64472,17999.0
2026-10-02,64546,2997.0
2026-10-02,64543,2997.0
2026-10-02,52307,42.21
2026-10-02,29459,89.91
2026-10-02,29461,99.9
2026-10-02,56759,219.9
2026-10-02,64600,18997.0
2026-10-02,64471,22499.0
2026-10-02,58727,187.43
2026-10-02,46140,58.41
2026-10-02,46139,53.91
2026-10-02,46135,116.91
2026-10-02,46043,125.91
2026-10-02,46083,107.91
2026-10-02,46121,116.91
2026-10-02,64608,449.9
2026-10-02,58202,233.91
2026-10-02,58201,233.91
2026-10-02,64688,6499.0
2026-10-02,63769,1879.0
2026-10-02,44956,729.9
2026-10-02,47675,729.9
2026-10-02,44963,729.9
2026-10-02,44958,729.9
2026-10-02,59730,479.9
2026-10-02,59741,1049.0
2026-10-02,59734,999.9
2026-10-02,59744,1749.0
2026-10-02,59738,799.9
2026-10-02,59587,549.9
2026-10-02,64684,3499.0
2026-10-02,64682,5997.0
2026-10-02,64691,12749.0
2026-10-02,45630,526.91
2026-10-02,45631,526.91
2026-10-02,60496,332.4
2026-10-02,60502,332.4
2026-10-02,47899,382.41
2026-10-02,40006,474.9
2026-10-02,60164,7999.0
2026-10-02,58200,386.91
2026-10-02,59812,597.9
2026-10-02,59814,1149.0
2026-10-02,57663,177.0
2026-10-02,40789,549.0
2026-10-02,57665,317.0
2026-10-02,16062,26.91
2026-10-02,16059,13.41
2026-10-02,16060,22.41
2026-10-02,16061,17.91
2026-10-02,2631,1199.0
2026-10-02,29451,899.9
2026-10-02,29454,1119.0
2026-10-02,13331,738.0
2026-10-02,63249,20.34
2026-10-02,63247,29.07
2026-10-02,11924,799.9
2026-10-02,45068,89.91
2026-10-02,19784,119.9
2026-10-02,19785,119.9
2026-10-02,19786,119.9
2026-10-02,19782,59.97
2026-10-02,3598,89.9
2026-10-02,3599,89.9
2026-10-02,46039,26.91
2026-10-02,64692,3799.0
2026-10-02,916,699.9
2026-10-02,13318,125.91
2026-10-02,13317,125.91
2026-10-02,13315,197.91
2026-10-02,13312,152.91
2026-10-02,13320,251.91
2026-10-02,13330,107.91
2026-10-02,13333,179.1
2026-10-02,48427,1804.05
2026-10-02,44920,1234.05
2026-10-02,39986,1234.05
2026-10-02,59757,699.9
2026-10-02,59751,599.9
2026-10-02,59733,797.9
2026-10-02,59756,799.9
2026-10-02,60501,979.9
2026-10-02,64112,949.9
2026-10-02,59755,799.9
2026-10-02,63154,215.91
2026-10-02,63153,179.91
2026-10-02,63258,26.91
2026-10-02,63259,35.91
2026-10-02,16268,103.41
2026-10-02,15540,99.9
2026-10-02,4225,164.9
2026-10-02,4218,164.9
2026-10-02,4222,94.9
2026-10-02,4220,114.9
2026-10-02,4221,149.9
2026-10-02,4215,104.9
2026-10-02,4217,129.9
2026-10-02,4226,94.9
2026-10-02,4219,114.9
2026-10-02,4229,149.9
2026-10-02,4213,104.9
2026-10-02,4234,129.9
2026-10-02,4263,104.9
2026-10-02,4264,129.9
2026-10-02,4265,139.9
2026-10-02,11168,139.9
2026-10-02,29456,99.9
2026-10-02,11484,129.9
2026-10-02,15380,89.9
2026-10-02,4242,79.9
2026-10-02,4239,64.9
2026-10-02,4223,32.45
2026-10-02,4248,69.95
2026-10-02,4243,139.9
2026-10-02,4235,39.95
2026-10-02,4251,39.95
2026-10-02,4247,149.9
2026-10-02,4268,169.9
2026-10-02,4224,89.9
2026-10-02,4237,89.9
2026-10-02,4272,159.9
2026-10-02,13732,149.9
2026-10-02,13735,149.9
2026-10-02,13736,159.9
2026-10-02,13730,159.9
2026-10-02,13731,119.9
2026-10-02,13728,119.9
2026-10-02,13729,149.9
2026-10-02,56644,99.9
2026-10-02,33594,99.9
2026-10-02,33600,99.9
2026-10-02,33602,99.9
2026-10-02,33606,99.9
2026-10-02,33598,99.9
2026-10-02,33604,99.9
2026-10-02,33595,119.9
2026-10-02,33601,119.9
2026-10-02,33603,119.9
2026-10-02,33607,119.9
2026-10-02,33605,119.9
2026-10-02,56762,69.9
2026-10-02,56761,89.9
2026-10-02,4257,89.9
2026-10-02,4256,119.9
2026-10-02,4249,159.9
2026-10-02,33475,169.9
2026-10-02,25956,169.9
2026-10-02,25957,199.9
2026-10-02,25959,199.9
2026-10-02,1072,399.9
2026-10-02,11163,399.9
2026-10-02,11173,399.9
2026-10-02,11171,399.9
2026-10-02,199,449.9
2026-10-02,1074,449.9
2026-10-02,4228,329.9
2026-10-02,11178,164.95
2026-10-02,11169,329.9
2026-10-02,11177,329.9
2026-10-02,4230,399.9
2026-10-02,4254,199.95
2026-10-02,4258,449.9
2026-10-02,4250,199.95
2026-10-02,4262,124.9
2026-10-02,4261,124.9
2026-10-02,4270,149.9
2026-10-02,4267,169.9
2026-10-02,25955,109.9
2026-10-02,4244,149.9
2026-10-02,4255,449.9
2026-10-02,13743,179.95
2026-10-02,33474,199.9
2026-10-02,25958,199.9
2026-10-02,16492,249.9
2026-10-02,16493,249.9
2026-10-02,25387,849.9
2026-10-02,64607,949.9
2026-10-02,47674,1299.0
2026-10-02,62888,1329.0
2026-10-02,59583,749.9
2026-10-02,16267,69.9
2026-10-02,44933,119.9
2026-10-02,44934,119.9
2026-10-02,44935,119.9
2026-10-02,53009,40.41
2026-10-02,46128,899.9
2026-10-02,46122,899.9
2026-10-02,46113,899.9
2026-10-02,46037,899.9
2026-10-02,46036,899.9
2026-10-02,46038,899.9
2026-10-02,32461,12.45
2026-10-02,44024,2499.0
2026-10-02,64487,2999.0
2026-10-02,64481,1999.0
2026-10-02,64488,3499.0
2026-10-02,64479,1997.0
2026-10-02,64485,1799.0
2026-10-02,61710,999.9
2026-10-02,45344,399.9
2026-10-02,62000,599.9
2026-10-02,62002,649.0
2026-10-02,64482,1049.0
2026-10-02,64484,989.9
2026-10-02,64486,1049.0
2026-10-02,61995,599.9
2026-10-02,59581,479.9
2026-10-02,62019,1499.0
2026-10-02,63768,1499.0
2026-10-02,62017,1299.0
2026-10-02,62018,1299.0
2026-10-02,64480,749.9
2026-10-02,64694,1127.0
2026-10-02,64545,399.9
2026-10-02,64544,399.9
2026-10-02,40091,499.9
2026-10-02,40092,499.9
2026-10-02,65292,4229.1
2026-10-02,65290,4229.1
2026-10-02,65291,4229.1
2026-10-02,65293,4229.1
2026-10-02,65282,1709.1
2026-10-02,65286,1709.1
2026-10-02,25415,1619.1
2026-10-02,64470,1497.0
2026-10-02,61707,499.9
2026-10-02,60994,319.9
2026-10-02,65289,2699.1
2026-10-02,65295,2699.1
2026-10-02,65294,2699.1
2026-10-02,65287,2699.1
2026-10-02,48549,219.9
2026-10-02,65285,3149.1
2026-10-02,65284,3149.1
2026-10-02,65283,3149.1
2026-10-02,65288,3149.1
2026-10-02,61996,349.0
2026-10-02,61998,599.0
2026-10-02,61999,699.0
2026-10-02,62001,699.0
2026-10-02,62003,599.0
2026-10-02,59813,299.9
2026-10-02,40792,199.0
2026-10-02,64696,1497.0
2026-10-02,64693,1499.0
2026-10-02,64695,1127.0
2026-10-02,12842,599.9
2026-10-02,59586,249.9
2026-10-02,19012,116.91
2026-10-02,61907,1899.0
2026-10-02,61908,1899.0
2026-10-02,61909,1899.0
2026-10-02,64999,1799.0
2026-10-02,64996,1799.0
2026-10-02,64997,1799.0
2026-10-02,60303,6599.0
2026-10-02,64994,2497.0
2026-10-02,64993,2497.0
2026-10-02,64995,2497.0
2026-10-02,60301,4499.0
2026-10-02,36169,25499.0
2026-10-02,45338,1439.1
2026-10-02,45339,1349.1
2026-10-02,45340,1349.1
2026-10-02,45341,1349.1
2026-10-02,16041,12.51
2026-10-02,16042,14.31
2026-10-02,26328,14.31
2026-10-02,16043,17.01
2026-10-02,26329,17.01
2026-10-02,16044,19.71
2026-10-02,16045,22.41
2026-10-02,26331,22.41
2026-10-02,16046,26.91
2026-10-02,26332,25.11
2026-10-02,16047,44.91
2026-10-02,10849,62.91
2026-10-02,16051,22.41
2026-10-02,16052,26.91
2026-10-02,16053,31.41
2026-10-02,26333,31.41
2026-10-02,16054,35.91
2026-10-02,16055,40.41
2026-10-02,26334,40.41
2026-10-02,10850,49.41
2026-10-02,4298,24.9
2026-10-02,4297,29.9
2026-10-02,4299,39.9
2026-10-02,4296,44.9
2026-10-02,4289,24.9
2026-10-02,4280,59.9
2026-10-02,4286,29.95
2026-10-02,4302,49.9
2026-10-02,4300,34.9
2026-10-02,22546,17.45
2026-10-02,16489,34.9
2026-10-02,16491,34.9
2026-10-02,16669,16.03
2026-10-02,16670,4.83
2026-10-02,41696,29.9
2026-10-02,16672,16.03
2026-10-02,11483,169.9
2026-10-02,4283,14.9
2026-10-02,4281,19.9
2026-10-02,4279,24.9
2026-10-02,4275,39.9
2026-10-02,4277,27.45
2026-10-02,4287,14.9
2026-10-02,4276,19.9
2026-10-02,4290,24.9
2026-10-02,4274,27.45
2026-10-02,4294,64.9
2026-10-02,11482,29.9
2026-10-02,4285,39.9
2026-10-02,4303,49.9
2026-10-02,4292,34.9
2026-10-02,10852,89.91
2026-10-02,10853,116.91
2026-10-02,10854,134.91
2026-10-02,46044,10.75
2026-10-02,26335,26.91
2026-10-02,48494,18.81
2026-10-02,15369,49.9
2026-10-02,15370,49.9
2026-10-02,16066,134.91
2026-10-02,41697,62.91
2026-10-02,896,1299.0
2026-10-02,16001,269.91
2026-10-02,40793,129.9
2026-10-02,61720,399.9
2026-10-02,60159,1189.15
2026-10-02,63253,29.25
2026-10-02,16067,65.61
2026-10-02,16050,38.61
2026-10-02,59167,382.41
2026-10-02,63677,322.91
2026-10-02,47898,382.41
2026-10-02,47890,382.41
2026-10-02,39987,2359.05
2026-10-02,2636,404.91
2026-10-02,2635,199.9
2026-10-02,48561,7649.1
2026-10-02,48568,11699.1
2026-10-02,48504,629.91
2026-10-02,48635,872.91
2026-10-02,48563,2159.1
2026-10-02,48569,1349.1
2026-10-02,48559,2339.1
2026-10-02,44869,0.0
2026-10-02,26419,23.31
2026-10-02,26379,22.41
2026-10-02,55585,59.97
2026-10-02,26373,40.41
2026-10-02,26370,22.41
2026-10-02,26380,21.51
2026-10-02,26355,19.71
2026-10-02,26389,15.95
2026-10-02,25364,8.7
2026-10-02,25365,8.7
2026-10-02,57854,13.41
2026-10-02,53684,11.61
2026-10-02,32918,49.9
2026-10-02,16661,13.41
2026-10-02,16659,20.34
2026-10-02,16660,20.34
2026-10-02,25346,104.7
2026-10-02,28729,107.97
2026-10-02,51383,70.2
2026-10-02,25350,53.1
2026-10-02,55309,31.5
2026-10-02,44725,35.91
2026-10-02,22282,16.11
2026-10-02,55311,12.42
2026-10-02,26412,13.41
2026-10-02,24571,1.65
2026-10-02,57858,211.41
2026-10-02,25362,8.97
2026-10-02,25363,8.7
2026-10-02,59054,53.91
2026-10-02,56821,44.91
2026-10-02,53133,80.0
2026-10-02,9831,54.5
2026-10-02,57853,62.91
2026-10-02,31802,512.91
2026-10-02,60264,53.91
2026-10-02,64111,125.91
2026-10-02,59211,209.94
2026-10-02,65013,224.97
2026-10-02,55304,14.97
2026-10-02,62188,2.9
2026-10-02,63237,13.41
2026-10-02,51909,22.41
2026-10-02,51908,14.31
2026-10-02,51785,17.01
2026-10-02,45042,17.91
2026-10-02,55589,44.91
2026-10-02,45047,80.91
2026-10-02,51902,13.41
2026-10-02,51903,13.41
2026-10-02,53670,50.0
2026-10-02,35195,62.91
2026-10-02,56815,29.61
2026-10-02,56817,29.61
2026-10-02,58017,49.41
2026-10-02,56814,20.61
2026-10-02,58018,35.91
2026-10-02,58015,40.41
2026-10-02,26724,11.61
2026-10-02,15965,80.7
2026-10-02,15714,59.97
2026-10-02,15713,59.97
2026-10-02,26322,269.91
2026-10-02,59232,299.94
2026-10-02,52910,161.7
2026-10-02,51216,68.97
2026-10-02,51759,41.97
2026-10-02,52278,74.97
2026-10-02,52279,101.97
2026-10-02,52277,314.91
2026-10-02,59217,206.97
2026-10-02,59216,68.97
2026-10-02,59214,494.91
2026-10-02,59215,269.94
2026-10-02,59212,233.94
2026-10-02,59223,659.4
2026-10-02,59210,399.9
2026-10-02,59209,158.97
2026-10-02,35284,629.91
2026-10-02,38798,323.91
2026-10-02,38797,107.97
2026-10-02,31739,164.97
2026-10-02,18516,164.97
2026-10-02,28596,98.97
2026-10-02,22261,179.97
2026-10-02,59235,1034.1
2026-10-02,59241,1160.1
2026-10-02,59239,1259.1
2026-10-02,33019,314.91
2026-10-02,36010,239.97
2026-10-02,36012,599.7
2026-10-02,34088,674.91
2026-10-02,34089,674.91
2026-10-02,34087,119.97
2026-10-02,33089,89.97
2026-10-02,60255,251.91
2026-10-02,60276,80.91
2026-10-02,59254,359.91
2026-10-02,59251,251.91
2026-10-02,59252,359.91
2026-10-02,59260,314.91
2026-10-02,59243,296.91
2026-10-02,45343,161.91
2026-10-02,22260,107.97
2026-10-02,28728,149.97
2026-10-02,59271,50.97
2026-10-02,59274,89.95
2026-10-02,33012,239.94
2026-10-02,64110,299.97
2026-10-02,59277,287.91
2026-10-02,33013,119.97
2026-10-02,25369,699.9
2026-10-02,25370,269.97
2026-10-02,35420,399.9
2026-10-02,25550,41.97
2026-10-02,25549,89.91
2026-10-02,25551,35.97
2026-10-02,10846,53.7
2026-10-02,15725,59.42
2026-10-02,15723,20.97
2026-10-02,15718,29.97
2026-10-02,15685,26.7
2026-10-02,15684,26.7
2026-10-02,15720,14.97
2026-10-02,15688,53.7
2026-10-02,15682,47.7
2026-10-02,15734,20.97
2026-10-02,15728,62.1
2026-10-02,15727,62.91
2026-10-02,15687,26.7
2026-10-02,15686,26.7
2026-10-02,15683,47.7
2026-10-02,18535,128.97
2026-10-02,15528,182.7
2026-10-02,25335,174.95
2026-10-02,38677,125.91
2026-10-02,26349,19.9
2026-10-02,31182,83.7
2026-10-02,38254,14.97
2026-10-02,38257,29.97
2026-10-02,25380,20.97
2026-10-02,25385,23.31
2026-10-02,42863,17.97
2026-10-02,52561,18.81
2026-10-02,61736,44.91
2026-10-02,62085,29.61
2026-10-02,62084,33.21
2026-10-02,51373,359.91
2026-10-02,62082,24.21
2026-10-02,62083,26.91
2026-10-02,51906,269.91
2026-10-02,31908,13.41
2026-10-02,56818,31.41
2026-10-02,56819,31.41
2026-10-02,56826,49.41
2026-10-02,53510,40.41
2026-10-02,33446,9.95
2026-10-02,33444,0.95
2026-10-02,33447,1.45
2026-10-02,20506,11.61
2026-10-02,20514,7.45
2026-10-02,20515,7.45
2026-10-02,53297,125.91
2026-10-02,45019,89.97
2026-10-02,51896,89.97
2026-10-02,56822,23.31
2026-10-02,20500,31.41
2026-10-02,20498,40.41
2026-10-02,21611,17.01
2026-10-02,20509,12.45
2026-10-02,9667,44.1
2026-10-02,9664,23.97
2026-10-02,10847,14.55
2026-10-02,35223,44.95
2026-10-02,53688,26.91
2026-10-02,53452,49.41
2026-10-02,31801,143.91
2026-10-02,56824,40.41
2026-10-02,59227,1439.1
2026-10-02,59225,1379.94
2026-10-02,59230,629.91
2026-10-02,59229,419.94
2026-10-02,51246,899.91
2026-10-02,59231,707.94
2026-10-02,55595,15.21
2026-10-02,43307,170.91
2026-10-02,53212,314.91
2026-10-02,43305,197.91
2026-10-02,31798,161.91
2026-10-02,53679,89.91
2026-10-02,53678,89.91
2026-10-02,53680,30.0
2026-10-02,53681,89.91
2026-10-02,45045,35.91
2026-10-02,45046,44.91
2026-10-02,45038,44.91
2026-10-02,45039,44.91
2026-10-02,51486,53.91
2026-10-02,51485,53.91
2026-10-02,36236,279.9
2026-10-02,36237,251.91
2026-10-02,53512,40.41
2026-10-02,9661,5.97
2026-10-02,45037,71.91
2026-10-02,45035,23.94
2026-10-02,59222,119.94
2026-10-02,45033,23.94
2026-10-02,45034,23.94
2026-10-02,45036,23.94
2026-10-02,45022,35.94
2026-10-02,45020,23.94
2026-10-02,45023,23.94
2026-10-02,51484,23.94
2026-10-02,59219,119.94
2026-10-02,51218,35.94
2026-10-02,51220,25.42
2026-10-02,51222,17.94
2026-10-02,35229,23.97
2026-10-02,35261,23.97
2026-10-02,51221,13.47
2026-10-02,51219,17.94
2026-10-02,34105,113.97
2026-10-02,45026,35.91
2026-10-02,45024,47.94
2026-10-02,45025,53.91
2026-10-02,45027,65.94
2026-10-02,45028,35.91
2026-10-02,45029,53.94
2026-10-02,45030,107.91
2026-10-02,45031,35.91
2026-10-02,51225,38.97
2026-10-02,52187,41.97
2026-10-02,51224,77.94
2026-10-02,52186,23.97
2026-10-02,53122,179.91
2026-10-02,31796,53.91
2026-10-02,43304,206.91
2026-10-02,26414,8.91
2026-10-02,24568,3.45
2026-10-02,24574,3.95
2026-10-02,20502,11.61
2026-10-02,20501,9.81
2026-10-02,20505,2.61
2026-10-02,63395,17.91
2026-10-02,53410,35.91
2026-10-02,53408,33.21
2026-10-02,53508,188.91
2026-10-02,53675,197.91
2026-10-02,59224,299.9
2026-10-02,59221,269.97
2026-10-02,26382,31.41
2026-10-02,26388,8.01
2026-10-02,24575,12.45
2026-10-02,58014,35.91
2026-10-02,56825,53.91
2026-10-02,53511,31.41
2026-10-02,56816,31.41
2026-10-02,56820,20.61
2026-10-02,58016,40.41
2026-10-02,53514,40.41
2026-10-02,53213,116.91
2026-10-02,59264,799.9
2026-10-02,59256,314.91
2026-10-02,59269,494.91
2026-10-02,59272,116.91
2026-10-02,59280,242.91
2026-10-02,59267,899.91
2026-10-02,51487,62.91
2026-10-02,65188,117.0
2026-10-02,65190,117.0
2026-10-02,65186,117.0
2026-10-02,65187,149.9
2026-10-02,65189,149.9
2026-10-02,65193,149.9
2026-10-02,65185,159.9
2026-10-02,65192,159.9
2026-10-02,65183,159.9
2026-10-02,65184,159.9
2026-10-02,65203,224.91
2026-10-02,65208,224.91
2026-10-02,65207,224.91
2026-10-02,65209,224.91
2026-10-02,51426,29.95
2026-10-02,51427,29.95
2026-10-02,51428,53.91
2026-10-02,32184,143.91
2026-10-02,1004,35.91
2026-10-02,1279,143.91
2026-10-02,45723,58.5
2026-10-02,49794,260.91
2026-10-02,64462,89.91
2026-10-02,44385,125.91
2026-10-02,64460,188.91
2026-10-02,64468,224.91
2026-10-02,993,116.91
2026-10-02,61,134.91
2026-10-02,2679,233.91
2026-10-02,47252,179.91
2026-10-02,58722,179.91
2026-10-02,43354,107.91
2026-10-02,64464,170.91
2026-10-02,155,152.91
2026-10-02,47645,161.91
2026-10-02,47643,116.91
2026-10-02,46589,107.91
2026-10-02,2724,116.91
2026-10-02,40167,48.5
2026-10-02,7413,179.91
2026-10-02,22584,305.91
2026-10-02,20217,233.91
2026-10-02,50553,269.91
2026-10-02,50555,100.0
2026-10-02,31574,305.91
2026-10-02,59141,170.91
2026-10-02,53392,206.91
2026-10-02,59140,89.91
2026-10-02,10784,71.91
2026-10-02,50923,224.91
2026-10-02,50974,359.91
2026-10-02,51966,539.91
2026-10-02,31561,377.91
2026-10-02,51964,359.91
2026-10-02,50924,296.91
2026-10-02,50915,89.91
2026-10-02,33710,339.91
2026-10-02,33715,339.91
2026-10-02,52872,322.91
2026-10-02,52877,322.91
2026-10-02,52875,322.91
2026-10-02,52878,322.91
2026-10-02,52885,339.91
2026-10-02,52886,339.91
2026-10-02,52874,297.41
2026-10-02,52880,297.41
2026-10-02,52873,297.41
2026-10-02,34876,263.41
2026-10-02,52879,280.41
2026-10-02,52881,280.41
2026-10-02,58603,280.41
2026-10-02,52876,280.41
2026-10-02,34857,297.41
2026-10-02,51959,127.42
2026-10-02,58612,127.42
2026-10-02,58613,127.42
2026-10-02,34909,169.92
2026-10-02,34914,195.42
2026-10-02,34912,195.42
2026-10-02,34913,195.42
2026-10-02,34866,161.42
2026-10-02,34865,144.42
2026-10-02,34863,144.42
2026-10-02,50404,59.95
2026-10-02,58628,188.91
2026-10-02,60124,39.95
2026-10-02,38430,269.91
2026-10-02,34915,80.91
2026-10-02,18512,44.91
2026-10-02,53045,31.41
2026-10-02,53046,29.61
2026-10-02,53047,53.91
2026-10-02,50930,17.91
2026-10-02,52106,31.41
2026-10-02,10671,89.91
2026-10-02,18499,116.91
2026-10-02,63371,24.95
2026-10-02,49666,29.95
2026-10-02,42048,119.94
2026-10-02,40268,8898.0
2026-10-02,40269,9816.0
2026-10-02,40271,10944.0
2026-10-02,42243,1269.0
2026-10-02,42244,1369.0
2026-10-02,64295,1869.0
2026-10-02,28001,1824.0
2026-10-02,28002,2765.0
2026-10-02,28003,2472.0
2026-10-02,35556,2324.0
2026-10-02,35557,2928.0
2026-10-02,35558,3272.0
2026-10-02,35559,3860.0
2026-10-02,36090,4316.0
2026-10-02,35612,5968.0
2026-10-02,35613,6768.0
2026-10-02,35614,7760.0
2026-10-02,36091,8604.0
2026-10-02,40352,6000.0
2026-10-02,40353,6676.0
2026-10-02,40354,7540.0
2026-10-02,40355,8200.0
2026-10-02,40255,3388.0
2026-10-02,40256,3751.0
2026-10-02,40258,4488.0
2026-10-02,40257,4262.5
2026-10-02,40259,5087.5
2026-10-02,40247,2365.0
2026-10-02,40248,2580.0
2026-10-02,40250,3624.5
2026-10-02,40249,2849.0
2026-10-02,35607,4528.0
2026-10-02,35608,5464.0
2026-10-02,39475,6060.0
2026-10-02,40264,4592.5
2026-10-02,64627,5522.0
2026-10-02,40265,4994.0
2026-10-02,40267,6055.5
2026-10-02,64625,4394.5
2026-10-02,64629,5324.0
2026-10-02,64626,5692.5
2026-10-02,64501,4563.0
2026-10-02,40260,5505.5
2026-10-02,40262,6136.0
2026-10-02,40261,5902.0
2026-10-02,40263,6604.0
2026-10-02,35609,4496.0
2026-10-02,35610,5192.0
2026-10-02,35611,6160.0
2026-10-02,35916,6776.0
2026-10-02,40347,3668.0
2026-10-02,40348,4552.0
2026-10-02,40349,5216.0
2026-10-02,40350,6096.0
2026-10-02,40351,6844.0
2026-10-02,64499,6175.0
2026-10-02,64497,6506.5
2026-10-02,64500,7150.0
2026-10-02,64498,7579.0
2026-10-02,64630,10524.0
2026-10-02,64322,3397.0
2026-10-02,48678,209.94
2026-10-02,65200,107.91
2026-10-02,28660,53.91
2026-10-02,29123,44.91
2026-10-02,42255,1096.0
2026-10-02,42254,1216.0
2026-10-02,42248,1416.0
2026-10-02,42249,1564.0
2026-10-02,63532,87.0
2026-10-02,21506,53.91
2026-10-02,10775,62.91
2026-10-02,43668,31.41
2026-10-02,18498,314.91
2026-10-02,18500,386.91
2026-10-02,55647,314.91
2026-10-02,31568,215.91
2026-10-02,18501,485.91
2026-10-02,52058,404.91
2026-10-02,46571,629.91
2026-10-02,48962,257.94
2026-10-02,48957,587.94
2026-10-02,48959,587.94
2026-10-02,62829,659.4
2026-10-02,62841,329.94
2026-10-02,62839,329.94
2026-10-02,62838,329.94
2026-10-02,62844,449.94
2026-10-02,62818,659.4
2026-10-02,62827,749.4
2026-10-02,62821,659.4
2026-10-02,62823,701.4
2026-10-02,62822,701.4
2026-10-02,62819,659.4
2026-10-02,64466,359.94
2026-10-02,64465,359.94
2026-10-02,39440,299.94
2026-10-02,45636,599.0
2026-10-02,45638,699.0
2026-10-02,64296,999.0
2026-10-02,27577,1350.0
2026-10-02,65213,224.91
2026-10-02,65211,224.91
2026-10-02,60061,116.91
2026-10-02,65197,134.91
2026-10-02,65199,224.91
2026-10-02,59709,179.91
2026-10-02,59710,422.91
2026-10-02,59712,359.91
2026-10-02,58577,269.91
2026-10-02,50707,62.91
2026-10-02,25243,62.91
2026-10-02,55278,34.2
2026-10-02,55275,34.2
2026-10-02,55270,34.2
2026-10-02,55274,42.3
2026-10-02,55272,16.2
2026-10-02,55285,27.9
2026-10-02,55289,27.9
2026-10-02,55290,27.9
2026-10-02,55282,43.2
2026-10-02,55287,16.2
2026-10-02,55288,27.9
2026-10-02,55267,42.3
2026-10-02,55279,41.4
2026-10-02,55280,41.4
2026-10-02,55261,44.1
2026-10-02,55263,44.1
2026-10-02,55258,29.7
2026-10-02,55266,29.7
2026-10-02,55257,29.7
2026-10-02,55259,41.4
2026-10-02,55283,53.1
2026-10-02,55264,53.1
2026-10-02,55269,31.5
2026-10-02,55291,44.1
2026-10-02,61758,44.91
2026-10-02,61752,134.91
2026-10-02,61749,134.91
2026-10-02,44613,161.91
2026-10-02,51058,119.9
2026-10-02,51059,161.91
2026-10-02,51060,119.9
2026-10-02,51000,116.91
2026-10-02,44614,134.91
2026-10-02,61785,111.93
2026-10-02,61786,143.91
2026-10-02,61756,44.91
2026-10-02,57619,17.91
2026-10-02,25282,17.91
2026-10-02,56972,26.91
2026-10-02,59672,53.91
2026-10-02,60146,29.95
2026-10-02,21508,17.91
2026-10-02,60142,29.95
2026-10-02,50403,49.95
2026-10-02,51805,112.41
2026-10-02,51810,116.91
2026-10-02,50920,107.91
2026-10-02,60143,29.95
2026-10-02,18449,17.91
2026-10-02,60141,29.95
2026-10-02,51049,80.91
2026-10-02,51047,80.91
2026-10-02,58602,359.91
2026-10-02,58610,359.91
2026-10-02,58599,404.91
2026-10-02,58605,404.91
2026-10-02,58606,404.91
2026-10-02,58600,449.91
2026-10-02,58607,449.91
2026-10-02,58611,449.91
2026-10-02,58604,422.91
2026-10-02,58609,404.91
2026-10-02,51008,479.92
2026-10-02,51014,503.92
2026-10-02,61821,319.92
2026-10-02,61775,479.9
2026-10-02,61807,583.92
2026-10-02,61777,503.92
2026-10-02,65204,134.91
2026-10-02,65206,134.91
2026-10-02,65205,134.91
2026-10-02,54554,116.91
2026-10-02,65212,116.91
2026-10-02,22868,359.91
2026-10-02,22869,404.91
2026-10-02,37639,449.91
2026-10-02,951,422.91
2026-10-02,39291,1143.2
2026-10-02,39285,1556.1
2026-10-02,24289,599.9
2026-10-02,7130,552.93
2026-10-02,51807,341.91
2026-10-02,51801,350.91
2026-10-02,50437,44.91
2026-10-02,50436,44.91
2026-10-02,50439,17.91
2026-10-02,50438,17.91
2026-10-02,50434,31.41
2026-10-02,50435,31.41
2026-10-02,51473,53.91
2026-10-02,64350,119.94
2026-10-02,64348,119.94
2026-10-02,64349,119.94
2026-10-02,62870,167.94
2026-10-02,62868,167.94
2026-10-02,62865,167.94
2026-10-02,62866,143.94
2026-10-02,62873,143.94
2026-10-02,64503,173.94
2026-10-02,63976,179.94
2026-10-02,63542,149.94
2026-10-02,44063,257.94
2026-10-02,64513,173.94
2026-10-02,63977,179.94
2026-10-02,64506,173.94
2026-10-02,64502,173.94
2026-10-02,64508,197.94
2026-10-02,64511,197.94
2026-10-02,64510,197.94
2026-10-02,64504,131.94
2026-10-02,64507,131.94
2026-10-02,64509,131.94
2026-10-02,63543,119.94
2026-10-02,47566,119.94
2026-10-02,47573,257.94
2026-10-02,64505,149.94
2026-10-02,64512,149.94
2026-10-02,63960,149.94
2026-10-02,40287,44.91
2026-10-02,40291,35.91
2026-10-02,10673,116.91
2026-10-02,10672,53.91
2026-10-02,60047,98.91
2026-10-02,65201,260.91
2026-10-02,60044,259.9
2026-10-02,46592,157.43
2026-10-02,42609,157.43
2026-10-02,56314,24.21
2026-10-02,50956,8.9
2026-10-02,21200,107.91
2026-10-02,51809,53.91
2026-10-02,51802,62.91
2026-10-02,31564,62.91
2026-10-02,51179,58.41
2026-10-02,31520,80.91
2026-10-02,31523,80.91
2026-10-02,31522,80.91
2026-10-02,31521,80.91
2026-10-02,53208,233.7
2026-10-02,53207,200.28
2026-10-02,34627,62.91
2026-10-02,42553,54.95
2026-10-02,42554,54.95
2026-10-02,42556,54.95
2026-10-02,32286,116.91
2026-10-02,51419,189.9
2026-10-02,21734,116.91
2026-10-02,29775,54.95
2026-10-02,65182,54.95
2026-10-02,61805,80.91
2026-10-02,61795,80.91
2026-10-02,50579,80.91
2026-10-02,61825,98.91
2026-10-02,61778,98.91
2026-10-02,61779,98.91
2026-10-02,25254,35.91
2026-10-02,18444,35.91
2026-10-02,21489,40.41
2026-10-02,63467,34.93
2026-10-02,10171,98.1
2026-10-02,31566,134.91
2026-10-02,51803,58.41
2026-10-02,51813,62.91
2026-10-02,4529,296.91
2026-10-02,34908,71.91
2026-10-02,54498,89.91
2026-10-02,51969,179.91
2026-10-02,50926,152.91
2026-10-02,51804,62.91
2026-10-02,51811,67.41
2026-10-02,51814,107.91
2026-10-02,50929,170.91
2026-10-02,51971,197.91
2026-10-02,51970,224.91
2026-10-02,50928,152.91
2026-10-02,60117,29.95
2026-10-02,60119,59.95
2026-10-02,60116,29.95
2026-10-02,60138,29.95
2026-10-02,60113,29.95
2026-10-02,51182,125.91
2026-10-02,50936,89.91
2026-10-02,59005,170.91
2026-10-02,51976,188.91
2026-10-02,15541,89.91
2026-10-02,28542,64.95
2026-10-02,49812,931.5
2026-10-02,58665,999.0
2026-10-02,51064,719.91
2026-10-02,48969,269.91
2026-10-02,51065,809.91
2026-10-02,20607,295.92
2026-10-02,20608,351.92
2026-10-02,20609,367.92
2026-10-02,20610,423.92
2026-10-02,20611,455.92
2026-10-02,64867,287.91
2026-10-02,50912,44.91
2026-10-02,50913,35.91
2026-10-02,51391,89.91
2026-10-02,50076,188.91
2026-10-02,50934,305.91
2026-10-02,51808,161.91
2026-10-02,51812,161.91
2026-10-02,47468,139.9
2026-10-02,50911,170.91
2026-10-02,53057,31.41
2026-10-02,51953,80.91
2026-10-02,60057,17.91
2026-10-02,60046,80.91
2026-10-02,35562,1200.0
2026-10-02,62209,2399.0
2026-10-02,42245,899.0
2026-10-02,42246,999.0
2026-10-02,42247,1099.0
2026-10-02,35563,1455.0
2026-10-02,36092,1510.0
2026-10-02,35560,1390.0
2026-10-02,35561,1510.0
2026-10-02,39956,1760.0
2026-10-02,36093,1510.0
2026-10-02,35564,1390.0
2026-10-02,35565,1510.0
2026-10-02,39311,1760.0
2026-10-02,35567,1200.0
2026-10-02,35566,1455.0
2026-10-02,34310,854.1
2026-10-02,64636,2475.0
2026-10-02,64635,3330.0
2026-10-02,64632,2700.0
2026-10-02,64637,3960.0
2026-10-02,40356,1270.0
2026-10-02,40357,1420.0
2026-10-02,40358,1710.0
2026-10-02,40359,1270.0
2026-10-02,40360,1420.0
2026-10-02,40361,1710.0
2026-10-02,40272,2450.0
2026-10-02,40273,2600.0
2026-10-02,40275,3700.0
2026-10-02,40274,3000.0
2026-10-02,40276,4400.0
2026-10-02,40277,2200.0
2026-10-02,40278,2750.0
2026-10-02,40280,3700.0
2026-10-02,40279,3124.0
2026-10-02,40281,4200.0
2026-10-02,64631,2340.0
2026-10-02,64634,3330.0
2026-10-02,64638,2700.0
2026-10-02,64633,3960.0
2026-10-02,40282,2600.0
2026-10-02,64624,3700.0
2026-10-02,40285,4400.0
2026-10-02,40283,3000.0
2026-10-02,65210,71.91
2026-10-02,65198,98.91
2026-10-02,50271,100.0
2026-10-02,61784,134.91
2026-10-02,61826,134.91
2026-10-02,50570,143.91
2026-10-02,59040,269.91
2026-10-02,59038,269.91
2026-10-02,19674,206.91
2026-10-02,59767,179.91
2026-10-02,14842,206.91
2026-10-02,59771,179.91
2026-10-02,21737,99.9
2026-10-02,59769,206.91
2026-10-02,59768,206.91
2026-10-02,61787,242.91
2026-10-02,61829,242.91
2026-10-02,59780,107.91
2026-10-02,59784,89.91
2026-10-02,59779,107.91
2026-10-02,50517,89.91
2026-10-02,59776,31.41
2026-10-02,21752,31.41
2026-10-02,59775,31.41
2026-10-02,51317,89.91
2026-10-02,59037,107.91
2026-10-02,59042,107.91
2026-10-02,61796,107.91
2026-10-02,59796,62.91
2026-10-02,59791,224.91
2026-10-02,59789,99.9
2026-10-02,59793,224.91
2026-10-02,59788,269.91
2026-10-02,59785,269.91
2026-10-02,59787,269.91
2026-10-02,60059,305.91
2026-10-02,53062,50.31
2026-10-02,34917,26.91
2026-10-02,51442,29.95
2026-10-02,59671,30.0
2026-10-02,10602,49.9
2026-10-02,51448,349.93
2026-10-02,63538,599.9
2026-10-02,52298,584.91
2026-10-02,50256,539.91
2026-10-02,51305,890.91
2026-10-02,63911,169.9
2026-10-02,63531,116.91
2026-10-02,62812,449.94
2026-10-02,62805,419.94
2026-10-02,48868,629.91
2026-10-02,54766,35.91
2026-10-02,51177,125.91
2026-10-02,58879,89.91
2026-10-02,50932,107.91
2026-10-02,51279,107.91
2026-10-02,60064,53.91
2026-10-02,51410,99.9
2026-10-02,51420,169.9
2026-10-02,51774,35.91
2026-10-02,48965,341.91
2026-10-02,48967,431.91
2026-10-02,48966,386.91
2026-10-02,48968,224.91
2026-10-02,48970,314.91
2026-10-02,40668,39.9
2026-10-02,54383,100.0
2026-10-02,39586,206.91
2026-10-02,41905,179.1
2026-10-02,39585,17.91
2026-10-02,57914,44.91
2026-10-02,39384,22.41
2026-10-02,57945,62.91
2026-10-02,57865,44.91
2026-10-02,40667,49.9
2026-10-02,58947,323.91
2026-10-02,59009,359.91
2026-10-02,55518,19.9
2026-10-02,57828,296.91
2026-10-02,60110,1071.0
2026-10-02,62100,269.91
2026-10-02,62101,89.91
2026-10-02,55240,143.91
2026-10-02,54377,100.0
2026-10-02,38681,80.0
2026-10-02,43959,224.91
2026-10-02,54556,2609.91
2026-10-02,60229,699.9
2026-10-02,54425,999.0
2026-10-02,60228,999.0
2026-10-02,60226,899.0
2026-10-02,60227,899.0
2026-10-02,60225,487.0
2026-10-02,64596,89.91
2026-10-02,64595,71.91
2026-10-02,62112,47.9
2026-10-02,62103,107.9
2026-10-02,62102,359.91
2026-10-02,62998,44.91
2026-10-02,62997,44.91
2026-10-02,54566,125.91
2026-10-02,62089,62.91
2026-10-02,55230,58.5
2026-10-02,57952,143.91
2026-10-02,34792,224.91
2026-10-02,62167,224.1
2026-10-02,64880,539.1
2026-10-02,21332,143.9
2026-10-02,33917,89.91
2026-10-02,64560,179.91
2026-10-02,64580,179.91
2026-10-02,64565,269.91
2026-10-02,54564,29.9
2026-10-02,64581,179.91
2026-10-02,31376,14.9
2026-10-02,55246,127.8
2026-10-02,54537,119.9
2026-10-02,55466,89.91
2026-10-02,54475,89.91
2026-10-02,55560,413.91
2026-10-02,55559,98.91
2026-10-02,55558,809.91
2026-10-02,54582,143.91
2026-10-02,64558,116.91
2026-10-02,64563,116.91
2026-10-02,64556,89.91
2026-10-02,64562,89.91
2026-10-02,54563,44.91
2026-10-02,57873,224.91
2026-10-02,31255,35.91
2026-10-02,54381,120.0
2026-10-02,57913,323.91
2026-10-02,57874,134.91
2026-10-02,57916,179.91
2026-10-02,26428,179.91
2026-10-02,54380,100.0
2026-10-02,54183,62.91
2026-10-02,64574,179.91
2026-10-02,64575,179.91
2026-10-02,64582,89.91
2026-10-02,64561,143.91
2026-10-02,64579,143.91
2026-10-02,64577,143.91
2026-10-02,64586,116.91
2026-10-02,64584,116.91
2026-10-02,64583,116.91
2026-10-02,64553,89.91
2026-10-02,64552,89.91
2026-10-02,64549,116.91
2026-10-02,64555,116.91
2026-10-02,63056,382.41
2026-10-02,64567,89.91
2026-10-02,64557,116.91
2026-10-02,62170,399.0
2026-10-02,62099,71.91
2026-10-02,52232,179.91
2026-10-02,52233,179.91
2026-10-02,55390,120.0
2026-10-02,15244,179.91
2026-10-02,57786,179.91
2026-10-02,57871,152.1
2026-10-02,57917,269.91
2026-10-02,57918,134.91
2026-10-02,33922,202.5
2026-10-02,60536,14.95
2026-10-02,54169,66.78
2026-10-02,54565,26.91
2026-10-02,55235,35.91
2026-10-02,62098,269.91
2026-10-02,52239,197.91
2026-10-02,15288,11.97
2026-10-02,54561,269.91
2026-10-02,54575,134.91
2026-10-02,54560,179.91
2026-10-02,54574,174.9
2026-10-02,55535,199.9
2026-10-02,54576,134.9
2026-10-02,19574,107.91
2026-10-02,64594,179.91
2026-10-02,58983,179.91
2026-10-02,57875,62.91
2026-10-02,19564,51.92
2026-10-02,62128,449.91
2026-10-02,62129,449.91
2026-10-02,54386,26.91
2026-10-02,59044,60.0
2026-10-02,62107,206.91
2026-10-02,62106,143.91
2026-10-02,62108,179.91
2026-10-02,36858,224.91
2026-10-02,54535,152.91
2026-10-02,32972,152.91
2026-10-02,54387,224.91
2026-10-02,55689,170.91
2026-10-02,55688,134.91
2026-10-02,39386,386.91
2026-10-02,39588,539.91
2026-10-02,39382,719.91
2026-10-02,57954,170.91
2026-10-02,54548,2.9
2026-10-02,62995,143.91
2026-10-02,62996,44.9
2026-10-02,43942,107.97
2026-10-02,62104,269.91
2026-10-02,62156,449.91
2026-10-02,57886,35.9
2026-10-02,60108,629.1
2026-10-02,54479,71.91
2026-10-02,62110,23.9
2026-10-02,62113,23.9
2026-10-02,62111,39.9
2026-10-02,53821,35.91
2026-10-02,36486,26.91
2026-10-02,40661,14.9
2026-10-02,54379,269.91
2026-10-02,62920,103.68
2026-10-02,57860,269.91
2026-10-02,55388,100.0
2026-10-02,21605,17.91
2026-10-02,62073,143.91
2026-10-02,64569,62.91
2026-10-02,64564,80.91
2026-10-02,64559,80.91
2026-10-02,54378,100.0
2026-10-02,54376,100.0
2026-10-02,62168,224.1
2026-10-02,55538,314.91
2026-10-02,53579,15.57
2026-10-02,53441,134.91
2026-10-02,52825,89.91
2026-10-02,53436,629.91
2026-10-02,53437,269.91
2026-10-02,53094,99.95
2026-10-02,53445,134.91
2026-10-02,53444,149.95
2026-10-02,53443,80.91
2026-10-02,53442,107.91
2026-10-02,62533,1539.3
2026-10-02,48983,699.3
2026-10-02,49848,699.3
2026-10-02,42107,22.41
2026-10-02,26211,44.91
2026-10-02,58437,404.91
2026-10-02,58436,1169.1
2026-10-02,49378,71.91
2026-10-02,58853,629.91
2026-10-02,58442,134.91
2026-10-02,58440,170.91
2026-10-02,47210,503.91
2026-10-02,64967,152.91
2026-10-02,64969,179.91
2026-10-02,58484,152.91
2026-10-02,58383,206.91
2026-10-02,58433,269.91
2026-10-02,53098,349.93
2026-10-02,53099,244.93
2026-10-02,53100,349.93
2026-10-02,55699,349.93
2026-10-02,53349,244.93
2026-10-02,53416,244.93
2026-10-02,53173,349.93
2026-10-02,46742,134.91
2026-10-02,52605,80.91
2026-10-02,64952,296.91
2026-10-02,50653,29.93
2026-10-02,53097,244.93
2026-10-02,50261,14.97
2026-10-02,49554,233.91
2026-10-02,28401,152.91
2026-10-02,48699,239.92
2026-10-02,47194,215.92
2026-10-02,48705,159.92
2026-10-02,48706,159.92
2026-10-02,48701,239.92
2026-10-02,58467,271.92
2026-10-02,53245,50.0
2026-10-02,58470,199.92
2026-10-02,58473,183.92
2026-10-02,58399,207.92
2026-10-02,58394,207.92
2026-10-02,58395,207.92
2026-10-02,58403,263.92
2026-10-02,51104,199.92
2026-10-02,13306,92.67
2026-10-02,48672,188.93
2026-10-02,48687,209.94
2026-10-02,48682,209.94
2026-10-02,48683,174.93
2026-10-02,48674,161.94
2026-10-02,48670,161.94
2026-10-02,39815,209.94
2026-10-02,39823,188.93
2026-10-02,48685,188.93
2026-10-02,48680,161.94
2026-10-02,48676,188.93
2026-10-02,48691,244.93
2026-10-02,48677,209.94
2026-10-02,48684,244.93
2026-10-02,48679,209.94
2026-10-02,48693,209.94
2026-10-02,48675,161.94
2026-10-02,48671,244.93
2026-10-02,48673,244.93
2026-10-02,63651,9.93
2026-10-02,52267,39.94
2026-10-02,51123,209.3
2026-10-02,59050,839.3
2026-10-02,46886,84.95
2026-10-02,63703,84.95
2026-10-02,53913,839.3
2026-10-02,53912,489.93
2026-10-02,63957,1119.3
2026-10-02,53897,699.3
2026-10-02,49282,35.91
2026-10-02,47928,16.6
2026-10-02,58431,719.91
2026-10-02,58432,629.91
2026-10-02,58429,719.91
2026-10-02,50266,5.97
2026-10-02,40176,46.6
2026-10-02,58449,449.91
2026-10-02,58451,809.91
2026-10-02,51114,314.91
2026-10-02,64001,46.6
2026-10-02,58478,296.91
2026-10-02,58477,161.91
2026-10-02,58446,71.91
2026-10-02,46904,279.93
2026-10-02,52284,62.91
2026-10-02,47204,209.93
2026-10-02,48239,279.3
2026-10-02,32021,29.93
2026-10-02,51111,530.91
2026-10-02,58463,314.91
2026-10-02,51633,84.95
2026-10-02,58462,224.91
2026-10-02,58464,386.91
2026-10-02,51112,494.91
2026-10-02,58430,152.91
2026-10-02,47940,39.94
2026-10-02,52268,39.94
2026-10-02,48091,19.95
2026-10-02,48363,33.27
2026-10-02,52613,39.94
2026-10-02,63944,23.27
2026-10-02,63943,17.45
2026-10-02,52614,23.27
2026-10-02,29491,13.27
2026-10-02,64973,86.6
2026-10-02,16952,9.93
2026-10-02,48066,6.6
2026-10-02,16936,16.6
2026-10-02,16953,46.6
2026-10-02,29499,13.27
2026-10-02,53502,404.91
2026-10-02,58980,215.91
2026-10-02,53505,215.91
2026-10-02,53504,242.91
2026-10-02,53503,188.91
2026-10-02,49369,359.1
2026-10-02,50477,89.1
2026-10-02,64957,296.91
2026-10-02,64953,449.91
2026-10-02,50116,224.91
2026-10-02,64951,269.91
2026-10-02,64962,899.1
2026-10-02,58372,899.1
2026-10-02,58382,242.91
2026-10-02,46697,62.91
2026-10-02,58428,215.91
2026-10-02,58457,314.91
2026-10-02,58456,449.91
2026-10-02,58454,314.91
2026-10-02,58452,539.91
2026-10-02,58439,476.91
2026-10-02,64955,314.91
2026-10-02,46746,125.1
2026-10-02,64943,242.91
2026-10-02,58438,404.91
2026-10-02,46867,215.1
2026-10-02,64975,197.91
2026-10-02,64978,2069.1
2026-10-02,64947,476.91
2026-10-02,64944,296.91
2026-10-02,49025,364.95
2026-10-02,49022,494.91
2026-10-02,64958,449.91
2026-10-02,46826,161.1
2026-10-02,64948,449.91
2026-10-02,64945,197.91
2026-10-02,64968,251.91
2026-10-02,64950,449.91
2026-10-02,49373,71.1
2026-10-02,64959,179.91
2026-10-02,64960,251.91
2026-10-02,64949,134.91
2026-10-02,64946,332.91
2026-10-02,55076,86.85
2026-10-02,55082,110.52
2026-10-02,50267,11.97
2026-10-02,46632,7.45
2026-10-02,53906,43.27
2026-10-02,53899,41.94
2026-10-02,53898,41.94
2026-10-02,30688,9.95
2026-10-02,29510,33.27
2026-10-02,24016,31.41
2026-10-02,15950,72.67
2026-10-02,58963,1399.0
2026-10-02,55453,539.91
2026-10-02,58519,206.91
2026-10-02,58520,206.91
2026-10-02,50651,116.91
2026-10-02,53911,629.91
2026-10-02,49028,114.95
2026-10-02,49027,249.95
2026-10-02,52645,152.91
2026-10-02,51601,206.91
2026-10-02,51602,152.91
2026-10-02,55444,629.91
2026-10-02,49578,296.91
2026-10-02,49574,260.91
2026-10-02,58847,34.2
2026-10-02,58480,118.93
2026-10-02,58481,160.93
2026-10-02,64876,15.21
2026-10-02,51126,467.91
2026-10-02,36866,200.97
2026-10-02,52470,44.91
2026-10-02,54639,80.91
2026-10-02,54640,80.91
2026-10-02,51721,53.27
2026-10-02,20463,89.1
2026-10-02,24283,17.91
2026-10-02,59012,151.92
2026-10-02,58955,103.92
2026-10-02,58954,175.92
2026-10-02,58957,103.92
2026-10-02,58958,127.92
2026-10-02,46755,119.92
2026-10-02,58895,87.92
2026-10-02,58897,119.92
2026-10-02,58434,116.91
2026-10-02,36868,98.97
2026-10-02,36869,261.81
2026-10-02,50031,116.91
2026-10-02,47943,24.95
2026-10-02,58999,183.92
2026-10-02,32023,296.91
2026-10-02,55707,63.81
2026-10-02,55708,75.51
2026-10-02,58487,66.6
2026-10-02,29488,39.94
2026-10-02,50654,16.6
2026-10-02,58479,39.94
2026-10-02,16946,66.0
2026-10-02,58515,31.41
2026-10-02,50430,33.27
2026-10-02,51108,224.91
2026-10-02,48190,449.91
2026-10-02,58447,89.91
2026-10-02,58435,134.91
2026-10-02,57785,200.28
2026-10-02,17853,101.94
2026-10-02,17857,77.94
2026-10-02,17865,95.94
2026-10-02,30739,101.94
2026-10-02,52631,29.95
2026-10-02,54337,62.91
2026-10-02,64371,539.1
2026-10-02,55443,149.95
2026-10-02,30685,13.27
2026-10-02,48407,71.91
2026-10-02,52834,269.91
2026-10-02,52835,215.91
2026-10-02,48263,1169.1
2026-10-02,49168,359.91
2026-10-02,18145,17.91
2026-10-02,18146,22.41
2026-10-02,13795,116.91
2026-10-02,19924,62.91
2026-10-02,13797,41.94
2026-10-02,13796,41.94
2026-10-02,49014,224.95
2026-10-02,18144,17.91
2026-10-02,49010,116.91
2026-10-02,55491,62.91
2026-10-02,29737,62.91
2026-10-02,29736,62.91
2026-10-02,52827,170.91
2026-10-02,52828,206.91
2026-10-02,29731,44.91
2026-10-02,29732,44.91
2026-10-02,29730,26.91
2026-10-02,13794,116.91
2026-10-02,30393,22.41
2026-10-02,30667,14.31
2026-10-02,29721,26.91
2026-10-02,47211,17.91
2026-10-02,47214,20.61
2026-10-02,47215,47.61
2026-10-02,29725,44.91
2026-10-02,29724,44.91
2026-10-02,29723,44.91
2026-10-02,29726,44.91
2026-10-02,29722,31.41
2026-10-02,47223,40.41
2026-10-02,46824,62.91
2026-10-02,46721,80.91
2026-10-02,46882,107.91
2026-10-02,46839,152.91
2026-10-02,46708,44.91
2026-10-02,46831,62.91
2026-10-02,46887,107.91
2026-10-02,46710,62.91
2026-10-02,13809,29.7
2026-10-02,58465,206.91
2026-10-02,58466,260.91
2026-10-02,13801,53.94
2026-10-02,13798,41.94
2026-10-02,14065,80.91
2026-10-02,13800,53.94
2026-10-02,13802,53.94
2026-10-02,13799,41.94
2026-10-02,29728,35.94
2026-10-02,29727,35.94
2026-10-02,29729,35.94
2026-10-02,33731,26.91
2026-10-02,33730,26.91
2026-10-02,33732,31.41
2026-10-02,33735,31.41
2026-10-02,33499,31.41
2026-10-02,33726,35.91
2026-10-02,33724,31.41
2026-10-02,33725,35.91
2026-10-02,33723,31.41
2026-10-02,33727,35.91
2026-10-02,33728,35.94
2026-10-02,33737,44.91
2026-10-02,33498,35.91
2026-10-02,55087,110.88
2026-10-02,52823,71.91
2026-10-02,58488,116.91
2026-10-02,58486,116.91
2026-10-02,54354,125.91
2026-10-02,54355,108.0
2026-10-02,53501,233.91
2026-10-02,55073,71.91
2026-10-02,51772,107.91
2026-10-02,58981,53.91
2026-10-02,53917,43.27
2026-10-02,53918,43.27
2026-10-02,52597,53.27
2026-10-02,58485,39.94
2026-10-02,53901,66.6
2026-10-02,32028,39.94
2026-10-02,21703,71.91
2026-10-02,63701,43.27
2026-10-02,53894,53.27
2026-10-02,63684,21.33
2026-10-02,53905,29.93
2026-10-02,53902,29.93
2026-10-02,63691,21.0
2026-10-02,28380,33.27
2026-10-02,64976,106.61
2026-10-02,64977,106.61
2026-10-02,58385,86.6
2026-10-02,58490,86.6
2026-10-02,58489,73.27
2026-10-02,58491,66.6
2026-10-02,58386,126.61
2026-10-02,53904,86.6
2026-10-02,53903,86.6
2026-10-02,53915,86.6
2026-10-02,63682,21.93
2026-10-02,58978,149.93
2026-10-02,52819,149.93
2026-10-02,58529,127.43
2026-10-02,46684,97.43
2026-10-02,51101,194.92
2026-10-02,51103,172.43
2026-10-02,58393,187.43
2026-10-02,58387,239.92
2026-10-02,51106,187.43
2026-10-02,53174,188.3
2026-10-02,53177,349.93
2026-10-02,53172,188.3
2026-10-02,24282,39.94
2026-10-02,31956,6.6
2026-10-02,23250,16.6
2026-10-02,17104,33.27
2026-10-02,17105,33.27
2026-10-02,17106,33.27
2026-10-02,17107,6.6
2026-10-02,16948,6.6
2026-10-02,14813,13.27
2026-10-02,47953,12.33
2026-10-02,48310,139.93
2026-10-02,48422,104.93
2026-10-02,48376,230.93
2026-10-02,10170,167.0
2026-10-02,48412,209.93
2026-10-02,50304,89.97
2026-10-02,13806,130.41
2026-10-02,10180,167.0
2026-10-02,10165,167.0
2026-10-02,10181,167.0
2026-10-02,46725,160.93
2026-10-02,47968,202.3
2026-10-02,10167,127.0
2026-10-02,10164,127.0
2026-10-02,6230,127.0
2026-10-02,10166,127.0
2026-10-02,48371,230.93
2026-10-02,57245,249.9
2026-10-02,55069,68.85
2026-10-02,51945,79.95
2026-10-02,9303,92.67
2026-10-02,12648,13.27
2026-10-02,29515,13.27
2026-10-02,63714,119.94
2026-10-02,53889,179.91
2026-10-02,53890,134.91
2026-10-02,46830,22.41
2026-10-02,49073,35.91
2026-10-02,49407,80.91
2026-10-02,47220,53.91
2026-10-02,47949,44.91
2026-10-02,48043,80.91
2026-10-02,48036,80.91
2026-10-02,48027,62.91
2026-10-02,46705,116.91
2026-10-02,48099,31.41
2026-10-02,58876,40.41
2026-10-02,58877,40.41
2026-10-02,48101,26.91
2026-10-02,53895,62.91
2026-10-02,23944,17.91
2026-10-02,18141,31.41
2026-10-02,18139,35.91
2026-10-02,53582,20.52
2026-10-02,53309,17.91
2026-10-02,62722,2699.1
2026-10-02,47311,0.0
2026-10-02,44928,2299.0
2026-10-02,44930,1699.0
2026-10-02,44929,2609.1
2026-10-02,48634,152.91
2026-10-02,48602,179.9
2026-10-02,62965,127.92
2026-10-02,62964,127.92
2026-10-02,50114,215.91
2026-10-02,50113,215.91
2026-10-02,54932,149.9
2026-10-02,48688,209.94
2026-10-02,48694,314.91
2026-10-02,48696,244.93
2026-10-02,50412,143.91
2026-10-02,50411,116.91
2026-10-02,48607,161.91
2026-10-02,48609,161.91
2026-10-02,48614,179.9
2026-10-02,47404,159.9
2026-10-02,55364,80.91
2026-10-02,55459,494.91
2026-10-02,50062,539.91
2026-10-02,48625,199.95
2026-10-02,26947,0.0
2026-10-02,55802,279.3
2026-10-02,48639,299.9
2026-10-02,63006,179.91
2026-10-02,63009,134.91
2026-10-02,63008,170.91
2026-10-02,62948,89.91
2026-10-02,54793,25.47
2026-10-02,26304,59.0
2026-10-02,26318,17.91
2026-10-02,38513,90.93
2026-10-02,52462,62.91
2026-10-02,63224,67.5
2026-10-02,64874,179.91
2026-10-02,46484,359.91
2026-10-02,3761,719.1
2026-10-02,60082,449.91
2026-10-02,46432,169.9
2026-10-02,37969,359.91
2026-10-02,14347,359.91
2026-10-02,46507,404.91
2026-10-02,46308,44.91
2026-10-02,27489,71.91
2026-10-02,56960,769.5
2026-10-02,46467,656.1
2026-10-02,56966,71.91
2026-10-02,57633,76.5
2026-10-02,53952,5.9
2026-10-02,52293,29.94
2026-10-02,63263,17.94
2026-10-02,53049,41.94
2026-10-02,52287,29.94
2026-10-02,53050,29.94
2026-10-02,35024,5.97
2026-10-02,56022,48.6
2026-10-02,55967,27.9
2026-10-02,55999,27.9
2026-10-02,56734,24.8
2026-10-02,56735,46.8
2026-10-02,56730,46.8
2026-10-02,56736,44.1
2026-10-02,56174,63.0
2026-10-02,56181,61.2
2026-10-02,56183,61.2
2026-10-02,56175,59.4
2026-10-02,56176,59.4
2026-10-02,56178,59.4
2026-10-02,56180,55.5
2026-10-02,56177,59.4
2026-10-02,56197,46.8
2026-10-02,55964,34.2
2026-10-02,56731,34.2
2026-10-02,56010,34.2
2026-10-02,55963,34.2
2026-10-02,56138,20.7
2026-10-02,56134,20.7
2026-10-02,56133,20.7
2026-10-02,55972,50.4
2026-10-02,56202,63.0
2026-10-02,56160,48.6
2026-10-02,55990,58.5
2026-10-02,56018,58.5
2026-10-02,56739,26.1
2026-10-02,55980,26.1
2026-10-02,55982,26.1
2026-10-02,55983,26.1
2026-10-02,55984,26.1
2026-10-02,56203,42.0
2026-10-02,56204,42.0
2026-10-02,56740,43.2
2026-10-02,56205,43.2
2026-10-02,56139,42.3
2026-10-02,56142,37.8
2026-10-02,56741,27.9
2026-10-02,56206,54.9
2026-10-02,55995,22.5
2026-10-02,56008,22.5
2026-10-02,56016,20.0
2026-10-02,56743,22.5
2026-10-02,56103,22.5
2026-10-02,56104,22.5
2026-10-02,56108,22.5
2026-10-02,56151,46.8
2026-10-02,64444,62.1
2026-10-02,56207,48.6
2026-10-02,56146,58.5
2026-10-02,55958,37.8
2026-10-02,56163,46.4
2026-10-02,56162,52.2
2026-10-02,55992,16.2
2026-10-02,55976,48.6
2026-10-02,56125,44.1
2026-10-02,56126,44.1
2026-10-02,56208,44.1
2026-10-02,56136,42.0
2026-10-02,56135,61.2
2026-10-02,56748,61.2
2026-10-02,56749,44.1
2026-10-02,55968,44.1
2026-10-02,55997,53.1
2026-10-02,56019,64.8
2026-10-02,56013,64.8
2026-10-02,56155,46.8
2026-10-02,55987,58.5
2026-10-02,56154,54.0
2026-10-02,56014,48.6
2026-10-02,55971,56.7
2026-10-02,56209,64.8
2026-10-02,56210,64.8
2026-10-02,56153,44.1
2026-10-02,56156,37.8
2026-10-02,56159,44.1
2026-10-02,56161,52.2
2026-10-02,56214,41.25
2026-10-02,56215,41.25
2026-10-02,56213,41.25
2026-10-02,55961,64.8
2026-10-02,56023,17.1
2026-10-02,56216,46.8
2026-10-02,64457,78.3
2026-10-02,64458,78.3
2026-10-02,64459,78.3
2026-10-02,64377,78.3
2026-10-02,64454,46.8
2026-10-02,64456,46.8
2026-10-02,64440,44.1
2026-10-02,64441,44.1
2026-10-02,64442,44.1
2026-10-02,64443,44.1
2026-10-02,64453,50.4
2026-10-02,64446,44.1
2026-10-02,64445,44.1
2026-10-02,64433,50.4
2026-10-02,64436,53.1
2026-10-02,64438,53.1
2026-10-02,64439,53.1
2026-10-02,64437,57.6
2026-10-02,64435,57.6
2026-10-02,64448,46.8
2026-10-02,63193,54.9
2026-10-02,64430,46.8
2026-10-02,64432,46.8
2026-10-02,64431,46.8
2026-10-02,64449,49.5
2026-10-02,64450,49.5
2026-10-02,28377,239.9
2026-10-02,3380,314.1
2026-10-02,46470,299.9
2026-10-02,46489,332.91
2026-10-02,56477,83.93
2026-10-02,54040,17.91
2026-10-02,52466,62.91
2026-10-02,57182,67.68
2026-10-02,57183,55.8
2026-10-02,65264,2150.1
2026-10-02,65265,2384.1
2026-10-02,26316,4.9
2026-10-02,46454,296.91
2026-10-02,45061,116.91
2026-10-02,45244,251.91
2026-10-02,46500,449.91
2026-10-02,57255,80.91
2026-10-02,59668,107.91
2026-10-02,59667,107.91
2026-10-02,52471,62.91
2026-10-02,11408,179.91
2026-10-02,59661,179.91
2026-10-02,59657,206.91
2026-10-02,50953,5.9
2026-10-02,59660,80.91
2026-10-02,12640,71.91
2026-10-02,62889,899.0
2026-10-02,62890,999.0
2026-10-02,59924,1599.0
2026-10-02,52526,124.95
2026-10-02,47134,1080.0
2026-10-02,47132,1080.0
2026-10-02,60375,1709.1
2026-10-02,45472,1349.1
2026-10-02,45469,1619.1
2026-10-02,60385,1359.0
2026-10-02,60389,1599.0
2026-10-02,60388,1119.0
2026-10-02,60390,1359.0
2026-10-02,60387,1599.0
2026-10-02,47361,959.0
2026-10-02,44585,1519.0
2026-10-02,37989,629.91
2026-10-02,52697,71.91
2026-10-02,11293,134.91
2026-10-02,28351,99.9
2026-10-02,28352,99.9
2026-10-02,46494,170.91
2026-10-02,59656,179.91
2026-10-02,59659,179.91
2026-10-02,19758,839.0
2026-10-02,3752,269.1
2026-10-02,3772,359.1
2026-10-02,1992,386.1
2026-10-02,46528,359.91
2026-10-02,42106,116.91
2026-10-02,46448,314.91
2026-10-02,46460,332.91
2026-10-02,50700,64.9
2026-10-02,52474,44.91
2026-10-02,53865,13.41
2026-10-02,63265,63.25
2026-10-02,46466,199.9
2026-10-02,14344,449.91
2026-10-02,64170,1829.0
2026-10-02,64908,1214.1
2026-10-02,61914,2799.0
2026-10-02,61917,2389.0
2026-10-02,64907,1421.1
2026-10-02,63568,1214.1
2026-10-02,61873,2309.0
2026-10-02,64155,2179.0
2026-10-02,64171,1969.0
2026-10-02,64156,1909.0
2026-10-02,64909,1829.0
2026-10-02,64168,2079.0
2026-10-02,64163,1969.0
2026-10-02,61869,2389.0
2026-10-02,61859,2099.0
2026-10-02,61870,2349.0
2026-10-02,61861,2259.0
2026-10-02,61868,1829.0
2026-10-02,61872,1829.0
2026-10-02,61915,1969.0
2026-10-02,61916,2079.0
2026-10-02,64158,1759.0
2026-10-02,64154,2159.0
2026-10-02,61746,2519.0
2026-10-02,65271,2519.1
2026-10-02,65263,1277.1
2026-10-02,65268,1871.1
2026-10-02,65273,2267.1
2026-10-02,65270,2384.1
2026-10-02,65266,1889.1
2026-10-02,65276,3617.1
2026-10-02,65274,1646.1
2026-10-02,65272,2267.1
2026-10-02,64913,1727.1
2026-10-02,65275,1520.1
2026-10-02,64164,3059.0
2026-10-02,65262,3122.1
2026-10-02,65267,1340.1
2026-10-02,65269,3248.1
2026-10-02,64927,3554.1
2026-10-02,61876,2649.0
2026-10-02,64167,2859.0
2026-10-02,61910,2179.0
2026-10-02,64920,2309.0
2026-10-02,64922,2649.0
2026-10-02,64921,2389.0
2026-10-02,64172,2649.0
2026-10-02,64916,2150.1
2026-10-02,61912,2099.0
2026-10-02,61911,2259.0
2026-10-02,64159,2150.1
2026-10-02,61913,3129.0
2026-10-02,46548,314.91
2026-10-02,64915,2519.1
2026-10-02,64912,2879.1
2026-10-02,64911,3617.1
2026-10-02,64914,1889.1
2026-10-02,63569,3269.0
2026-10-02,64904,2204.1
2026-10-02,64928,1961.1
2026-10-02,64903,3671.1
2026-10-02,64165,3059.0
2026-10-02,64910,6344.1
2026-10-02,64160,2649.0
2026-10-02,64906,3851.1
2026-10-02,64157,2799.0
2026-10-02,64166,2389.0
2026-10-02,64162,2384.1
2026-10-02,64917,2204.1
2026-10-02,64905,3617.1
2026-10-02,64027,1.77
2026-10-02,21596,2.9
2026-10-02,14348,341.91
2026-10-02,58578,107.91
2026-10-02,46488,341.91
2026-10-02,51510,104.93
2026-10-02,41956,167.93
2026-10-02,12622,44.97
2026-10-02,59910,19.71
2026-10-02,28375,349.9
2026-10-02,47154,1679.0
2026-10-02,55419,179.9
2026-10-02,57138,40.41
2026-10-02,9986,89.91
2026-10-02,46490,170.91
2026-10-02,46483,170.91
2026-10-02,46496,170.91
2026-10-02,46502,170.91
2026-10-02,64879,242.91
2026-10-02,53537,80.01
2026-10-02,57372,131.31
2026-10-02,52596,131.31
2026-10-02,50962,4.9
2026-10-02,57331,251.91
2026-10-02,38146,71.91
2026-10-02,43850,20.0
2026-10-02,20004,50.0
2026-10-02,58917,31.92
2026-10-02,35748,152.91
2026-10-02,43903,59.9
2026-10-02,35546,62.91
2026-10-02,43902,71.91
2026-10-02,38155,125.91
2026-10-02,38153,125.91
2026-10-02,979,242.91
2026-10-02,14680,71.91
2026-10-02,15005,89.91
2026-10-02,53924,71.91
2026-10-02,15004,89.91
2026-10-02,43898,71.91
2026-10-02,39186,116.91
2026-10-02,43855,89.91
2026-10-02,38150,134.91
2026-10-02,12033,20.0
2026-10-02,35544,107.91
2026-10-02,37667,215.91
2026-10-02,37666,287.91
2026-10-02,50,599.9
2026-10-02,173,629.91
2026-10-02,28,99.9
2026-10-02,11379,219.9
2026-10-02,307,359.91
2026-10-02,23307,989.1
2026-10-02,1417,159.9
2026-10-02,308,314.91
2026-10-02,400,1079.1
2026-10-02,14594,319.9
2026-10-02,46273,199.9
2026-10-02,13254,189.0
2026-10-02,49263,134.91
2026-10-02,7389,215.91
2026-10-02,7393,179.91
2026-10-02,53926,251.91
2026-10-02,37648,170.91
2026-10-02,37659,449.91
2026-10-02,1197,314.91
2026-10-02,3924,305.91
2026-10-02,16601,170.91
2026-10-02,64412,179.9
2026-10-02,492,157.0
2026-10-02,53923,359.91
2026-10-02,20407,40.41
2026-10-02,49844,195.93
2026-10-02,31241,251.91
2026-10-02,57671,2297.0
2026-10-02,6821,485.91
2026-10-02,39280,161.91
2026-10-02,39279,179.91
2026-10-02,43843,62.91
2026-10-02,37670,299.9
2026-10-02,58617,699.9
2026-10-02,19986,79.92
2026-10-02,14591,95.92
2026-10-02,19987,44.0
2026-10-02,16618,47.92
2026-10-02,16619,55.92
2026-10-02,25746,55.92
2026-10-02,24983,53.6
2026-10-02,32642,22.41
2026-10-02,18281,22.41
2026-10-02,39282,134.91
2026-10-02,14589,107.91
2026-10-02,37669,224.91
2026-10-02,34023,219.9
2026-10-02,34024,179.9
2026-10-02,34022,249.9
2026-10-02,10316,116.91
2026-10-02,38148,99.9
2026-10-02,1162,422.91
2026-10-02,30109,62.91
2026-10-02,35535,431.91
2026-10-02,39172,1124.1
2026-10-02,53927,107.91
2026-10-02,35541,296.91
2026-10-02,21412,161.91
2026-10-02,43856,71.91
2026-10-02,38151,98.1
2026-10-02,14590,89.91
2026-10-02,54101,19.0
2026-10-02,35450,359.91
2026-10-02,54259,20.0
2026-10-02,59838,341.91
2026-10-02,59871,116.91
2026-10-02,25327,149.9
2026-10-02,49836,31.41
2026-10-02,57531,80.91
2026-10-02,57532,76.41
2026-10-02,21821,26.01
2026-10-02,21843,44.91
2026-10-02,61983,22.5
2026-10-02,63855,123.21
2026-10-02,49725,17.91
2026-10-02,50395,26.91
2026-10-02,57754,29.9
2026-10-02,63466,69.93
2026-10-02,63198,69.93
2026-10-02,63196,55.93
2026-10-02,63197,55.93
2026-10-02,40621,319.92
2026-10-02,27197,134.91
2026-10-02,50078,44.91
2026-10-02,40625,367.92
2026-10-02,853,359.92
2026-10-02,13574,319.92
2026-10-02,29128,179.91
2026-10-02,21380,399.92
2026-10-02,881,447.92
2026-10-02,20134,583.92
2026-10-02,8037,631.92
2026-10-02,50090,62.91
2026-10-02,40620,223.92
2026-10-02,63465,48.93
2026-10-02,21382,679.92
2026-10-02,49642,159.92
2026-10-02,50083,287.91
2026-10-02,49613,179.91
2026-10-02,49286,279.92
2026-10-02,8031,719.92
2026-10-02,8029,111.92
2026-10-02,63464,34.93
2026-10-02,54895,317.0
2026-10-02,54897,397.0
2026-10-02,1602,199.92
2026-10-02,54896,257.0
2026-10-02,1232,239.92
2026-10-02,27622,47.0
2026-10-02,63194,24.43
2026-10-02,63195,24.43
2026-10-02,62313,377.0
2026-10-02,63269,877.0
2026-10-02,63662,287.0
2026-10-02,62251,269.91
2026-10-02,64647,51.21
2026-10-02,64652,53.91
2026-10-02,64649,53.91
2026-10-02,37455,35.91
2026-10-02,37454,35.91
2026-10-02,31465,26.91
2026-10-02,31468,23.31
2026-10-02,30039,33.21
2026-10-02,31464,49.41
2026-10-02,31466,76.41
2026-10-02,46210,6.75
2026-10-02,49153,7.65
2026-10-02,46903,13.41
2026-10-02,46143,19.71
2026-10-02,47577,25.11
2026-10-02,31470,35.01
2026-10-02,31467,49.5
2026-10-02,50964,53.91
2026-10-02,17136,19.9
2026-10-02,34288,395.91
2026-10-02,50701,5.9
2026-10-02,46147,42.21
2026-10-02,31469,53.91
2026-10-02,32674,26.91
2026-10-02,31164,62.91
2026-10-02,52639,3.87
2026-10-02,49618,44.91
2026-10-02,20757,49.41
2026-10-02,64404,62.91
2026-10-02,48105,99.9
2026-10-02,49137,35.91
2026-10-02,26086,44.91
2026-10-02,44042,40500.0
2026-10-02,44428,170.91
2026-10-02,44273,229.9
2026-10-02,49132,55.9
2026-10-02,21820,29.61
2026-10-02,49775,40.41
2026-10-02,49776,40.41
2026-10-02,58180,35.91
2026-10-02,50891,89.91
2026-10-02,20764,98.91
2026-10-02,20763,35.91
2026-10-02,20762,35.91
2026-10-02,50087,53.91
2026-10-02,50888,53.91
2026-10-02,49649,35.91
2026-10-02,49648,35.91
2026-10-02,37457,48.93
2026-10-02,43140,315.0
2026-10-02,49120,62.91
2026-10-02,49121,62.91
2026-10-02,44269,49.9
2026-10-02,49122,71.91
2026-10-02,14839,233.1
2026-10-02,49124,71.91
2026-10-02,57943,35.91
2026-10-02,34279,116.91
2026-10-02,62253,26.91
2026-10-02,62284,67.41
2026-10-02,48104,305.91
2026-10-02,23715,26.91
2026-10-02,50950,8.9
2026-10-02,48632,246.9
2026-10-02,49656,116.91
2026-10-02,49659,116.91
2026-10-02,53858,30.0
2026-10-02,20822,35.91
2026-10-02,49755,49.41
2026-10-02,23077,26.91
2026-10-02,64646,51.21
2026-10-02,49798,33.21
2026-10-02,49797,33.21
2026-10-02,49800,33.21
2026-10-02,22231,53.91
2026-10-02,56563,98.91
2026-10-02,43142,315.0
2026-10-02,48236,351.4
2026-10-02,52469,80.91
2026-10-02,53470,35.91
2026-10-02,64740,22.41
2026-10-02,21831,25.11
2026-10-02,21841,193.41
2026-10-02,24645,29.66
2026-10-02,53859,53.91
2026-10-02,56552,109.71
2026-10-02,50896,35.91
2026-10-02,62271,22.41
2026-10-02,21825,26.01
2026-10-02,44845,116.91
2026-10-02,21822,29.61
2026-10-02,50895,26.91
2026-10-02,21823,19.71
2026-10-02,50901,31.41
2026-10-02,41731,134.91
2026-10-02,50894,35.91
2026-10-02,21834,46.71
2026-10-02,21835,16.11
2026-10-02,21833,39.51
2026-10-02,21829,29.61
2026-10-02,21649,22.41
2026-10-02,50892,31.41
2026-10-02,23724,229.9
2026-10-02,50735,53.91
2026-10-02,59860,17.0
2026-10-02,49757,44.91
2026-10-02,49754,33.21
2026-10-02,21846,29.61
2026-10-02,21845,33.21
2026-10-02,49674,26.91
2026-10-02,49822,26.91
2026-10-02,49821,26.91
2026-10-02,63864,31.41
2026-10-02,57940,62.91
2026-10-02,50736,233.91
2026-10-02,50737,22.41
2026-10-02,50739,323.91
2026-10-02,50742,449.91
2026-10-02,63147,80.91
2026-10-02,63871,26.91
2026-10-02,26119,62.91
2026-10-02,13818,149.9
2026-10-02,14840,99.9
2026-10-02,49397,40.0
2026-10-02,14841,199.9
2026-10-02,50243,13.41
2026-10-02,17444,62.91
2026-10-02,21913,8.91
2026-10-02,39570,29.61
2026-10-02,39571,35.91
2026-10-02,21826,29.61
2026-10-02,21827,35.91
2026-10-02,49756,35.01
2026-10-02,50897,26.91
2026-10-02,58178,26.91
2026-10-02,57944,40.41
2026-10-02,47924,80.91
2026-10-02,50500,134.91
2026-10-02,50899,22.41
2026-10-02,25325,22.41
2026-10-02,47031,359.91
2026-10-02,54898,317.0
2026-10-02,48715,22.41
2026-10-02,49416,224.1
2026-10-02,28244,379.9
2026-10-02,50750,116.91
2026-10-02,57960,98.91
2026-10-02,50748,71.91
2026-10-02,50965,71.91
2026-10-02,50749,35.91
2026-10-02,21832,13.41
2026-10-02,44252,89.1
2026-10-02,2630,269.91
2026-10-02,49645,386.91
2026-10-02,23036,233.91
2026-10-02,49141,269.1
2026-10-02,37448,279.93
2026-10-02,64648,22.41
2026-10-02,64650,22.41
2026-10-02,64651,22.41
2026-10-02,23080,4.41
2026-10-02,50680,22.41
2026-10-02,33491,62.91
2026-10-02,20620,62.91
2026-10-02,14837,100.0
2026-10-02,59859,357.0
2026-10-02,57942,40.41
2026-10-02,21819,15.21
2026-10-02,31227,44.91
2026-10-02,49753,53.91
2026-10-02,54286,71.91
2026-10-02,57838,49.9
2026-10-02,50210,53.91
2026-10-02,48714,179.91
2026-10-02,48713,233.91
2026-10-02,58162,37.45
2026-10-02,53788,35.91
2026-10-02,58133,63.92
2026-10-02,57690,9.95
2026-10-02,58521,17.91
2026-10-02,62264,23.45
2026-10-02,46018,17.91
2026-10-02,14369,71.92
2026-10-02,65000,141.55
2026-10-02,65008,49.0
2026-10-02,57770,2.95
2026-10-02,54769,1.47
2026-10-02,54770,2.67
2026-10-02,54771,2.07
2026-10-02,54772,1.77
2026-10-02,54773,2.97
2026-10-02,54774,2.37
2026-10-02,54847,0.45
2026-10-02,54775,3.27
2026-10-02,54776,0.87
2026-10-02,54777,0.57
2026-10-02,54778,1.17
2026-10-02,54779,4.47
2026-10-02,54780,3.87
2026-10-02,54781,3.87
2026-10-02,54782,3.87
2026-10-02,54783,4.47
2026-10-02,53718,72.81
2026-10-02,56379,72.81
2026-10-02,56387,68.31
2026-10-02,55851,33.48
2026-10-02,54794,0.06
2026-10-02,20241,1.47
2026-10-02,19583,66.51
2026-10-02,53780,15.21
2026-10-02,65003,474.05
2026-10-02,65005,199.0
2026-10-02,46016,14.31
2026-10-02,56223,44.91
2026-10-02,46022,22.41
2026-10-02,46017,14.31
2026-10-02,63226,19.71
2026-10-02,53726,11.45
2026-10-02,52967,166.41
2026-10-02,52966,94.41
2026-10-02,37578,47.61
2026-10-02,24425,11.45
2026-10-02,45938,1.08
2026-10-02,45925,1.08
2026-10-02,45990,2.61
2026-10-02,45998,2.43
2026-10-02,45972,2.43
2026-10-02,45948,3.78
2026-10-02,46033,3.78
2026-10-02,46003,5.67
2026-10-02,45915,3.15
2026-10-02,62399,6.21
2026-10-02,62401,6.21
2026-10-02,55141,5.94
2026-10-02,46006,2.52
2026-10-02,55830,1.1
2026-10-02,46537,206.91
2026-10-02,46539,206.91
2026-10-02,46541,206.91
2026-10-02,56988,206.91
2026-10-02,55656,206.91
2026-10-02,5983,206.91
2026-10-02,14356,206.91
2026-10-02,26548,206.91
2026-10-02,5981,206.91
2026-10-02,5982,206.91
2026-10-02,45970,3.5
2026-10-02,55352,8.91
2026-10-02,40323,62.91
2026-10-02,40322,53.91
2026-10-02,40321,44.91
2026-10-02,40320,48.93
2026-10-02,55149,6.21
2026-10-02,55160,7.74
2026-10-02,55137,5.13
2026-10-02,52512,33.21
2026-10-02,46021,44.95
2026-10-02,20265,1.77
2026-10-02,20266,2.97
2026-10-02,53759,7.45
2026-10-02,54753,7.45
2026-10-02,52380,160.11
2026-10-02,52382,207.81
2026-10-02,52991,104.31
2026-10-02,52176,47.61
2026-10-02,5974,124.95
2026-10-02,5976,124.95
2026-10-02,65002,664.05
2026-10-02,65004,521.55
2026-10-02,65007,445.55
2026-10-02,65001,854.05
2026-10-02,20297,3.87
2026-10-02,12176,107.92
2026-10-02,17190,31.92
2026-10-02,17188,24.95
2026-10-02,17186,45.52
2026-10-02,12177,124.72
2026-10-02,17220,22.45
2026-10-02,30273,71.91
2026-10-02,30279,395.91
2026-10-02,30281,539.1
2026-10-02,19563,36.72
2026-10-02,57989,119.92
2026-10-02,57986,68.72
2026-10-02,57988,51.92
2026-10-02,57985,279.92
2026-10-02,20254,2.37
2026-10-02,20253,2.37
2026-10-02,20292,10.71
2026-10-02,20247,2.37
2026-10-02,20245,2.37
2026-10-02,20239,3.45
2026-10-02,20246,3.57
2026-10-02,20244,5.25
2026-10-02,20301,7.17
2026-10-02,20295,2.07
2026-10-02,20294,2.07
2026-10-02,53194,35.91
2026-10-02,52984,62.91
2026-10-02,52994,73.71
2026-10-02,57921,40.41
2026-10-02,57922,40.41
2026-10-02,54153,107.91
2026-10-02,54502,98.91
2026-10-02,54156,107.91
2026-10-02,54528,145.71
2026-10-02,54530,80.91
2026-10-02,28366,80.91
2026-10-02,24435,24.95
2026-10-02,53185,14.31
2026-10-02,53774,17.01
2026-10-02,54071,7.45
2026-10-02,57727,11.61
2026-10-02,60545,19.95
2026-10-02,53186,12.51
2026-10-02,20240,1.77
2026-10-02,42316,314.91
2026-10-02,63218,65.61
2026-10-02,55193,19.17
2026-10-02,45983,41.94
2026-10-02,46054,14.31
2026-10-02,36860,53.91
2026-10-02,55200,19.1
2026-10-02,24418,69.52
2026-10-02,45971,27.9
2026-10-02,55199,30.06
2026-10-02,55158,4.1
2026-10-02,36613,11.92
2026-10-02,24422,31.92
2026-10-02,36611,7.92
2026-10-02,55178,13.14
2026-10-02,24432,18.81
2026-10-02,44447,39.92
2026-10-02,17254,34.95
2026-10-02,55165,8.55
2026-10-02,57778,29.45
2026-10-02,58125,19.45
2026-10-02,57842,3.45
2026-10-02,57776,24.21
2026-10-02,57841,18.81
2026-10-02,54507,156.51
2026-10-02,54058,251.91
2026-10-02,54059,215.91
2026-10-02,54060,218.61
2026-10-02,55703,104.31
2026-10-02,46553,179.91
2026-10-02,58524,107.91
2026-10-02,47227,80.91
2026-10-02,54523,68.31
2026-10-02,20262,1.17
2026-10-02,53778,26.01
2026-10-02,53777,26.01
2026-10-02,53516,17.91
2026-10-02,53775,17.91
2026-10-02,58149,34.2
2026-10-02,60245,167.4
2026-10-02,60247,167.4
2026-10-02,65220,152.91
2026-10-02,53191,14.75
2026-10-02,53190,13.25
2026-10-02,53188,15.21
2026-10-02,57728,18.81
2026-10-02,54064,11.45
2026-10-02,57729,22.41
2026-10-02,24430,67.41
2026-10-02,54737,17.45
2026-10-02,55129,2.1
2026-10-02,55127,1.9
2026-10-02,55147,6.21
2026-10-02,54740,17.91
2026-10-02,54741,20.61
2026-10-02,11511,359.91
2026-10-02,65216,296.91
2026-10-02,55826,6.21
2026-10-02,58020,67.41
2026-10-02,33674,24.95
2026-10-02,51494,26.91
2026-10-02,52626,62.91
2026-10-02,65012,1899.05
2026-10-02,54795,89.97
2026-10-02,40319,34.93
2026-10-02,25687,29.95
2026-10-02,53719,31.41
2026-10-02,53716,11.61
2026-10-02,53715,11.61
2026-10-02,53523,28.71
2026-10-02,53526,22.41
2026-10-02,53528,30.51
2026-10-02,53525,28.71
2026-10-02,53524,30.51
2026-10-02,56380,25.11
2026-10-02,24447,12.45
2026-10-02,20258,3.27
2026-10-02,55843,26.91
2026-10-02,54796,20.97
2026-10-02,55805,1.08
2026-10-02,32470,1.45
2026-10-02,53833,23.97
2026-10-02,8704,89.91
2026-10-02,54797,101.97
2026-10-02,57779,26.45
2026-10-02,58128,44.91
2026-10-02,53462,5.97
2026-10-02,57738,40.41
2026-10-02,45457,224.91
2026-10-02,52968,697.41
2026-10-02,54748,136.71
2026-10-02,57746,55.71
2026-10-02,57745,53.01
2026-10-02,58526,44.91
2026-10-02,17260,53.91
2026-10-02,17262,89.91
2026-10-02,36608,59.92
2026-10-02,57927,207.81
2026-10-02,58139,74.61
2026-10-02,58143,125.01
2026-10-02,57691,54.95
2026-10-02,58142,22.45
2026-10-02,58141,60.21
2026-10-02,58134,42.0
2026-10-02,58135,74.61
2026-10-02,57694,34.95
2026-10-02,57744,42.21
2026-10-02,57743,42.21
2026-10-02,57993,271.92
2026-10-02,57742,32.31
2026-10-02,57741,35.91
2026-10-02,53835,68.97
2026-10-02,54799,20.97
2026-10-02,53836,8.97
2026-10-02,57731,49.41
2026-10-02,54117,40.05
2026-10-02,46079,5.75
2026-10-02,54743,31.41
2026-10-02,19263,112.41
2026-10-02,21614,28.71
2026-10-02,24429,62.01
2026-10-02,57737,25.11
2026-10-02,12171,127.92
2026-10-02,41485,337.41
2026-10-02,36862,18.81
2026-10-02,45985,2.3
2026-10-02,24431,53.91
2026-10-02,19262,71.91
2026-10-02,19349,71.91
2026-10-02,19348,80.91
2026-10-02,45941,26.1
2026-10-02,46015,26.91
2026-10-02,24428,84.95
2026-10-02,19266,161.91
2026-10-02,19265,168.21
2026-10-02,45988,0.6
2026-10-02,19580,18.81
2026-10-02,46492,197.91
2026-10-02,46465,116.91
2026-10-02,46468,179.91
2026-10-02,46444,179.91
2026-10-02,46474,161.91
2026-10-02,54800,14.97
2026-10-02,55369,112.41
2026-10-02,55370,112.41
2026-10-02,57721,41.31
2026-10-02,57720,28.71
2026-10-02,57719,20.61
2026-10-02,57723,41.31
2026-10-02,57712,56.61
2026-10-02,57722,53.91
2026-10-02,52379,94.41
2026-10-02,52378,80.91
2026-10-02,52975,145.71
2026-10-02,53105,49.41
2026-10-02,56406,24.21
2026-10-02,28356,170.91
2026-10-02,46534,179.91
2026-10-02,46522,179.91
2026-10-02,46524,116.91
2026-10-02,6034,152.91
2026-10-02,56481,143.91
2026-10-02,53056,44.91
2026-10-02,57256,44.91
2026-10-02,53840,11.97
2026-10-02,56979,125.91
2026-10-02,46441,170.91
2026-10-02,46533,134.91
2026-10-02,46458,116.91
2026-10-02,53842,17.97
2026-10-02,53843,23.97
2026-10-02,6044,116.91
2026-10-02,56479,125.91
2026-10-02,53142,26.97
2026-10-02,53084,11.97
2026-10-02,28348,179.91
2026-10-02,53845,8.97
2026-10-02,28367,161.91
2026-10-02,28355,170.91
2026-10-02,57428,116.91
2026-10-02,46547,134.91
2026-10-02,6005,179.91
2026-10-02,54802,17.97
2026-10-02,5999,179.91
2026-10-02,46532,179.91
2026-10-02,46538,170.91
2026-10-02,46540,179.91
2026-10-02,46462,206.91
2026-10-02,28347,206.91
2026-10-02,28349,152.91
2026-10-02,53455,2.97
2026-10-02,46535,179.91
2026-10-02,5989,206.91
2026-10-02,5995,215.91
2026-10-02,34966,26.91
2026-10-02,53124,13.41
2026-10-02,5988,206.91
2026-10-02,6003,206.91
2026-10-02,46464,179.91
2026-10-02,53848,56.97
2026-10-02,53140,5.97
2026-10-02,54035,5.97
2026-10-02,54036,17.91
2026-10-02,28353,143.91
2026-10-02,28341,143.91
2026-10-02,3822,143.91
2026-10-02,52515,80.1
2026-10-02,57257,44.91
2026-10-02,33781,179.91
2026-10-02,46521,134.91
2026-10-02,5984,215.91
2026-10-02,46546,179.91
2026-10-02,53957,20.97
2026-10-02,46459,116.91
2026-10-02,46438,206.91
2026-10-02,53958,5.97
2026-10-02,53456,29.97
2026-10-02,53458,37.47
2026-10-02,46549,170.91
2026-10-02,5993,179.91
2026-10-02,5992,179.91
2026-10-02,46545,179.91
2026-10-02,6008,161.91
2026-10-02,56978,134.91
2026-10-02,52472,89.91
2026-10-02,28357,179.91
2026-10-02,46487,116.91
2026-10-02,46476,116.91
2026-10-02,46481,116.91
2026-10-02,53144,8.97
2026-10-02,52519,71.1
2026-10-02,52608,134.91
2026-10-02,54805,14.97
2026-10-02,52997,152.91
2026-10-02,56419,296.91
2026-10-02,52995,170.91
2026-10-02,16795,212.42
2026-10-02,28364,89.91
2026-10-02,19346,85.41
2026-10-02,19264,159.9
2026-10-02,55152,3.8
2026-10-02,30038,49.41
2026-10-02,46045,67.41
2026-10-02,63219,23.31
2026-10-02,45939,2.4
2026-10-02,45975,4.32
2026-10-02,45949,1.4
2026-10-02,45994,2.0
2026-10-02,46004,3.6
2026-10-02,45974,2.0
2026-10-02,46000,3.6
2026-10-02,55167,5.5
2026-10-02,63090,37.44
2026-10-02,55202,45.9
2026-10-02,55191,18.72
2026-10-02,55192,10.4
2026-10-02,45993,1.5
2026-10-02,45927,1.5
2026-10-02,45920,2.34
2026-10-02,45926,2.34
2026-10-02,44437,47.92
2026-10-02,36603,89.95
2026-10-02,11328,287.01
2026-10-02,58523,143.91
2026-10-02,55198,27.54
2026-10-02,14368,91.92
2026-10-02,12174,175.92
2026-10-02,17194,51.92
2026-10-02,29948,319.92
2026-10-02,19566,45.52
2026-10-02,44441,27.45
2026-10-02,11330,74.61
2026-10-02,46056,41.31
2026-10-02,52240,179.91
2026-10-02,55616,33.21
2026-10-02,55159,14.31
2026-10-02,45986,31.41
2026-10-02,58152,4.45
2026-10-02,53853,16.47
2026-10-02,52985,32.31
2026-10-02,46523,341.91
2026-10-02,37990,839.0
2026-10-02,62314,134.91
2026-10-02,60244,100.0
2026-10-02,37991,809.1
2026-10-02,28344,179.9
2026-10-02,46511,170.91
2026-10-02,46519,179.9
2026-10-02,46505,170.91
2026-10-02,46453,999.9
2026-10-02,46493,449.0
2026-10-02,37237,83.61
2026-10-02,54061,58.41
2026-10-02,57418,71.91
2026-10-02,52241,71.91
2026-10-02,57894,107.91
2026-10-02,57429,89.91
2026-10-02,57417,107.91
2026-10-02,57425,179.91
2026-10-02,57420,116.91
2026-10-02,57928,62.91
2026-10-02,57749,62.91
2026-10-02,54066,34.95
2026-10-02,20257,1.77
2026-10-02,20255,1.77
2026-10-02,56410,94.41
2026-10-02,57426,71.91
2026-10-02,20296,1.77
2026-10-02,62445,49.41
2026-10-02,53751,4.95
2026-10-02,31895,26.91
2026-10-02,54068,9.95
2026-10-02,53187,13.41
2026-10-02,58131,22.45
2026-10-02,16212,24.21
2026-10-02,19569,32.31
2026-10-02,55203,59.31
2026-10-02,20270,1.77
2026-10-02,20260,3.87
2026-10-02,20261,6.57
2026-10-02,20242,1.35
2026-10-02,20269,1.77
2026-10-02,20237,2.67
2026-10-02,20238,4.17
2026-10-02,29942,89.91
2026-10-02,62438,40.41
2026-10-02,44448,75.92
2026-10-02,33662,212.42
2026-10-02,33664,76.42
2026-10-02,33656,169.92
2026-10-02,10966,365.41
2026-10-02,52587,53.91
2026-10-02,44446,19.95
2026-10-02,62444,16.11
2026-10-02,53765,12.51
2026-10-02,26546,539.91
2026-10-02,53766,20.61
2026-10-02,56984,223.93
2026-10-02,62402,22.41
2026-10-02,62262,22.41
2026-10-02,53314,22.41
2026-10-02,53315,22.41
2026-10-02,53453,8.97
2026-10-02,57730,19.71
2026-10-02,54812,14.97
2026-10-02,54815,34.47
2026-10-02,54816,34.47
2026-10-02,54817,34.47
2026-10-02,56970,62.91
2026-10-02,56971,62.91
2026-10-02,54055,12.45
2026-10-02,54053,44.91
2026-10-02,54057,25.11
2026-10-02,55142,3.4
2026-10-02,55143,3.4
2026-10-02,58146,19.95
2026-10-02,56968,62.91
2026-10-02,45973,4.5
2026-10-02,45954,4.5
2026-10-02,52839,6.21
2026-10-02,62433,9.95
2026-10-02,54062,6.45
2026-10-02,46120,46.71
2026-10-02,46046,46.71
2026-10-02,47229,20.61
2026-10-02,65215,116.91
2026-10-02,64853,234.0
2026-10-02,52993,53.01
2026-10-02,53086,5.97
2026-10-02,57431,71.91
2026-10-02,54813,29.97
2026-10-02,53087,8.97
2026-10-02,54761,23.97
2026-10-02,58525,139.95
2026-10-02,65218,296.91
2026-10-02,57774,26.91
2026-10-02,25677,26.91
2026-10-02,54018,4.95
2026-10-02,46125,17.01
2026-10-02,36863,5.45
2026-10-02,32459,18.45
2026-10-02,65217,161.91
2026-10-02,62456,207.81
2026-10-02,46014,26.01
2026-10-02,54015,7.45
2026-10-02,46112,36.0
2026-10-02,47230,31.41
2026-10-02,25721,7.95
2026-10-02,36610,44.91
2026-10-02,62457,156.51
2026-10-02,32882,4.95
2026-10-02,62260,512.91
2026-10-02,65214,152.91
2026-10-02,37941,44.95
2026-10-02,57844,279.92
2026-10-02,52973,231.21
2026-10-02,52977,47.61
2026-10-02,55620,51.21
2026-10-02,55622,68.31
2026-10-02,52980,94.41
2026-10-02,58514,152.91
2026-10-02,55629,4.95
2026-10-02,52979,94.41
2026-10-02,52981,17.01
2026-10-02,52982,34.11
2026-10-02,52175,59.31
2026-10-02,58173,73.71
2026-10-02,65009,664.05
2026-10-02,62319,115.11
2026-10-02,65011,569.05
2026-10-02,65219,125.91
2026-10-02,54818,19.47
2026-10-02,54819,38.97
2026-10-02,53856,68.97
2026-10-02,53463,1.47
2026-10-02,19579,31.41
2026-10-02,58160,43.92
2026-10-02,5997,49.95
2026-10-02,5996,20.0
2026-10-02,46012,9.81
2026-10-02,63220,16.11
2026-10-02,58170,8.91
2026-10-02,52371,8.91
2026-10-02,52373,14.31
2026-10-02,55130,4.41
2026-10-02,55172,20.61
2026-10-02,46010,9.81
2026-10-02,57772,12.51
2026-10-02,60542,2.95
2026-10-02,20259,3.15
2026-10-02,54466,1.31
2026-10-02,53063,4.41
2026-10-02,54820,29.97
2026-10-02,54821,29.97
2026-10-02,63658,89.91
2026-10-02,56484,134.91
2026-10-02,62447,229.9
2026-10-02,53371,8.91
2026-10-02,52527,224.91
2026-10-02,55360,134.91
2026-10-02,56413,89.01
2026-10-02,52529,49.95
2026-10-02,31044,359.91
2026-10-02,23634,152.91
2026-10-02,58271,31.5
2026-10-02,6167,429.3
2026-10-02,6147,609.3
2026-10-02,6150,879.3
2026-10-02,23379,1699.2
2026-10-02,6148,789.3
2026-10-02,6140,1689.3
2026-10-02,6141,1779.3
2026-10-02,54859,26.91
2026-10-02,24082,899.1
2026-10-02,24083,1349.1
2026-10-02,54864,35.91
2026-10-02,54865,62.91
2026-10-02,63499,8.91
2026-10-02,36812,35.91
2026-10-02,54288,71.91
2026-10-02,58304,58.5
2026-10-02,63416,62.91
2026-10-02,23666,719.1
2026-10-02,10791,22.41
2026-10-02,10692,22.41
2026-10-02,54293,22.41
2026-10-02,23974,26.91
2026-10-02,58251,269.1
2026-10-02,58267,121.5
2026-10-02,58246,269.1
2026-10-02,43760,44.91
2026-10-02,58262,121.5
2026-10-02,58264,269.1
2026-10-02,58250,269.1
2026-10-02,18199,62.91
2026-10-02,18191,62.91
2026-10-02,10625,62.91
2026-10-02,18387,53.91
2026-10-02,24078,199.8
2026-10-02,24077,199.8
2026-10-02,58281,89.1
2026-10-02,58280,89.1
2026-10-02,58279,89.1
2026-10-02,37251,26.91
2026-10-02,58277,60.3
2026-10-02,58274,141.3
2026-10-02,58278,60.3
2026-10-02,54724,80.91
2026-10-02,58282,269.1
2026-10-02,58283,199.8
2026-10-02,54715,7.11
2026-10-02,54717,7.11
2026-10-02,37087,35.91
2026-10-02,54358,22.41
2026-10-02,24039,71.91
2026-10-02,11692,242.91
2026-10-02,45318,206.91
2026-10-02,45319,359.91
2026-10-02,31049,269.91
2026-10-02,45320,152.91
2026-10-02,45321,251.91
2026-10-02,45322,341.91
2026-10-02,45323,431.91
2026-10-02,45327,759.6
2026-10-02,45328,1099.8
2026-10-02,45324,260.91
2026-10-02,45325,296.91
2026-10-02,45326,593.91
2026-10-02,31050,152.91
2026-10-02,24175,350.91
2026-10-02,24179,593.91
2026-10-02,24180,251.91
2026-10-02,24181,323.91
2026-10-02,24185,404.91
2026-10-02,45334,224.91
2026-10-02,18956,449.91
2026-10-02,18957,539.91
2026-10-02,18465,125.91
2026-10-02,63438,71.91
2026-10-02,50301,31.68
2026-10-02,6146,1619.1
2026-10-02,58302,49.5
2026-10-02,58303,80.1
2026-10-02,18162,26.91
2026-10-02,11117,399.6
2026-10-02,52441,138.24
2026-10-02,58294,89.1
2026-10-02,58300,60.3
2026-10-02,58286,121.5
2026-10-02,58289,132.3
2026-10-02,58298,89.1
2026-10-02,18175,49.5
2026-10-02,58291,123.3
2026-10-02,58295,123.3
2026-10-02,58287,60.3
2026-10-02,58296,89.1
2026-10-02,58370,159.3
2026-10-02,58292,159.3
2026-10-02,58290,149.4
2026-10-02,58293,123.3
2026-10-02,58297,69.3
2026-10-02,64857,269.91
2026-10-02,58275,69.3
2026-10-02,18190,62.91
2026-10-02,31052,62.91
2026-10-02,11681,62.91
2026-10-02,11682,62.91
2026-10-02,23314,62.91
2026-10-02,43747,62.91
2026-10-02,43740,35.91
2026-10-02,43743,35.91
2026-10-02,43742,35.91
2026-10-02,43782,31.41
2026-10-02,43741,35.91
2026-10-02,43746,31.41
2026-10-02,57081,179.91
2026-10-02,11685,179.91
2026-10-02,43756,89.91
2026-10-02,43759,89.91
2026-10-02,43757,89.91
2026-10-02,43754,89.91
2026-10-02,43749,89.91
2026-10-02,58248,499.5
2026-10-02,58249,499.5
2026-10-02,24235,62.91
2026-10-02,24062,62.91
2026-10-02,23319,62.91
2026-10-02,11683,62.91
2026-10-02,11684,62.91
2026-10-02,43752,62.91
2026-10-02,31051,62.91
2026-10-02,46408,44.91
2026-10-02,46411,44.91
2026-10-02,54731,26.91
2026-10-02,24226,62.91
2026-10-02,18192,62.91
2026-10-02,58307,62.91
2026-10-02,58309,62.91
2026-10-02,45329,62.91
2026-10-02,58263,62.91
2026-10-02,10645,71.91
2026-10-02,45335,179.91
2026-10-02,43755,89.91
2026-10-02,37254,89.91
2026-10-02,45333,89.91
2026-10-02,58270,89.91
2026-10-02,45330,89.91
2026-10-02,58266,89.91
2026-10-02,58247,62.91
2026-10-02,43970,62.91
2026-10-02,58310,62.91
2026-10-02,24232,62.91
2026-10-02,24236,62.91
2026-10-02,58265,62.91
2026-10-02,45332,62.91
2026-10-02,58306,62.91
2026-10-02,54336,35.91
2026-10-02,51199,44.91
2026-10-02,23317,62.91
2026-10-02,36809,58.5
2026-10-02,58305,53.1
2026-10-02,63513,44.91
2026-10-02,54854,22.41
2026-10-02,63516,53.91
2026-10-02,46694,22.41
2026-10-02,52250,8.91
2026-10-02,52249,8.91
2026-10-02,52252,8.91
2026-10-02,46627,8.91
2026-10-02,52244,8.91
2026-10-02,52245,8.91
2026-10-02,52251,8.91
2026-10-02,52246,8.91
2026-10-02,55066,55.98
2026-10-02,54347,44.91
2026-10-02,36817,62.91
2026-10-02,63514,49.41
2026-10-02,63511,40.41
2026-10-02,52477,31.41
2026-10-02,52479,31.41
2026-10-02,52480,31.41
2026-10-02,53290,17.91
2026-10-02,53289,17.91
2026-10-02,53293,8.91
2026-10-02,53294,8.91
2026-10-02,50380,62.91
2026-10-02,51783,44.91
2026-10-02,63512,71.91
2026-10-02,18140,35.91
2026-10-02,52530,22.41
2026-10-02,58260,229.5
2026-10-02,63418,179.91
2026-10-02,63503,44.91
2026-10-02,63504,22.41
2026-10-02,61694,4859.1
2026-10-02,61700,4859.1
2026-10-02,61702,4859.1
2026-10-02,61703,3023.1
2026-10-02,53561,170.91
2026-10-02,53560,170.91
2026-10-02,53549,152.91
2026-10-02,53562,179.91
2026-10-02,53563,197.91
2026-10-02,53566,215.91
2026-10-02,53565,224.91
2026-10-02,53427,19.9
2026-10-02,63069,47.61
2026-10-02,62909,38.61
2026-10-02,62910,38.61
2026-10-02,62911,38.61
2026-10-02,53545,98.91
2026-10-02,53325,108.0
2026-10-02,53355,98.91
2026-10-02,61701,10367.1
2026-10-02,61696,10367.1
2026-10-02,61693,10367.1
2026-10-02,61705,10691.1
2026-10-02,53287,107.91
2026-10-02,53286,44.91
2026-10-02,62208,152.92
2026-10-02,59288,449.95
2026-10-02,61706,11771.1
2026-10-02,53384,134.91
2026-10-02,53385,107.91
2026-10-02,61716,4211.1
2026-10-02,61855,16415.1
2026-10-02,61856,15011.1
2026-10-02,61717,16415.1
2026-10-02,53256,19.9
2026-10-02,53557,152.91
2026-10-02,53556,152.91
2026-10-02,53550,152.91
2026-10-02,53553,152.91
2026-10-02,53554,152.91
2026-10-02,53551,152.91
2026-10-02,53396,62.91
2026-10-02,53398,39.92
2026-10-02,61699,4751.1
2026-10-02,53547,71.91
2026-10-02,53548,71.91
2026-10-02,53546,89.91
2026-10-02,53569,87.3
2026-10-02,53332,95.4
2026-10-02,53331,95.4
2026-10-02,53330,95.4
2026-10-02,53363,116.91
2026-10-02,53380,22.41
2026-10-02,53102,53.01
2026-10-02,53713,104.31
2026-10-02,53706,121.41
2026-10-02,53755,71.91
2026-10-02,53707,53.01
2026-10-02,53732,94.41
2026-10-02,59961,2000.0
2026-10-02,46019,56.61
2026-10-02,56420,94.41
2026-10-02,46097,55.93
2026-10-02,53735,26.91
2026-10-02,53198,83.61
2026-10-02,53747,143.91
2026-10-02,53744,80.91
2026-10-02,53203,156.51
2026-10-02,53739,314.91
2026-10-02,53740,166.41
2026-10-02,53103,249.21
2026-10-02,53746,239.31
2026-10-02,53749,224.01
2026-10-02,56393,136.71
2026-10-02,53202,131.31
2026-10-02,55862,113.31
2026-10-02,53750,62.91
2026-10-02,55848,53.91
2026-10-02,55844,30.51
2026-10-02,53196,62.91
2026-10-02,53741,275.31
2026-10-02,53743,249.21
2026-10-02,56889,17.91
2026-10-02,53183,9.81
2026-10-02,40490,0.0
2026-10-02,53641,40.41
2026-10-02,42041,341.91
2026-10-02,42049,584.91
2026-10-02,42378,89.91
2026-10-02,39840,143.91
2026-10-02,64813,44.91
2026-10-02,64812,62.91
2026-10-02,55735,170.91
2026-10-02,38609,107.91
2026-10-02,64737,89.91
2026-10-02,64738,42.21
2026-10-02,64734,80.91
2026-10-02,64865,197.91
2026-10-02,58096,62.91
2026-10-02,31598,53.91
2026-10-02,52450,26.1
2026-10-02,64225,17.91
2026-10-02,64226,35.91
2026-10-02,52925,33.21
2026-10-02,57909,224.91
2026-10-02,52959,98.91
2026-10-02,64745,206.91
2026-10-02,64814,42.41
2026-10-02,64299,203.92
2026-10-02,64862,584.91
2026-10-02,64870,413.91
2026-10-02,64200,40.41
2026-10-02,64201,35.91
2026-10-02,52445,44.1
2026-10-02,64199,26.91
2026-10-02,64792,161.42
2026-10-02,64726,17.91
2026-10-02,63766,319.9
2026-10-02,63765,259.9
2026-10-02,63767,399.9
2026-10-02,38660,125.91
2026-10-02,64213,58.41
2026-10-02,64221,53.91
2026-10-02,64218,26.91
2026-10-02,64192,20.61
2026-10-02,63063,39.42
2026-10-02,64191,44.91
2026-10-02,64190,26.91
2026-10-02,64189,21.51
2026-10-02,52219,116.91
2026-10-02,52221,44.91
2026-10-02,52222,44.91
2026-10-02,64215,26.91
2026-10-02,64198,29.61
2026-10-02,63064,39.6
2026-10-02,64212,31.41
2026-10-02,64222,35.91
2026-10-02,64194,29.61
2026-10-02,64193,26.91
2026-10-02,64730,31.41
2026-10-02,64732,31.41
2026-10-02,64731,31.41
2026-10-02,52568,134.91
2026-10-02,52550,125.91
2026-10-02,53340,134.91
2026-10-02,52564,98.91
2026-10-02,52546,125.91
2026-10-02,58097,80.91
2026-10-02,53643,71.91
2026-10-02,53644,71.91
2026-10-02,52940,80.91
2026-10-02,53645,35.91
2026-10-02,53646,35.91
2026-10-02,58098,35.91
2026-10-02,52571,33.21
2026-10-02,64728,19.71
2026-10-02,64729,19.71
2026-10-02,64727,20.61
2026-10-02,64742,15.21
2026-10-02,64220,53.91
2026-10-02,64217,76.41
2026-10-02,64736,35.91
2026-10-02,64783,107.91
2026-10-02,52943,170.91
2026-10-02,52567,152.91
2026-10-02,64197,71.91
2026-10-02,64195,53.91
2026-10-02,64214,35.91
2026-10-02,64788,26.91
2026-10-02,31596,62.91
2026-10-02,31597,49.41
2026-10-02,52949,49.41
2026-10-02,52950,44.91
2026-10-02,31595,60.21
2026-10-02,64799,39.51
2026-10-02,64800,80.91
2026-10-02,64790,127.42
2026-10-02,57819,152.91
2026-10-02,64818,54.81
2026-10-02,52951,62.91
2026-10-02,58034,44.91
2026-10-02,64805,51.21
2026-10-02,64807,152.91
2026-10-02,64811,44.91
2026-10-02,64204,22.41
2026-10-02,64228,17.91
2026-10-02,64206,18.0
2026-10-02,64216,40.41
2026-10-02,64791,26.91
2026-10-02,52534,107.91
2026-10-02,57908,31.41
2026-10-02,64224,22.41
2026-10-02,64739,51.21
2026-10-02,64733,31.41
2026-10-02,64735,31.41
2026-10-02,57906,31.41
2026-10-02,52953,89.91
2026-10-02,57700,179.91
2026-10-02,64803,134.91
2026-10-02,64817,63.81
2026-10-02,64798,31.41
2026-10-02,64802,44.91
2026-10-02,64338,31.36
2026-10-02,52451,63.67
2026-10-02,52452,48.36
2026-10-02,58099,13.41
2026-10-02,58100,17.91
2026-10-02,64219,58.41
2026-10-02,64229,80.91
2026-10-02,64196,35.91
2026-10-02,52724,26.91
2026-10-02,38591,62.91
2026-10-02,52632,31.41
2026-10-02,57907,31.41
2026-10-02,64202,35.91
2026-10-02,64223,22.41
2026-10-02,64227,31.41
2026-10-02,64185,21.51
2026-10-02,64188,26.91
2026-10-02,64801,69.21
2026-10-02,64797,107.91
2026-10-02,52449,53.91
2026-10-02,52533,62.91
2026-10-02,64186,35.91
2026-10-02,64182,44.91
2026-10-02,64187,39.51
2026-10-02,64179,44.91
2026-10-02,64180,62.91
2026-10-02,64178,44.91
2026-10-02,64181,35.91
2026-10-02,64746,17.91
2026-10-02,57882,44.1
2026-10-02,44960,31.41
2026-10-02,44962,31.41
2026-10-02,64183,53.91
2026-10-02,64823,107.91
2026-10-02,64822,161.91
2026-10-02,64806,85.41
2026-10-02,64203,26.91
2026-10-02,64209,31.05
2026-10-02,57589,341.91
2026-10-02,64804,69.21
2026-10-02,64741,15.21
2026-10-02,64808,179.91
2026-10-02,52962,49.41
2026-10-02,58103,60.21
2026-10-02,53648,49.41
2026-10-02,53649,49.41
2026-10-02,52963,49.41
2026-10-02,58104,49.41
2026-10-02,52453,63.67
2026-10-02,52414,59.42
2026-10-02,52416,55.17
2026-10-02,52415,63.67
2026-10-02,64816,33.91
2026-10-02,64815,59.42
2026-10-02,64340,33.91
2026-10-02,64341,33.91
2026-10-02,64796,71.91
2026-10-02,64794,161.91
2026-10-02,64795,116.91
2026-10-02,31599,161.91
2026-10-02,64205,67.41
2026-10-02,64207,80.91
2026-10-02,64810,62.91
2026-10-02,64809,89.91
2026-10-02,52220,134.91
2026-10-02,58074,67.41
2026-10-02,64308,15.21
2026-10-02,31590,44.91
2026-10-02,10138,224.91
2026-10-02,57762,71.91
2026-10-02,28642,11.61
2026-10-02,16774,38.61
2026-10-02,28686,12.51
2026-10-02,28714,8.91
2026-10-02,38850,49.41
2026-10-02,15663,116.91
2026-10-02,64699,26.91
2026-10-02,36585,80.91
2026-10-02,36587,143.91
2026-10-02,36586,44.91
2026-10-02,64374,53.91
2026-10-02,64375,80.91
2026-10-02,27157,71.91
2026-10-02,49040,71.91
2026-10-02,30031,53.91
2026-10-02,30154,169.9
2026-10-02,64713,134.91
2026-10-02,12082,129.9
2026-10-02,12083,395.1
2026-10-02,16778,62.91
2026-10-02,12092,422.1
2026-10-02,10224,359.1
2026-10-02,14137,197.91
2026-10-02,62919,35.91
2026-10-02,15661,134.91
2026-10-02,16777,53.91
2026-10-02,32317,260.91
2026-10-02,49146,179.91
2026-10-02,55003,97.02
2026-10-02,34215,98.91
2026-10-02,34216,98.91
2026-10-02,49355,19.9
2026-10-02,64720,35.01
2026-10-02,64712,89.91
2026-10-02,64129,15.21
2026-10-02,27175,19.9
2026-10-02,28685,12.51
2026-10-02,13823,397.0
2026-10-02,64719,53.91
2026-10-02,20405,11.61
2026-10-02,49036,2789.0
2026-10-02,12103,62.91
2026-10-02,18346,152.91
2026-10-02,14460,80.91
2026-10-02,16787,49.41
2026-10-02,64147,719.91
2026-10-02,32331,782.1
2026-10-02,32330,674.1
2026-10-02,12087,962.1
2026-10-02,48395,299.0
2026-10-02,49803,107.91
2026-10-02,49598,512.1
2026-10-02,49626,287.91
2026-10-02,38842,260.1
2026-10-02,41975,377.91
2026-10-02,50543,53.91
2026-10-02,12101,377.1
2026-10-02,10228,197.91
2026-10-02,34199,161.91
2026-10-02,49256,224.91
2026-10-02,47050,1349.6
2026-10-02,47460,727.04
2026-10-02,49704,89.91
2026-10-02,49834,71.91
2026-10-02,55613,224.91
2026-10-02,38852,35.91
2026-10-02,38851,98.91
2026-10-02,30042,71.91
2026-10-02,49350,19.9
2026-10-02,32311,107.91
2026-10-02,38849,30.51
2026-10-02,12105,116.91
2026-10-02,49159,7.11
2026-10-02,32307,33.21
2026-10-02,38853,26.91
2026-10-02,17834,71.91
2026-10-02,12368,62.91
2026-10-02,49632,58.41
2026-10-02,50467,19.9
2026-10-02,12367,80.91
2026-10-02,32314,206.91
2026-10-02,31778,71.91
2026-10-02,55034,11.61
2026-10-02,10227,197.91
2026-10-02,25337,899.1
2026-10-02,32342,386.91
2026-10-02,32436,512.1
2026-10-02,18404,134.91
2026-10-02,18400,60.21
2026-10-02,18402,125.91
2026-10-02,49824,60.21
2026-10-02,49825,60.21
2026-10-02,18398,89.91
2026-10-02,18395,125.91
2026-10-02,18396,107.91
2026-10-02,18397,107.91
2026-10-02,49777,71.91
2026-10-02,50866,58.41
2026-10-02,50293,17.91
2026-10-02,26730,9.81
2026-10-02,48332,10.71
2026-10-02,32313,314.1
2026-10-02,32309,143.91
2026-10-02,32310,161.91
2026-10-02,49827,89.1
2026-10-02,49712,179.91
2026-10-02,34217,99.9
2026-10-02,49412,71.91
2026-10-02,64145,782.1
2026-10-02,16782,189.9
2026-10-02,38854,89.91
2026-10-02,64130,62.91
2026-10-02,50294,35.91
2026-10-02,16752,114.21
2026-10-02,28721,12.51
2026-10-02,16748,26.91
2026-10-02,50857,71.91
2026-10-02,27169,13.41
2026-10-02,49721,773.91
2026-10-02,48205,42.21
2026-10-02,54998,170.91
2026-10-02,42024,46.6
2026-10-02,55395,40.41
2026-10-02,49601,299.0
2026-10-02,49478,134.91
2026-10-02,56973,94.41
2026-10-02,59456,1119.0
2026-10-02,47663,1439.0
2026-10-02,59342,1199.0
2026-10-02,50409,40.41
2026-10-02,26732,17.91
2026-10-02,64718,31.41
2026-10-02,16779,125.91
2026-10-02,12361,116.91
2026-10-02,48288,71.91
2026-10-02,50295,40.41
2026-10-02,16786,44.91
2026-10-02,50865,58.41
2026-10-02,46643,22.41
2026-10-02,12359,179.91
2026-10-02,48240,21.51
2026-10-02,20236,44.91
2026-10-02,12094,341.1
2026-10-02,16760,85.41
2026-10-02,49254,161.91
2026-10-02,49082,40.41
2026-10-02,49257,116.91
2026-10-02,64118,87.21
2026-10-02,64121,87.21
2026-10-02,64127,134.91
2026-10-02,50154,209.93
2026-10-02,50153,209.93
2026-10-02,64124,134.91
2026-10-02,64122,134.91
2026-10-02,64128,179.91
2026-10-02,64123,134.91
2026-10-02,50157,181.93
2026-10-02,50156,181.93
2026-10-02,50155,181.93
2026-10-02,47488,41.17
2026-10-02,47493,7.43
2026-10-02,47489,18.67
2026-10-02,64116,35.91
2026-10-02,64125,71.91
2026-10-02,64117,51.21
2026-10-02,64126,89.91
2026-10-02,64120,51.21
2026-10-02,64115,51.21
2026-10-02,39006,254.91
2026-10-02,38998,152.92
2026-10-02,38999,254.91
2026-10-02,39005,390.91
2026-10-02,44620,186.92
2026-10-02,47875,186.92
2026-10-02,44617,186.92
2026-10-02,47876,254.91
2026-10-02,47880,254.91
2026-10-02,47878,254.91
2026-10-02,47883,152.92
2026-10-02,44619,365.41
2026-10-02,47873,203.92
2026-10-02,47879,203.92
2026-10-02,47874,288.91
2026-10-02,47882,288.91
2026-10-02,7739,67.43
2026-10-02,47490,27.67
2026-10-02,47491,41.17
2026-10-02,47494,48.68
2026-10-02,64363,199.2
2026-10-02,64956,127.92
2026-10-02,50622,307.3
2026-10-02,50620,307.3
2026-10-02,50625,244.3
2026-10-02,50618,97.93
2026-10-02,63549,244.3
2026-10-02,63548,139.93
2026-10-02,50619,251.3
2026-10-02,50621,307.3
2026-10-02,37225,35.91
2026-10-02,50623,244.3
2026-10-02,41774,103.92
2026-10-02,42004,207.92
2026-10-02,41858,103.92
2026-10-02,46868,359.92
2026-10-02,41866,103.92
2026-10-02,38647,95.92
2026-10-02,38646,183.92
2026-10-02,32146,127.92
2026-10-02,50657,119.92
2026-10-02,50660,191.92
2026-10-02,50659,279.92
2026-10-02,7742,59.93
2026-10-02,7745,11.93
2026-10-02,7746,22.42
2026-10-02,6457,172.43
2026-10-02,39002,127.42
2026-10-02,44624,127.42
2026-10-02,44622,127.42
2026-10-02,47877,161.42
2026-10-02,39003,161.42
2026-10-02,47881,152.92
2026-10-02,44623,161.42
2026-10-02,50488,103.92
2026-10-02,50490,143.92
2026-10-02,38997,254.91
2026-10-02,44627,254.91
2026-10-02,39001,365.41
2026-10-02,7747,5.18
2026-10-02,7748,9.68
2026-10-02,63552,199.2
2026-10-02,64360,199.2
2026-10-02,64974,135.92
2026-10-02,29607,98.91
2026-10-02,63551,199.2
2026-10-02,7749,74.93
2026-10-02,7751,97.43
2026-10-02,50591,272.3
2026-10-02,50675,244.3
2026-10-02,50678,209.3
2026-10-02,50674,244.3
2026-10-02,50593,272.3
2026-10-02,50594,272.3
2026-10-02,48558,258.3
2026-10-02,50671,83.3
2026-10-02,50586,107.91
2026-10-02,50584,118.93
2026-10-02,50677,202.3
2026-10-02,50589,195.3
2026-10-02,50590,195.3
2026-10-02,50592,195.3
2026-10-02,64364,199.2
2026-10-02,64362,559.2
2026-10-02,7730,29.92
2026-10-02,64365,199.2
2026-10-02,64359,199.2
2026-10-02,64972,79.92
2026-10-02,44851,125.91
2026-10-02,44852,148.41
2026-10-02,63553,199.2
2026-10-02,7732,26.17
2026-10-02,7733,37.42
2026-10-02,7737,44.92
2026-10-02,7738,10.43
2026-10-02,55042,53.1
2026-10-02,7753,74.93
2026-10-02,7755,59.93
2026-10-02,64970,183.92
2026-10-02,7757,5.18
2026-10-02,7736,9.68
2026-10-02,7735,17.17
2026-10-02,7734,22.42
2026-10-02,38996,263.41
2026-10-02,39000,399.41
2026-10-02,39004,152.92
2026-10-02,64361,199.2
2026-10-02,12098,314.1
2026-10-02,18344,260.1
2026-10-02,12099,314.1
2026-10-02,12088,179.91
2026-10-02,30045,809.1
2026-10-02,38843,494.91
2026-10-02,64146,199.9
2026-10-02,12102,764.1
2026-10-02,12089,701.1
2026-10-02,12830,512.1
2026-10-02,38858,251.91
2026-10-02,32326,899.1
2026-10-02,49145,989.1
2026-10-02,28629,467.1
2026-10-02,28684,251.91
2026-10-02,64139,319.9
2026-10-02,34210,296.91
2026-10-02,32325,999.0
2026-10-02,34209,341.91
2026-10-02,64138,386.91
2026-10-02,49147,40.41
2026-10-02,36582,26.91
2026-10-02,63687,84.48
2026-10-02,38847,107.91
2026-10-02,16750,125.91
2026-10-02,48490,71.91
2026-10-02,32438,80.91
2026-10-02,16755,33.21
2026-10-02,60589,8.91
2026-10-02,50872,89.91
2026-10-02,50871,89.91
2026-10-02,49630,404.91
2026-10-02,31265,314.1
2026-10-02,31267,314.1
2026-10-02,38656,119.9
2026-10-02,10140,251.91
2026-10-02,49157,80.91
2026-10-02,12095,449.1
2026-10-02,48196,11.61
2026-10-02,48628,17.91
2026-10-02,48194,31.41
2026-10-02,48192,8.91
2026-10-02,48539,19.9
2026-10-02,48547,19.9
2026-10-02,37228,9.9
2026-10-02,55005,9.9
2026-10-02,55009,9.9
2026-10-02,55007,9.9
2026-10-02,55002,9.9
2026-10-02,30043,999.0
2026-10-02,49144,89.91
2026-10-02,49143,80.91
2026-10-02,20249,962.1
2026-10-02,64700,17.91
2026-10-02,38862,107.91
2026-10-02,13041,116.91
2026-10-02,49154,98.91
2026-10-02,32327,1199.0
2026-10-02,22423,251.1
2026-10-02,58070,26.91
2026-10-02,49037,386.1
2026-10-02,16757,35.91
2026-10-02,54684,152.91
2026-10-02,48487,62.91
2026-10-02,48492,71.91
2026-10-02,38855,103.41
2026-10-02,16766,15.21
2026-10-02,12833,359.91
2026-10-02,55612,35.91
2026-10-02,25338,296.1
2026-10-02,7009,188.91
2026-10-02,49033,206.91
2026-10-02,64722,116.91
2026-10-02,15662,71.91
2026-10-02,55602,35.91
2026-10-02,21290,49.5
2026-10-02,36787,224.1
2026-10-02,57763,197.91
2026-10-02,57764,179.91
2026-10-02,55025,34.65
2026-10-02,10141,269.1
2026-10-02,64131,125.91
2026-10-02,64133,159.9
2026-10-02,7007,269.1
2026-10-02,28718,22.41
2026-10-02,28717,44.91
2026-10-02,57724,39.9
2026-10-02,55605,170.91
2026-10-02,16781,26.91
2026-10-02,64723,24.21
2026-10-02,64724,17.91
2026-10-02,48219,197.91
2026-10-02,28712,22.41
2026-10-02,34206,107.91
2026-10-02,34207,107.91
2026-10-02,34208,107.91
2026-10-02,49714,107.91
2026-10-02,12366,116.91
2026-10-02,18343,21.51
2026-10-02,15660,467.1
2026-10-02,50408,17.91
2026-10-02,35551,323.1
2026-10-02,28715,71.91
2026-10-02,32336,449.1
2026-10-02,32337,404.1
2026-10-02,49255,629.1
2026-10-02,64148,314.1
2026-10-02,64142,287.91
2026-10-02,64143,404.1
2026-10-02,16767,44.91
2026-10-02,64137,125.91
2026-10-02,50864,134.91
2026-10-02,64132,143.91
2026-10-02,35540,206.91
2026-10-02,58071,440.1
2026-10-02,35549,431.1
2026-10-02,34202,134.91
2026-10-02,64711,71.91
2026-10-02,12357,125.91
2026-10-02,64715,62.91
2026-10-02,49826,170.91
2026-10-02,49833,53.91
2026-10-02,49831,62.91
2026-10-02,64368,53.91
2026-10-02,49041,89.91
2026-10-02,49042,197.91
2026-10-02,49705,35.91
2026-10-02,49086,53.91
2026-10-02,49087,8.91
2026-10-02,28713,9.81
2026-10-02,28719,40.41
2026-10-02,17837,53.91
2026-10-02,32306,71.91
2026-10-02,64725,22.41
2026-10-02,64372,53.91
2026-10-02,50862,67.41
2026-10-02,37178,35.91
2026-10-02,57725,62.91
2026-10-02,64373,49.41
2026-10-02,49336,149.9
2026-10-02,49806,476.1
2026-10-02,50469,19.9
2026-10-02,48638,152.91
2026-10-02,49480,53.91
2026-10-02,49083,33.21
2026-10-02,48605,98.91
2026-10-02,48606,98.91
2026-10-02,50126,103.92
2026-10-02,50127,183.92
2026-10-02,50119,103.92
2026-10-02,50121,314.91
2026-10-02,50117,44.91
2026-10-02,48604,179.91
2026-10-02,51455,263.92
2026-10-02,50476,80.91
2026-10-02,50628,134.91
2026-10-02,50627,449.1
2026-10-02,50629,134.91
2026-10-02,49713,98.91
2026-10-02,45771,4.41
2026-10-02,45873,7.2
2026-10-02,45874,4.5
2026-10-02,51950,9.45
2026-10-02,51142,16.11
2026-10-02,51981,16.11
2026-10-02,51526,9.45
2026-10-02,51544,4.05
2026-10-02,51547,4.05
2026-10-02,45862,13.41
2026-10-02,45775,13.41
2026-10-02,57105,3.6
2026-10-02,52063,3.6
2026-10-02,52906,21.51
2026-10-02,52018,4.05
2026-10-02,51982,12.51
2026-10-02,51983,12.51
2026-10-02,51984,12.51
2026-10-02,51985,12.51
2026-10-02,57528,13.95
2026-10-02,59051,13.95
2026-10-02,45876,8.01
2026-10-02,45875,8.01
2026-10-02,59052,13.95
2026-10-02,45853,8.01
2026-10-02,45784,6.21
2026-10-02,45785,6.21
2026-10-02,45786,6.21
2026-10-02,45787,9.45
2026-10-02,45788,9.45
2026-10-02,50697,9.45
2026-10-02,57603,17.91
2026-10-02,53962,17.91
2026-10-02,57550,21.51
2026-10-02,51987,17.91
2026-10-02,53963,17.91
2026-10-02,51396,4.68
2026-10-02,57288,4.95
2026-10-02,57538,13.41
2026-10-02,57539,2.7
2026-10-02,51746,17.91
2026-10-02,52871,8.91
2026-10-02,57614,6.75
2026-10-02,51951,6.75
2026-10-02,51549,4.05
2026-10-02,51952,15.21
2026-10-02,51143,2.61
2026-10-02,51144,2.7
2026-10-02,51545,20.61
2026-10-02,51546,32.31
2026-10-02,57617,20.61
2026-10-02,58908,2.25
2026-10-02,51548,7.56
2026-10-02,51991,44.01
2026-10-02,51992,44.01
2026-10-02,51993,7.65
2026-10-02,52019,38.61
2026-10-02,52020,38.61
2026-10-02,54834,38.61
2026-10-02,52021,38.61
2026-10-02,51528,38.61
2026-10-02,52022,38.61
2026-10-02,51308,9.45
2026-10-02,45825,4.41
2026-10-02,52016,38.61
2026-10-02,51954,9.81
2026-10-02,51956,50.85
2026-10-02,52023,27.81
2026-10-02,51988,20.61
2026-10-02,51955,10.71
2026-10-02,51166,27.81
2026-10-02,51167,27.81
2026-10-02,57551,21.51
2026-10-02,32283,3.78
2026-10-02,45836,5.4
2026-10-02,45838,5.4
2026-10-02,45826,3.78
2026-10-02,52105,224.91
2026-10-02,48662,1712.41
2026-10-02,48663,1022.21
2026-10-02,48664,1380.91
2026-10-02,48665,2490.16
2026-10-02,52104,229.16
2026-10-02,52107,1009.46
2026-10-02,45899,9.81
2026-10-02,45902,9.81
2026-10-02,57623,21.51
2026-10-02,54531,71.91
2026-10-02,51996,17.91
2026-10-02,51777,15.21
2026-10-02,54435,10.71
2026-10-02,54784,17.91
2026-10-02,45835,3.6
2026-10-02,45837,3.6
2026-10-02,45795,3.78
2026-10-02,45841,5.4
2026-10-02,45797,3.78
2026-10-02,45799,5.4
2026-10-02,45840,3.78
2026-10-02,45800,5.4
2026-10-02,51140,35.01
2026-10-02,51141,30.51
2026-10-02,51640,14.85
2026-10-02,51539,14.85
2026-10-02,51639,11.61
2026-10-02,57636,30.51
2026-10-02,51283,14.31
2026-10-02,52899,21.51
2026-10-02,51145,11.25
2026-10-02,51146,11.25
2026-10-02,57375,10.71
2026-10-02,51615,9.45
2026-10-02,52897,21.51
2026-10-02,51541,26.91
2026-10-02,64877,14.31
2026-10-02,51497,4.95
2026-10-02,57546,4.41
2026-10-02,52001,4.05
2026-10-02,52002,4.05
2026-10-02,45908,23.31
2026-10-02,45909,23.31
2026-10-02,45843,23.31
2026-10-02,45910,23.31
2026-10-02,52073,8.28
2026-10-02,52025,26.91
2026-10-02,52059,12.51
2026-10-02,57508,17.91
2026-10-02,45834,12.51
2026-10-02,45878,7.65
2026-10-02,57294,12.51
2026-10-02,45845,7.65
2026-10-02,54314,12.51
2026-10-02,45848,7.65
2026-10-02,57535,13.95
2026-10-02,57536,13.95
2026-10-02,45846,8.01
2026-10-02,45849,8.01
2026-10-02,64863,539.1
2026-10-02,45856,71.91
2026-10-02,53531,170.91
2026-10-02,45893,170.91
2026-10-02,57107,71.91
2026-10-02,53530,31.41
2026-10-02,51819,16.11
2026-10-02,51818,16.11
2026-10-02,51816,53.91
2026-10-02,51820,16.11
2026-10-02,51821,40.41
2026-10-02,45774,6.66
2026-10-02,51740,3.15
2026-10-02,51737,3.15
2026-10-02,58974,17.91
2026-10-02,51738,3.15
2026-10-02,51744,3.15
2026-10-02,51739,3.15
2026-10-02,45896,8.01
2026-10-02,51999,20.61
2026-10-02,45852,35.91
2026-10-02,52072,4.05
2026-10-02,51503,13.41
2026-10-02,45900,15.21
2026-10-02,45903,13.41
2026-10-02,51614,5.31
2026-10-02,51616,9.45
2026-10-02,51778,10.35
2026-10-02,52006,9.45
2026-10-02,51161,23.31
2026-10-02,51162,22.5
2026-10-02,51657,11.61
2026-10-02,51665,2.61
2026-10-02,51659,2.61
2026-10-02,51658,11.61
2026-10-02,52070,3.15
2026-10-02,57185,21.51
2026-10-02,52003,8.55
2026-10-02,51638,6.75
2026-10-02,51660,11.61
2026-10-02,52069,11.61
2026-10-02,52071,2.61
2026-10-02,52076,2.61
2026-10-02,57627,21.51
2026-10-02,57628,21.51
2026-10-02,57632,20.25
2026-10-02,53849,25.65
2026-10-02,53089,25.65
2026-10-02,53850,29.25
2026-10-02,50968,20.25
2026-10-02,57635,20.25
2026-10-02,51743,3.15
2026-10-02,51742,3.15
2026-10-02,51741,3.15
2026-10-02,51745,3.15
2026-10-02,45818,9.81
2026-10-02,45819,9.81
2026-10-02,52007,30.15
2026-10-02,54806,14.31
2026-10-02,54807,30.15
2026-10-02,52008,14.31
2026-10-02,53960,30.15
2026-10-02,54808,14.31
2026-10-02,52027,17.91
2026-10-02,48134,319.41
2026-10-02,48153,175.5
2026-10-02,59045,14.31
2026-10-02,57515,14.31
2026-10-02,45869,3.78
2026-10-02,57189,5.4
2026-10-02,51523,23.31
2026-10-02,45904,53.91
2026-10-02,45872,53.91
2026-10-02,45907,53.91
2026-10-02,51315,37.71
2026-10-02,51515,40.41
2026-10-02,57369,6.21
2026-10-02,51517,6.21
2026-10-02,53515,15.21
2026-10-02,51815,14.31
2026-10-02,51817,14.31
2026-10-02,45793,125.91
2026-10-02,45794,125.91
2026-10-02,48122,449.91
2026-10-02,48124,449.91
2026-10-02,48128,449.91
2026-10-02,48121,296.91
2026-10-02,45730,161.91
2026-10-02,48127,1079.1
2026-10-02,45734,197.91
2026-10-02,45727,197.91
2026-10-02,45736,197.91
2026-10-02,45740,197.91
2026-10-02,45738,197.91
2026-10-02,45741,197.91
2026-10-02,45739,197.91
2026-10-02,48126,710.91
2026-10-02,48125,296.91
2026-10-02,48151,76.41
2026-10-02,48160,89.91
2026-10-02,48157,530.91
2026-10-02,48137,53.91
2026-10-02,48140,53.91
2026-10-02,48155,332.91
2026-10-02,48146,116.91
2026-10-02,48149,89.91
2026-10-02,48166,139.41
2026-10-02,45809,84.83
2026-10-02,45805,72.54
2026-10-02,45806,318.82
2026-10-02,48123,548.91
2026-10-02,45808,72.54
2026-10-02,45812,57.33
2026-10-02,45810,117.0
2026-10-02,45811,95.36
2026-10-02,45824,233.91
2026-10-02,45829,206.91
2026-10-02,45827,116.91
2026-10-02,48177,71.91
2026-10-02,48138,71.91
2026-10-02,48141,71.91
2026-10-02,48132,58.41
2026-10-02,48147,260.91
2026-10-02,48156,440.91
2026-10-02,48159,440.91
2026-10-02,48150,440.91
2026-10-02,48144,89.91
2026-10-02,48175,44.91
2026-10-02,48135,76.41
2026-10-02,48162,53.84
2026-10-02,51727,53.84
2026-10-02,48167,78.53
2026-10-02,48173,74.88
2026-10-02,48170,74.88
2026-10-02,48176,85.56
2026-10-02,48131,85.56
2026-10-02,63734,101.25
2026-10-02,63739,112.5
2026-10-02,63740,112.5
2026-10-02,45863,233.91
2026-10-02,45867,233.91
2026-10-02,48139,467.91
2026-10-02,48174,305.91
2026-10-02,48158,1079.1
2026-10-02,48148,467.91
2026-10-02,48154,467.91
2026-10-02,48161,467.91
2026-10-02,48143,467.91
2026-10-02,48152,674.91
2026-10-02,48169,233.91
2026-10-02,48133,233.91
2026-10-02,48136,476.91
2026-10-02,48171,197.91
2026-10-02,48129,413.91
2026-10-02,48145,467.91
2026-10-02,63737,149.63
2026-10-02,48165,566.91
2026-10-02,48164,566.91
2026-10-02,48168,944.91
2026-10-02,52029,17.28
2026-10-02,45830,38.61
2026-10-02,58527,71.91
2026-10-02,58522,62.91
