fecha,id_producto,precio
2026-08-01 00:00:00,56915,19.9
2026-08-01 00:00:00,54667,15.6
2026-08-01 00:00:00,56914,49.9
2026-08-01 00:00:00,64750,129.9
2026-08-01 00:00:00,56879,112.9
2026-08-01 00:00:00,56880,5.0
2026-08-01 00:00:00,64284,105.9
2026-08-01 00:00:00,15933,42.9
2026-08-01 00:00:00,16812,34.9
2026-08-01 00:00:00,63828,399.0
2026-08-01 00:00:00,59409,1699.0
2026-08-01 00:00:00,59407,1899.0
2026-08-01 00:00:00,59461,1969.0
2026-08-01 00:00:00,63272,8.45
2026-08-01 00:00:00,63274,7.45
2026-08-01 00:00:00,63273,7.45
2026-08-01 00:00:00,56334,256.0
2026-08-01 00:00:00,64293,54.9
2026-08-01 00:00:00,47666,329.0
2026-08-01 00:00:00,58192,549.0
2026-08-01 00:00:00,18728,367.2
2026-08-01 00:00:00,54664,26.4
2026-08-01 00:00:00,56513,20.9
2026-08-01 00:00:00,54668,20.9
2026-08-01 00:00:00,56510,20.1
2026-08-01 00:00:00,56511,25.9
2026-08-01 00:00:00,56512,47.5
2026-08-01 00:00:00,56506,33.3
2026-08-01 00:00:00,20818,30.9
2026-08-01 00:00:00,64233,8.9
2026-08-01 00:00:00,64232,7.9
2026-08-01 00:00:00,64231,7.9
2026-08-01 00:00:00,63236,2.8
2026-08-01 00:00:00,56900,2.0
2026-08-01 00:00:00,56901,2.0
2026-08-01 00:00:00,51851,309.0
2026-08-01 00:00:00,56883,5.0
2026-08-01 00:00:00,27643,34.9
2026-08-01 00:00:00,64288,289.0
2026-08-01 00:00:00,60590,3.9
2026-08-01 00:00:00,60592,5.9
2026-08-01 00:00:00,56507,47.2
2026-08-01 00:00:00,63838,12.9
2026-08-01 00:00:00,64665,1.5
2026-08-01 00:00:00,64664,1.5
2026-08-01 00:00:00,64663,16.9
2026-08-01 00:00:00,53475,49.9
2026-08-01 00:00:00,21089,15.9
2026-08-01 00:00:00,53023,79.9
2026-08-01 00:00:00,64236,39.9
2026-08-01 00:00:00,24654,109.9
2026-08-01 00:00:00,24665,239.2
2026-08-01 00:00:00,53033,249.9
2026-08-01 00:00:00,27988,25.9
2026-08-01 00:00:00,27994,22.9
2026-08-01 00:00:00,27991,24.9
2026-08-01 00:00:00,27992,24.9
2026-08-01 00:00:00,53068,52.9
2026-08-01 00:00:00,58064,60.9
2026-08-01 00:00:00,51645,79.9
2026-08-01 00:00:00,13211,96.0
2026-08-01 00:00:00,16581,69.9
2026-08-01 00:00:00,17326,24.9
2026-08-01 00:00:00,15944,504.0
2026-08-01 00:00:00,64677,249.9
2026-08-01 00:00:00,13347,74.9
2026-08-01 00:00:00,62012,129.9
2026-08-01 00:00:00,62010,119.9
2026-08-01 00:00:00,62006,166.9
2026-08-01 00:00:00,20815,76.9
2026-08-01 00:00:00,27658,16.9
2026-08-01 00:00:00,27659,26.9
2026-08-01 00:00:00,24590,64.9
2026-08-01 00:00:00,4142,129.9
2026-08-01 00:00:00,64042,56.9
2026-08-01 00:00:00,14134,69.9
2026-08-01 00:00:00,64105,29.9
2026-08-01 00:00:00,7065,85.6
2026-08-01 00:00:00,7988,114.9
2026-08-01 00:00:00,11497,89.9
2026-08-01 00:00:00,58063,82.32
2026-08-01 00:00:00,50287,69.9
2026-08-01 00:00:00,17273,59.9
2026-08-01 00:00:00,19747,36.9
2026-08-01 00:00:00,58117,49.9
2026-08-01 00:00:00,50291,69.9
2026-08-01 00:00:00,56933,69.9
2026-08-01 00:00:00,58062,60.9
2026-08-01 00:00:00,58060,69.9
2026-08-01 00:00:00,58059,69.9
2026-08-01 00:00:00,56934,73.9
2026-08-01 00:00:00,1827,199.9
2026-08-01 00:00:00,53686,299.9
2026-08-01 00:00:00,52054,69.9
2026-08-01 00:00:00,64092,69.9
2026-08-01 00:00:00,17272,56.9
2026-08-01 00:00:00,64091,69.9
2026-08-01 00:00:00,24601,39.9
2026-08-01 00:00:00,64247,159.9
2026-08-01 00:00:00,50442,39.9
2026-08-01 00:00:00,48231,369.9
2026-08-01 00:00:00,64071,34.9
2026-08-01 00:00:00,54642,69.9
2026-08-01 00:00:00,55330,359.92
2026-08-01 00:00:00,55322,423.92
2026-08-01 00:00:00,52355,249.0
2026-08-01 00:00:00,53805,69.9
2026-08-01 00:00:00,52695,49.9
2026-08-01 00:00:00,52350,56.9
2026-08-01 00:00:00,52179,39.9
2026-08-01 00:00:00,53804,69.9
2026-08-01 00:00:00,53800,149.9
2026-08-01 00:00:00,18700,169.9
2026-08-01 00:00:00,56502,129.9
2026-08-01 00:00:00,62472,1150.0
2026-08-01 00:00:00,34423,499.0
2026-08-01 00:00:00,15576,36.9
2026-08-01 00:00:00,27907,26.9
2026-08-01 00:00:00,29665,29.9
2026-08-01 00:00:00,29139,49.9
2026-08-01 00:00:00,29140,54.9
2026-08-01 00:00:00,29141,66.9
2026-08-01 00:00:00,27978,27.9
2026-08-01 00:00:00,63814,64.9
2026-08-01 00:00:00,20811,0.35
2026-08-01 00:00:00,20809,1.4
2026-08-01 00:00:00,20810,0.9
2026-08-01 00:00:00,20816,1.1
2026-08-01 00:00:00,20819,1.2
2026-08-01 00:00:00,20820,0.6
2026-08-01 00:00:00,20821,0.4
2026-08-01 00:00:00,50777,171.9
2026-08-01 00:00:00,26440,69.9
2026-08-01 00:00:00,17025,49.9
2026-08-01 00:00:00,50776,89.9
2026-08-01 00:00:00,20494,21.9
2026-08-01 00:00:00,55746,8.5
2026-08-01 00:00:00,62915,7.0
2026-08-01 00:00:00,64763,0.8
2026-08-01 00:00:00,64756,1.7
2026-08-01 00:00:00,64757,1.0
2026-08-01 00:00:00,64759,1.7
2026-08-01 00:00:00,64761,2.99
2026-08-01 00:00:00,64758,1.5
2026-08-01 00:00:00,64760,2.9
2026-08-01 00:00:00,62924,1.0
2026-08-01 00:00:00,62916,9.0
2026-08-01 00:00:00,55581,109.9
2026-08-01 00:00:00,63754,89.9
2026-08-01 00:00:00,52305,49.9
2026-08-01 00:00:00,63757,46.9
2026-08-01 00:00:00,50016,159.9
2026-08-01 00:00:00,39298,1499.0
2026-08-01 00:00:00,14715,132.0
2026-08-01 00:00:00,59389,2099.0
2026-08-01 00:00:00,58116,4548.0
2026-08-01 00:00:00,20492,34.9
2026-08-01 00:00:00,52048,1990.0
2026-08-01 00:00:00,64069,329.9
2026-08-01 00:00:00,33438,59.9
2026-08-01 00:00:00,25749,34.9
2026-08-01 00:00:00,25750,34.9
2026-08-01 00:00:00,56295,14.9
2026-08-01 00:00:00,62047,10.9
2026-08-01 00:00:00,61144,27.9
2026-08-01 00:00:00,61138,9.9
2026-08-01 00:00:00,61140,36.9
2026-08-01 00:00:00,61139,29.9
2026-08-01 00:00:00,21389,12.9
2026-08-01 00:00:00,63160,279.93
2026-08-01 00:00:00,63161,230.93
2026-08-01 00:00:00,63158,279.93
2026-08-01 00:00:00,25515,359.92
2026-08-01 00:00:00,52053,56.9
2026-08-01 00:00:00,63159,349.93
2026-08-01 00:00:00,56555,279.9
2026-08-01 00:00:00,25859,249.9
2026-08-01 00:00:00,8280,527.0
2026-08-01 00:00:00,53871,229.9
2026-08-01 00:00:00,53873,409.9
2026-08-01 00:00:00,14648,249.9
2026-08-01 00:00:00,24551,349.9
2026-08-01 00:00:00,13817,499.0
2026-08-01 00:00:00,24667,169.9
2026-08-01 00:00:00,18723,119.9
2026-08-01 00:00:00,13816,249.0
2026-08-01 00:00:00,51849,69.9
2026-08-01 00:00:00,34152,11.9
2026-08-01 00:00:00,53806,179.0
2026-08-01 00:00:00,29145,209.9
2026-08-01 00:00:00,34145,22.9
2026-08-01 00:00:00,34146,22.9
2026-08-01 00:00:00,34072,19.9
2026-08-01 00:00:00,29146,24.9
2026-08-01 00:00:00,29147,29.9
2026-08-01 00:00:00,29148,26.9
2026-08-01 00:00:00,29149,34.9
2026-08-01 00:00:00,27951,19.9
2026-08-01 00:00:00,27952,19.9
2026-08-01 00:00:00,34073,56.9
2026-08-01 00:00:00,60554,5.0
2026-08-01 00:00:00,64672,4.0
2026-08-01 00:00:00,64673,10.9
2026-08-01 00:00:00,64674,11.9
2026-08-01 00:00:00,20440,3.8
2026-08-01 00:00:00,34155,8.5
2026-08-01 00:00:00,21097,19.9
2026-08-01 00:00:00,21099,23.9
2026-08-01 00:00:00,9086,39.9
2026-08-01 00:00:00,20431,12.9
2026-08-01 00:00:00,64331,49.9
2026-08-01 00:00:00,20439,5.5
2026-08-01 00:00:00,34153,15.9
2026-08-01 00:00:00,29150,79.9
2026-08-01 00:00:00,29151,89.9
2026-08-01 00:00:00,21100,22.9
2026-08-01 00:00:00,13693,5.0
2026-08-01 00:00:00,13692,29.9
2026-08-01 00:00:00,55743,11.7
2026-08-01 00:00:00,21098,23.9
2026-08-01 00:00:00,9112,109.9
2026-08-01 00:00:00,54657,2.0
2026-08-01 00:00:00,53374,21.9
2026-08-01 00:00:00,27286,143.92
2026-08-01 00:00:00,25107,199.0
2026-08-01 00:00:00,25111,119.0
2026-08-01 00:00:00,33483,79.9
2026-08-01 00:00:00,33484,84.9
2026-08-01 00:00:00,33485,84.9
2026-08-01 00:00:00,56239,1329.9
2026-08-01 00:00:00,6646,389.0
2026-08-01 00:00:00,51824,499.9
2026-08-01 00:00:00,31673,79.9
2026-08-01 00:00:00,31672,89.9
2026-08-01 00:00:00,62211,109.9
2026-08-01 00:00:00,8281,85.0
2026-08-01 00:00:00,24691,49.0
2026-08-01 00:00:00,16580,8.3
2026-08-01 00:00:00,17299,69.9
2026-08-01 00:00:00,26777,69.9
2026-08-01 00:00:00,17300,78.0
2026-08-01 00:00:00,17301,10.9
2026-08-01 00:00:00,17302,17.9
2026-08-01 00:00:00,64062,15.9
2026-08-01 00:00:00,64063,14.9
2026-08-01 00:00:00,17291,19.9
2026-08-01 00:00:00,17292,18.9
2026-08-01 00:00:00,64064,22.9
2026-08-01 00:00:00,17766,22.9
2026-08-01 00:00:00,17295,34.9
2026-08-01 00:00:00,17297,39.9
2026-08-01 00:00:00,17298,44.9
2026-08-01 00:00:00,52033,19.9
2026-08-01 00:00:00,17288,12.9
2026-08-01 00:00:00,64061,21.9
2026-08-01 00:00:00,17287,21.9
2026-08-01 00:00:00,17294,29.9
2026-08-01 00:00:00,50791,524.0
2026-08-01 00:00:00,17319,12.9
2026-08-01 00:00:00,17317,46.9
2026-08-01 00:00:00,13029,59.9
2026-08-01 00:00:00,13028,53.9
2026-08-01 00:00:00,12080,69.9
2026-08-01 00:00:00,13030,65.5
2026-08-01 00:00:00,12081,77.9
2026-08-01 00:00:00,17318,10.9
2026-08-01 00:00:00,17320,13.9
2026-08-01 00:00:00,17304,12.9
2026-08-01 00:00:00,17322,13.9
2026-08-01 00:00:00,17306,16.9
2026-08-01 00:00:00,64065,11.5
2026-08-01 00:00:00,17308,15.5
2026-08-01 00:00:00,17307,19.9
2026-08-01 00:00:00,58036,13.0
2026-08-01 00:00:00,17310,22.9
2026-08-01 00:00:00,17309,19.9
2026-08-01 00:00:00,17312,24.5
2026-08-01 00:00:00,64066,22.0
2026-08-01 00:00:00,17311,22.0
2026-08-01 00:00:00,17314,29.9
2026-08-01 00:00:00,64067,34.9
2026-08-01 00:00:00,17316,39.9
2026-08-01 00:00:00,17315,35.9
2026-08-01 00:00:00,24690,36.9
2026-08-01 00:00:00,44014,19.9
2026-08-01 00:00:00,62063,110.0
2026-08-01 00:00:00,19216,28.0
2026-08-01 00:00:00,50760,199.0
2026-08-01 00:00:00,8284,222.0
2026-08-01 00:00:00,8285,245.0
2026-08-01 00:00:00,56376,378.0
2026-08-01 00:00:00,50761,192.0
2026-08-01 00:00:00,50729,57.0
2026-08-01 00:00:00,56241,35.0
2026-08-01 00:00:00,14728,63.0
2026-08-01 00:00:00,19215,23.0
2026-08-01 00:00:00,49690,264.0
2026-08-01 00:00:00,6589,476.0
2026-08-01 00:00:00,64057,14.9
2026-08-01 00:00:00,17764,22.9
2026-08-01 00:00:00,17281,9.9
2026-08-01 00:00:00,17282,16.9
2026-08-01 00:00:00,24641,19.9
2026-08-01 00:00:00,64056,59.9
2026-08-01 00:00:00,13031,69.9
2026-08-01 00:00:00,15910,109.9
2026-08-01 00:00:00,64490,18.9
2026-08-01 00:00:00,64491,29.9
2026-08-01 00:00:00,64494,6.9
2026-08-01 00:00:00,64493,11.9
2026-08-01 00:00:00,64492,13.9
2026-08-01 00:00:00,15623,222.0
2026-08-01 00:00:00,15624,324.0
2026-08-01 00:00:00,51838,149.9
2026-08-01 00:00:00,51898,42.9
2026-08-01 00:00:00,51837,89.9
2026-08-01 00:00:00,8129,41.0
2026-08-01 00:00:00,8650,36.0
2026-08-01 00:00:00,16687,59.9
2026-08-01 00:00:00,15943,179.9
2026-08-01 00:00:00,8077,57.0
2026-08-01 00:00:00,57765,43.9
2026-08-01 00:00:00,64335,39.9
2026-08-01 00:00:00,24696,19.9
2026-08-01 00:00:00,24693,26.9
2026-08-01 00:00:00,51848,19.9
2026-08-01 00:00:00,31793,33.9
2026-08-01 00:00:00,31777,49.9
2026-08-01 00:00:00,44013,14.9
2026-08-01 00:00:00,44017,19.9
2026-08-01 00:00:00,44016,26.9
2026-08-01 00:00:00,64058,7.9
2026-08-01 00:00:00,17283,12.9
2026-08-01 00:00:00,20321,4.9
2026-08-01 00:00:00,20320,9.9
2026-08-01 00:00:00,8114,144.0
2026-08-01 00:00:00,56520,37.9
2026-08-01 00:00:00,58042,259.9
2026-08-01 00:00:00,42264,59.9
2026-08-01 00:00:00,8087,50.0
2026-08-01 00:00:00,64495,8.9
2026-08-01 00:00:00,51822,35.0
2026-08-01 00:00:00,50789,35.9
2026-08-01 00:00:00,50790,43.9
2026-08-01 00:00:00,56929,33.9
2026-08-01 00:00:00,50788,35.9
2026-08-01 00:00:00,49463,89.0
2026-08-01 00:00:00,49252,133.0
2026-08-01 00:00:00,13205,1440.0
2026-08-01 00:00:00,16238,653.0
2026-08-01 00:00:00,15902,753.0
2026-08-01 00:00:00,16239,999.9
2026-08-01 00:00:00,8085,170.0
2026-08-01 00:00:00,15633,95.9
2026-08-01 00:00:00,56342,175.0
2026-08-01 00:00:00,8677,49.0
2026-08-01 00:00:00,8680,49.0
2026-08-01 00:00:00,8082,216.0
2026-08-01 00:00:00,8079,114.0
2026-08-01 00:00:00,8088,108.0
2026-08-01 00:00:00,8237,91.0
2026-08-01 00:00:00,56246,246.0
2026-08-01 00:00:00,8622,155.0
2026-08-01 00:00:00,8679,226.0
2026-08-01 00:00:00,8625,210.0
2026-08-01 00:00:00,8621,271.0
2026-08-01 00:00:00,8617,57.0
2026-08-01 00:00:00,8620,63.0
2026-08-01 00:00:00,8618,108.0
2026-08-01 00:00:00,7980,119.9
2026-08-01 00:00:00,8115,80.0
2026-08-01 00:00:00,50743,49.9
2026-08-01 00:00:00,62189,266.0
2026-08-01 00:00:00,8726,108.0
2026-08-01 00:00:00,15620,68.0
2026-08-01 00:00:00,26944,56.9
2026-08-01 00:00:00,26772,99.9
2026-08-01 00:00:00,50873,35.5
2026-08-01 00:00:00,64253,16.9
2026-08-01 00:00:00,38371,119.9
2026-08-01 00:00:00,27793,56.9
2026-08-01 00:00:00,26945,99.9
2026-08-01 00:00:00,26770,119.9
2026-08-01 00:00:00,15785,189.9
2026-08-01 00:00:00,64174,59.9
2026-08-01 00:00:00,51859,4.72
2026-08-01 00:00:00,51860,6.32
2026-08-01 00:00:00,56936,11.92
2026-08-01 00:00:00,56937,14.32
2026-08-01 00:00:00,56283,4.9
2026-08-01 00:00:00,21027,349.0
2026-08-01 00:00:00,8098,419.0
2026-08-01 00:00:00,17160,7.92
2026-08-01 00:00:00,27665,149.9
2026-08-01 00:00:00,29152,99.9
2026-08-01 00:00:00,29153,89.9
2026-08-01 00:00:00,27663,129.9
2026-08-01 00:00:00,27664,199.9
2026-08-01 00:00:00,29154,89.9
2026-08-01 00:00:00,64678,54.9
2026-08-01 00:00:00,44861,79.9
2026-08-01 00:00:00,44859,89.9
2026-08-01 00:00:00,29283,89.9
2026-08-01 00:00:00,27925,16.9
2026-08-01 00:00:00,64264,39.9
2026-08-01 00:00:00,64262,59.9
2026-08-01 00:00:00,64263,39.9
2026-08-01 00:00:00,64265,50.9
2026-08-01 00:00:00,27924,29.9
2026-08-01 00:00:00,54024,129.9
2026-08-01 00:00:00,54025,119.9
2026-08-01 00:00:00,54390,75.9
2026-08-01 00:00:00,54391,89.9
2026-08-01 00:00:00,54389,79.9
2026-08-01 00:00:00,28510,149.9
2026-08-01 00:00:00,28514,79.9
2026-08-01 00:00:00,28515,139.9
2026-08-01 00:00:00,28511,89.9
2026-08-01 00:00:00,28509,119.9
2026-08-01 00:00:00,28512,149.9
2026-08-01 00:00:00,53989,179.9
2026-08-01 00:00:00,53988,179.9
2026-08-01 00:00:00,53984,59.9
2026-08-01 00:00:00,53983,59.9
2026-08-01 00:00:00,53985,75.9
2026-08-01 00:00:00,54388,89.9
2026-08-01 00:00:00,54368,109.9
2026-08-01 00:00:00,53409,24.9
2026-08-01 00:00:00,17772,19.9
2026-08-01 00:00:00,20387,23.9
2026-08-01 00:00:00,20385,1.32
2026-08-01 00:00:00,58186,19.9
2026-08-01 00:00:00,63829,299.0
2026-08-01 00:00:00,14456,49.9
2026-08-01 00:00:00,31547,127.9
2026-08-01 00:00:00,27983,69.9
2026-08-01 00:00:00,27985,89.9
2026-08-01 00:00:00,63841,5.9
2026-08-01 00:00:00,61051,7.9
2026-08-01 00:00:00,52337,369.9
2026-08-01 00:00:00,25924,16.9
2026-08-01 00:00:00,20384,5.98
2026-08-01 00:00:00,63071,44.9
2026-08-01 00:00:00,14121,101.9
2026-08-01 00:00:00,20390,5.0
2026-08-01 00:00:00,29284,54.9
2026-08-01 00:00:00,29285,64.9
2026-08-01 00:00:00,29286,59.9
2026-08-01 00:00:00,29287,69.9
2026-08-01 00:00:00,29288,79.9
2026-08-01 00:00:00,3662,319.9
2026-08-01 00:00:00,2544,269.9
2026-08-01 00:00:00,30274,109.9
2026-08-01 00:00:00,30275,219.9
2026-08-01 00:00:00,30276,239.9
2026-08-01 00:00:00,30277,349.9
2026-08-01 00:00:00,30278,49.9
2026-08-01 00:00:00,30280,69.9
2026-08-01 00:00:00,30282,159.9
2026-08-01 00:00:00,30283,179.9
2026-08-01 00:00:00,55706,479.9
2026-08-01 00:00:00,52043,319.9
2026-08-01 00:00:00,64710,139.9
2026-08-01 00:00:00,64701,99.9
2026-08-01 00:00:00,64098,119.9
2026-08-01 00:00:00,3661,149.9
2026-08-01 00:00:00,26751,169.9
2026-08-01 00:00:00,52042,239.9
2026-08-01 00:00:00,52045,219.9
2026-08-01 00:00:00,58183,329.9
2026-08-01 00:00:00,12149,149.9
2026-08-01 00:00:00,12148,299.9
2026-08-01 00:00:00,12147,349.9
2026-08-01 00:00:00,63860,219.9
2026-08-01 00:00:00,52046,699.0
2026-08-01 00:00:00,42278,729.0
2026-08-01 00:00:00,26442,79.9
2026-08-01 00:00:00,26441,139.9
2026-08-01 00:00:00,26443,159.9
2026-08-01 00:00:00,63857,249.9
2026-08-01 00:00:00,30307,229.9
2026-08-01 00:00:00,38476,359.9
2026-08-01 00:00:00,63285,2.45
2026-08-01 00:00:00,56098,1019.0
2026-08-01 00:00:00,56097,1379.0
2026-08-01 00:00:00,56096,1729.0
2026-08-01 00:00:00,12347,3299.0
2026-08-01 00:00:00,12350,4799.0
2026-08-01 00:00:00,4323,1999.0
2026-08-01 00:00:00,7986,1369.0
2026-08-01 00:00:00,64716,129.9
2026-08-01 00:00:00,63849,250.9
2026-08-01 00:00:00,64717,379.9
2026-08-01 00:00:00,4979,199.9
2026-08-01 00:00:00,19519,219.9
2026-08-01 00:00:00,4983,299.9
2026-08-01 00:00:00,20794,0.3
2026-08-01 00:00:00,20793,0.3
2026-08-01 00:00:00,38033,219.9
2026-08-01 00:00:00,30248,129.9
2026-08-01 00:00:00,17361,89.9
2026-08-01 00:00:00,1453,199.9
2026-08-01 00:00:00,7891,199.9
2026-08-01 00:00:00,6394,269.9
2026-08-01 00:00:00,6588,399.9
2026-08-01 00:00:00,12077,199.9
2026-08-01 00:00:00,54978,29.0
2026-08-01 00:00:00,51322,219.9
2026-08-01 00:00:00,51321,139.9
2026-08-01 00:00:00,34815,129.9
2026-08-01 00:00:00,54969,199.9
2026-08-01 00:00:00,57967,99.9
2026-08-01 00:00:00,57969,99.9
2026-08-01 00:00:00,54970,249.9
2026-08-01 00:00:00,57971,129.9
2026-08-01 00:00:00,57964,159.9
2026-08-01 00:00:00,57966,159.9
2026-08-01 00:00:00,57963,79.9
2026-08-01 00:00:00,57968,79.9
2026-08-01 00:00:00,64039,69.9
2026-08-01 00:00:00,3668,99.9
2026-08-01 00:00:00,45396,199.9
2026-08-01 00:00:00,52031,169.9
2026-08-01 00:00:00,64251,199.9
2026-08-01 00:00:00,64249,149.9
2026-08-01 00:00:00,64250,379.0
2026-08-01 00:00:00,58051,74.9
2026-08-01 00:00:00,57925,129.9
2026-08-01 00:00:00,57926,129.9
2026-08-01 00:00:00,57924,129.9
2026-08-01 00:00:00,55774,62.9
2026-08-01 00:00:00,39083,69.9
2026-08-01 00:00:00,64764,199.0
2026-08-01 00:00:00,64765,239.9
2026-08-01 00:00:00,31772,132.9
2026-08-01 00:00:00,63830,399.0
2026-08-01 00:00:00,33430,59.9
2026-08-01 00:00:00,56033,129.9
2026-08-01 00:00:00,56327,64.9
2026-08-01 00:00:00,63842,37.9
2026-08-01 00:00:00,56276,33.9
2026-08-01 00:00:00,29289,119.9
2026-08-01 00:00:00,29290,229.9
2026-08-01 00:00:00,29291,109.9
2026-08-01 00:00:00,29292,99.9
2026-08-01 00:00:00,27657,139.9
2026-08-01 00:00:00,64670,239.9
2026-08-01 00:00:00,64752,199.9
2026-08-01 00:00:00,64751,259.9
2026-08-01 00:00:00,64662,149.0
2026-08-01 00:00:00,15033,199.9
2026-08-01 00:00:00,63818,139.9
2026-08-01 00:00:00,39078,279.9
2026-08-01 00:00:00,63823,229.9
2026-08-01 00:00:00,63827,499.0
2026-08-01 00:00:00,63825,499.0
2026-08-01 00:00:00,39080,399.0
2026-08-01 00:00:00,15180,139.9
2026-08-01 00:00:00,63822,159.9
2026-08-01 00:00:00,63824,319.9
2026-08-01 00:00:00,63826,259.9
2026-08-01 00:00:00,15183,149.9
2026-08-01 00:00:00,64327,59.9
2026-08-01 00:00:00,64328,84.9
2026-08-01 00:00:00,64329,129.9
2026-08-01 00:00:00,31770,121.9
2026-08-01 00:00:00,55777,31.9
2026-08-01 00:00:00,55788,62.9
2026-08-01 00:00:00,55772,109.9
2026-08-01 00:00:00,56032,102.9
2026-08-01 00:00:00,55778,102.9
2026-08-01 00:00:00,31769,125.9
2026-08-01 00:00:00,56275,121.9
2026-08-01 00:00:00,56281,85.9
2026-08-01 00:00:00,55776,112.9
2026-08-01 00:00:00,55773,35.9
2026-08-01 00:00:00,53160,52.9
2026-08-01 00:00:00,63820,129.9
2026-08-01 00:00:00,39321,159.9
2026-08-01 00:00:00,63819,129.9
2026-08-01 00:00:00,63821,129.9
2026-08-01 00:00:00,56277,77.9
2026-08-01 00:00:00,53162,286.9
2026-08-01 00:00:00,55786,59.9
2026-08-01 00:00:00,55787,89.9
2026-08-01 00:00:00,53161,136.9
2026-08-01 00:00:00,63848,102.9
2026-08-01 00:00:00,56274,152.9
2026-08-01 00:00:00,55775,104.9
2026-08-01 00:00:00,33428,59.9
2026-08-01 00:00:00,25875,169.9
2026-08-01 00:00:00,63017,349.9
2026-08-01 00:00:00,31768,200.9
2026-08-01 00:00:00,55784,208.9
2026-08-01 00:00:00,33431,159.9
2026-08-01 00:00:00,33432,199.9
2026-08-01 00:00:00,39322,149.9
2026-08-01 00:00:00,39325,239.9
2026-08-01 00:00:00,56237,189.9
2026-08-01 00:00:00,34796,29.0
2026-08-01 00:00:00,13421,49.0
2026-08-01 00:00:00,26934,99.0
2026-08-01 00:00:00,26935,41.0
2026-08-01 00:00:00,51940,27.0
2026-08-01 00:00:00,50745,519.0
2026-08-01 00:00:00,52696,119.9
2026-08-01 00:00:00,42266,219.9
2026-08-01 00:00:00,10501,35.9
2026-08-01 00:00:00,10502,41.9
2026-08-01 00:00:00,63811,49.9
2026-08-01 00:00:00,53614,14.9
2026-08-01 00:00:00,59330,1699.0
2026-08-01 00:00:00,59331,799.0
2026-08-01 00:00:00,62470,1239.0
2026-08-01 00:00:00,21287,2999.0
2026-08-01 00:00:00,64053,369.9
2026-08-01 00:00:00,4406,369.9
2026-08-01 00:00:00,64704,34.9
2026-08-01 00:00:00,15926,60.0
2026-08-01 00:00:00,15930,65.0
2026-08-01 00:00:00,50780,37.9
2026-08-01 00:00:00,33433,56.9
2026-08-01 00:00:00,50289,37.9
2026-08-01 00:00:00,50779,66.9
2026-08-01 00:00:00,58041,39.9
2026-08-01 00:00:00,56551,194.9
2026-08-01 00:00:00,57498,299.9
2026-08-01 00:00:00,26942,79.9
2026-08-01 00:00:00,8195,149.9
2026-08-01 00:00:00,64878,699.0
2026-08-01 00:00:00,51823,229.9
2026-08-01 00:00:00,15925,63.0
2026-08-01 00:00:00,8090,54.0
2026-08-01 00:00:00,15924,68.0
2026-08-01 00:00:00,52052,79.9
2026-08-01 00:00:00,50782,160.9
2026-08-01 00:00:00,51942,66.9
2026-08-01 00:00:00,50781,39.9
2026-08-01 00:00:00,57496,219.9
2026-08-01 00:00:00,57376,89.9
2026-08-01 00:00:00,50778,69.9
2026-08-01 00:00:00,8196,249.9
2026-08-01 00:00:00,59364,299.0
2026-08-01 00:00:00,52714,279.9
2026-08-01 00:00:00,53043,89.9
2026-08-01 00:00:00,64275,199.9
2026-08-01 00:00:00,53017,169.9
2026-08-01 00:00:00,10748,139.9
2026-08-01 00:00:00,62205,199.9
2026-08-01 00:00:00,52318,409.9
2026-08-01 00:00:00,12804,139.9
2026-08-01 00:00:00,62204,179.9
2026-08-01 00:00:00,52324,199.9
2026-08-01 00:00:00,12800,109.9
2026-08-01 00:00:00,29294,119.9
2026-08-01 00:00:00,13373,49.9
2026-08-01 00:00:00,52344,79.9
2026-08-01 00:00:00,52341,79.9
2026-08-01 00:00:00,64645,179.9
2026-08-01 00:00:00,52894,239.9
2026-08-01 00:00:00,31775,499.0
2026-08-01 00:00:00,64748,449.9
2026-08-01 00:00:00,27675,659.0
2026-08-01 00:00:00,27674,949.0
2026-08-01 00:00:00,13199,350.0
2026-08-01 00:00:00,16240,210.0
2026-08-01 00:00:00,50796,70.9
2026-08-01 00:00:00,8089,109.9
2026-08-01 00:00:00,27795,74.9
2026-08-01 00:00:00,56344,126.0
2026-08-01 00:00:00,51850,183.5
2026-08-01 00:00:00,13175,179.9
2026-08-01 00:00:00,53217,12.9
2026-08-01 00:00:00,53298,14.9
2026-08-01 00:00:00,54405,229.9
2026-08-01 00:00:00,56693,239.9
2026-08-01 00:00:00,64267,69.9
2026-08-01 00:00:00,64669,32.9
2026-08-01 00:00:00,56042,149.9
2026-08-01 00:00:00,13697,99.9
2026-08-01 00:00:00,54136,109.9
2026-08-01 00:00:00,54137,69.9
2026-08-01 00:00:00,29445,139.0
2026-08-01 00:00:00,64258,7.9
2026-08-01 00:00:00,29911,49.9
2026-08-01 00:00:00,29910,49.9
2026-08-01 00:00:00,29909,49.9
2026-08-01 00:00:00,54133,19.9
2026-08-01 00:00:00,53299,14.9
2026-08-01 00:00:00,53216,12.9
2026-08-01 00:00:00,53214,14.9
2026-08-01 00:00:00,53215,14.9
2026-08-01 00:00:00,54647,289.9
2026-08-01 00:00:00,54646,94.9
2026-08-01 00:00:00,53987,77.9
2026-08-01 00:00:00,64291,209.9
2026-08-01 00:00:00,64290,289.9
2026-08-01 00:00:00,53979,129.9
2026-08-01 00:00:00,31677,79.9
2026-08-01 00:00:00,31675,79.9
2026-08-01 00:00:00,53978,129.9
2026-08-01 00:00:00,11510,269.9
2026-08-01 00:00:00,60587,79.9
2026-08-01 00:00:00,56450,129.9
2026-08-01 00:00:00,34794,447.2
2026-08-01 00:00:00,25127,159.0
2026-08-01 00:00:00,25128,289.0
2026-08-01 00:00:00,20635,799.2
2026-08-01 00:00:00,62218,109.9
2026-08-01 00:00:00,53155,89.9
2026-08-01 00:00:00,31676,69.9
2026-08-01 00:00:00,11144,84.9
2026-08-01 00:00:00,53600,13.9
2026-08-01 00:00:00,64259,19.9
2026-08-01 00:00:00,56269,29.9
2026-08-01 00:00:00,53976,13.9
2026-08-01 00:00:00,62210,79.9
2026-08-01 00:00:00,53982,29.9
2026-08-01 00:00:00,64268,86.9
2026-08-01 00:00:00,64269,31.9
2026-08-01 00:00:00,31667,359.0
2026-08-01 00:00:00,60962,129.9
2026-08-01 00:00:00,64622,69.9
2026-08-01 00:00:00,64282,69.9
2026-08-01 00:00:00,29908,139.9
2026-08-01 00:00:00,62231,49.9
2026-08-01 00:00:00,54649,69.9
2026-08-01 00:00:00,64257,129.9
2026-08-01 00:00:00,33427,5.9
2026-08-01 00:00:00,64274,49.9
2026-08-01 00:00:00,64679,79.9
2026-08-01 00:00:00,53154,12.9
2026-08-01 00:00:00,64273,69.9
2026-08-01 00:00:00,54135,69.9
2026-08-01 00:00:00,60564,59.9
2026-08-01 00:00:00,60566,129.9
2026-08-01 00:00:00,60565,69.9
2026-08-01 00:00:00,55747,29.9
2026-08-01 00:00:00,31678,79.9
2026-08-01 00:00:00,56798,64.9
2026-08-01 00:00:00,53977,129.9
2026-08-01 00:00:00,62212,49.9
2026-08-01 00:00:00,54134,129.9
2026-08-01 00:00:00,64292,99.9
2026-08-01 00:00:00,56797,18.9
2026-08-01 00:00:00,53164,219.9
2026-08-01 00:00:00,53597,24.9
2026-08-01 00:00:00,62173,29.9
2026-08-01 00:00:00,53598,5.9
2026-08-01 00:00:00,64266,10.9
2026-08-01 00:00:00,53970,13.9
2026-08-01 00:00:00,64272,4.9
2026-08-01 00:00:00,53971,17.9
2026-08-01 00:00:00,54026,26.9
2026-08-01 00:00:00,53972,34.9
2026-08-01 00:00:00,53599,9.9
2026-08-01 00:00:00,53596,23.9
2026-08-01 00:00:00,17019,34.9
2026-08-01 00:00:00,17020,49.9
2026-08-01 00:00:00,17021,79.9
2026-08-01 00:00:00,56799,109.9
2026-08-01 00:00:00,56651,29.9
2026-08-01 00:00:00,63762,69.9
2026-08-01 00:00:00,25865,169.9
2026-08-01 00:00:00,21085,69.9
2026-08-01 00:00:00,31559,99.9
2026-08-01 00:00:00,56317,59.9
2026-08-01 00:00:00,64657,69.9
2026-08-01 00:00:00,64659,199.0
2026-08-01 00:00:00,56893,59.9
2026-08-01 00:00:00,56557,81.9
2026-08-01 00:00:00,27717,19.9
2026-08-01 00:00:00,27719,9.9
2026-08-01 00:00:00,27720,9.9
2026-08-01 00:00:00,27728,9.9
2026-08-01 00:00:00,27884,9.9
2026-08-01 00:00:00,27885,9.9
2026-08-01 00:00:00,27886,9.9
2026-08-01 00:00:00,27888,9.9
2026-08-01 00:00:00,27889,9.9
2026-08-01 00:00:00,27890,9.9
2026-08-01 00:00:00,64283,109.0
2026-08-01 00:00:00,64287,51.9
2026-08-01 00:00:00,50844,69.9
2026-08-01 00:00:00,28469,59.9
2026-08-01 00:00:00,28470,76.9
2026-08-01 00:00:00,28445,69.9
2026-08-01 00:00:00,28446,109.9
2026-08-01 00:00:00,36122,54.9
2026-08-01 00:00:00,28443,69.9
2026-08-01 00:00:00,28463,69.9
2026-08-01 00:00:00,28433,99.9
2026-08-01 00:00:00,28451,39.9
2026-08-01 00:00:00,28450,44.9
2026-08-01 00:00:00,28442,249.9
2026-08-01 00:00:00,28453,49.9
2026-08-01 00:00:00,28444,109.9
2026-08-01 00:00:00,28434,119.9
2026-08-01 00:00:00,28437,74.9
2026-08-01 00:00:00,28429,46.9
2026-08-01 00:00:00,28428,159.9
2026-08-01 00:00:00,28456,79.9
2026-08-01 00:00:00,28460,119.9
2026-08-01 00:00:00,28447,219.9
2026-08-01 00:00:00,28461,99.9
2026-08-01 00:00:00,28462,54.9
2026-08-01 00:00:00,28457,89.9
2026-08-01 00:00:00,44915,69.9
2026-08-01 00:00:00,64285,89.9
2026-08-01 00:00:00,44864,69.9
2026-08-01 00:00:00,28432,129.9
2026-08-01 00:00:00,63598,1990.0
2026-08-01 00:00:00,63605,4190.0
2026-08-01 00:00:00,63604,2975.0
2026-08-01 00:00:00,63607,2599.0
2026-08-01 00:00:00,63606,1439.0
2026-08-01 00:00:00,63601,589.0
2026-08-01 00:00:00,63596,1399.0
2026-08-01 00:00:00,63600,1399.0
2026-08-01 00:00:00,63597,1799.0
2026-08-01 00:00:00,63599,1239.0
2026-08-01 00:00:00,63602,1499.0
2026-08-01 00:00:00,63603,2790.0
2026-08-01 00:00:00,6674,449.0
2026-08-01 00:00:00,42383,1259.0
2026-08-01 00:00:00,2509,1979.0
2026-08-01 00:00:00,19351,2149.0
2026-08-01 00:00:00,38475,899.0
2026-08-01 00:00:00,54923,2690.0
2026-08-01 00:00:00,54922,3999.0
2026-08-01 00:00:00,50022,999.0
2026-08-01 00:00:00,64294,69.9
2026-08-01 00:00:00,38678,439.0
2026-08-01 00:00:00,50019,129.9
2026-08-01 00:00:00,10752,189.9
2026-08-01 00:00:00,63288,22.45
2026-08-01 00:00:00,63851,10.9
2026-08-01 00:00:00,63850,18.9
2026-08-01 00:00:00,17052,31.9
2026-08-01 00:00:00,56227,39.9
2026-08-01 00:00:00,56229,39.9
2026-08-01 00:00:00,56226,29.9
2026-08-01 00:00:00,63873,238.9
2026-08-01 00:00:00,29056,22.9
2026-08-01 00:00:00,27926,14.9
2026-08-01 00:00:00,27937,15.9
2026-08-01 00:00:00,27939,16.9
2026-08-01 00:00:00,27950,18.9
2026-08-01 00:00:00,29297,22.9
2026-08-01 00:00:00,26492,2999.0
2026-08-01 00:00:00,14666,169.9
2026-08-01 00:00:00,55059,49.0
2026-08-01 00:00:00,53572,179.9
2026-08-01 00:00:00,56251,149.9
2026-08-01 00:00:00,55058,49.0
2026-08-01 00:00:00,17139,5.9
2026-08-01 00:00:00,11522,231.2
2026-08-01 00:00:00,56263,74.9
2026-08-01 00:00:00,20525,44.9
2026-08-01 00:00:00,14676,149.9
2026-08-01 00:00:00,64668,149.9
2026-08-01 00:00:00,39089,109.9
2026-08-01 00:00:00,39090,89.9
2026-08-01 00:00:00,31671,369.9
2026-08-01 00:00:00,50803,185.9
2026-08-01 00:00:00,7983,69.9
2026-08-01 00:00:00,24596,49.9
2026-08-01 00:00:00,7071,183.92
2026-08-01 00:00:00,51864,59.9
2026-08-01 00:00:00,17032,49.9
2026-08-01 00:00:00,17031,29.9
2026-08-01 00:00:00,63756,49.9
2026-08-01 00:00:00,55580,49.9
2026-08-01 00:00:00,63759,49.9
2026-08-01 00:00:00,63758,49.9
2026-08-01 00:00:00,39784,549.0
2026-08-01 00:00:00,21289,78.0
2026-08-01 00:00:00,26445,89.9
2026-08-01 00:00:00,62477,515.0
2026-08-01 00:00:00,5054,169.9
2026-08-01 00:00:00,62476,515.0
2026-08-01 00:00:00,64074,39.9
2026-08-01 00:00:00,56073,19.9
2026-08-01 00:00:00,20418,4.9
2026-08-01 00:00:00,62278,149.9
2026-08-01 00:00:00,25139,41.6
2026-08-01 00:00:00,60581,119.9
2026-08-01 00:00:00,55318,455.92
2026-08-01 00:00:00,62009,129.9
2026-08-01 00:00:00,27979,59.9
2026-08-01 00:00:00,27980,27.9
2026-08-01 00:00:00,56285,39.9
2026-08-01 00:00:00,59451,29.9
2026-08-01 00:00:00,59452,29.9
2026-08-01 00:00:00,20317,34.9
2026-08-01 00:00:00,50764,45.9
2026-08-01 00:00:00,50763,29.9
2026-08-01 00:00:00,50286,81.9
2026-08-01 00:00:00,50816,60.9
2026-08-01 00:00:00,51392,36.9
2026-08-01 00:00:00,58053,23.9
2026-08-01 00:00:00,58054,25.9
2026-08-01 00:00:00,50825,25.9
2026-08-01 00:00:00,50822,39.9
2026-08-01 00:00:00,50853,41.9
2026-08-01 00:00:00,52352,40.9
2026-08-01 00:00:00,58055,35.9
2026-08-01 00:00:00,50821,37.9
2026-08-01 00:00:00,56543,20.9
2026-08-01 00:00:00,56532,18.9
2026-08-01 00:00:00,58058,25.9
2026-08-01 00:00:00,50827,39.9
2026-08-01 00:00:00,50826,33.9
2026-08-01 00:00:00,58056,52.9
2026-08-01 00:00:00,56534,14.32
2026-08-01 00:00:00,56533,15.12
2026-08-01 00:00:00,50818,98.9
2026-08-01 00:00:00,50819,123.9
2026-08-01 00:00:00,50817,54.9
2026-08-01 00:00:00,56548,59.9
2026-08-01 00:00:00,59344,4190.0
2026-08-01 00:00:00,53015,29.9
2026-08-01 00:00:00,53024,49.9
2026-08-01 00:00:00,20447,2.0
2026-08-01 00:00:00,32681,2.5
2026-08-01 00:00:00,33926,0.6
2026-08-01 00:00:00,56682,89.9
2026-08-01 00:00:00,54458,39.9
2026-08-01 00:00:00,1848,289.9
2026-08-01 00:00:00,5047,139.9
2026-08-01 00:00:00,58182,79.9
2026-08-01 00:00:00,64080,12.9
2026-08-01 00:00:00,17670,18.9
2026-08-01 00:00:00,17673,22.9
2026-08-01 00:00:00,17674,44.9
2026-08-01 00:00:00,56335,175.92
2026-08-01 00:00:00,64082,129.9
2026-08-01 00:00:00,17666,23.9
2026-08-01 00:00:00,19737,19.9
2026-08-01 00:00:00,19739,34.0
2026-08-01 00:00:00,19738,24.9
2026-08-01 00:00:00,17668,19.9
2026-08-01 00:00:00,17669,49.9
2026-08-01 00:00:00,14133,59.9
2026-08-01 00:00:00,64012,29.9
2026-08-01 00:00:00,17057,14.9
2026-08-01 00:00:00,26465,18.9
2026-08-01 00:00:00,19523,19.9
2026-08-01 00:00:00,26466,24.9
2026-08-01 00:00:00,17182,29.9
2026-08-01 00:00:00,26480,22.9
2026-08-01 00:00:00,17676,44.9
2026-08-01 00:00:00,17667,29.9
2026-08-01 00:00:00,64081,99.9
2026-08-01 00:00:00,56559,19.9
2026-08-01 00:00:00,64241,21.9
2026-08-01 00:00:00,64242,22.9
2026-08-01 00:00:00,64254,79.9
2026-08-01 00:00:00,64243,39.9
2026-08-01 00:00:00,64234,46.9
2026-08-01 00:00:00,64244,79.9
2026-08-01 00:00:00,64771,349.9
2026-08-01 00:00:00,63286,54.95
2026-08-01 00:00:00,13193,755.0
2026-08-01 00:00:00,13196,330.0
2026-08-01 00:00:00,59010,52.0
2026-08-01 00:00:00,62473,8.9
2026-08-01 00:00:00,17662,29.0
2026-08-01 00:00:00,17663,30.0
2026-08-01 00:00:00,8292,794.0
2026-08-01 00:00:00,8290,167.0
2026-08-01 00:00:00,26828,11.9
2026-08-01 00:00:00,56329,24.9
2026-08-01 00:00:00,51843,23.9
2026-08-01 00:00:00,63867,242.0
2026-08-01 00:00:00,47659,569.0
2026-08-01 00:00:00,8253,138.0
2026-08-01 00:00:00,8254,126.0
2026-08-01 00:00:00,3214,228.0
2026-08-01 00:00:00,56350,2076.0
2026-08-01 00:00:00,16142,195.0
2026-08-01 00:00:00,8190,503.0
2026-08-01 00:00:00,51647,361.9
2026-08-01 00:00:00,53795,268.8
2026-08-01 00:00:00,62484,3099.0
2026-08-01 00:00:00,59422,1599.0
2026-08-01 00:00:00,56756,29.9
2026-08-01 00:00:00,47660,1589.0
2026-08-01 00:00:00,53390,699.0
2026-08-01 00:00:00,12798,89.9
2026-08-01 00:00:00,52322,249.9
2026-08-01 00:00:00,53018,119.9
2026-08-01 00:00:00,64280,119.9
2026-08-01 00:00:00,64709,14.9
2026-08-01 00:00:00,20595,24.9
2026-08-01 00:00:00,50280,20.9
2026-08-01 00:00:00,56536,48.9
2026-08-01 00:00:00,50851,233.9
2026-08-01 00:00:00,64106,89.9
2026-08-01 00:00:00,32093,542.9
2026-08-01 00:00:00,31279,50.0
2026-08-01 00:00:00,63550,399.0
2026-08-01 00:00:00,64770,1159.0
2026-08-01 00:00:00,47400,469.9
2026-08-01 00:00:00,47399,559.9
2026-08-01 00:00:00,47398,709.9
2026-08-01 00:00:00,47401,749.9
2026-08-01 00:00:00,47397,849.0
2026-08-01 00:00:00,47396,999.0
2026-08-01 00:00:00,8121,72.0
2026-08-01 00:00:00,27940,49.9
2026-08-01 00:00:00,27944,17.9
2026-08-01 00:00:00,29057,19.9
2026-08-01 00:00:00,52034,99.9
2026-08-01 00:00:00,34159,4.5
2026-08-01 00:00:00,17022,19.9
2026-08-01 00:00:00,31791,163.9
2026-08-01 00:00:00,19522,24.9
2026-08-01 00:00:00,63055,2.6
2026-08-01 00:00:00,25791,49.9
2026-08-01 00:00:00,64008,31.92
2026-08-01 00:00:00,50806,81.9
2026-08-01 00:00:00,55779,35.9
2026-08-01 00:00:00,55781,10.9
2026-08-01 00:00:00,55780,18.9
2026-08-01 00:00:00,62048,29.9
2026-08-01 00:00:00,55782,119.9
2026-08-01 00:00:00,20496,4.9
2026-08-01 00:00:00,58050,131.9
2026-08-01 00:00:00,7074,134.4
2026-08-01 00:00:00,64238,89.9
2026-08-01 00:00:00,56938,25.52
2026-08-01 00:00:00,30308,19.9
2026-08-01 00:00:00,50020,73.9
2026-08-01 00:00:00,57377,50.9
2026-08-01 00:00:00,52887,209.9
2026-08-01 00:00:00,56649,139.9
2026-08-01 00:00:00,55748,169.9
2026-08-01 00:00:00,52890,89.9
2026-08-01 00:00:00,53042,56.9
2026-08-01 00:00:00,30309,289.0
2026-08-01 00:00:00,5022,359.9
2026-08-01 00:00:00,64099,529.9
2026-08-01 00:00:00,26755,309.9
2026-08-01 00:00:00,26756,399.0
2026-08-01 00:00:00,52703,9.9
2026-08-01 00:00:00,7978,113.9
2026-08-01 00:00:00,14132,59.9
2026-08-01 00:00:00,64048,99.9
2026-08-01 00:00:00,64237,26.9
2026-08-01 00:00:00,39915,299.9
2026-08-01 00:00:00,6937,279.9
2026-08-01 00:00:00,50770,34.9
2026-08-01 00:00:00,50771,23.9
2026-08-01 00:00:00,58039,45.9
2026-08-01 00:00:00,16257,168.0
2026-08-01 00:00:00,27912,12.9
2026-08-01 00:00:00,27913,12.9
2026-08-01 00:00:00,27914,12.9
2026-08-01 00:00:00,64070,19.9
2026-08-01 00:00:00,41969,149.9
2026-08-01 00:00:00,56558,89.9
2026-08-01 00:00:00,63816,94.9
2026-08-01 00:00:00,56444,29.9
2026-08-01 00:00:00,56442,29.9
2026-08-01 00:00:00,56443,29.9
2026-08-01 00:00:00,62217,23.9
2026-08-01 00:00:00,27964,26.9
2026-08-01 00:00:00,27965,26.9
2026-08-01 00:00:00,27966,26.9
2026-08-01 00:00:00,27975,26.9
2026-08-01 00:00:00,27976,26.9
2026-08-01 00:00:00,27967,26.9
2026-08-01 00:00:00,27968,26.9
2026-08-01 00:00:00,27955,26.9
2026-08-01 00:00:00,27957,26.9
2026-08-01 00:00:00,27958,26.9
2026-08-01 00:00:00,27961,26.9
2026-08-01 00:00:00,27962,26.9
2026-08-01 00:00:00,27960,26.9
2026-08-01 00:00:00,27969,23.9
2026-08-01 00:00:00,27971,23.9
2026-08-01 00:00:00,27972,23.9
2026-08-01 00:00:00,27973,13.9
2026-08-01 00:00:00,27974,23.9
2026-08-01 00:00:00,16582,99.9
2026-08-01 00:00:00,17185,39.9
2026-08-01 00:00:00,63583,3990.0
2026-08-01 00:00:00,17691,29.9
2026-08-01 00:00:00,24642,56.9
2026-08-01 00:00:00,17692,33.9
2026-08-01 00:00:00,52035,149.9
2026-08-01 00:00:00,17690,29.9
2026-08-01 00:00:00,50809,50.9
2026-08-01 00:00:00,31787,129.9
2026-08-01 00:00:00,50808,48.9
2026-08-01 00:00:00,31790,44.9
2026-08-01 00:00:00,56540,16.72
2026-08-01 00:00:00,17689,56.9
2026-08-01 00:00:00,7975,99.9
2026-08-01 00:00:00,64240,36.9
2026-08-01 00:00:00,64239,29.9
2026-08-01 00:00:00,63815,64.9
2026-08-01 00:00:00,26932,304.0
2026-08-01 00:00:00,57979,59.9
2026-08-01 00:00:00,50445,59.9
2026-08-01 00:00:00,34797,119.9
2026-08-01 00:00:00,50755,169.9
2026-08-01 00:00:00,50296,24.9
2026-08-01 00:00:00,56466,59.9
2026-08-01 00:00:00,44876,59.9
2026-08-01 00:00:00,27295,49.9
2026-08-01 00:00:00,62183,59.9
2026-08-01 00:00:00,20329,79.9
2026-08-01 00:00:00,20365,129.9
2026-08-01 00:00:00,13360,5.0
2026-08-01 00:00:00,12795,139.0
2026-08-01 00:00:00,62228,129.9
2026-08-01 00:00:00,62229,89.9
2026-08-01 00:00:00,20562,36.9
2026-08-01 00:00:00,25902,43.9
2026-08-01 00:00:00,54660,34.9
2026-08-01 00:00:00,56471,44.9
2026-08-01 00:00:00,20363,59.9
2026-08-01 00:00:00,20364,89.9
2026-08-01 00:00:00,1091,119.0
2026-08-01 00:00:00,15025,59.9
2026-08-01 00:00:00,64768,89.9
2026-08-01 00:00:00,20362,46.9
2026-08-01 00:00:00,56470,44.9
2026-08-01 00:00:00,62230,89.9
2026-08-01 00:00:00,26575,263.92
2026-08-01 00:00:00,15027,39.9
2026-08-01 00:00:00,32682,39.9
2026-08-01 00:00:00,20557,36.9
2026-08-01 00:00:00,20563,49.9
2026-08-01 00:00:00,25593,783.2
2026-08-01 00:00:00,32291,149.9
2026-08-01 00:00:00,62227,79.9
2026-08-01 00:00:00,36481,14.9
2026-08-01 00:00:00,56271,49.9
2026-08-01 00:00:00,64271,31.9
2026-08-01 00:00:00,64270,79.9
2026-08-01 00:00:00,10619,59.9
2026-08-01 00:00:00,15026,96.9
2026-08-01 00:00:00,55583,379.0
2026-08-01 00:00:00,58112,589.0
2026-08-01 00:00:00,38039,2390.0
2026-08-01 00:00:00,59329,899.0
2026-08-01 00:00:00,59371,2799.0
2026-08-01 00:00:00,58888,39.9
2026-08-01 00:00:00,52891,119.9
2026-08-01 00:00:00,29058,19.9
2026-08-01 00:00:00,29059,19.9
2026-08-01 00:00:00,29060,19.9
2026-08-01 00:00:00,29296,46.9
2026-08-01 00:00:00,29298,42.9
2026-08-01 00:00:00,29299,86.9
2026-08-01 00:00:00,27922,13.9
2026-08-01 00:00:00,27923,17.9
2026-08-01 00:00:00,27945,17.9
2026-08-01 00:00:00,27946,17.9
2026-08-01 00:00:00,53603,2.0
2026-08-01 00:00:00,28507,89.9
2026-08-01 00:00:00,28506,69.9
2026-08-01 00:00:00,28503,69.9
2026-08-01 00:00:00,28502,69.9
2026-08-01 00:00:00,29300,46.9
2026-08-01 00:00:00,29301,76.9
2026-08-01 00:00:00,58111,4599.0
2026-08-01 00:00:00,59338,2790.0
2026-08-01 00:00:00,21282,119.0
2026-08-01 00:00:00,21278,143.0
2026-08-01 00:00:00,21279,155.0
2026-08-01 00:00:00,21281,203.0
2026-08-01 00:00:00,63843,9.9
2026-08-01 00:00:00,27692,5.9
2026-08-01 00:00:00,27693,13.9
2026-08-01 00:00:00,27694,13.9
2026-08-01 00:00:00,63232,7.9
2026-08-01 00:00:00,17762,24.9
2026-08-01 00:00:00,17763,23.9
2026-08-01 00:00:00,17760,17.9
2026-08-01 00:00:00,17761,29.9
2026-08-01 00:00:00,51831,31.9
2026-08-01 00:00:00,16129,33.9
2026-08-01 00:00:00,50767,16.8
2026-08-01 00:00:00,50768,11.9
2026-08-01 00:00:00,50766,25.9
2026-08-01 00:00:00,58038,14.9
2026-08-01 00:00:00,50765,14.9
2026-08-01 00:00:00,51841,21.9
2026-08-01 00:00:00,50769,12.9
2026-08-01 00:00:00,15936,149.0
2026-08-01 00:00:00,63817,94.9
2026-08-01 00:00:00,52893,249.9
2026-08-01 00:00:00,50281,26.9
2026-08-01 00:00:00,50278,25.9
2026-08-01 00:00:00,63870,26.9
2026-08-01 00:00:00,63845,25.9
2026-08-01 00:00:00,50841,96.9
2026-08-01 00:00:00,48496,58.1
2026-08-01 00:00:00,16133,259.0
2026-08-01 00:00:00,15903,366.0
2026-08-01 00:00:00,36439,34.9
2026-08-01 00:00:00,55750,84.0
2026-08-01 00:00:00,17149,0.9
2026-08-01 00:00:00,17146,0.9
2026-08-01 00:00:00,12340,50.0
2026-08-01 00:00:00,27307,1.9
2026-08-01 00:00:00,13367,99.9
2026-08-01 00:00:00,38684,329.9
2026-08-01 00:00:00,21246,1890.0
2026-08-01 00:00:00,5053,189.9
2026-08-01 00:00:00,52041,349.0
2026-08-01 00:00:00,61988,12490.0
2026-08-01 00:00:00,61989,21490.0
2026-08-01 00:00:00,64345,799.0
2026-08-01 00:00:00,64347,1499.0
2026-08-01 00:00:00,64346,499.0
2026-08-01 00:00:00,61990,8990.0
2026-08-01 00:00:00,61991,8999.0
2026-08-01 00:00:00,61992,17400.0
2026-08-01 00:00:00,51842,23.9
2026-08-01 00:00:00,32919,25.9
2026-08-01 00:00:00,52010,29.0
2026-08-01 00:00:00,16252,106.9
2026-08-01 00:00:00,24695,21.9
2026-08-01 00:00:00,16147,81.9
2026-08-01 00:00:00,16148,98.9
2026-08-01 00:00:00,15945,49.9
2026-08-01 00:00:00,64859,39.9
2026-08-01 00:00:00,64176,29.9
2026-08-01 00:00:00,47670,1799.0
2026-08-01 00:00:00,56228,22.9
2026-08-01 00:00:00,56230,44.9
2026-08-01 00:00:00,8549,19.9
2026-08-01 00:00:00,15191,19.9
2026-08-01 00:00:00,8554,19.9
2026-08-01 00:00:00,20787,0.9
2026-08-01 00:00:00,20784,0.9
2026-08-01 00:00:00,20785,0.9
2026-08-01 00:00:00,20786,0.9
2026-08-01 00:00:00,15198,19.9
2026-08-01 00:00:00,8552,19.9
2026-08-01 00:00:00,8551,19.9
2026-08-01 00:00:00,8548,19.9
2026-08-01 00:00:00,8544,19.9
2026-08-01 00:00:00,15782,9.9
2026-08-01 00:00:00,8545,19.9
2026-08-01 00:00:00,20780,19.9
2026-08-01 00:00:00,9031,19.9
2026-08-01 00:00:00,20779,19.9
2026-08-01 00:00:00,55028,66.9
2026-08-01 00:00:00,52338,79.9
2026-08-01 00:00:00,47671,1599.0
2026-08-01 00:00:00,32898,1990.0
2026-08-01 00:00:00,50793,190.9
2026-08-01 00:00:00,50830,1229.9
2026-08-01 00:00:00,50794,102.9
2026-08-01 00:00:00,50773,88.9
2026-08-01 00:00:00,63866,25.9
2026-08-01 00:00:00,50820,559.9
2026-08-01 00:00:00,8817,146.0
2026-08-01 00:00:00,16692,18.0
2026-08-01 00:00:00,50829,70.9
2026-08-01 00:00:00,50798,69.9
2026-08-01 00:00:00,63914,231.2
2026-08-01 00:00:00,50799,43.9
2026-08-01 00:00:00,50783,530.9
2026-08-01 00:00:00,34154,17.9
2026-08-01 00:00:00,57766,69.9
2026-08-01 00:00:00,50832,174.9
2026-08-01 00:00:00,50288,235.9
2026-08-01 00:00:00,6926,219.9
2026-08-01 00:00:00,17049,79.9
2026-08-01 00:00:00,50854,238.9
2026-08-01 00:00:00,17050,119.9
2026-08-01 00:00:00,50786,139.9
2026-08-01 00:00:00,17048,29.9
2026-08-01 00:00:00,50784,279.9
2026-08-01 00:00:00,62174,29.9
2026-08-01 00:00:00,4145,199.9
2026-08-01 00:00:00,50824,127.9
2026-08-01 00:00:00,50850,256.9
2026-08-01 00:00:00,53986,79.9
2026-08-01 00:00:00,58903,169.9
2026-08-01 00:00:00,10268,149.9
2026-08-01 00:00:00,17056,119.9
2026-08-01 00:00:00,16986,44.9
2026-08-01 00:00:00,51622,69.9
2026-08-01 00:00:00,6931,239.9
2026-08-01 00:00:00,10292,299.0
2026-08-01 00:00:00,50852,247.92
2026-08-01 00:00:00,2508,249.9
2026-08-01 00:00:00,64044,289.9
2026-08-01 00:00:00,30310,54.9
2026-08-01 00:00:00,51856,50.32
2026-08-01 00:00:00,50828,94.9
2026-08-01 00:00:00,6927,269.0
2026-08-01 00:00:00,16993,129.9
2026-08-01 00:00:00,26439,159.9
2026-08-01 00:00:00,16992,39.9
2026-08-01 00:00:00,17062,79.9
2026-08-01 00:00:00,53478,79.9
2026-08-01 00:00:00,30311,129.9
2026-08-01 00:00:00,56539,148.9
2026-08-01 00:00:00,58040,229.52
2026-08-01 00:00:00,31792,321.9
2026-08-01 00:00:00,26578,23.92
2026-08-01 00:00:00,50823,160.9
2026-08-01 00:00:00,59953,129.9
2026-08-01 00:00:00,56545,45.9
2026-08-01 00:00:00,58842,79.9
2026-08-01 00:00:00,56549,94.9
2026-08-01 00:00:00,39239,119.9
2026-08-01 00:00:00,39240,69.9
2026-08-01 00:00:00,39241,229.9
2026-08-01 00:00:00,38052,443.0
2026-08-01 00:00:00,52307,46.9
2026-08-01 00:00:00,27669,799.0
2026-08-01 00:00:00,27670,799.0
2026-08-01 00:00:00,60930,219.0
2026-08-01 00:00:00,25854,939.0
2026-08-01 00:00:00,52306,56.9
2026-08-01 00:00:00,54992,46.9
2026-08-01 00:00:00,5463,959.0
2026-08-01 00:00:00,41702,199.9
2026-08-01 00:00:00,56751,19.9
2026-08-01 00:00:00,56753,23.9
2026-08-01 00:00:00,20445,10.9
2026-08-01 00:00:00,17027,6.9
2026-08-01 00:00:00,51825,359.0
2026-08-01 00:00:00,52334,22.9
2026-08-01 00:00:00,50846,39.9
2026-08-01 00:00:00,50753,49.9
2026-08-01 00:00:00,50754,69.9
2026-08-01 00:00:00,50752,39.9
2026-08-01 00:00:00,50751,39.9
2026-08-01 00:00:00,50848,27.9
2026-08-01 00:00:00,63852,39.9
2026-08-01 00:00:00,50847,39.9
2026-08-01 00:00:00,51867,99.9
2026-08-01 00:00:00,51866,69.9
2026-08-01 00:00:00,26761,86.9
2026-08-01 00:00:00,25778,34.9
2026-08-01 00:00:00,51724,37.9
2026-08-01 00:00:00,20711,52.9
2026-08-01 00:00:00,29304,39.9
2026-08-01 00:00:00,29305,39.9
2026-08-01 00:00:00,29306,39.9
2026-08-01 00:00:00,29307,39.9
2026-08-01 00:00:00,29308,39.9
2026-08-01 00:00:00,29309,39.9
2026-08-01 00:00:00,29310,39.9
2026-08-01 00:00:00,15911,53.0
2026-08-01 00:00:00,8743,49.9
2026-08-01 00:00:00,56330,4.9
2026-08-01 00:00:00,64230,7.9
2026-08-01 00:00:00,26927,36.0
2026-08-01 00:00:00,19213,28.0
2026-08-01 00:00:00,19214,33.0
2026-08-01 00:00:00,42284,999.0
2026-08-01 00:00:00,58073,1790.0
2026-08-01 00:00:00,30312,49.9
2026-08-01 00:00:00,64068,41.9
2026-08-01 00:00:00,64281,59.9
2026-08-01 00:00:00,52317,199.9
2026-08-01 00:00:00,10747,159.9
2026-08-01 00:00:00,52888,149.9
2026-08-01 00:00:00,10749,149.9
2026-08-01 00:00:00,62011,69.9
2026-08-01 00:00:00,53012,119.9
2026-08-01 00:00:00,52178,139.9
2026-08-01 00:00:00,10734,119.9
2026-08-01 00:00:00,52346,46.9
2026-08-01 00:00:00,53020,89.9
2026-08-01 00:00:00,56425,69.9
2026-08-01 00:00:00,52889,189.9
2026-08-01 00:00:00,53808,59.9
2026-08-01 00:00:00,62014,119.9
2026-08-01 00:00:00,52323,189.9
2026-08-01 00:00:00,52326,359.9
2026-08-01 00:00:00,12796,169.9
2026-08-01 00:00:00,53027,89.9
2026-08-01 00:00:00,52578,269.9
2026-08-01 00:00:00,31549,229.0
2026-08-01 00:00:00,52332,189.9
2026-08-01 00:00:00,52476,269.9
2026-08-01 00:00:00,64086,79.9
2026-08-01 00:00:00,56554,739.9
2026-08-01 00:00:00,16969,59.9
2026-08-01 00:00:00,64083,66.9
2026-08-01 00:00:00,64085,76.9
2026-08-01 00:00:00,64087,12.9
2026-08-01 00:00:00,17755,14.9
2026-08-01 00:00:00,17756,24.9
2026-08-01 00:00:00,26486,29.9
2026-08-01 00:00:00,17277,15.9
2026-08-01 00:00:00,25768,18.3
2026-08-01 00:00:00,52039,36.9
2026-08-01 00:00:00,52037,16.9
2026-08-01 00:00:00,17276,9.7
2026-08-01 00:00:00,17001,20.9
2026-08-01 00:00:00,17002,21.9
2026-08-01 00:00:00,17003,24.9
2026-08-01 00:00:00,17004,25.9
2026-08-01 00:00:00,17005,26.9
2026-08-01 00:00:00,17006,28.9
2026-08-01 00:00:00,17007,30.9
2026-08-01 00:00:00,17008,26.9
2026-08-01 00:00:00,17009,31.9
2026-08-01 00:00:00,17010,33.9
2026-08-01 00:00:00,16997,34.9
2026-08-01 00:00:00,16998,15.9
2026-08-01 00:00:00,16999,18.9
2026-08-01 00:00:00,17000,19.9
2026-08-01 00:00:00,52038,26.9
2026-08-01 00:00:00,64090,99.9
2026-08-01 00:00:00,64089,109.9
2026-08-01 00:00:00,11506,269.9
2026-08-01 00:00:00,42042,259.9
2026-08-01 00:00:00,47657,799.0
2026-08-01 00:00:00,21276,1079.0
2026-08-01 00:00:00,26431,119.9
2026-08-01 00:00:00,26485,69.9
2026-08-01 00:00:00,17059,21.9
2026-08-01 00:00:00,17013,36.9
2026-08-01 00:00:00,17014,39.9
2026-08-01 00:00:00,17179,74.9
2026-08-01 00:00:00,17015,41.9
2026-08-01 00:00:00,17016,42.9
2026-08-01 00:00:00,17017,49.9
2026-08-01 00:00:00,17012,29.9
2026-08-01 00:00:00,26773,21.9
2026-08-01 00:00:00,16991,16.9
2026-08-01 00:00:00,64084,86.9
2026-08-01 00:00:00,26472,36.9
2026-08-01 00:00:00,26490,39.9
2026-08-01 00:00:00,26429,39.9
2026-08-01 00:00:00,26474,34.9
2026-08-01 00:00:00,64245,74.9
2026-08-01 00:00:00,8107,139.9
2026-08-01 00:00:00,18717,219.9
2026-08-01 00:00:00,11978,129.9
2026-08-01 00:00:00,63557,892.0
2026-08-01 00:00:00,59428,324.9
2026-08-01 00:00:00,59427,499.9
2026-08-01 00:00:00,59429,549.9
2026-08-01 00:00:00,62198,1139.0
2026-08-01 00:00:00,6932,499.0
2026-08-01 00:00:00,26483,89.9
2026-08-01 00:00:00,20437,0.2
2026-08-01 00:00:00,56293,27.9
2026-08-01 00:00:00,34139,11.9
2026-08-01 00:00:00,53609,23.9
2026-08-01 00:00:00,34140,17.9
2026-08-01 00:00:00,53610,27.9
2026-08-01 00:00:00,34076,23.9
2026-08-01 00:00:00,53156,29.9
2026-08-01 00:00:00,34074,31.9
2026-08-01 00:00:00,25878,69.9
2026-08-01 00:00:00,34079,79.9
2026-08-01 00:00:00,53611,59.9
2026-08-01 00:00:00,34138,59.9
2026-08-01 00:00:00,34078,27.9
2026-08-01 00:00:00,34075,11.9
2026-08-01 00:00:00,34180,15.9
2026-08-01 00:00:00,21103,19.9
2026-08-01 00:00:00,34186,9.9
2026-08-01 00:00:00,34188,15.9
2026-08-01 00:00:00,34418,3.5
2026-08-01 00:00:00,34169,11.9
2026-08-01 00:00:00,34168,16.9
2026-08-01 00:00:00,53628,16.9
2026-08-01 00:00:00,34178,13.9
2026-08-01 00:00:00,34144,15.9
2026-08-01 00:00:00,34150,13.9
2026-08-01 00:00:00,34148,19.9
2026-08-01 00:00:00,34149,23.9
2026-08-01 00:00:00,34143,11.9
2026-08-01 00:00:00,9113,19.9
2026-08-01 00:00:00,34179,9.9
2026-08-01 00:00:00,21114,10.0
2026-08-01 00:00:00,55766,69.9
2026-08-01 00:00:00,21105,21.9
2026-08-01 00:00:00,34181,27.9
2026-08-01 00:00:00,34182,23.9
2026-08-01 00:00:00,34420,23.9
2026-08-01 00:00:00,34189,13.9
2026-08-01 00:00:00,16958,79.9
2026-08-01 00:00:00,16959,69.9
2026-08-01 00:00:00,21274,515.0
2026-08-01 00:00:00,58048,135.9
2026-08-01 00:00:00,58049,173.9
2026-08-01 00:00:00,64077,59.9
2026-08-01 00:00:00,64047,59.9
2026-08-01 00:00:00,64046,99.9
2026-08-01 00:00:00,20485,6.9
2026-08-01 00:00:00,62216,33.9
2026-08-01 00:00:00,64103,69.9
2026-08-01 00:00:00,58047,116.9
2026-08-01 00:00:00,50805,167.9
2026-08-01 00:00:00,52055,24.9
2026-08-01 00:00:00,56426,99.9
2026-08-01 00:00:00,62184,4.9
2026-08-01 00:00:00,56331,8.9
2026-08-01 00:00:00,56928,75.9
2026-08-01 00:00:00,17028,21.9
2026-08-01 00:00:00,63872,69.9
2026-08-01 00:00:00,46446,179.9
2026-08-01 00:00:00,29311,64.9
2026-08-01 00:00:00,29313,59.9
2026-08-01 00:00:00,24529,549.9
2026-08-01 00:00:00,55328,299.9
2026-08-01 00:00:00,7981,64.9
2026-08-01 00:00:00,64094,49.9
2026-08-01 00:00:00,17687,49.9
2026-08-01 00:00:00,64093,79.9
2026-08-01 00:00:00,64095,29.9
2026-08-01 00:00:00,54643,34.9
2026-08-01 00:00:00,55794,12.9
2026-08-01 00:00:00,55783,14.9
2026-08-01 00:00:00,49487,840.0
2026-08-01 00:00:00,64097,169.9
2026-08-01 00:00:00,50811,524.9
2026-08-01 00:00:00,4122,483.0
2026-08-01 00:00:00,38374,179.9
2026-08-01 00:00:00,26782,69.9
2026-08-01 00:00:00,58067,45.9
2026-08-01 00:00:00,51852,36.72
2026-08-01 00:00:00,51621,29.9
2026-08-01 00:00:00,63844,37.9
2026-08-01 00:00:00,56537,50.9
2026-08-01 00:00:00,50290,31.9
2026-08-01 00:00:00,64045,44.9
2026-08-01 00:00:00,24594,56.9
2026-08-01 00:00:00,4405,179.9
2026-08-01 00:00:00,58052,146.9
2026-08-01 00:00:00,50810,405.9
2026-08-01 00:00:00,64104,29.9
2026-08-01 00:00:00,64078,72.9
2026-08-01 00:00:00,64041,24.9
2026-08-01 00:00:00,51844,29.9
2026-08-01 00:00:00,51846,79.9
2026-08-01 00:00:00,51845,29.9
2026-08-01 00:00:00,29097,49.9
2026-08-01 00:00:00,29098,49.9
2026-08-01 00:00:00,60555,85.9
2026-08-01 00:00:00,29099,49.9
2026-08-01 00:00:00,29100,49.9
2026-08-01 00:00:00,60557,83.9
2026-08-01 00:00:00,29101,49.9
2026-08-01 00:00:00,60558,87.9
2026-08-01 00:00:00,29102,49.9
2026-08-01 00:00:00,60559,73.9
2026-08-01 00:00:00,60560,87.9
2026-08-01 00:00:00,29104,49.9
2026-08-01 00:00:00,29105,49.9
2026-08-01 00:00:00,53576,79.9
2026-08-01 00:00:00,30054,79.9
2026-08-01 00:00:00,53575,79.9
2026-08-01 00:00:00,30055,79.9
2026-08-01 00:00:00,55754,9.6
2026-08-01 00:00:00,55759,9.6
2026-08-01 00:00:00,5015,209.9
2026-08-01 00:00:00,26752,34.9
2026-08-01 00:00:00,52047,289.9
2026-08-01 00:00:00,52051,69.9
2026-08-01 00:00:00,52049,109.9
2026-08-01 00:00:00,25786,109.9
2026-08-01 00:00:00,64101,379.0
2026-08-01 00:00:00,5003,239.9
2026-08-01 00:00:00,26759,259.9
2026-08-01 00:00:00,63859,44.9
2026-08-01 00:00:00,64100,199.9
2026-08-01 00:00:00,33437,199.9
2026-08-01 00:00:00,41973,319.9
2026-08-01 00:00:00,20376,109.9
2026-08-01 00:00:00,57946,99.9
2026-08-01 00:00:00,57970,24.9
2026-08-01 00:00:00,26757,139.9
2026-08-01 00:00:00,3657,79.9
2026-08-01 00:00:00,53388,299.0
2026-08-01 00:00:00,3656,36.9
2026-08-01 00:00:00,52044,239.9
2026-08-01 00:00:00,54585,179.9
2026-08-01 00:00:00,54586,89.9
2026-08-01 00:00:00,53165,129.9
2026-08-01 00:00:00,52329,329.9
2026-08-01 00:00:00,52330,149.9
2026-08-01 00:00:00,34191,239.9
2026-08-01 00:00:00,49675,42.0
2026-08-01 00:00:00,49678,41.0
2026-08-01 00:00:00,49720,38.0
2026-08-01 00:00:00,63926,23.8
2026-08-01 00:00:00,55026,49.9
2026-08-01 00:00:00,29110,49.9
2026-08-01 00:00:00,29316,54.9
2026-08-01 00:00:00,29317,89.9
2026-08-01 00:00:00,29113,79.9
2026-08-01 00:00:00,29378,34.9
2026-08-01 00:00:00,64332,89.9
2026-08-01 00:00:00,15205,119.0
2026-08-01 00:00:00,20814,19.9
2026-08-01 00:00:00,64754,269.9
2026-08-01 00:00:00,13913,99.9
2026-08-01 00:00:00,15779,5.0
2026-08-01 00:00:00,27661,129.9
2026-08-01 00:00:00,53620,169.9
2026-08-01 00:00:00,27667,229.0
2026-08-01 00:00:00,27668,349.0
2026-08-01 00:00:00,54851,76.9
2026-08-01 00:00:00,64666,99.9
2026-08-01 00:00:00,64667,99.9
2026-08-01 00:00:00,54029,149.9
2026-08-01 00:00:00,29444,139.9
2026-08-01 00:00:00,64755,269.9
2026-08-01 00:00:00,64753,269.9
2026-08-01 00:00:00,31764,109.9
2026-08-01 00:00:00,31766,109.9
2026-08-01 00:00:00,31765,109.9
2026-08-01 00:00:00,31763,109.9
2026-08-01 00:00:00,25877,139.9
2026-08-01 00:00:00,56441,32.9
2026-08-01 00:00:00,62213,199.9
2026-08-01 00:00:00,29442,109.9
2026-08-01 00:00:00,64658,119.9
2026-08-01 00:00:00,64676,149.9
2026-08-01 00:00:00,29440,169.9
2026-08-01 00:00:00,18685,64.9
2026-08-01 00:00:00,53687,69.9
2026-08-01 00:00:00,9111,114.0
2026-08-01 00:00:00,9110,89.9
2026-08-01 00:00:00,15783,49.9
2026-08-01 00:00:00,13902,219.9
2026-08-01 00:00:00,14123,89.9
2026-08-01 00:00:00,20803,1.9
2026-08-01 00:00:00,27323,2.2
2026-08-01 00:00:00,27324,1.9
2026-08-01 00:00:00,27325,2.99
2026-08-01 00:00:00,27326,5.26
2026-08-01 00:00:00,20813,10.9
2026-08-01 00:00:00,27631,3.2
2026-08-01 00:00:00,27322,1.0
2026-08-01 00:00:00,27321,0.9
2026-08-01 00:00:00,20452,2.2
2026-08-01 00:00:00,20436,2.0
2026-08-01 00:00:00,20807,3.0
2026-08-01 00:00:00,20808,2.9
2026-08-01 00:00:00,20805,1.0
2026-08-01 00:00:00,20804,1.6
2026-08-01 00:00:00,20806,2.2
2026-08-01 00:00:00,27329,1.4
2026-08-01 00:00:00,64705,149.9
2026-08-01 00:00:00,59445,44.9
2026-08-01 00:00:00,21064,1.8
2026-08-01 00:00:00,21071,0.9
2026-08-01 00:00:00,21072,0.6
2026-08-01 00:00:00,21069,0.8
2026-08-01 00:00:00,56328,175.9
2026-08-01 00:00:00,56897,16.9
2026-08-01 00:00:00,34142,119.9
2026-08-01 00:00:00,58044,50.9
2026-08-01 00:00:00,64175,12.9
2026-08-01 00:00:00,16965,54.9
2026-08-01 00:00:00,16966,59.9
2026-08-01 00:00:00,51323,89.9
2026-08-01 00:00:00,64017,99.9
2026-08-01 00:00:00,16967,64.9
2026-08-01 00:00:00,1828,179.9
2026-08-01 00:00:00,50831,223.9
2026-08-01 00:00:00,64014,49.9
2026-08-01 00:00:00,16963,54.9
2026-08-01 00:00:00,17054,109.9
2026-08-01 00:00:00,58076,1399.0
2026-08-01 00:00:00,30313,86.9
2026-08-01 00:00:00,64072,39.9
2026-08-01 00:00:00,64073,39.9
2026-08-01 00:00:00,21096,21.9
2026-08-01 00:00:00,21095,46.9
2026-08-01 00:00:00,27680,2.9
2026-08-01 00:00:00,27681,2.9
2026-08-01 00:00:00,27682,3.9
2026-08-01 00:00:00,56225,15.9
2026-08-01 00:00:00,56232,15.9
2026-08-01 00:00:00,32683,2.9
2026-08-01 00:00:00,56874,309.9
2026-08-01 00:00:00,8191,223.0
2026-08-01 00:00:00,8194,64.0
2026-08-01 00:00:00,14722,53.9
2026-08-01 00:00:00,21612,10.43
2026-08-01 00:00:00,64151,139.9
2026-08-01 00:00:00,53812,149.9
2026-08-01 00:00:00,53793,154.9
2026-08-01 00:00:00,53811,159.9
2026-08-01 00:00:00,53863,189.9
2026-08-01 00:00:00,53792,209.9
2026-08-01 00:00:00,53785,89.9
2026-08-01 00:00:00,53304,69.9
2026-08-01 00:00:00,53784,79.9
2026-08-01 00:00:00,53786,99.9
2026-08-01 00:00:00,53787,99.9
2026-08-01 00:00:00,64150,109.9
2026-08-01 00:00:00,64149,114.9
2026-08-01 00:00:00,53794,139.9
2026-08-01 00:00:00,62485,79.0
2026-08-01 00:00:00,64054,29.9
2026-08-01 00:00:00,13183,268.0
2026-08-01 00:00:00,30167,229.9
2026-08-01 00:00:00,59411,1149.0
2026-08-01 00:00:00,59410,690.0
2026-08-01 00:00:00,3252,620.0
2026-08-01 00:00:00,3253,1175.0
2026-08-01 00:00:00,62221,79.9
2026-08-01 00:00:00,62222,54.9
2026-08-01 00:00:00,63763,79.9
2026-08-01 00:00:00,62219,66.9
2026-08-01 00:00:00,31762,49.9
2026-08-01 00:00:00,56755,49.9
2026-08-01 00:00:00,56754,49.9
2026-08-01 00:00:00,56752,49.9
2026-08-01 00:00:00,30314,89.9
2026-08-01 00:00:00,30315,169.9
2026-08-01 00:00:00,33436,199.9
2026-08-01 00:00:00,50835,233.9
2026-08-01 00:00:00,50838,187.9
2026-08-01 00:00:00,50839,29.9
2026-08-01 00:00:00,50836,45.9
2026-08-01 00:00:00,50837,54.9
2026-08-01 00:00:00,64248,59.9
2026-08-01 00:00:00,50833,59.9
2026-08-01 00:00:00,59367,1990.0
2026-08-01 00:00:00,53696,16.9
2026-08-01 00:00:00,50285,81.9
2026-08-01 00:00:00,50283,89.9
2026-08-01 00:00:00,52321,339.9
2026-08-01 00:00:00,54584,69.9
2026-08-01 00:00:00,58185,44.9
2026-08-01 00:00:00,25927,14.9
2026-08-01 00:00:00,27981,69.9
2026-08-01 00:00:00,27982,79.9
2026-08-01 00:00:00,33405,49.9
2026-08-01 00:00:00,29061,19.9
2026-08-01 00:00:00,29062,19.9
2026-08-01 00:00:00,27927,14.9
2026-08-01 00:00:00,27941,16.9
2026-08-01 00:00:00,27954,18.9
2026-08-01 00:00:00,27915,12.9
2026-08-01 00:00:00,27916,12.9
2026-08-01 00:00:00,27928,14.9
2026-08-01 00:00:00,27929,14.9
2026-08-01 00:00:00,27931,26.9
2026-08-01 00:00:00,27893,9.9
2026-08-01 00:00:00,27917,12.9
2026-08-01 00:00:00,27918,12.9
2026-08-01 00:00:00,27919,12.9
2026-08-01 00:00:00,27683,7.9
2026-08-01 00:00:00,27684,7.9
2026-08-01 00:00:00,27685,7.9
2026-08-01 00:00:00,27686,7.9
2026-08-01 00:00:00,27687,7.9
2026-08-01 00:00:00,27688,7.9
2026-08-01 00:00:00,27689,7.9
2026-08-01 00:00:00,27690,7.9
2026-08-01 00:00:00,27699,14.9
2026-08-01 00:00:00,27691,7.9
2026-08-01 00:00:00,27700,14.9
2026-08-01 00:00:00,25925,15.9
2026-08-01 00:00:00,33406,36.9
2026-08-01 00:00:00,33407,36.9
2026-08-01 00:00:00,33408,36.9
2026-08-01 00:00:00,52327,219.9
2026-08-01 00:00:00,50284,390.9
2026-08-01 00:00:00,52577,239.9
2026-08-01 00:00:00,64277,229.0
2026-08-01 00:00:00,64278,249.0
2026-08-01 00:00:00,64655,7.9
2026-08-01 00:00:00,12806,249.0
2026-08-01 00:00:00,64702,16.9
2026-08-01 00:00:00,52311,199.9
2026-08-01 00:00:00,31670,54.9
2026-08-01 00:00:00,56875,59.9
2026-08-01 00:00:00,31665,59.9
2026-08-01 00:00:00,33400,29.9
2026-08-01 00:00:00,60578,59.9
2026-08-01 00:00:00,60575,29.9
2026-08-01 00:00:00,60576,29.9
2026-08-01 00:00:00,60579,169.9
2026-08-01 00:00:00,60577,149.9
2026-08-01 00:00:00,62015,149.9
2026-08-01 00:00:00,52320,259.9
2026-08-01 00:00:00,12162,89.9
2026-08-01 00:00:00,62007,139.9
2026-08-01 00:00:00,12799,54.9
2026-08-01 00:00:00,52335,79.9
2026-08-01 00:00:00,52336,79.9
2026-08-01 00:00:00,12801,169.9
2026-08-01 00:00:00,62094,849.0
2026-08-01 00:00:00,56231,29.9
2026-08-01 00:00:00,42259,49.9
2026-08-01 00:00:00,51854,14.48
2026-08-01 00:00:00,50774,4.9
2026-08-01 00:00:00,59439,29.9
2026-08-01 00:00:00,59442,36.9
2026-08-01 00:00:00,59441,29.9
2026-08-01 00:00:00,59440,29.9
2026-08-01 00:00:00,50772,37.9
2026-08-01 00:00:00,59436,24.9
2026-08-01 00:00:00,59438,29.9
2026-08-01 00:00:00,42257,139.9
2026-08-01 00:00:00,14131,132.0
2026-08-01 00:00:00,59406,1099.0
2026-08-01 00:00:00,59405,1139.0
2026-08-01 00:00:00,26753,44.9
2026-08-01 00:00:00,26754,49.9
2026-08-01 00:00:00,62206,219.9
2026-08-01 00:00:00,64703,59.9
2026-08-01 00:00:00,64623,79.9
2026-08-01 00:00:00,50279,24.9
2026-08-01 00:00:00,8746,168.0
2026-08-01 00:00:00,13184,210.0
2026-08-01 00:00:00,8808,204.0
2026-08-01 00:00:00,16970,119.9
2026-08-01 00:00:00,63869,173.9
2026-08-01 00:00:00,64040,19.9
2026-08-01 00:00:00,49664,588.0
2026-08-01 00:00:00,12802,209.9
2026-08-01 00:00:00,53019,99.9
2026-08-01 00:00:00,52304,109.9
2026-08-01 00:00:00,51646,99.9
2026-08-01 00:00:00,20380,299.9
2026-08-01 00:00:00,17695,24.9
2026-08-01 00:00:00,64075,29.9
2026-08-01 00:00:00,17696,19.9
2026-08-01 00:00:00,56538,25.9
2026-08-01 00:00:00,63051,219.9
2026-08-01 00:00:00,53014,239.0
2026-08-01 00:00:00,52333,184.9
2026-08-01 00:00:00,28500,66.9
2026-08-01 00:00:00,28494,64.9
2026-08-01 00:00:00,28496,74.9
2026-08-01 00:00:00,28501,79.9
2026-08-01 00:00:00,62474,323.0
2026-08-01 00:00:00,62475,407.0
2026-08-01 00:00:00,15028,79.9
2026-08-01 00:00:00,13914,119.9
2026-08-01 00:00:00,13216,109.0
2026-08-01 00:00:00,25920,36.9
2026-08-01 00:00:00,34415,189.9
2026-08-01 00:00:00,13904,79.9
2026-08-01 00:00:00,13907,119.9
2026-08-01 00:00:00,13912,89.9
2026-08-01 00:00:00,34413,99.9
2026-08-01 00:00:00,13908,119.9
2026-08-01 00:00:00,15185,69.9
2026-08-01 00:00:00,13909,119.9
2026-08-01 00:00:00,9104,60.0
2026-08-01 00:00:00,55790,25.9
2026-08-01 00:00:00,55789,29.9
2026-08-01 00:00:00,55793,5.9
2026-08-01 00:00:00,63235,269.0
2026-08-01 00:00:00,50282,79.9
2026-08-01 00:00:00,34326,54.9
2026-08-01 00:00:00,56259,309.9
2026-08-01 00:00:00,34328,54.9
2026-08-01 00:00:00,61027,16.9
2026-08-01 00:00:00,63840,12.9
2026-08-01 00:00:00,63839,14.9
2026-08-01 00:00:00,63837,16.9
2026-08-01 00:00:00,59426,329.9
2026-08-01 00:00:00,59424,389.9
2026-08-01 00:00:00,63057,209.9
2026-08-01 00:00:00,64289,259.9
2026-08-01 00:00:00,9089,269.9
2026-08-01 00:00:00,9091,259.9
2026-08-01 00:00:00,9088,329.0
2026-08-01 00:00:00,62930,199.9
2026-08-01 00:00:00,56872,39.9
2026-08-01 00:00:00,56873,39.9
2026-08-01 00:00:00,60754,69.9
2026-08-01 00:00:00,17024,89.9
2026-08-01 00:00:00,64721,49.9
2026-08-01 00:00:00,59943,399.0
2026-08-01 00:00:00,59447,119.9
2026-08-01 00:00:00,59433,109.9
2026-08-01 00:00:00,59431,99.9
2026-08-01 00:00:00,11505,69.9
2026-08-01 00:00:00,59432,679.9
2026-08-01 00:00:00,17682,94.9
2026-08-01 00:00:00,4143,219.9
2026-08-01 00:00:00,17677,39.9
2026-08-01 00:00:00,59430,429.9
2026-08-01 00:00:00,26781,249.0
2026-08-01 00:00:00,26774,46.9
2026-08-01 00:00:00,25769,54.9
2026-08-01 00:00:00,64055,219.9
2026-08-01 00:00:00,5046,124.9
2026-08-01 00:00:00,64079,56.9
2026-08-01 00:00:00,26775,22.9
2026-08-01 00:00:00,26943,36.9
2026-08-01 00:00:00,4118,169.9
2026-08-01 00:00:00,4119,129.9
2026-08-01 00:00:00,11492,84.9
2026-08-01 00:00:00,7969,89.9
2026-08-01 00:00:00,59455,849.9
2026-08-01 00:00:00,59453,439.9
2026-08-01 00:00:00,13182,720.0
2026-08-01 00:00:00,8187,479.0
2026-08-01 00:00:00,15921,120.0
2026-08-01 00:00:00,64706,16.9
2026-08-01 00:00:00,59947,79.9
2026-08-01 00:00:00,56222,39.9
2026-08-01 00:00:00,26750,114.9
2026-08-01 00:00:00,24638,199.9
2026-08-01 00:00:00,6900,269.0
2026-08-01 00:00:00,62480,269.0
2026-08-01 00:00:00,59363,429.0
2026-08-01 00:00:00,17183,89.9
2026-08-01 00:00:00,17184,89.89
2026-08-01 00:00:00,8819,95.0
2026-08-01 00:00:00,42299,359.9
2026-08-01 00:00:00,59944,249.0
2026-08-01 00:00:00,26740,299.9
2026-08-01 00:00:00,12078,129.9
2026-08-01 00:00:00,26748,249.9
2026-08-01 00:00:00,44911,279.0
2026-08-01 00:00:00,52056,119.9
2026-08-01 00:00:00,52036,84.9
2026-08-01 00:00:00,26742,179.9
2026-08-01 00:00:00,59361,1190.0
2026-08-01 00:00:00,21717,222.0
2026-08-01 00:00:00,38373,369.9
2026-08-01 00:00:00,38869,309.9
2026-08-01 00:00:00,58035,280.0
2026-08-01 00:00:00,34313,179.9
2026-08-01 00:00:00,59454,109.9
2026-08-01 00:00:00,8542,19.9
2026-08-01 00:00:00,26758,189.9
2026-08-01 00:00:00,49064,245.0
2026-08-01 00:00:00,49685,245.0
2026-08-01 00:00:00,49684,245.0
2026-08-01 00:00:00,51186,335.0
2026-08-01 00:00:00,57611,369.0
2026-08-01 00:00:00,64279,209.9
2026-08-01 00:00:00,51868,139.9
2026-08-01 00:00:00,10746,99.9
2026-08-01 00:00:00,7097,2706.0
2026-08-01 00:00:00,62471,1250.0
2026-08-01 00:00:00,50775,137.9
2026-08-01 00:00:00,27461,799.0
2026-08-01 00:00:00,64714,69.9
2026-08-01 00:00:00,19735,39.9
2026-08-01 00:00:00,64052,54.9
2026-08-01 00:00:00,64050,69.9
2026-08-01 00:00:00,64051,69.9
2026-08-01 00:00:00,58045,39.9
2026-08-01 00:00:00,24644,44.9
2026-08-01 00:00:00,8126,519.0
2026-08-01 00:00:00,58046,66.9
2026-08-01 00:00:00,50800,60.9
2026-08-01 00:00:00,56424,74.9
2026-08-01 00:00:00,52347,69.9
2026-08-01 00:00:00,63813,49.9
2026-08-01 00:00:00,63043,39.9
2026-08-01 00:00:00,29638,139.9
2026-08-01 00:00:00,10496,119.9
2026-08-01 00:00:00,64708,109.9
2026-08-01 00:00:00,10495,199.9
2026-08-01 00:00:00,9108,50.0
2026-08-01 00:00:00,63558,32.45
2026-08-01 00:00:00,56927,29.9
2026-08-01 00:00:00,11992,89.9
2026-08-01 00:00:00,26766,215.2
2026-08-01 00:00:00,56958,25.83
2026-08-01 00:00:00,34339,31.9
2026-08-01 00:00:00,27894,9.9
2026-08-01 00:00:00,27895,9.9
2026-08-01 00:00:00,27904,10.9
2026-08-01 00:00:00,27905,10.9
2026-08-01 00:00:00,27906,10.9
2026-08-01 00:00:00,27932,14.9
2026-08-01 00:00:00,27933,14.9
2026-08-01 00:00:00,56626,20.86
2026-08-01 00:00:00,29381,46.9
2026-08-01 00:00:00,29382,54.9
2026-08-01 00:00:00,27305,0.44
2026-08-01 00:00:00,9094,49.9
2026-08-01 00:00:00,34332,17.9
2026-08-01 00:00:00,34333,11.9
2026-08-01 00:00:00,34334,59.9
2026-08-01 00:00:00,34335,17.9
2026-08-01 00:00:00,34336,34.9
2026-08-01 00:00:00,34337,12.9
2026-08-01 00:00:00,56919,29.9
2026-08-01 00:00:00,34422,46.9
2026-08-01 00:00:00,26568,169.9
2026-08-01 00:00:00,47403,12.9
2026-08-01 00:00:00,53619,119.9
2026-08-01 00:00:00,27306,0.38
2026-08-01 00:00:00,50018,70.9
2026-08-01 00:00:00,20790,3.9
2026-08-01 00:00:00,9095,340.0
2026-08-01 00:00:00,29383,64.9
2026-08-01 00:00:00,29384,79.9
2026-08-01 00:00:00,21613,10.43
2026-08-01 00:00:00,62223,149.9
2026-08-01 00:00:00,62005,159.9
2026-08-01 00:00:00,62004,149.9
2026-08-01 00:00:00,62013,149.9
2026-08-01 00:00:00,62203,229.9
2026-08-01 00:00:00,62008,139.9
2026-08-01 00:00:00,8248,79.9
2026-08-01 00:00:00,56235,79.9
2026-08-01 00:00:00,56234,129.9
2026-08-01 00:00:00,60574,209.9
2026-08-01 00:00:00,27920,12.9
2026-08-01 00:00:00,27908,12.9
2026-08-01 00:00:00,20520,39.9
2026-08-01 00:00:00,20523,54.9
2026-08-01 00:00:00,20522,79.9
2026-08-01 00:00:00,10616,46.9
2026-08-01 00:00:00,63042,249.9
2026-08-01 00:00:00,10907,99.9
2026-08-01 00:00:00,63764,5.9
2026-08-01 00:00:00,3245,1130.0
2026-08-01 00:00:00,41700,379.9
2026-08-01 00:00:00,26409,369.9
2026-08-01 00:00:00,29064,19.9
2026-08-01 00:00:00,29385,22.9
2026-08-01 00:00:00,29065,19.9
2026-08-01 00:00:00,29066,19.9
2026-08-01 00:00:00,29386,22.9
2026-08-01 00:00:00,13185,3810.0
2026-08-01 00:00:00,47307,349.0
2026-08-01 00:00:00,64007,829.9
2026-08-01 00:00:00,64496,749.0
2026-08-01 00:00:00,38549,1169.0
2026-08-01 00:00:00,58365,499.0
2026-08-01 00:00:00,47652,499.0
2026-08-01 00:00:00,47655,799.0
2026-08-01 00:00:00,63281,3.45
2026-08-01 00:00:00,63282,3.45
2026-08-01 00:00:00,63275,3.6
2026-08-01 00:00:00,63283,4.95
2026-08-01 00:00:00,63276,3.6
2026-08-01 00:00:00,63284,3.45
2026-08-01 00:00:00,63280,3.45
2026-08-01 00:00:00,63278,1.0
2026-08-01 00:00:00,33071,17.9
2026-08-01 00:00:00,33073,17.9
2026-08-01 00:00:00,33389,18.9
2026-08-01 00:00:00,33391,21.9
2026-08-01 00:00:00,33392,7.9
2026-08-01 00:00:00,33074,7.9
2026-08-01 00:00:00,33394,9.5
2026-08-01 00:00:00,33390,9.9
2026-08-01 00:00:00,33373,33.9
2026-08-01 00:00:00,27911,29.9
2026-08-01 00:00:00,20446,0.7
2026-08-01 00:00:00,56529,21.9
2026-08-01 00:00:00,56530,11.9
2026-08-01 00:00:00,56527,7.9
2026-08-01 00:00:00,20583,2.5
2026-08-01 00:00:00,56528,8.9
2026-08-01 00:00:00,62926,11.5
2026-08-01 00:00:00,61184,59.9
2026-08-01 00:00:00,64336,15.9
2026-08-01 00:00:00,20497,2.5
2026-08-01 00:00:00,31674,4.9
2026-08-01 00:00:00,20493,19.9
2026-08-01 00:00:00,20491,6.9
2026-08-01 00:00:00,64333,1.5
2026-08-01 00:00:00,62483,999.0
2026-08-01 00:00:00,59383,879.0
2026-08-01 00:00:00,27463,489.0
2026-08-01 00:00:00,27217,329.0
2026-08-01 00:00:00,59282,649.0
2026-08-01 00:00:00,59398,1290.0
2026-08-01 00:00:00,59283,1690.0
2026-08-01 00:00:00,59336,1390.0
2026-08-01 00:00:00,59373,2190.0
2026-08-01 00:00:00,33708,429.0
2026-08-01 00:00:00,59395,1299.0
2026-08-01 00:00:00,31606,599.0
2026-08-01 00:00:00,13026,1399.0
2026-08-01 00:00:00,59460,1399.0
2026-08-01 00:00:00,33709,769.0
2026-08-01 00:00:00,59392,1399.0
2026-08-01 00:00:00,3244,1439.0
2026-08-01 00:00:00,59384,1539.0
2026-08-01 00:00:00,47661,1299.0
2026-08-01 00:00:00,62478,889.0
2026-08-01 00:00:00,33706,1990.0
2026-08-01 00:00:00,59418,1399.0
2026-08-01 00:00:00,38045,1499.0
2026-08-01 00:00:00,63578,1239.0
2026-08-01 00:00:00,59416,1190.0
2026-08-01 00:00:00,59385,2399.0
2026-08-01 00:00:00,21270,1139.0
2026-08-01 00:00:00,58190,1799.0
2026-08-01 00:00:00,6893,671.0
2026-08-01 00:00:00,59399,1590.0
2026-08-01 00:00:00,15591,2975.0
2026-08-01 00:00:00,29616,329.0
2026-08-01 00:00:00,59374,2390.0
2026-08-01 00:00:00,15595,815.0
2026-08-01 00:00:00,59396,1499.0
2026-08-01 00:00:00,63582,999.0
2026-08-01 00:00:00,59386,2590.0
2026-08-01 00:00:00,3235,4247.0
2026-08-01 00:00:00,62479,1823.0
2026-08-01 00:00:00,59376,2599.0
2026-08-01 00:00:00,16972,89.9
2026-08-01 00:00:00,29388,29.9
2026-08-01 00:00:00,62215,149.9
2026-08-01 00:00:00,56681,39.9
2026-08-01 00:00:00,62214,109.9
2026-08-01 00:00:00,54138,69.9
2026-08-01 00:00:00,6892,579.9
2026-08-01 00:00:00,6918,2799.0
2026-08-01 00:00:00,64102,59.9
2026-08-01 00:00:00,64015,159.9
2026-08-01 00:00:00,50804,180.9
2026-08-01 00:00:00,50842,69.9
2026-08-01 00:00:00,64617,199.9
2026-08-01 00:00:00,64767,219.9
2026-08-01 00:00:00,64613,199.9
2026-08-01 00:00:00,64614,199.9
2026-08-01 00:00:00,64615,199.9
2026-08-01 00:00:00,64616,369.9
2026-08-01 00:00:00,60568,39.9
2026-08-01 00:00:00,18602,29.9
2026-08-01 00:00:00,20438,0.9
2026-08-01 00:00:00,13371,9.9
2026-08-01 00:00:00,13372,19.9
2026-08-01 00:00:00,20776,0.9
2026-08-01 00:00:00,20777,0.9
2026-08-01 00:00:00,20442,19.9
2026-08-01 00:00:00,27328,3.9
2026-08-01 00:00:00,27701,8.9
2026-08-01 00:00:00,27703,8.9
2026-08-01 00:00:00,27704,8.9
2026-08-01 00:00:00,27705,8.9
2026-08-01 00:00:00,27706,8.9
2026-08-01 00:00:00,27897,9.9
2026-08-01 00:00:00,27898,9.9
2026-08-01 00:00:00,27899,9.9
2026-08-01 00:00:00,27695,15.9
2026-08-01 00:00:00,27696,7.9
2026-08-01 00:00:00,27707,8.9
2026-08-01 00:00:00,27708,8.9
2026-08-01 00:00:00,27709,8.9
2026-08-01 00:00:00,27697,7.9
2026-08-01 00:00:00,27710,8.9
2026-08-01 00:00:00,27711,8.9
2026-08-01 00:00:00,50807,256.9
2026-08-01 00:00:00,20345,39.9
2026-08-01 00:00:00,8879,69.9
2026-08-01 00:00:00,54644,69.9
2026-08-01 00:00:00,56068,79.9
2026-08-01 00:00:00,64612,36.9
2026-08-01 00:00:00,63812,39.9
2026-08-01 00:00:00,52895,299.9
2026-08-01 00:00:00,50017,89.9
2026-08-01 00:00:00,62207,169.9
2026-08-01 00:00:00,56233,39.9
2026-08-01 00:00:00,28484,49.9
2026-08-01 00:00:00,28486,49.9
2026-08-01 00:00:00,28488,29.9
2026-08-01 00:00:00,28487,36.9
2026-08-01 00:00:00,28491,39.9
2026-08-01 00:00:00,28490,39.9
2026-08-01 00:00:00,28481,34.9
2026-08-01 00:00:00,28483,46.9
2026-08-01 00:00:00,63846,41.9
2026-08-01 00:00:00,28475,99.9
2026-08-01 00:00:00,28489,22.9
2026-08-01 00:00:00,9097,44.9
2026-08-01 00:00:00,64330,129.9
2026-08-01 00:00:00,64334,99.9
2026-08-01 00:00:00,44878,39.9
2026-08-01 00:00:00,28471,39.9
2026-08-01 00:00:00,28472,39.9
2026-08-01 00:00:00,56284,23.9
2026-08-01 00:00:00,25921,23.9
2026-08-01 00:00:00,33049,6.5
2026-08-01 00:00:00,29390,34.9
2026-08-01 00:00:00,29391,34.9
2026-08-01 00:00:00,29392,69.9
2026-08-01 00:00:00,29393,29.9
2026-08-01 00:00:00,29394,36.9
2026-08-01 00:00:00,29396,36.9
2026-08-01 00:00:00,29135,19.9
2026-08-01 00:00:00,27900,15.9
2026-08-01 00:00:00,27901,15.9
2026-08-01 00:00:00,27934,26.9
2026-08-01 00:00:00,29397,54.9
2026-08-01 00:00:00,27936,26.9
2026-08-01 00:00:00,29398,149.9
2026-08-01 00:00:00,28473,46.9
2026-08-01 00:00:00,28479,36.9
2026-08-01 00:00:00,28478,36.9
2026-08-01 00:00:00,28477,59.9
2026-08-01 00:00:00,28497,49.9
2026-08-01 00:00:00,28492,79.9
2026-08-01 00:00:00,28493,69.9
2026-08-01 00:00:00,53605,4.5
2026-08-01 00:00:00,34416,10.9
2026-08-01 00:00:00,34063,5.5
2026-08-01 00:00:00,28499,79.9
2026-08-01 00:00:00,28474,74.9
2026-08-01 00:00:00,21066,0.4
2026-08-01 00:00:00,21065,1.2
2026-08-01 00:00:00,21067,1.4
2026-08-01 00:00:00,16668,4.83
2026-08-01 00:00:00,21060,0.6
2026-08-01 00:00:00,27639,0.7
2026-08-01 00:00:00,21070,0.4
2026-08-01 00:00:00,27634,4.8
2026-08-01 00:00:00,27637,3.7
2026-08-01 00:00:00,27635,0.7
2026-08-01 00:00:00,27632,0.3
2026-08-01 00:00:00,27633,0.5
2026-08-01 00:00:00,20817,0.14
2026-08-01 00:00:00,27330,2.4
2026-08-01 00:00:00,27636,2.3
2026-08-01 00:00:00,27947,17.9
2026-08-01 00:00:00,27948,17.9
2026-08-01 00:00:00,29137,19.9
2026-08-01 00:00:00,29138,19.9
2026-08-01 00:00:00,27318,1.4
2026-08-01 00:00:00,27319,1.6
2026-08-01 00:00:00,27308,0.14
2026-08-01 00:00:00,27309,0.23
2026-08-01 00:00:00,27315,0.15
2026-08-01 00:00:00,27311,1.1
2026-08-01 00:00:00,27638,0.6
2026-08-01 00:00:00,20799,0.15
2026-08-01 00:00:00,20800,0.2
2026-08-01 00:00:00,21061,1.2
2026-08-01 00:00:00,21068,1.6
2026-08-01 00:00:00,21062,2.2
2026-08-01 00:00:00,27327,0.8
2026-08-01 00:00:00,21063,1.2
2026-08-01 00:00:00,27312,0.18
2026-08-01 00:00:00,27313,0.2
2026-08-01 00:00:00,27316,0.18
2026-08-01 00:00:00,20801,0.15
2026-08-01 00:00:00,27320,0.18
2026-08-01 00:00:00,27462,2899.0
2026-08-01 00:00:00,59381,2490.0
2026-08-01 00:00:00,59413,3499.0
2026-08-01 00:00:00,59401,4290.0
2026-08-01 00:00:00,59415,4190.0
2026-08-01 00:00:00,55023,99.9
2026-08-01 00:00:00,11507,123.9
2026-08-01 00:00:00,44842,209.9
2026-08-01 00:00:00,29400,139.9
2026-08-01 00:00:00,27902,9.9
2026-08-01 00:00:00,27903,9.9
2026-08-01 00:00:00,27630,0.9
2026-08-01 00:00:00,60591,7.2
2026-08-01 00:00:00,21076,1.0
2026-08-01 00:00:00,21079,0.6
2026-08-01 00:00:00,21078,1.2
2026-08-01 00:00:00,21077,2.4
2026-08-01 00:00:00,8124,70.0
2026-08-01 00:00:00,21082,0.3
2026-08-01 00:00:00,20443,0.6
2026-08-01 00:00:00,21080,0.8
2026-08-01 00:00:00,21081,0.3
2026-08-01 00:00:00,64049,79.9
2026-08-01 00:00:00,21074,1.4
2026-08-01 00:00:00,56236,79.9
2026-08-01 00:00:00,29631,119.9
2026-08-01 00:00:00,62224,59.9
2026-08-01 00:00:00,62225,89.9
2026-08-01 00:00:00,62226,229.0
2026-08-01 00:00:00,27303,1.5
2026-08-01 00:00:00,16137,133.0
2026-08-01 00:00:00,63810,49.9
2026-08-01 00:00:00,18670,5.0
2026-08-01 00:00:00,57669,359.9
2026-08-01 00:00:00,54656,5.0
2026-08-01 00:00:00,21280,143.0
2026-08-01 00:00:00,56916,19.9
2026-08-01 00:00:00,56074,299.0
2026-08-01 00:00:00,56524,6.2
2026-08-01 00:00:00,56523,6.2
2026-08-01 00:00:00,64235,289.9
2026-08-01 00:00:00,45260,169.9
2026-08-01 00:00:00,44060,749.02
2026-08-01 00:00:00,10075,129.9
2026-08-01 00:00:00,56320,124.9
2026-08-01 00:00:00,56072,49.9
2026-08-01 00:00:00,52050,79.9
2026-08-01 00:00:00,58184,36.9
2026-08-01 00:00:00,64096,74.9
2026-08-01 00:00:00,62481,1190.0
2026-08-01 00:00:00,63135,849.0
2026-08-01 00:00:00,58364,799.0
2026-08-01 00:00:00,64076,32.9
2026-08-01 00:00:00,54996,559.0
2026-08-01 00:00:00,54164,107.5
2026-08-01 00:00:00,38719,144.9
2026-08-01 00:00:00,47797,139.9
2026-08-01 00:00:00,24582,7.12
2026-08-01 00:00:00,33063,139.9
2026-08-01 00:00:00,47005,73.2
2026-08-01 00:00:00,33064,159.9
2026-08-01 00:00:00,40619,239.0
2026-08-01 00:00:00,40618,239.0
2026-08-01 00:00:00,10510,119.0
2026-08-01 00:00:00,47704,149.0
2026-08-01 00:00:00,47705,149.0
2026-08-01 00:00:00,44109,289.0
2026-08-01 00:00:00,31557,259.9
2026-08-01 00:00:00,49273,429.9
2026-08-01 00:00:00,49274,429.9
2026-08-01 00:00:00,49278,499.9
2026-08-01 00:00:00,49279,749.9
2026-08-01 00:00:00,49294,429.9
2026-08-01 00:00:00,49296,499.9
2026-08-01 00:00:00,49297,539.9
2026-08-01 00:00:00,58784,599.0
2026-08-01 00:00:00,55507,599.0
2026-08-01 00:00:00,48406,599.0
2026-08-01 00:00:00,48401,599.0
2026-08-01 00:00:00,48344,599.0
2026-08-01 00:00:00,48411,599.0
2026-08-01 00:00:00,60086,599.0
2026-08-01 00:00:00,44948,499.0
2026-08-01 00:00:00,44949,499.0
2026-08-01 00:00:00,60100,279.9
2026-08-01 00:00:00,60104,389.9
2026-08-01 00:00:00,63743,599.0
2026-08-01 00:00:00,63576,599.0
2026-08-01 00:00:00,63572,599.0
2026-08-01 00:00:00,46415,139.9
2026-08-01 00:00:00,58703,119.9
2026-08-01 00:00:00,47653,49.9
2026-08-01 00:00:00,47654,49.9
2026-08-01 00:00:00,54184,159.9
2026-08-01 00:00:00,63574,599.0
2026-08-01 00:00:00,63575,499.0
2026-08-01 00:00:00,39645,34.9
2026-08-01 00:00:00,43917,369.9
2026-08-01 00:00:00,43916,369.9
2026-08-01 00:00:00,44198,549.0
2026-08-01 00:00:00,48483,509.0
2026-08-01 00:00:00,55573,509.0
2026-08-01 00:00:00,44195,509.0
2026-08-01 00:00:00,63573,499.0
2026-08-01 00:00:00,63742,499.0
2026-08-01 00:00:00,63270,299.9
2026-08-01 00:00:00,64534,629.0
2026-08-01 00:00:00,64537,629.0
2026-08-01 00:00:00,64541,629.0
2026-08-01 00:00:00,64532,629.0
2026-08-01 00:00:00,64540,629.0
2026-08-01 00:00:00,60105,399.9
2026-08-01 00:00:00,60101,199.9
2026-08-01 00:00:00,60103,209.9
2026-08-01 00:00:00,60102,139.9
2026-08-01 00:00:00,63665,499.0
2026-08-01 00:00:00,63666,499.0
2026-08-01 00:00:00,63667,499.0
2026-08-01 00:00:00,50946,9.9
2026-08-01 00:00:00,46967,119.9
2026-08-01 00:00:00,48660,219.9
2026-08-01 00:00:00,46935,122.5
2026-08-01 00:00:00,39418,599.9
2026-08-01 00:00:00,39420,1119.9
2026-08-01 00:00:00,39422,1499.9
2026-08-01 00:00:00,63969,2399.2
2026-08-01 00:00:00,63268,2399.2
2026-08-01 00:00:00,63972,3647.2
2026-08-01 00:00:00,63970,3679.2
2026-08-01 00:00:00,48506,679.0
2026-08-01 00:00:00,49667,679.0
2026-08-01 00:00:00,48441,679.0
2026-08-01 00:00:00,42084,199.9
2026-08-01 00:00:00,39419,399.9
2026-08-01 00:00:00,42081,599.9
2026-08-01 00:00:00,49406,199.9
2026-08-01 00:00:00,39982,459.9
2026-08-01 00:00:00,31550,299.9
2026-08-01 00:00:00,36644,329.9
2026-08-01 00:00:00,42083,229.9
2026-08-01 00:00:00,39423,299.9
2026-08-01 00:00:00,47457,279.84
2026-08-01 00:00:00,63881,2149.0
2026-08-01 00:00:00,64031,1259.0
2026-08-01 00:00:00,63884,1169.0
2026-08-01 00:00:00,63894,1169.0
2026-08-01 00:00:00,63895,1169.0
2026-08-01 00:00:00,63896,1169.0
2026-08-01 00:00:00,63882,2149.0
2026-08-01 00:00:00,64032,1259.0
2026-08-01 00:00:00,63885,1169.0
2026-08-01 00:00:00,63883,2149.0
2026-08-01 00:00:00,64033,1259.0
2026-08-01 00:00:00,63886,1169.0
2026-08-01 00:00:00,64034,1259.0
2026-08-01 00:00:00,64036,1259.0
2026-08-01 00:00:00,63889,1169.0
2026-08-01 00:00:00,64037,1259.0
2026-08-01 00:00:00,63890,1169.0
2026-08-01 00:00:00,64038,1259.0
2026-08-01 00:00:00,63891,1169.0
2026-08-01 00:00:00,63892,1169.0
2026-08-01 00:00:00,63967,2799.2
2026-08-01 00:00:00,63965,3199.2
2026-08-01 00:00:00,42756,239.92
2026-08-01 00:00:00,63966,719.92
2026-08-01 00:00:00,63964,1039.2
2026-08-01 00:00:00,49300,1199.2
2026-08-01 00:00:00,42794,1839.2
2026-08-01 00:00:00,56727,1999.2
2026-08-01 00:00:00,42798,1839.2
2026-08-01 00:00:00,63962,2559.2
2026-08-01 00:00:00,42799,1759.2
2026-08-01 00:00:00,42796,1519.2
2026-08-01 00:00:00,9279,999.9
2026-08-01 00:00:00,33833,2639.2
2026-08-01 00:00:00,61933,1599.0
2026-08-01 00:00:00,8579,29.9
2026-08-01 00:00:00,58805,399.9
2026-08-01 00:00:00,36874,375.0
2026-08-01 00:00:00,54587,179.9
2026-08-01 00:00:00,61043,229.9
2026-08-01 00:00:00,28631,19.9
2026-08-01 00:00:00,37927,239.9
2026-08-01 00:00:00,9675,59.9
2026-08-01 00:00:00,9678,29.9
2026-08-01 00:00:00,58746,38.5
2026-08-01 00:00:00,31558,39.9
2026-08-01 00:00:00,12155,99.9
2026-08-01 00:00:00,42085,59.9
2026-08-01 00:00:00,49608,199.9
2026-08-01 00:00:00,49611,124.9
2026-08-01 00:00:00,48276,199.9
2026-08-01 00:00:00,62052,39.9
2026-08-01 00:00:00,38401,399.9
2026-08-01 00:00:00,10507,169.9
2026-08-01 00:00:00,10505,219.9
2026-08-01 00:00:00,10506,319.9
2026-08-01 00:00:00,60534,359.9
2026-08-01 00:00:00,58631,399.9
2026-08-01 00:00:00,37873,169.9
2026-08-01 00:00:00,37872,199.9
2026-08-01 00:00:00,37871,199.9
2026-08-01 00:00:00,46928,109.9
2026-08-01 00:00:00,18342,205.0
2026-08-01 00:00:00,42792,259.9
2026-08-01 00:00:00,36645,359.9
2026-08-01 00:00:00,48649,799.9
2026-08-01 00:00:00,1985,79.9
2026-08-01 00:00:00,42968,259.9
2026-08-01 00:00:00,6752,259.9
2026-08-01 00:00:00,53067,59.9
2026-08-01 00:00:00,46951,109.9
2026-08-01 00:00:00,42093,24.9
2026-08-01 00:00:00,28745,99.9
2026-08-01 00:00:00,42099,149.9
2026-08-01 00:00:00,46938,129.9
2026-08-01 00:00:00,24964,179.9
2026-08-01 00:00:00,5055,669.9
2026-08-01 00:00:00,40610,369.0
2026-08-01 00:00:00,47840,369.0
2026-08-01 00:00:00,43500,369.0
2026-08-01 00:00:00,40607,369.0
2026-08-01 00:00:00,47004,59.9
2026-08-01 00:00:00,53860,11.96
2026-08-01 00:00:00,38327,159.9
2026-08-01 00:00:00,58993,219.9
2026-08-01 00:00:00,33060,69.9
2026-08-01 00:00:00,47007,109.9
2026-08-01 00:00:00,33061,79.9
2026-08-01 00:00:00,46961,469.0
2026-08-01 00:00:00,47848,499.0
2026-08-01 00:00:00,55435,499.0
2026-08-01 00:00:00,55563,499.0
2026-08-01 00:00:00,55570,499.0
2026-08-01 00:00:00,61939,499.0
2026-08-01 00:00:00,61940,499.0
2026-08-01 00:00:00,46984,399.9
2026-08-01 00:00:00,61936,399.0
2026-08-01 00:00:00,27249,149.9
2026-08-01 00:00:00,48656,179.9
2026-08-01 00:00:00,48654,179.9
2026-08-01 00:00:00,48659,179.9
2026-08-01 00:00:00,57756,63.5
2026-08-01 00:00:00,58688,249.9
2026-08-01 00:00:00,42087,29.9
2026-08-01 00:00:00,48644,139.9
2026-08-01 00:00:00,57095,679.0
2026-08-01 00:00:00,55574,679.0
2026-08-01 00:00:00,57093,679.0
2026-08-01 00:00:00,47094,729.0
2026-08-01 00:00:00,55579,679.0
2026-08-01 00:00:00,55534,829.0
2026-08-01 00:00:00,58777,679.0
2026-08-01 00:00:00,48505,579.0
2026-08-01 00:00:00,55576,579.0
2026-08-01 00:00:00,57092,629.0
2026-08-01 00:00:00,55578,579.0
2026-08-01 00:00:00,55512,479.0
2026-08-01 00:00:00,48481,629.0
2026-08-01 00:00:00,47097,679.0
2026-08-01 00:00:00,57096,699.0
2026-08-01 00:00:00,55568,699.0
2026-08-01 00:00:00,58779,699.0
2026-08-01 00:00:00,57101,699.0
2026-08-01 00:00:00,55575,699.0
2026-08-01 00:00:00,55567,699.0
2026-08-01 00:00:00,60092,699.0
2026-08-01 00:00:00,58780,649.0
2026-08-01 00:00:00,60090,649.0
2026-08-01 00:00:00,55564,649.0
2026-08-01 00:00:00,58776,649.0
2026-08-01 00:00:00,64542,649.0
2026-08-01 00:00:00,10514,69.9
2026-08-01 00:00:00,42089,24.9
2026-08-01 00:00:00,42088,44.9
2026-08-01 00:00:00,62125,39.9
2026-08-01 00:00:00,38399,169.9
2026-08-01 00:00:00,63577,349.0
2026-08-01 00:00:00,55217,68.5
2026-08-01 00:00:00,55218,68.5
2026-08-01 00:00:00,55216,68.5
2026-08-01 00:00:00,55224,68.5
2026-08-01 00:00:00,55219,68.5
2026-08-01 00:00:00,55225,68.5
2026-08-01 00:00:00,46918,39.0
2026-08-01 00:00:00,55222,39.0
2026-08-01 00:00:00,47013,579.9
2026-08-01 00:00:00,12964,199.9
2026-08-01 00:00:00,12963,199.9
2026-08-01 00:00:00,27273,489.9
2026-08-01 00:00:00,24864,1039.92
2026-08-01 00:00:00,46922,96.5
2026-08-01 00:00:00,46921,96.5
2026-08-01 00:00:00,46920,96.5
2026-08-01 00:00:00,46919,96.5
2026-08-01 00:00:00,58686,139.9
2026-08-01 00:00:00,58990,169.9
2026-08-01 00:00:00,58986,169.9
2026-08-01 00:00:00,58989,89.9
2026-08-01 00:00:00,58987,169.9
2026-08-01 00:00:00,58984,99.9
2026-08-01 00:00:00,58985,129.9
2026-08-01 00:00:00,58988,169.9
2026-08-01 00:00:00,46924,219.0
2026-08-01 00:00:00,49281,144.9
2026-08-01 00:00:00,47833,399.0
2026-08-01 00:00:00,58693,669.9
2026-08-01 00:00:00,58696,669.9
2026-08-01 00:00:00,58695,669.9
2026-08-01 00:00:00,58694,669.9
2026-08-01 00:00:00,46931,49.9
2026-08-01 00:00:00,58689,129.9
2026-08-01 00:00:00,58690,69.9
2026-08-01 00:00:00,47009,369.0
2026-08-01 00:00:00,56865,369.0
2026-08-01 00:00:00,56864,369.0
2026-08-01 00:00:00,47011,369.0
2026-08-01 00:00:00,42650,699.0
2026-08-01 00:00:00,42651,699.0
2026-08-01 00:00:00,48475,436.2
2026-08-01 00:00:00,37601,799.0
2026-08-01 00:00:00,35808,799.0
2026-08-01 00:00:00,57086,799.0
2026-08-01 00:00:00,55499,949.0
2026-08-01 00:00:00,57087,579.0
2026-08-01 00:00:00,55432,699.0
2026-08-01 00:00:00,37602,699.0
2026-08-01 00:00:00,38544,699.0
2026-08-01 00:00:00,45010,649.0
2026-08-01 00:00:00,40614,899.0
2026-08-01 00:00:00,44985,679.0
2026-08-01 00:00:00,44990,629.0
2026-08-01 00:00:00,44992,549.0
2026-08-01 00:00:00,58013,180.0
2026-08-01 00:00:00,46973,159.9
2026-08-01 00:00:00,46979,159.9
2026-08-01 00:00:00,43921,189.9
2026-08-01 00:00:00,43922,189.9
2026-08-01 00:00:00,43919,189.9
2026-08-01 00:00:00,43920,189.9
2026-08-01 00:00:00,44843,229.9
2026-08-01 00:00:00,43923,159.9
2026-08-01 00:00:00,57812,29.9
2026-08-01 00:00:00,57974,29.9
2026-08-01 00:00:00,57813,29.9
2026-08-01 00:00:00,57811,29.9
2026-08-01 00:00:00,54033,159.9
2026-08-01 00:00:00,18300,169.5
2026-08-01 00:00:00,18298,99.9
2026-08-01 00:00:00,18296,39.9
2026-08-01 00:00:00,18297,49.9
2026-08-01 00:00:00,47691,579.0
2026-08-01 00:00:00,58781,579.0
2026-08-01 00:00:00,57094,629.0
2026-08-01 00:00:00,57099,629.0
2026-08-01 00:00:00,44980,629.0
2026-08-01 00:00:00,44982,629.0
2026-08-01 00:00:00,61932,399.0
2026-08-01 00:00:00,60094,399.0
2026-08-01 00:00:00,61931,399.0
2026-08-01 00:00:00,49272,499.9
2026-08-01 00:00:00,48325,429.0
2026-08-01 00:00:00,44206,529.0
2026-08-01 00:00:00,44207,429.0
2026-08-01 00:00:00,44208,429.0
2026-08-01 00:00:00,44205,429.0
2026-08-01 00:00:00,61937,449.0
2026-08-01 00:00:00,48320,469.0
2026-08-01 00:00:00,44209,469.0
2026-08-01 00:00:00,44210,469.0
2026-08-01 00:00:00,44211,469.0
2026-08-01 00:00:00,64535,349.0
2026-08-01 00:00:00,64538,349.0
2026-08-01 00:00:00,64539,349.0
2026-08-01 00:00:00,64533,349.0
2026-08-01 00:00:00,64536,349.0
2026-08-01 00:00:00,38695,429.9
2026-08-01 00:00:00,49676,429.9
2026-08-01 00:00:00,49670,549.0
2026-08-01 00:00:00,55533,549.0
2026-08-01 00:00:00,55532,549.0
2026-08-01 00:00:00,56669,699.9
2026-08-01 00:00:00,48495,3599.0
2026-08-01 00:00:00,62912,169.9
2026-08-01 00:00:00,64315,3499.0
2026-08-01 00:00:00,64313,13419.0
2026-08-01 00:00:00,58753,859.0
2026-08-01 00:00:00,62172,1199.0
2026-08-01 00:00:00,5868,5789.0
2026-08-01 00:00:00,39468,5199.0
2026-08-01 00:00:00,39465,3749.0
2026-08-01 00:00:00,5865,7699.0
2026-08-01 00:00:00,39469,7279.0
2026-08-01 00:00:00,39466,5889.0
2026-08-01 00:00:00,39467,7599.0
2026-08-01 00:00:00,52281,9999.0
2026-08-01 00:00:00,17250,10299.0
2026-08-01 00:00:00,47017,5999.0
2026-08-01 00:00:00,47016,5399.0
2026-08-01 00:00:00,42919,5699.0
2026-08-01 00:00:00,42920,7299.0
2026-08-01 00:00:00,42921,8799.0
2026-08-01 00:00:00,42922,6699.0
2026-08-01 00:00:00,42923,7799.0
2026-08-01 00:00:00,59817,4869.0
2026-08-01 00:00:00,59816,7379.0
2026-08-01 00:00:00,59820,3199.0
2026-08-01 00:00:00,38889,7499.0
2026-08-01 00:00:00,38890,9999.0
2026-08-01 00:00:00,58598,6490.0
2026-08-01 00:00:00,62902,3719.0
2026-08-01 00:00:00,34953,899.0
2026-08-01 00:00:00,63327,529.0
2026-08-01 00:00:00,58212,1149.0
2026-08-01 00:00:00,58215,1199.0
2026-08-01 00:00:00,58216,1499.0
2026-08-01 00:00:00,58214,1399.0
2026-08-01 00:00:00,27535,1799.0
2026-08-01 00:00:00,58218,3099.0
2026-08-01 00:00:00,39297,1839.0
2026-08-01 00:00:00,58211,2299.0
2026-08-01 00:00:00,58210,1699.0
2026-08-01 00:00:00,22488,3599.0
2026-08-01 00:00:00,39879,2199.0
2026-08-01 00:00:00,54400,269.0
2026-08-01 00:00:00,54402,269.0
2026-08-01 00:00:00,22070,259.9
2026-08-01 00:00:00,63359,319.0
2026-08-01 00:00:00,64357,899.0
2026-08-01 00:00:00,64356,1199.0
2026-08-01 00:00:00,48537,649.0
2026-08-01 00:00:00,63360,589.0
2026-08-01 00:00:00,43835,989.0
2026-08-01 00:00:00,63997,1899.0
2026-08-01 00:00:00,63992,659.0
2026-08-01 00:00:00,6077,799.0
2026-08-01 00:00:00,26250,509.0
2026-08-01 00:00:00,6075,1189.0
2026-08-01 00:00:00,38376,269.9
2026-08-01 00:00:00,37531,2399.0
2026-08-01 00:00:00,48631,959.0
2026-08-01 00:00:00,44496,1999.0
2026-08-01 00:00:00,44497,1999.0
2026-08-01 00:00:00,46222,13.5
2026-08-01 00:00:00,46216,11.9
2026-08-01 00:00:00,50943,19.9
2026-08-01 00:00:00,58368,99.0
2026-08-01 00:00:00,39863,179.9
2026-08-01 00:00:00,36565,539.0
2026-08-01 00:00:00,56704,639.0
2026-08-01 00:00:00,56697,689.0
2026-08-01 00:00:00,41518,509.9
2026-08-01 00:00:00,41519,679.0
2026-08-01 00:00:00,45753,599.9
2026-08-01 00:00:00,45755,499.9
2026-08-01 00:00:00,46124,349.9
2026-08-01 00:00:00,57653,2499.0
2026-08-01 00:00:00,38556,2599.0
2026-08-01 00:00:00,48526,1999.0
2026-08-01 00:00:00,54086,4319.0
2026-08-01 00:00:00,34403,499.9
2026-08-01 00:00:00,46358,5359.0
2026-08-01 00:00:00,38277,7799.0
2026-08-01 00:00:00,22486,16369.0
2026-08-01 00:00:00,27481,7799.0
2026-08-01 00:00:00,26173,5799.0
2026-08-01 00:00:00,30661,159.9
2026-08-01 00:00:00,58367,949.0
2026-08-01 00:00:00,58366,949.0
2026-08-01 00:00:00,62896,519.0
2026-08-01 00:00:00,50067,19.9
2026-08-01 00:00:00,43482,1039.0
2026-08-01 00:00:00,19913,2099.0
2026-08-01 00:00:00,32203,1469.0
2026-08-01 00:00:00,40442,2699.0
2026-08-01 00:00:00,57649,2179.0
2026-08-01 00:00:00,56499,1519.0
2026-08-01 00:00:00,58633,1779.0
2026-08-01 00:00:00,59996,1389.0
2026-08-01 00:00:00,48667,12999.0
2026-08-01 00:00:00,48668,9999.0
2026-08-01 00:00:00,1656,3359.0
2026-08-01 00:00:00,26287,1729.0
2026-08-01 00:00:00,26168,1999.0
2026-08-01 00:00:00,25400,3859.0
2026-08-01 00:00:00,19787,2379.0
2026-08-01 00:00:00,19788,2629.0
2026-08-01 00:00:00,33505,2499.0
2026-08-01 00:00:00,32208,2089.0
2026-08-01 00:00:00,33341,3699.0
2026-08-01 00:00:00,44907,2799.0
2026-08-01 00:00:00,63332,489.0
2026-08-01 00:00:00,57654,1499.0
2026-08-01 00:00:00,64881,3690.0
2026-08-01 00:00:00,63350,859.0
2026-08-01 00:00:00,6885,219.0
2026-08-01 00:00:00,54462,1509.0
2026-08-01 00:00:00,48242,529.9
2026-08-01 00:00:00,62179,449.0
2026-08-01 00:00:00,16822,59.9
2026-08-01 00:00:00,16823,69.9
2026-08-01 00:00:00,16821,29.9
2026-08-01 00:00:00,5945,449.0
2026-08-01 00:00:00,63722,449.0
2026-08-01 00:00:00,34736,559.0
2026-08-01 00:00:00,42816,779.0
2026-08-01 00:00:00,48235,79.9
2026-08-01 00:00:00,47221,229.9
2026-08-01 00:00:00,63082,799.0
2026-08-01 00:00:00,62887,1879.0
2026-08-01 00:00:00,60023,3359.0
2026-08-01 00:00:00,60024,5119.0
2026-08-01 00:00:00,60022,4479.0
2026-08-01 00:00:00,58615,119.9
2026-08-01 00:00:00,58618,119.9
2026-08-01 00:00:00,11373,299.9
2026-08-01 00:00:00,23026,529.0
2026-08-01 00:00:00,48482,49.9
2026-08-01 00:00:00,40436,1399.0
2026-08-01 00:00:00,40434,999.0
2026-08-01 00:00:00,40435,1269.0
2026-08-01 00:00:00,45009,439.0
2026-08-01 00:00:00,45008,439.0
2026-08-01 00:00:00,23027,1529.0
2026-08-01 00:00:00,6371,5399.0
2026-08-01 00:00:00,6558,4499.0
2026-08-01 00:00:00,63595,1379.0
2026-08-01 00:00:00,63588,1679.0
2026-08-01 00:00:00,63358,999.0
2026-08-01 00:00:00,39880,89.9
2026-08-01 00:00:00,9233,259.9
2026-08-01 00:00:00,45754,19.9
2026-08-01 00:00:00,45756,24.9
2026-08-01 00:00:00,54846,19.9
2026-08-01 00:00:00,42823,19.9
2026-08-01 00:00:00,45239,299.9
2026-08-01 00:00:00,57656,699.9
2026-08-01 00:00:00,39258,2809.0
2026-08-01 00:00:00,61849,7199.0
2026-08-01 00:00:00,61852,7999.0
2026-08-01 00:00:00,58204,7499.0
2026-08-01 00:00:00,48470,3599.0
2026-08-01 00:00:00,36849,1499.0
2026-08-01 00:00:00,33235,1169.0
2026-08-01 00:00:00,64826,1199.0
2026-08-01 00:00:00,54605,1699.0
2026-08-01 00:00:00,38037,2499.0
2026-08-01 00:00:00,44490,979.0
2026-08-01 00:00:00,41523,2099.0
2026-08-01 00:00:00,34951,679.0
2026-08-01 00:00:00,38623,3999.0
2026-08-01 00:00:00,38586,5499.0
2026-08-01 00:00:00,38585,6499.0
2026-08-01 00:00:00,63357,379.0
2026-08-01 00:00:00,63343,219.0
2026-08-01 00:00:00,41596,1499.0
2026-08-01 00:00:00,44505,399.0
2026-08-01 00:00:00,46119,299.9
2026-08-01 00:00:00,35586,499.9
2026-08-01 00:00:00,35585,399.9
2026-08-01 00:00:00,54626,529.0
2026-08-01 00:00:00,63624,1509.0
2026-08-01 00:00:00,63629,1079.0
2026-08-01 00:00:00,63649,259.0
2026-08-01 00:00:00,63650,289.0
2026-08-01 00:00:00,63628,12890.0
2026-08-01 00:00:00,63626,459.0
2026-08-01 00:00:00,63625,519.0
2026-08-01 00:00:00,45647,2599.0
2026-08-01 00:00:00,56430,10990.0
2026-08-01 00:00:00,58205,6599.0
2026-08-01 00:00:00,57090,1579.0
2026-08-01 00:00:00,29530,5309.0
2026-08-01 00:00:00,58206,4699.0
2026-08-01 00:00:00,58203,5999.0
2026-08-01 00:00:00,24197,11959.0
2026-08-01 00:00:00,54569,10019.0
2026-08-01 00:00:00,60025,6099.0
2026-08-01 00:00:00,60021,8380.0
2026-08-01 00:00:00,15655,6499.0
2026-08-01 00:00:00,36850,2449.0
2026-08-01 00:00:00,54096,5899.0
2026-08-01 00:00:00,44575,2199.0
2026-08-01 00:00:00,54455,18999.0
2026-08-01 00:00:00,46376,79.9
2026-08-01 00:00:00,16826,69.9
2026-08-01 00:00:00,16825,59.9
2026-08-01 00:00:00,45757,64.9
2026-08-01 00:00:00,16827,39.0
2026-08-01 00:00:00,33336,4499.0
2026-08-01 00:00:00,38234,6899.0
2026-08-01 00:00:00,33331,7999.0
2026-08-01 00:00:00,11477,5899.0
2026-08-01 00:00:00,24847,6999.0
2026-08-01 00:00:00,38626,6299.0
2026-08-01 00:00:00,38625,6599.0
2026-08-01 00:00:00,62905,3799.0
2026-08-01 00:00:00,45312,4306.0
2026-08-01 00:00:00,61884,5669.0
2026-08-01 00:00:00,61881,4499.0
2026-08-01 00:00:00,61883,5599.0
2026-08-01 00:00:00,47035,3999.0
2026-08-01 00:00:00,61922,11499.0
2026-08-01 00:00:00,54397,6319.0
2026-08-01 00:00:00,24840,7599.0
2026-08-01 00:00:00,54406,9599.0
2026-08-01 00:00:00,61928,8499.0
2026-08-01 00:00:00,39247,10399.0
2026-08-01 00:00:00,56433,12999.0
2026-08-01 00:00:00,45760,1299.0
2026-08-01 00:00:00,30594,2899.0
2026-08-01 00:00:00,30638,3599.0
2026-08-01 00:00:00,45759,1999.0
2026-08-01 00:00:00,56856,1539.0
2026-08-01 00:00:00,44509,579.0
2026-08-01 00:00:00,41526,839.0
2026-08-01 00:00:00,63728,1199.0
2026-08-01 00:00:00,56683,1209.0
2026-08-01 00:00:00,55696,1229.0
2026-08-01 00:00:00,56684,1229.0
2026-08-01 00:00:00,56500,899.0
2026-08-01 00:00:00,45720,699.9
2026-08-01 00:00:00,43801,839.0
2026-08-01 00:00:00,48361,1789.0
2026-08-01 00:00:00,48372,2299.0
2026-08-01 00:00:00,48513,999.0
2026-08-01 00:00:00,54627,2099.0
2026-08-01 00:00:00,58570,89.0
2026-08-01 00:00:00,45750,699.9
2026-08-01 00:00:00,44625,399.9
2026-08-01 00:00:00,45751,359.9
2026-08-01 00:00:00,57670,399.9
2026-08-01 00:00:00,45749,359.9
2026-08-01 00:00:00,52517,79.0
2026-08-01 00:00:00,50703,19.9
2026-08-01 00:00:00,41742,259.9
2026-08-01 00:00:00,44574,3299.0
2026-08-01 00:00:00,6061,1559.0
2026-08-01 00:00:00,29169,869.0
2026-08-01 00:00:00,38553,1509.0
2026-08-01 00:00:00,29171,1729.0
2026-08-01 00:00:00,27473,12499.0
2026-08-01 00:00:00,64310,1959.0
2026-08-01 00:00:00,54427,1899.0
2026-08-01 00:00:00,61834,1099.0
2026-08-01 00:00:00,61854,1199.0
2026-08-01 00:00:00,61833,2099.0
2026-08-01 00:00:00,48348,2599.0
2026-08-01 00:00:00,42889,3949.0
2026-08-01 00:00:00,40376,2899.0
2026-08-01 00:00:00,47477,249.9
2026-08-01 00:00:00,59609,349.9
2026-08-01 00:00:00,63356,349.0
2026-08-01 00:00:00,13712,399.9
2026-08-01 00:00:00,29031,699.0
2026-08-01 00:00:00,63324,469.0
2026-08-01 00:00:00,23290,399.0
2026-08-01 00:00:00,23291,429.0
2026-08-01 00:00:00,64856,299.9
2026-08-01 00:00:00,43807,2219.0
2026-08-01 00:00:00,63339,879.0
2026-08-01 00:00:00,45752,599.9
2026-08-01 00:00:00,5711,899.0
2026-08-01 00:00:00,58565,69.0
2026-08-01 00:00:00,6119,8899.0
2026-08-01 00:00:00,15637,9990.0
2026-08-01 00:00:00,6456,13499.0
2026-08-01 00:00:00,6557,9699.0
2026-08-01 00:00:00,24628,1199.0
2026-08-01 00:00:00,18030,799.9
2026-08-01 00:00:00,26277,579.0
2026-08-01 00:00:00,39870,999.0
2026-08-01 00:00:00,56707,259.0
2026-08-01 00:00:00,18029,549.9
2026-08-01 00:00:00,38826,2429.0
2026-08-01 00:00:00,40023,329.9
2026-08-01 00:00:00,61847,359.0
2026-08-01 00:00:00,54622,399.0
2026-08-01 00:00:00,37600,459.0
2026-08-01 00:00:00,46375,1299.0
2026-08-01 00:00:00,54106,39.9
2026-08-01 00:00:00,64855,89.9
2026-08-01 00:00:00,45238,1199.0
2026-08-01 00:00:00,57655,2499.0
2026-08-01 00:00:00,59610,299.0
2026-08-01 00:00:00,58563,499.0
2026-08-01 00:00:00,38233,3799.0
2026-08-01 00:00:00,33327,6799.0
2026-08-01 00:00:00,33329,5999.0
2026-08-01 00:00:00,33324,7299.0
2026-08-01 00:00:00,27048,15699.0
2026-08-01 00:00:00,40373,4799.0
2026-08-01 00:00:00,47706,5299.0
2026-08-01 00:00:00,33326,6999.0
2026-08-01 00:00:00,61850,8499.0
2026-08-01 00:00:00,61846,4699.0
2026-08-01 00:00:00,61853,5799.0
2026-08-01 00:00:00,61851,6499.0
2026-08-01 00:00:00,61835,4199.0
2026-08-01 00:00:00,36205,23499.0
2026-08-01 00:00:00,54094,5669.0
2026-08-01 00:00:00,54418,4499.0
2026-08-01 00:00:00,61885,5889.0
2026-08-01 00:00:00,61880,6959.0
2026-08-01 00:00:00,61882,8029.0
2026-08-01 00:00:00,61848,10999.0
2026-08-01 00:00:00,44666,18499.0
2026-08-01 00:00:00,44665,13399.0
2026-08-01 00:00:00,61926,7499.0
2026-08-01 00:00:00,61923,6099.0
2026-08-01 00:00:00,61838,22499.0
2026-08-01 00:00:00,56827,9799.0
2026-08-01 00:00:00,39659,7709.0
2026-08-01 00:00:00,54603,21499.0
2026-08-01 00:00:00,61844,18899.0
2026-08-01 00:00:00,61840,9499.0
2026-08-01 00:00:00,61842,15499.0
2026-08-01 00:00:00,44938,13199.0
2026-08-01 00:00:00,53123,239.9
2026-08-01 00:00:00,22494,5499.0
2026-08-01 00:00:00,50959,22.9
2026-08-01 00:00:00,38558,389.0
2026-08-01 00:00:00,29032,419.0
2026-08-01 00:00:00,63354,269.0
2026-08-01 00:00:00,63355,289.0
2026-08-01 00:00:00,23030,599.9
2026-08-01 00:00:00,22586,399.0
2026-08-01 00:00:00,64827,399.0
2026-08-01 00:00:00,26268,399.0
2026-08-01 00:00:00,48641,3049.0
2026-08-01 00:00:00,38560,619.0
2026-08-01 00:00:00,63591,399.9
2026-08-01 00:00:00,26266,519.0
2026-08-01 00:00:00,24895,1789.0
2026-08-01 00:00:00,58616,399.9
2026-08-01 00:00:00,59935,119.9
2026-08-01 00:00:00,59611,799.0
2026-08-01 00:00:00,63719,1399.0
2026-08-01 00:00:00,16817,29.9
2026-08-01 00:00:00,16818,29.9
2026-08-01 00:00:00,59608,599.9
2026-08-01 00:00:00,63587,4379.0
2026-08-01 00:00:00,16820,29.9
2026-08-01 00:00:00,16819,29.9
2026-08-01 00:00:00,63345,839.0
2026-08-01 00:00:00,42787,529.9
2026-08-01 00:00:00,40031,329.9
2026-08-01 00:00:00,63348,599.0
2026-08-01 00:00:00,44519,599.0
2026-08-01 00:00:00,57657,799.0
2026-08-01 00:00:00,45911,399.0
2026-08-01 00:00:00,54558,1209.0
2026-08-01 00:00:00,45721,799.9
2026-08-01 00:00:00,62893,1999.0
2026-08-01 00:00:00,45011,1379.0
2026-08-01 00:00:00,62895,2799.0
2026-08-01 00:00:00,45758,949.0
2026-08-01 00:00:00,61889,1999.0
2026-08-01 00:00:00,61893,1999.0
2026-08-01 00:00:00,61892,1999.0
2026-08-01 00:00:00,61894,3499.0
2026-08-01 00:00:00,63741,1699.0
2026-08-01 00:00:00,52634,899.0
2026-08-01 00:00:00,61887,1199.0
2026-08-01 00:00:00,52636,1199.0
2026-08-01 00:00:00,61888,2499.0
2026-08-01 00:00:00,52635,2999.0
2026-08-01 00:00:00,24288,1999.0
2026-08-01 00:00:00,9339,1799.0
2026-08-01 00:00:00,61891,2199.0
2026-08-01 00:00:00,62894,3499.0
2026-08-01 00:00:00,61890,499.0
2026-08-01 00:00:00,43832,849.0
2026-08-01 00:00:00,40377,3099.0
2026-08-01 00:00:00,63347,589.0
2026-08-01 00:00:00,63346,519.0
2026-08-01 00:00:00,63328,1219.0
2026-08-01 00:00:00,47015,2679.0
2026-08-01 00:00:00,48565,1499.0
2026-08-01 00:00:00,45913,2899.0
2026-08-01 00:00:00,45912,9379.0
2026-08-01 00:00:00,45354,6729.0
2026-08-01 00:00:00,61901,3299.0
2026-08-01 00:00:00,46672,9989.0
2026-08-01 00:00:00,46381,1699.0
2026-08-01 00:00:00,46380,1329.0
2026-08-01 00:00:00,48640,359.9
2026-08-01 00:00:00,48367,599.9
2026-08-01 00:00:00,44940,499.9
2026-08-01 00:00:00,47445,249.9
2026-08-01 00:00:00,45266,599.9
2026-08-01 00:00:00,64312,4299.0
2026-08-01 00:00:00,50006,3999.0
2026-08-01 00:00:00,50004,3999.0
2026-08-01 00:00:00,50005,3999.0
2026-08-01 00:00:00,52295,54.9
2026-08-01 00:00:00,63322,990.0
2026-08-01 00:00:00,44646,990.0
2026-08-01 00:00:00,49951,78819.0
2026-08-01 00:00:00,64319,299.9
2026-08-01 00:00:00,49995,5849.0
2026-08-01 00:00:00,34800,199.9
2026-08-01 00:00:00,12641,119.9
2026-08-01 00:00:00,53791,99.9
2026-08-01 00:00:00,34801,79.9
2026-08-01 00:00:00,53695,24.9
2026-08-01 00:00:00,19470,179.9
2026-08-01 00:00:00,53210,109.9
2026-08-01 00:00:00,53211,69.9
2026-08-01 00:00:00,49928,16999.0
2026-08-01 00:00:00,49897,16649.0
2026-08-01 00:00:00,49880,22029.0
2026-08-01 00:00:00,52704,999.9
2026-08-01 00:00:00,49955,719.0
2026-08-01 00:00:00,49956,1299.0
2026-08-01 00:00:00,59613,2899.0
2026-08-01 00:00:00,48251,409.9
2026-08-01 00:00:00,39553,379.9
2026-08-01 00:00:00,47045,2249.0
2026-08-01 00:00:00,48783,1199.0
2026-08-01 00:00:00,33247,379.9
2026-08-01 00:00:00,33249,379.9
2026-08-01 00:00:00,33248,379.9
2026-08-01 00:00:00,37771,869.0
2026-08-01 00:00:00,59998,0.0
2026-08-01 00:00:00,5578,109.0
2026-08-01 00:00:00,47039,1499.0
2026-08-01 00:00:00,48615,399.9
2026-08-01 00:00:00,21901,109.0
2026-08-01 00:00:00,5575,89.0
2026-08-01 00:00:00,5576,89.0
2026-08-01 00:00:00,5577,109.0
2026-08-01 00:00:00,48786,1199.0
2026-08-01 00:00:00,48795,1199.0
2026-08-01 00:00:00,48798,2299.0
2026-08-01 00:00:00,63906,199.9
2026-08-01 00:00:00,47832,699.0
2026-08-01 00:00:00,47831,699.0
2026-08-01 00:00:00,47822,699.0
2026-08-01 00:00:00,47830,699.0
2026-08-01 00:00:00,48813,799.0
2026-08-01 00:00:00,48810,799.0
2026-08-01 00:00:00,48812,799.0
2026-08-01 00:00:00,48776,1299.0
2026-08-01 00:00:00,48791,1299.0
2026-08-01 00:00:00,47486,349.0
2026-08-01 00:00:00,47034,69.0
2026-08-01 00:00:00,38818,249.0
2026-08-01 00:00:00,44481,249.0
2026-08-01 00:00:00,38817,249.0
2026-08-01 00:00:00,38816,249.0
2026-08-01 00:00:00,59156,799.0
2026-08-01 00:00:00,5553,79.9
2026-08-01 00:00:00,60032,1099.0
2026-08-01 00:00:00,3365,219.0
2026-08-01 00:00:00,46229,149.0
2026-08-01 00:00:00,48623,149.0
2026-08-01 00:00:00,33243,95.0
2026-08-01 00:00:00,20694,219.0
2026-08-01 00:00:00,47501,499.0
2026-08-01 00:00:00,47502,499.0
2026-08-01 00:00:00,47503,499.0
2026-08-01 00:00:00,47500,499.0
2026-08-01 00:00:00,38240,589.9
2026-08-01 00:00:00,53001,119.9
2026-08-01 00:00:00,33240,45.0
2026-08-01 00:00:00,39955,4999.0
2026-08-01 00:00:00,38583,2499.0
2026-08-01 00:00:00,38582,3399.0
2026-08-01 00:00:00,38581,6649.0
2026-08-01 00:00:00,31345,3999.0
2026-08-01 00:00:00,35552,1549.0
2026-08-01 00:00:00,21229,37.7
2026-08-01 00:00:00,49993,1049.0
2026-08-01 00:00:00,44057,89.9
2026-08-01 00:00:00,59718,11499.0
2026-08-01 00:00:00,59720,7299.0
2026-08-01 00:00:00,48773,0.0
2026-08-01 00:00:00,59717,12999.0
2026-08-01 00:00:00,59614,24999.0
2026-08-01 00:00:00,48781,16499.0
2026-08-01 00:00:00,60034,4499.1
2026-08-01 00:00:00,53471,49.9
2026-08-01 00:00:00,54756,40.0
2026-08-01 00:00:00,33266,35.0
2026-08-01 00:00:00,33265,35.0
2026-08-01 00:00:00,33239,45.0
2026-08-01 00:00:00,53869,19.9
2026-08-01 00:00:00,53868,16.9
2026-08-01 00:00:00,44781,250.0
2026-08-01 00:00:00,44779,250.0
2026-08-01 00:00:00,63744,350.0
2026-08-01 00:00:00,57605,79.9
2026-08-01 00:00:00,10103,69.0
2026-08-01 00:00:00,54757,74.9
2026-08-01 00:00:00,46283,149.9
2026-08-01 00:00:00,45303,79.0
2026-08-01 00:00:00,26293,149.9
2026-08-01 00:00:00,57620,99.9
2026-08-01 00:00:00,57606,79.9
2026-08-01 00:00:00,57607,199.9
2026-08-01 00:00:00,47408,32.0
2026-08-01 00:00:00,33310,30.0
2026-08-01 00:00:00,46186,439.9
2026-08-01 00:00:00,47450,59.9
2026-08-01 00:00:00,53044,49.9
2026-08-01 00:00:00,57608,249.9
2026-08-01 00:00:00,16347,79.9
2026-08-01 00:00:00,33307,28.0
2026-08-01 00:00:00,33309,28.0
2026-08-01 00:00:00,16385,59.9
2026-08-01 00:00:00,53651,1.9
2026-08-01 00:00:00,49876,14399.0
2026-08-01 00:00:00,49944,0.0
2026-08-01 00:00:00,49926,23369.0
2026-08-01 00:00:00,49912,23369.0
2026-08-01 00:00:00,49904,20259.0
2026-08-01 00:00:00,49932,21999.0
2026-08-01 00:00:00,49867,36689.0
2026-08-01 00:00:00,49958,7929.0
2026-08-01 00:00:00,49929,7929.0
2026-08-01 00:00:00,49866,9539.0
2026-08-01 00:00:00,58538,8199.0
2026-08-01 00:00:00,58537,10599.0
2026-08-01 00:00:00,59153,26999.0
2026-08-01 00:00:00,49902,20759.0
2026-08-01 00:00:00,49964,28339.0
2026-08-01 00:00:00,49903,22419.0
2026-08-01 00:00:00,59715,15859.0
2026-08-01 00:00:00,49965,31999.0
2026-08-01 00:00:00,49870,24659.0
2026-08-01 00:00:00,49883,24659.0
2026-08-01 00:00:00,49953,8819.0
2026-08-01 00:00:00,49919,7919.0
2026-08-01 00:00:00,49948,4839.0
2026-08-01 00:00:00,59154,10839.0
2026-08-01 00:00:00,49885,13419.0
2026-08-01 00:00:00,33763,105.0
2026-08-01 00:00:00,33302,229.9
2026-08-01 00:00:00,33301,180.0
2026-08-01 00:00:00,34807,149.9
2026-08-01 00:00:00,34808,149.9
2026-08-01 00:00:00,46194,119.9
2026-08-01 00:00:00,50000,696.0
2026-08-01 00:00:00,49969,399.0
2026-08-01 00:00:00,49998,879.0
2026-08-01 00:00:00,46189,169.9
2026-08-01 00:00:00,33275,55.0
2026-08-01 00:00:00,33285,115.0
2026-08-01 00:00:00,33283,37.0
2026-08-01 00:00:00,33268,90.0
2026-08-01 00:00:00,33277,50.0
2026-08-01 00:00:00,33269,90.0
2026-08-01 00:00:00,31436,354.9
2026-08-01 00:00:00,44778,280.0
2026-08-01 00:00:00,33290,299.9
2026-08-01 00:00:00,33289,355.0
2026-08-01 00:00:00,54432,454.9
2026-08-01 00:00:00,47419,79.9
2026-08-01 00:00:00,60232,1079.0
2026-08-01 00:00:00,47478,1149.0
2026-08-01 00:00:00,63305,350.0
2026-08-01 00:00:00,53658,5.9
2026-08-01 00:00:00,60009,799.0
2026-08-01 00:00:00,60005,6999.0
2026-08-01 00:00:00,50013,799.0
2026-08-01 00:00:00,50014,799.0
2026-08-01 00:00:00,60001,799.0
2026-08-01 00:00:00,50011,799.0
2026-08-01 00:00:00,47453,1129.0
2026-08-01 00:00:00,43815,1129.0
2026-08-01 00:00:00,43813,1029.0
2026-08-01 00:00:00,45302,99.0
2026-08-01 00:00:00,53051,269.9
2026-08-01 00:00:00,60018,1049.0
2026-08-01 00:00:00,52224,99.9
2026-08-01 00:00:00,52225,129.9
2026-08-01 00:00:00,52226,69.9
2026-08-01 00:00:00,52227,89.9
2026-08-01 00:00:00,52495,89.9
2026-08-01 00:00:00,52228,149.9
2026-08-01 00:00:00,52229,199.9
2026-08-01 00:00:00,53657,5.9
2026-08-01 00:00:00,49894,6129.0
2026-08-01 00:00:00,49909,7939.0
2026-08-01 00:00:00,49938,2849.0
2026-08-01 00:00:00,49888,11469.0
2026-08-01 00:00:00,49915,6999.0
2026-08-01 00:00:00,49935,4249.0
2026-08-01 00:00:00,49916,5999.0
2026-08-01 00:00:00,49872,3939.0
2026-08-01 00:00:00,49892,3499.0
2026-08-01 00:00:00,49889,11159.0
2026-08-01 00:00:00,49920,7939.0
2026-08-01 00:00:00,49921,3739.0
2026-08-01 00:00:00,49886,7049.0
2026-08-01 00:00:00,63753,430.0
2026-08-01 00:00:00,49999,1849.0
2026-08-01 00:00:00,31416,143.9
2026-08-01 00:00:00,31419,20.6
2026-08-01 00:00:00,53053,49.4
2026-08-01 00:00:00,31417,143.9
2026-08-01 00:00:00,31420,19.9
2026-08-01 00:00:00,31418,49.4
2026-08-01 00:00:00,53947,6.9
2026-08-01 00:00:00,52303,10.9
2026-08-01 00:00:00,52108,10.9
2026-08-01 00:00:00,52109,9.9
2026-08-01 00:00:00,53054,59.9
2026-08-01 00:00:00,52113,99.9
2026-08-01 00:00:00,60017,399.0
2026-08-01 00:00:00,8703,54.9
2026-08-01 00:00:00,53653,164.9
2026-08-01 00:00:00,53654,249.9
2026-08-01 00:00:00,53693,109.9
2026-08-01 00:00:00,53345,139.9
2026-08-01 00:00:00,53652,59.9
2026-08-01 00:00:00,49893,29589.0
2026-08-01 00:00:00,49913,40879.0
2026-08-01 00:00:00,49878,22899.0
2026-08-01 00:00:00,49918,18129.0
2026-08-01 00:00:00,49927,13629.0
2026-08-01 00:00:00,49871,20969.0
2026-08-01 00:00:00,49873,9989.0
2026-08-01 00:00:00,49905,11759.0
2026-08-01 00:00:00,49899,20999.0
2026-08-01 00:00:00,49908,6699.0
2026-08-01 00:00:00,49906,11749.0
2026-08-01 00:00:00,49907,16999.0
2026-08-01 00:00:00,49874,16599.0
2026-08-01 00:00:00,49898,5089.0
2026-08-01 00:00:00,49940,5199.0
2026-08-01 00:00:00,49917,5699.0
2026-08-01 00:00:00,60035,16099.0
2026-08-01 00:00:00,49896,8119.0
2026-08-01 00:00:00,49923,6719.0
2026-08-01 00:00:00,49925,14659.0
2026-08-01 00:00:00,49887,6719.0
2026-08-01 00:00:00,49952,19999.0
2026-08-01 00:00:00,49877,2299.0
2026-08-01 00:00:00,49939,34649.0
2026-08-01 00:00:00,49881,20979.0
2026-08-01 00:00:00,49911,21999.0
2026-08-01 00:00:00,49869,14889.0
2026-08-01 00:00:00,49890,20139.0
2026-08-01 00:00:00,49934,5999.0
2026-08-01 00:00:00,49875,15779.0
2026-08-01 00:00:00,49882,12339.0
2026-08-01 00:00:00,49900,28369.0
2026-08-01 00:00:00,60299,43359.0
2026-08-01 00:00:00,49884,13599.0
2026-08-01 00:00:00,49879,31279.0
2026-08-01 00:00:00,63299,800.0
2026-08-01 00:00:00,60529,280.0
2026-08-01 00:00:00,48796,999.0
2026-08-01 00:00:00,63571,350.0
2026-08-01 00:00:00,49914,32839.0
2026-08-01 00:00:00,49966,32839.0
2026-08-01 00:00:00,63760,64.9
2026-08-01 00:00:00,49960,279.0
2026-08-01 00:00:00,49957,289.0
2026-08-01 00:00:00,63761,59.9
2026-08-01 00:00:00,45530,390.0
2026-08-01 00:00:00,45532,390.0
2026-08-01 00:00:00,45518,430.0
2026-08-01 00:00:00,45521,430.0
2026-08-01 00:00:00,45520,430.0
2026-08-01 00:00:00,45516,410.0
2026-08-01 00:00:00,45524,410.0
2026-08-01 00:00:00,61712,410.0
2026-08-01 00:00:00,45514,430.0
2026-08-01 00:00:00,45515,430.0
2026-08-01 00:00:00,45513,430.0
2026-08-01 00:00:00,45517,430.0
2026-08-01 00:00:00,45528,390.0
2026-08-01 00:00:00,45526,390.0
2026-08-01 00:00:00,45522,390.0
2026-08-01 00:00:00,45525,430.0
2026-08-01 00:00:00,44759,390.0
2026-08-01 00:00:00,45527,390.0
2026-08-01 00:00:00,45534,430.0
2026-08-01 00:00:00,45533,430.0
2026-08-01 00:00:00,45531,390.0
2026-08-01 00:00:00,44757,430.0
2026-08-01 00:00:00,63314,430.0
2026-08-01 00:00:00,48497,89.9
2026-08-01 00:00:00,63308,350.0
2026-08-01 00:00:00,63300,1550.0
2026-08-01 00:00:00,49972,719.0
2026-08-01 00:00:00,49974,999.0
2026-08-01 00:00:00,63309,330.0
2026-08-01 00:00:00,59805,3339.0
2026-08-01 00:00:00,59157,429.0
2026-08-01 00:00:00,59158,789.0
2026-08-01 00:00:00,59159,1589.0
2026-08-01 00:00:00,63747,430.0
2026-08-01 00:00:00,63746,430.0
2026-08-01 00:00:00,63307,430.0
2026-08-01 00:00:00,60528,430.0
2026-08-01 00:00:00,63750,430.0
2026-08-01 00:00:00,49990,459.0
2026-08-01 00:00:00,49978,2249.0
2026-08-01 00:00:00,49868,12099.0
2026-08-01 00:00:00,59804,35659.0
2026-08-01 00:00:00,49954,5639.0
2026-08-01 00:00:00,60038,6699.0
2026-08-01 00:00:00,63316,550.0
2026-08-01 00:00:00,54118,107.5
2026-08-01 00:00:00,63303,990.0
2026-08-01 00:00:00,58539,3519.0
2026-08-01 00:00:00,49922,7049.0
2026-08-01 00:00:00,63317,1300.0
2026-08-01 00:00:00,45512,990.0
2026-08-01 00:00:00,46377,650.0
2026-08-01 00:00:00,54313,99.9
2026-08-01 00:00:00,49986,2529.0
2026-08-01 00:00:00,50001,2019.0
2026-08-01 00:00:00,49987,4139.0
2026-08-01 00:00:00,49988,329.0
2026-08-01 00:00:00,49984,1849.0
2026-08-01 00:00:00,49996,2199.0
2026-08-01 00:00:00,48416,770.0
2026-08-01 00:00:00,61831,2200.0
2026-08-01 00:00:00,49962,1229.0
2026-08-01 00:00:00,63304,390.0
2026-08-01 00:00:00,46530,399.9
2026-08-01 00:00:00,50954,14.9
2026-08-01 00:00:00,50955,14.9
2026-08-01 00:00:00,61897,6199.0
2026-08-01 00:00:00,60527,7999.0
2026-08-01 00:00:00,63047,570.0
2026-08-01 00:00:00,48365,3459.0
2026-08-01 00:00:00,48500,3399.0
2026-08-01 00:00:00,37404,280.0
2026-08-01 00:00:00,37400,300.0
2026-08-01 00:00:00,57405,249.9
2026-08-01 00:00:00,47116,1699.0
2026-08-01 00:00:00,47104,1399.0
2026-08-01 00:00:00,47114,2699.0
2026-08-01 00:00:00,47113,1799.0
2026-08-01 00:00:00,61924,2799.0
2026-08-01 00:00:00,61930,2349.0
2026-08-01 00:00:00,58208,3599.0
2026-08-01 00:00:00,63010,7799.0
2026-08-01 00:00:00,49967,299.0
2026-08-01 00:00:00,49961,339.0
2026-08-01 00:00:00,49943,359.0
2026-08-01 00:00:00,49936,679.0
2026-08-01 00:00:00,60041,1999.0
2026-08-01 00:00:00,63320,2750.0
2026-08-01 00:00:00,51151,52.9
2026-08-01 00:00:00,51152,174.9
2026-08-01 00:00:00,51153,30.9
2026-08-01 00:00:00,51154,54.9
2026-08-01 00:00:00,51155,74.9
2026-08-01 00:00:00,51156,175.9
2026-08-01 00:00:00,51157,30.9
2026-08-01 00:00:00,53949,54.9
2026-08-01 00:00:00,53950,74.9
2026-08-01 00:00:00,31428,16.9
2026-08-01 00:00:00,31427,29.9
2026-08-01 00:00:00,47902,59.9
2026-08-01 00:00:00,47903,29.9
2026-08-01 00:00:00,47907,69.9
2026-08-01 00:00:00,51158,68.9
2026-08-01 00:00:00,51159,96.9
2026-08-01 00:00:00,51313,104.9
2026-08-01 00:00:00,54126,104.9
2026-08-01 00:00:00,21227,69.9
2026-08-01 00:00:00,21224,39.9
2026-08-01 00:00:00,21226,62.9
2026-08-01 00:00:00,47904,16.9
2026-08-01 00:00:00,47906,59.9
2026-08-01 00:00:00,47905,59.9
2026-08-01 00:00:00,21231,46.9
2026-08-01 00:00:00,21230,53.9
2026-08-01 00:00:00,54394,36.9
2026-08-01 00:00:00,53689,25.9
2026-08-01 00:00:00,63319,330.0
2026-08-01 00:00:00,63312,460.0
2026-08-01 00:00:00,53690,9.9
2026-08-01 00:00:00,53691,29.9
2026-08-01 00:00:00,53692,59.9
2026-08-01 00:00:00,60007,899.0
2026-08-01 00:00:00,60016,1679.0
2026-08-01 00:00:00,60004,899.0
2026-08-01 00:00:00,60000,799.0
2026-08-01 00:00:00,49989,1129.0
2026-08-01 00:00:00,49991,1799.0
2026-08-01 00:00:00,49982,2199.0
2026-08-01 00:00:00,44764,590.0
2026-08-01 00:00:00,63302,1390.0
2026-08-01 00:00:00,63318,890.0
2026-08-01 00:00:00,48805,1299.0
2026-08-01 00:00:00,63298,2299.0
2026-08-01 00:00:00,63296,2299.0
2026-08-01 00:00:00,63297,2299.0
2026-08-01 00:00:00,63295,2299.0
2026-08-01 00:00:00,49864,1099.0
2026-08-01 00:00:00,49863,1099.0
2026-08-01 00:00:00,49910,2489.0
2026-08-01 00:00:00,49985,969.0
2026-08-01 00:00:00,49975,1369.0
2026-08-01 00:00:00,59722,6499.0
2026-08-01 00:00:00,59721,5699.0
2026-08-01 00:00:00,48763,799.0
2026-08-01 00:00:00,48759,799.0
2026-08-01 00:00:00,48758,799.0
2026-08-01 00:00:00,48754,799.0
2026-08-01 00:00:00,60040,1499.0
2026-08-01 00:00:00,60043,1499.0
2026-08-01 00:00:00,60042,1499.0
2026-08-01 00:00:00,48818,2999.0
2026-08-01 00:00:00,53135,199.9
2026-08-01 00:00:00,53136,179.9
2026-08-01 00:00:00,63052,299.0
2026-08-01 00:00:00,61843,4299.0
2026-08-01 00:00:00,61845,9499.0
2026-08-01 00:00:00,57630,64.9
2026-08-01 00:00:00,49959,8459.0
2026-08-01 00:00:00,49891,12039.0
2026-08-01 00:00:00,41967,149.9
2026-08-01 00:00:00,58179,629.9
2026-08-01 00:00:00,818,549.9
2026-08-01 00:00:00,819,649.9
2026-08-01 00:00:00,48343,99.0
2026-08-01 00:00:00,28000,199.9
2026-08-01 00:00:00,27999,249.9
2026-08-01 00:00:00,47416,449.9
2026-08-01 00:00:00,61830,2800.0
2026-08-01 00:00:00,57760,264.6
2026-08-01 00:00:00,49941,649.0
2026-08-01 00:00:00,58540,2999.0
2026-08-01 00:00:00,58991,229.9
2026-08-01 00:00:00,63311,350.0
2026-08-01 00:00:00,63313,430.0
2026-08-01 00:00:00,53662,9.9
2026-08-01 00:00:00,53663,10.5
2026-08-01 00:00:00,49983,2559.0
2026-08-01 00:00:00,49971,419.0
2026-08-01 00:00:00,49901,1539.0
2026-08-01 00:00:00,52475,69.9
2026-08-01 00:00:00,52143,29.9
2026-08-01 00:00:00,63748,430.0
2026-08-01 00:00:00,55693,2109.0
2026-08-01 00:00:00,55695,2999.0
2026-08-01 00:00:00,57530,4789.0
2026-08-01 00:00:00,61836,6199.0
2026-08-01 00:00:00,28706,3799.0
2026-08-01 00:00:00,38203,3199.0
2026-08-01 00:00:00,64773,3769.0
2026-08-01 00:00:00,53685,13.9
2026-08-01 00:00:00,53694,12.9
2026-08-01 00:00:00,53668,44.9
2026-08-01 00:00:00,53509,29.9
2026-08-01 00:00:00,53507,59.9
2026-08-01 00:00:00,53513,39.9
2026-08-01 00:00:00,53506,79.9
2026-08-01 00:00:00,44660,2999.0
2026-08-01 00:00:00,44662,3799.0
2026-08-01 00:00:00,44667,4399.0
2026-08-01 00:00:00,50276,59.9
2026-08-01 00:00:00,63315,441.74
2026-08-01 00:00:00,48316,2649.0
2026-08-01 00:00:00,48385,3999.0
2026-08-01 00:00:00,61927,11999.0
2026-08-01 00:00:00,63321,870.0
2026-08-01 00:00:00,49981,1599.0
2026-08-01 00:00:00,49946,829.0
2026-08-01 00:00:00,49931,769.0
2026-08-01 00:00:00,49977,549.0
2026-08-01 00:00:00,49933,659.0
2026-08-01 00:00:00,63570,590.0
2026-08-01 00:00:00,47044,2249.0
2026-08-01 00:00:00,47040,1499.0
2026-08-01 00:00:00,48613,1199.0
2026-08-01 00:00:00,47043,599.0
2026-08-01 00:00:00,47042,599.0
2026-08-01 00:00:00,64024,299.9
2026-08-01 00:00:00,45816,144.5
2026-08-01 00:00:00,53346,139.9
2026-08-01 00:00:00,48637,129.9
2026-08-01 00:00:00,48616,1970.0
2026-08-01 00:00:00,48501,2100.0
2026-08-01 00:00:00,48413,3399.0
2026-08-01 00:00:00,48338,499.0
2026-08-01 00:00:00,48315,499.0
2026-08-01 00:00:00,48421,1099.0
2026-08-01 00:00:00,48419,1099.0
2026-08-01 00:00:00,48340,499.0
2026-08-01 00:00:00,12571,99.9
2026-08-01 00:00:00,18277,49.9
2026-08-01 00:00:00,46251,54.6
2026-08-01 00:00:00,47149,24.9
2026-08-01 00:00:00,52119,29.9
2026-08-01 00:00:00,52120,49.9
2026-08-01 00:00:00,43138,29.9
2026-08-01 00:00:00,48300,39.9
2026-08-01 00:00:00,6831,349.9
2026-08-01 00:00:00,9344,349.9
2026-08-01 00:00:00,9354,349.9
2026-08-01 00:00:00,16859,14.9
2026-08-01 00:00:00,16861,14.9
2026-08-01 00:00:00,21348,99.9
2026-08-01 00:00:00,64414,69.9
2026-08-01 00:00:00,5303,149.91
2026-08-01 00:00:00,47632,33.2
2026-08-01 00:00:00,6819,369.9
2026-08-01 00:00:00,39275,99.9
2026-08-01 00:00:00,46926,229.9
2026-08-01 00:00:00,32714,119.9
2026-08-01 00:00:00,45083,59.9
2026-08-01 00:00:00,34384,389.9
2026-08-01 00:00:00,46605,15.5
2026-08-01 00:00:00,45446,49.9
2026-08-01 00:00:00,45443,39.9
2026-08-01 00:00:00,47509,59.9
2026-08-01 00:00:00,49261,69.9
2026-08-01 00:00:00,47582,9.6
2026-08-01 00:00:00,1225,459.0
2026-08-01 00:00:00,1491,47.0
2026-08-01 00:00:00,1490,99.9
2026-08-01 00:00:00,12746,95.0
2026-08-01 00:00:00,1113,139.9
2026-08-01 00:00:00,969,179.9
2026-08-01 00:00:00,27780,77.0
2026-08-01 00:00:00,7923,110.0
2026-08-01 00:00:00,702,239.9
2026-08-01 00:00:00,59621,39.9
2026-08-01 00:00:00,47622,49.9
2026-08-01 00:00:00,43164,39.9
2026-08-01 00:00:00,43165,39.9
2026-08-01 00:00:00,43166,39.9
2026-08-01 00:00:00,48229,269.0
2026-08-01 00:00:00,42170,89.9
2026-08-01 00:00:00,7554,169.9
2026-08-01 00:00:00,844,269.9
2026-08-01 00:00:00,47765,39.9
2026-08-01 00:00:00,59180,179.9
2026-08-01 00:00:00,13086,199.9
2026-08-01 00:00:00,56648,29.9
2026-08-01 00:00:00,50049,199.9
2026-08-01 00:00:00,20047,69.9
2026-08-01 00:00:00,59906,229.9
2026-08-01 00:00:00,51654,159.9
2026-08-01 00:00:00,59968,39.9
2026-08-01 00:00:00,59967,79.9
2026-08-01 00:00:00,35147,229.9
2026-08-01 00:00:00,47723,59.9
2026-08-01 00:00:00,47818,99.9
2026-08-01 00:00:00,59872,149.9
2026-08-01 00:00:00,59866,139.9
2026-08-01 00:00:00,6951,299.9
2026-08-01 00:00:00,59904,110.0
2026-08-01 00:00:00,43137,39.9
2026-08-01 00:00:00,13088,110.0
2026-08-01 00:00:00,872,219.9
2026-08-01 00:00:00,6968,279.9
2026-08-01 00:00:00,46326,149.9
2026-08-01 00:00:00,16706,199.9
2026-08-01 00:00:00,50015,279.9
2026-08-01 00:00:00,45428,69.9
2026-08-01 00:00:00,9951,149.9
2026-08-01 00:00:00,13690,57.0
2026-08-01 00:00:00,13665,57.0
2026-08-01 00:00:00,13689,57.0
2026-08-01 00:00:00,39277,149.9
2026-08-01 00:00:00,39276,239.9
2026-08-01 00:00:00,13090,110.0
2026-08-01 00:00:00,12112,199.9
2026-08-01 00:00:00,2434,159.9
2026-08-01 00:00:00,2435,129.9
2026-08-01 00:00:00,30808,56.9
2026-08-01 00:00:00,21608,39.9
2026-08-01 00:00:00,64400,1399.0
2026-08-01 00:00:00,46280,1279.0
2026-08-01 00:00:00,31139,1149.0
2026-08-01 00:00:00,31140,999.0
2026-08-01 00:00:00,53943,1299.0
2026-08-01 00:00:00,59601,299.9
2026-08-01 00:00:00,47,2199.0
2026-08-01 00:00:00,53938,1999.0
2026-08-01 00:00:00,59602,599.0
2026-08-01 00:00:00,59598,799.0
2026-08-01 00:00:00,59936,399.0
2026-08-01 00:00:00,47021,1699.0
2026-08-01 00:00:00,59766,699.0
2026-08-01 00:00:00,59765,699.0
2026-08-01 00:00:00,35531,1459.0
2026-08-01 00:00:00,42584,1289.0
2026-08-01 00:00:00,59606,1659.0
2026-08-01 00:00:00,16591,919.0
2026-08-01 00:00:00,16592,1320.0
2026-08-01 00:00:00,24286,1320.0
2026-08-01 00:00:00,53921,799.0
2026-08-01 00:00:00,39268,1129.0
2026-08-01 00:00:00,39269,999.0
2026-08-01 00:00:00,39270,999.0
2026-08-01 00:00:00,28817,1829.0
2026-08-01 00:00:00,53922,1999.0
2026-08-01 00:00:00,64403,1399.0
2026-08-01 00:00:00,20978,1999.0
2026-08-01 00:00:00,25983,69.9
2026-08-01 00:00:00,49387,39.9
2026-08-01 00:00:00,42367,119.9
2026-08-01 00:00:00,16606,149.9
2026-08-01 00:00:00,21437,49.9
2026-08-01 00:00:00,26038,15.9
2026-08-01 00:00:00,53925,229.9
2026-08-01 00:00:00,25836,99.9
2026-08-01 00:00:00,21345,210.0
2026-08-01 00:00:00,46635,6.9
2026-08-01 00:00:00,48097,49.9
2026-08-01 00:00:00,32758,119.9
2026-08-01 00:00:00,62304,69.9
2026-08-01 00:00:00,62303,49.9
2026-08-01 00:00:00,48458,139.9
2026-08-01 00:00:00,47161,24.9
2026-08-01 00:00:00,43868,229.9
2026-08-01 00:00:00,43866,189.9
2026-08-01 00:00:00,47757,29.0
2026-08-01 00:00:00,46657,44.9
2026-08-01 00:00:00,45059,139.9
2026-08-01 00:00:00,45063,159.9
2026-08-01 00:00:00,37707,99.9
2026-08-01 00:00:00,48019,84.0
2026-08-01 00:00:00,24346,42.0
2026-08-01 00:00:00,24492,39.9
2026-08-01 00:00:00,60338,39.9
2026-08-01 00:00:00,32568,349.9
2026-08-01 00:00:00,60367,24.9
2026-08-01 00:00:00,60362,22.9
2026-08-01 00:00:00,60326,44.9
2026-08-01 00:00:00,60324,44.9
2026-08-01 00:00:00,60331,39.9
2026-08-01 00:00:00,60334,39.9
2026-08-01 00:00:00,41693,49.9
2026-08-01 00:00:00,28730,62.0
2026-08-01 00:00:00,32361,39.9
2026-08-01 00:00:00,21291,14.9
2026-08-01 00:00:00,21298,16.9
2026-08-01 00:00:00,21299,25.9
2026-08-01 00:00:00,21293,27.9
2026-08-01 00:00:00,21302,22.9
2026-08-01 00:00:00,47437,29.9
2026-08-01 00:00:00,46276,29.9
2026-08-01 00:00:00,47439,29.9
2026-08-01 00:00:00,24396,49.9
2026-08-01 00:00:00,56989,24.9
2026-08-01 00:00:00,58542,39.9
2026-08-01 00:00:00,58543,39.9
2026-08-01 00:00:00,58622,39.9
2026-08-01 00:00:00,11902,139.9
2026-08-01 00:00:00,34719,29.9
2026-08-01 00:00:00,26019,13.9
2026-08-01 00:00:00,26018,13.9
2026-08-01 00:00:00,27821,13.9
2026-08-01 00:00:00,26037,15.9
2026-08-01 00:00:00,26036,15.9
2026-08-01 00:00:00,24508,49.9
2026-08-01 00:00:00,57976,49.9
2026-08-01 00:00:00,34705,29.9
2026-08-01 00:00:00,42365,119.9
2026-08-01 00:00:00,430,189.9
2026-08-01 00:00:00,53881,1099.0
2026-08-01 00:00:00,6969,629.0
2026-08-01 00:00:00,6975,829.0
2026-08-01 00:00:00,6976,699.0
2026-08-01 00:00:00,39225,329.9
2026-08-01 00:00:00,39226,369.9
2026-08-01 00:00:00,39227,410.0
2026-08-01 00:00:00,40410,349.9
2026-08-01 00:00:00,45221,179.9
2026-08-01 00:00:00,35208,189.9
2026-08-01 00:00:00,61832,419.0
2026-08-01 00:00:00,45176,329.9
2026-08-01 00:00:00,35539,459.0
2026-08-01 00:00:00,60486,179.9
2026-08-01 00:00:00,50228,249.9
2026-08-01 00:00:00,40203,99.9
2026-08-01 00:00:00,40197,129.9
2026-08-01 00:00:00,40191,169.9
2026-08-01 00:00:00,6419,219.9
2026-08-01 00:00:00,11904,199.9
2026-08-01 00:00:00,62199,199.9
2026-08-01 00:00:00,50215,119.9
2026-08-01 00:00:00,50216,149.9
2026-08-01 00:00:00,4953,34.9
2026-08-01 00:00:00,27613,89.9
2026-08-01 00:00:00,50092,149.9
2026-08-01 00:00:00,39703,79.9
2026-08-01 00:00:00,39504,89.9
2026-08-01 00:00:00,39505,99.9
2026-08-01 00:00:00,39704,149.9
2026-08-01 00:00:00,39502,39.9
2026-08-01 00:00:00,55685,69.9
2026-08-01 00:00:00,39705,259.9
2026-08-01 00:00:00,39503,49.9
2026-08-01 00:00:00,49524,79.9
2026-08-01 00:00:00,27627,39.9
2026-08-01 00:00:00,27626,59.9
2026-08-01 00:00:00,34039,99.9
2026-08-01 00:00:00,24323,12.9
2026-08-01 00:00:00,25940,24.9
2026-08-01 00:00:00,19591,14.9
2026-08-01 00:00:00,19592,34.9
2026-08-01 00:00:00,19496,9.9
2026-08-01 00:00:00,24335,9.9
2026-08-01 00:00:00,45430,169.9
2026-08-01 00:00:00,50558,329.9
2026-08-01 00:00:00,44501,649.0
2026-08-01 00:00:00,44502,649.0
2026-08-01 00:00:00,44504,649.0
2026-08-01 00:00:00,37995,129.9
2026-08-01 00:00:00,37999,139.9
2026-08-01 00:00:00,37998,139.9
2026-08-01 00:00:00,14734,119.9
2026-08-01 00:00:00,14733,99.9
2026-08-01 00:00:00,15409,139.9
2026-08-01 00:00:00,16269,94.9
2026-08-01 00:00:00,50262,149.9
2026-08-01 00:00:00,50263,29.9
2026-08-01 00:00:00,50728,69.9
2026-08-01 00:00:00,50723,129.9
2026-08-01 00:00:00,50441,64.9
2026-08-01 00:00:00,15401,129.9
2026-08-01 00:00:00,59969,129.9
2026-08-01 00:00:00,59971,129.9
2026-08-01 00:00:00,15542,99.9
2026-08-01 00:00:00,26152,39.9
2026-08-01 00:00:00,50264,89.9
2026-08-01 00:00:00,62453,12.9
2026-08-01 00:00:00,62452,19.9
2026-08-01 00:00:00,50730,99.9
2026-08-01 00:00:00,62450,34.9
2026-08-01 00:00:00,50731,49.9
2026-08-01 00:00:00,43624,29.9
2026-08-01 00:00:00,43621,29.9
2026-08-01 00:00:00,47355,99.9
2026-08-01 00:00:00,57659,299.9
2026-08-01 00:00:00,57672,299.9
2026-08-01 00:00:00,57660,399.9
2026-08-01 00:00:00,62315,359.9
2026-08-01 00:00:00,46660,24.9
2026-08-01 00:00:00,64424,539.0
2026-08-01 00:00:00,59977,229.9
2026-08-01 00:00:00,16623,149.9
2026-08-01 00:00:00,21439,34.9
2026-08-01 00:00:00,11181,129.9
2026-08-01 00:00:00,50053,79.9
2026-08-01 00:00:00,45419,79.9
2026-08-01 00:00:00,50712,89.9
2026-08-01 00:00:00,19512,99.9
2026-08-01 00:00:00,47140,39.9
2026-08-01 00:00:00,38208,89.9
2026-08-01 00:00:00,38209,119.9
2026-08-01 00:00:00,32786,199.9
2026-08-01 00:00:00,27617,189.9
2026-08-01 00:00:00,40194,199.9
2026-08-01 00:00:00,40200,159.9
2026-08-01 00:00:00,49422,229.9
2026-08-01 00:00:00,50732,169.9
2026-08-01 00:00:00,64420,99.9
2026-08-01 00:00:00,25462,49.9
2026-08-01 00:00:00,43626,79.9
2026-08-01 00:00:00,43675,14.9
2026-08-01 00:00:00,43628,64.9
2026-08-01 00:00:00,43625,64.9
2026-08-01 00:00:00,43673,14.9
2026-08-01 00:00:00,25465,64.9
2026-08-01 00:00:00,21528,14.9
2026-08-01 00:00:00,39115,149.9
2026-08-01 00:00:00,27199,29.9
2026-08-01 00:00:00,1153,479.9
2026-08-01 00:00:00,50219,89.9
2026-08-01 00:00:00,44825,349.9
2026-08-01 00:00:00,62197,42.9
2026-08-01 00:00:00,64620,139.9
2026-08-01 00:00:00,64619,139.9
2026-08-01 00:00:00,18289,2.03
2026-08-01 00:00:00,27039,0.42
2026-08-01 00:00:00,41945,149.9
2026-08-01 00:00:00,59178,29.9
2026-08-01 00:00:00,64409,119.9
2026-08-01 00:00:00,34388,79.9
2026-08-01 00:00:00,34389,119.9
2026-08-01 00:00:00,24316,21.0
2026-08-01 00:00:00,24317,31.0
2026-08-01 00:00:00,24315,11.0
2026-08-01 00:00:00,48000,24.9
2026-08-01 00:00:00,56789,52.0
2026-08-01 00:00:00,56788,52.0
2026-08-01 00:00:00,49222,33.2
2026-08-01 00:00:00,32554,59.9
2026-08-01 00:00:00,47996,34.9
2026-08-01 00:00:00,45398,24.9
2026-08-01 00:00:00,48056,39.9
2026-08-01 00:00:00,16327,19.9
2026-08-01 00:00:00,48024,59.9
2026-08-01 00:00:00,62321,69.9
2026-08-01 00:00:00,38210,29.9
2026-08-01 00:00:00,55795,62.5
2026-08-01 00:00:00,22535,139.93
2026-08-01 00:00:00,22533,9.03
2026-08-01 00:00:00,39632,21.9
2026-08-01 00:00:00,310,739.0
2026-08-01 00:00:00,873,249.9
2026-08-01 00:00:00,20028,49.9
2026-08-01 00:00:00,7557,99.9
2026-08-01 00:00:00,7552,99.9
2026-08-01 00:00:00,7553,69.9
2026-08-01 00:00:00,848,99.9
2026-08-01 00:00:00,39510,12.9
2026-08-01 00:00:00,64423,239.9
2026-08-01 00:00:00,64426,189.9
2026-08-01 00:00:00,45057,69.9
2026-08-01 00:00:00,45058,89.9
2026-08-01 00:00:00,57676,69.9
2026-08-01 00:00:00,64383,119.9
2026-08-01 00:00:00,64381,149.9
2026-08-01 00:00:00,64380,199.9
2026-08-01 00:00:00,39574,42.9
2026-08-01 00:00:00,39573,42.9
2026-08-01 00:00:00,46185,54.9
2026-08-01 00:00:00,39576,52.9
2026-08-01 00:00:00,39626,52.9
2026-08-01 00:00:00,39577,55.9
2026-08-01 00:00:00,39650,12.9
2026-08-01 00:00:00,39651,12.9
2026-08-01 00:00:00,39648,19.9
2026-08-01 00:00:00,39649,12.9
2026-08-01 00:00:00,48712,44.9
2026-08-01 00:00:00,59861,89.9
2026-08-01 00:00:00,48709,89.9
2026-08-01 00:00:00,59880,110.0
2026-08-01 00:00:00,24523,30.0
2026-08-01 00:00:00,24524,38.0
2026-08-01 00:00:00,24522,22.9
2026-08-01 00:00:00,46269,16.9
2026-08-01 00:00:00,46272,22.9
2026-08-01 00:00:00,39506,39.9
2026-08-01 00:00:00,39507,24.9
2026-08-01 00:00:00,47752,5.0
2026-08-01 00:00:00,21328,29.9
2026-08-01 00:00:00,12454,179.9
2026-08-01 00:00:00,25864,289.0
2026-08-01 00:00:00,40637,49.9
2026-08-01 00:00:00,48062,29.9
2026-08-01 00:00:00,64410,69.9
2026-08-01 00:00:00,59894,49.9
2026-08-01 00:00:00,46235,44.9
2026-08-01 00:00:00,13161,139.9
2026-08-01 00:00:00,47925,54.9
2026-08-01 00:00:00,32609,69.9
2026-08-01 00:00:00,34934,24.9
2026-08-01 00:00:00,16608,59.9
2026-08-01 00:00:00,16607,59.9
2026-08-01 00:00:00,41937,169.9
2026-08-01 00:00:00,47144,59.9
2026-08-01 00:00:00,43133,39.9
2026-08-01 00:00:00,43132,39.9
2026-08-01 00:00:00,24311,59.9
2026-08-01 00:00:00,39482,19.9
2026-08-01 00:00:00,16331,16.0
2026-08-01 00:00:00,46340,159.9
2026-08-01 00:00:00,16719,37.0
2026-08-01 00:00:00,45064,39.9
2026-08-01 00:00:00,21366,69.9
2026-08-01 00:00:00,48045,19.0
2026-08-01 00:00:00,16718,199.9
2026-08-01 00:00:00,47627,39.2
2026-08-01 00:00:00,37718,89.9
2026-08-01 00:00:00,37719,110.0
2026-08-01 00:00:00,48270,19.0
2026-08-01 00:00:00,45122,59.9
2026-08-01 00:00:00,45179,199.9
2026-08-01 00:00:00,19052,19.9
2026-08-01 00:00:00,16721,27.9
2026-08-01 00:00:00,16860,17.9
2026-08-01 00:00:00,34382,59.9
2026-08-01 00:00:00,34373,24.9
2026-08-01 00:00:00,46425,24.9
2026-08-01 00:00:00,16717,9.9
2026-08-01 00:00:00,53939,49.9
2026-08-01 00:00:00,25988,69.9
2026-08-01 00:00:00,39181,27.9
2026-08-01 00:00:00,48037,39.9
2026-08-01 00:00:00,49170,59.9
2026-08-01 00:00:00,14183,59.9
2026-08-01 00:00:00,16629,85.0
2026-08-01 00:00:00,7965,109.0
2026-08-01 00:00:00,14639,89.9
2026-08-01 00:00:00,14186,59.9
2026-08-01 00:00:00,47630,39.2
2026-08-01 00:00:00,37583,29.9
2026-08-01 00:00:00,26011,29.9
2026-08-01 00:00:00,27815,39.9
2026-08-01 00:00:00,9187,139.9
2026-08-01 00:00:00,48039,19.0
2026-08-01 00:00:00,37664,229.9
2026-08-01 00:00:00,37665,259.9
2026-08-01 00:00:00,37662,259.9
2026-08-01 00:00:00,16639,79.9
2026-08-01 00:00:00,7985,115.0
2026-08-01 00:00:00,16637,89.9
2026-08-01 00:00:00,16636,24.9
2026-08-01 00:00:00,59619,15.9
2026-08-01 00:00:00,15390,28.0
2026-08-01 00:00:00,24605,44.9
2026-08-01 00:00:00,16556,15.9
2026-08-01 00:00:00,15387,39.9
2026-08-01 00:00:00,15391,62.0
2026-08-01 00:00:00,7927,79.9
2026-08-01 00:00:00,28311,389.9
2026-08-01 00:00:00,42192,299.9
2026-08-01 00:00:00,40137,149.9
2026-08-01 00:00:00,47975,195.0
2026-08-01 00:00:00,38489,89.9
2026-08-01 00:00:00,34026,24.9
2026-08-01 00:00:00,43173,29.9
2026-08-01 00:00:00,43175,29.9
2026-08-01 00:00:00,48855,39.9
2026-08-01 00:00:00,45402,34.9
2026-08-01 00:00:00,59193,189.9
2026-08-01 00:00:00,8942,229.9
2026-08-01 00:00:00,47351,449.9
2026-08-01 00:00:00,19063,69.9
2026-08-01 00:00:00,59625,29.9
2026-08-01 00:00:00,59624,29.9
2026-08-01 00:00:00,37730,69.9
2026-08-01 00:00:00,19062,39.9
2026-08-01 00:00:00,37706,159.9
2026-08-01 00:00:00,50030,34.9
2026-08-01 00:00:00,43212,59.9
2026-08-01 00:00:00,47447,28.9
2026-08-01 00:00:00,47989,35.0
2026-08-01 00:00:00,46413,59.9
2026-08-01 00:00:00,62879,289.9
2026-08-01 00:00:00,46659,79.9
2026-08-01 00:00:00,46584,199.9
2026-08-01 00:00:00,42119,99.9
2026-08-01 00:00:00,59642,299.9
2026-08-01 00:00:00,59623,34.9
2026-08-01 00:00:00,49650,34.9
2026-08-01 00:00:00,18004,34.9
2026-08-01 00:00:00,15399,49.9
2026-08-01 00:00:00,34392,249.9
2026-08-01 00:00:00,53936,569.0
2026-08-01 00:00:00,60483,399.9
2026-08-01 00:00:00,21503,199.9
2026-08-01 00:00:00,44315,169.9
2026-08-01 00:00:00,45217,259.9
2026-08-01 00:00:00,59641,269.9
2026-08-01 00:00:00,43873,349.0
2026-08-01 00:00:00,13102,99.9
2026-08-01 00:00:00,13104,99.9
2026-08-01 00:00:00,43657,49.9
2026-08-01 00:00:00,25984,79.9
2026-08-01 00:00:00,25989,79.9
2026-08-01 00:00:00,40038,49.9
2026-08-01 00:00:00,40037,49.9
2026-08-01 00:00:00,16622,139.9
2026-08-01 00:00:00,39179,79.9
2026-08-01 00:00:00,39180,129.9
2026-08-01 00:00:00,42368,119.9
2026-08-01 00:00:00,43022,79.9
2026-08-01 00:00:00,42369,119.9
2026-08-01 00:00:00,64422,549.9
2026-08-01 00:00:00,42144,399.9
2026-08-01 00:00:00,36569,39.9
2026-08-01 00:00:00,39182,29.9
2026-08-01 00:00:00,35019,29.9
2026-08-01 00:00:00,26008,29.9
2026-08-01 00:00:00,57662,197.0
2026-08-01 00:00:00,59965,59.9
2026-08-01 00:00:00,43872,359.9
2026-08-01 00:00:00,64408,149.9
2026-08-01 00:00:00,858,239.9
2026-08-01 00:00:00,16646,34.9
2026-08-01 00:00:00,47158,89.9
2026-08-01 00:00:00,45395,39.9
2026-08-01 00:00:00,37712,169.9
2026-08-01 00:00:00,20068,89.9
2026-08-01 00:00:00,34944,79.9
2026-08-01 00:00:00,31646,89.9
2026-08-01 00:00:00,47137,89.9
2026-08-01 00:00:00,31647,99.9
2026-08-01 00:00:00,34943,69.9
2026-08-01 00:00:00,47600,12.0
2026-08-01 00:00:00,45424,199.9
2026-08-01 00:00:00,26001,34.9
2026-08-01 00:00:00,17458,49.9
2026-08-01 00:00:00,21434,159.9
2026-08-01 00:00:00,15408,99.9
2026-08-01 00:00:00,7918,85.0
2026-08-01 00:00:00,40135,65.0
2026-08-01 00:00:00,39776,49.9
2026-08-01 00:00:00,12749,139.9
2026-08-01 00:00:00,6957,689.0
2026-08-01 00:00:00,46196,79.9
2026-08-01 00:00:00,7919,69.9
2026-08-01 00:00:00,44098,289.9
2026-08-01 00:00:00,39777,49.9
2026-08-01 00:00:00,7924,110.0
2026-08-01 00:00:00,2298,59.9
2026-08-01 00:00:00,39778,219.9
2026-08-01 00:00:00,47146,59.9
2026-08-01 00:00:00,7916,89.9
2026-08-01 00:00:00,46191,199.9
2026-08-01 00:00:00,970,219.9
2026-08-01 00:00:00,7915,119.9
2026-08-01 00:00:00,14007,69.9
2026-08-01 00:00:00,47995,149.9
2026-08-01 00:00:00,27779,75.0
2026-08-01 00:00:00,48001,129.9
2026-08-01 00:00:00,972,189.9
2026-08-01 00:00:00,7929,85.0
2026-08-01 00:00:00,25494,77.0
2026-08-01 00:00:00,62300,89.9
2026-08-01 00:00:00,64609,169.9
2026-08-01 00:00:00,7313,519.9
2026-08-01 00:00:00,50601,59.9
2026-08-01 00:00:00,64610,99.9
2026-08-01 00:00:00,50094,199.9
2026-08-01 00:00:00,51535,99.9
2026-08-01 00:00:00,62323,29.9
2026-08-01 00:00:00,39567,9.9
2026-08-01 00:00:00,64611,149.9
2026-08-01 00:00:00,38001,699.9
2026-08-01 00:00:00,16638,99.9
2026-08-01 00:00:00,61687,79.9
2026-08-01 00:00:00,61686,79.9
2026-08-01 00:00:00,61688,79.9
2026-08-01 00:00:00,6952,289.9
2026-08-01 00:00:00,9426,689.0
2026-08-01 00:00:00,39260,110.0
2026-08-01 00:00:00,39259,135.0
2026-08-01 00:00:00,39261,135.0
2026-08-01 00:00:00,39262,169.9
2026-08-01 00:00:00,39263,199.9
2026-08-01 00:00:00,39789,179.9
2026-08-01 00:00:00,61678,19.9
2026-08-01 00:00:00,46412,29.9
2026-08-01 00:00:00,63463,34.9
2026-08-01 00:00:00,45435,59.9
2026-08-01 00:00:00,29424,29.9
2026-08-01 00:00:00,55672,29.9
2026-08-01 00:00:00,49259,39.9
2026-08-01 00:00:00,61677,19.9
2026-08-01 00:00:00,61679,19.9
2026-08-01 00:00:00,61685,19.9
2026-08-01 00:00:00,61675,19.9
2026-08-01 00:00:00,61682,19.9
2026-08-01 00:00:00,61680,19.9
2026-08-01 00:00:00,61683,19.9
2026-08-01 00:00:00,61684,19.9
2026-08-01 00:00:00,61676,19.9
2026-08-01 00:00:00,61681,19.9
2026-08-01 00:00:00,55669,35.9
2026-08-01 00:00:00,55675,29.9
2026-08-01 00:00:00,55664,49.9
2026-08-01 00:00:00,55666,49.9
2026-08-01 00:00:00,55670,35.9
2026-08-01 00:00:00,42631,49.9
2026-08-01 00:00:00,63493,39.9
2026-08-01 00:00:00,28667,59.9
2026-08-01 00:00:00,46396,69.9
2026-08-01 00:00:00,45417,24.9
2026-08-01 00:00:00,47981,54.6
2026-08-01 00:00:00,60078,119.9
2026-08-01 00:00:00,46730,239.9
2026-08-01 00:00:00,59620,69.9
2026-08-01 00:00:00,7895,69.9
2026-08-01 00:00:00,62880,169.9
2026-08-01 00:00:00,21920,99.9
2026-08-01 00:00:00,49000,79.9
2026-08-01 00:00:00,34761,99.9
2026-08-01 00:00:00,31363,69.9
2026-08-01 00:00:00,43188,79.9
2026-08-01 00:00:00,43189,79.9
2026-08-01 00:00:00,49637,99.9
2026-08-01 00:00:00,21487,69.9
2026-08-01 00:00:00,59176,129.9
2026-08-01 00:00:00,14584,179.9
2026-08-01 00:00:00,46419,69.9
2026-08-01 00:00:00,43656,59.9
2026-08-01 00:00:00,42197,99.9
2026-08-01 00:00:00,35003,179.9
2026-08-01 00:00:00,53940,219.9
2026-08-01 00:00:00,21926,169.9
2026-08-01 00:00:00,24483,19.9
2026-08-01 00:00:00,46624,69.9
2026-08-01 00:00:00,21486,17.9
2026-08-01 00:00:00,31358,17.9
2026-08-01 00:00:00,49231,5.0
2026-08-01 00:00:00,49230,5.0
2026-08-01 00:00:00,47998,5.0
2026-08-01 00:00:00,49228,5.0
2026-08-01 00:00:00,49229,5.0
2026-08-01 00:00:00,47973,5.0
2026-08-01 00:00:00,46230,5.0
2026-08-01 00:00:00,47979,5.0
2026-08-01 00:00:00,45444,179.9
2026-08-01 00:00:00,45461,179.9
2026-08-01 00:00:00,46350,199.9
2026-08-01 00:00:00,46352,259.9
2026-08-01 00:00:00,46353,219.9
2026-08-01 00:00:00,46355,79.9
2026-08-01 00:00:00,46347,79.9
2026-08-01 00:00:00,46346,219.9
2026-08-01 00:00:00,45449,199.9
2026-08-01 00:00:00,59591,149.9
2026-08-01 00:00:00,59599,149.9
2026-08-01 00:00:00,59595,149.9
2026-08-01 00:00:00,59596,149.9
2026-08-01 00:00:00,59588,2999.0
2026-08-01 00:00:00,55681,399.9
2026-08-01 00:00:00,59604,599.9
2026-08-01 00:00:00,59763,199.9
2026-08-01 00:00:00,53930,189.9
2026-08-01 00:00:00,59605,299.9
2026-08-01 00:00:00,59762,89.9
2026-08-01 00:00:00,60077,69.9
2026-08-01 00:00:00,64399,799.9
2026-08-01 00:00:00,63720,89.9
2026-08-01 00:00:00,63723,249.9
2026-08-01 00:00:00,47164,249.9
2026-08-01 00:00:00,59758,179.9
2026-08-01 00:00:00,53931,249.9
2026-08-01 00:00:00,59915,79.9
2026-08-01 00:00:00,16631,49.9
2026-08-01 00:00:00,47272,259.9
2026-08-01 00:00:00,8338,189.9
2026-08-01 00:00:00,64405,299.9
2026-08-01 00:00:00,64407,299.9
2026-08-01 00:00:00,64406,299.9
2026-08-01 00:00:00,927,559.9
2026-08-01 00:00:00,14626,129.9
2026-08-01 00:00:00,12744,159.9
2026-08-01 00:00:00,401,189.9
2026-08-01 00:00:00,23104,299.9
2026-08-01 00:00:00,47024,169.9
2026-08-01 00:00:00,59593,249.9
2026-08-01 00:00:00,59600,249.9
2026-08-01 00:00:00,21446,259.9
2026-08-01 00:00:00,32056,299.9
2026-08-01 00:00:00,34826,249.9
2026-08-01 00:00:00,40139,359.9
2026-08-01 00:00:00,9486,299.9
2026-08-01 00:00:00,1057,189.9
2026-08-01 00:00:00,574,299.9
2026-08-01 00:00:00,575,299.9
2026-08-01 00:00:00,17614,189.9
2026-08-01 00:00:00,1252,419.9
2026-08-01 00:00:00,569,219.9
2026-08-01 00:00:00,566,219.9
2026-08-01 00:00:00,1276,429.9
2026-08-01 00:00:00,41,1799.0
2026-08-01 00:00:00,5119,399.9
2026-08-01 00:00:00,6945,439.9
2026-08-01 00:00:00,6944,439.9
2026-08-01 00:00:00,399,319.9
2026-08-01 00:00:00,16730,74.9
2026-08-01 00:00:00,572,299.9
2026-08-01 00:00:00,9156,229.9
2026-08-01 00:00:00,50051,249.9
2026-08-01 00:00:00,64355,199.9
2026-08-01 00:00:00,6946,329.9
2026-08-01 00:00:00,37668,319.9
2026-08-01 00:00:00,43399,249.9
2026-08-01 00:00:00,37647,379.9
2026-08-01 00:00:00,1199,219.9
2026-08-01 00:00:00,59183,129.9
2026-08-01 00:00:00,45196,239.9
2026-08-01 00:00:00,7934,169.9
2026-08-01 00:00:00,37547,99.9
2026-08-01 00:00:00,62316,199.9
2026-08-01 00:00:00,45207,229.9
2026-08-01 00:00:00,64354,69.9
2026-08-01 00:00:00,64386,469.9
2026-08-01 00:00:00,6953,499.9
2026-08-01 00:00:00,64411,99.9
2026-08-01 00:00:00,37642,179.9
2026-08-01 00:00:00,64397,99.9
2026-08-01 00:00:00,59192,79.9
2026-08-01 00:00:00,21951,249.9
2026-08-01 00:00:00,64395,129.9
2026-08-01 00:00:00,64389,129.9
2026-08-01 00:00:00,64394,129.9
2026-08-01 00:00:00,16726,169.9
2026-08-01 00:00:00,46284,69.9
2026-08-01 00:00:00,161,249.9
2026-08-01 00:00:00,16724,249.9
2026-08-01 00:00:00,59597,79.9
2026-08-01 00:00:00,59592,79.9
2026-08-01 00:00:00,56786,89.9
2026-08-01 00:00:00,48092,99.9
2026-08-01 00:00:00,35845,449.9
2026-08-01 00:00:00,43438,299.9
2026-08-01 00:00:00,34724,499.9
2026-08-01 00:00:00,34726,599.9
2026-08-01 00:00:00,15769,979.0
2026-08-01 00:00:00,38384,699.9
2026-08-01 00:00:00,39787,129.9
2026-08-01 00:00:00,39788,139.9
2026-08-01 00:00:00,53934,399.9
2026-08-01 00:00:00,64427,139.9
2026-08-01 00:00:00,1277,499.9
2026-08-01 00:00:00,37704,99.9
2026-08-01 00:00:00,37660,399.9
2026-08-01 00:00:00,6955,299.9
2026-08-01 00:00:00,12113,179.9
2026-08-01 00:00:00,64416,399.9
2026-08-01 00:00:00,64413,399.9
2026-08-01 00:00:00,16593,219.9
2026-08-01 00:00:00,16641,439.9
2026-08-01 00:00:00,62144,99.9
2026-08-01 00:00:00,59629,59.9
2026-08-01 00:00:00,59630,199.9
2026-08-01 00:00:00,37691,110.0
2026-08-01 00:00:00,43032,499.9
2026-08-01 00:00:00,38493,89.9
2026-08-01 00:00:00,8301,179.9
2026-08-01 00:00:00,2638,249.9
2026-08-01 00:00:00,62072,19.9
2026-08-01 00:00:00,56800,149.9
2026-08-01 00:00:00,30298,199.9
2026-08-01 00:00:00,30297,249.9
2026-08-01 00:00:00,56803,349.9
2026-08-01 00:00:00,56801,269.9
2026-08-01 00:00:00,56802,359.9
2026-08-01 00:00:00,25645,219.0
2026-08-01 00:00:00,43298,139.9
2026-08-01 00:00:00,49101,479.9
2026-08-01 00:00:00,46652,479.9
2026-08-01 00:00:00,843,159.9
2026-08-01 00:00:00,60095,79.9
2026-08-01 00:00:00,43026,189.9
2026-08-01 00:00:00,698,289.9
2026-08-01 00:00:00,14167,39.9
2026-08-01 00:00:00,32728,89.9
2026-08-01 00:00:00,32535,69.9
2026-08-01 00:00:00,38496,99.9
2026-08-01 00:00:00,37546,399.9
2026-08-01 00:00:00,46390,34.9
2026-08-01 00:00:00,47151,29.9
2026-08-01 00:00:00,37693,89.9
2026-08-01 00:00:00,57668,497.0
2026-08-01 00:00:00,57667,399.9
2026-08-01 00:00:00,62877,239.9
2026-08-01 00:00:00,46331,189.9
2026-08-01 00:00:00,62122,39.9
2026-08-01 00:00:00,62121,39.9
2026-08-01 00:00:00,2646,249.9
2026-08-01 00:00:00,48070,119.9
2026-08-01 00:00:00,34365,139.9
2026-08-01 00:00:00,46252,22.9
2026-08-01 00:00:00,185,119.9
2026-08-01 00:00:00,48079,119.9
2026-08-01 00:00:00,24353,47.0
2026-08-01 00:00:00,52084,29.9
2026-08-01 00:00:00,924,129.9
2026-08-01 00:00:00,1095,110.0
2026-08-01 00:00:00,977,110.0
2026-08-01 00:00:00,919,149.9
2026-08-01 00:00:00,1488,44.9
2026-08-01 00:00:00,1487,29.9
2026-08-01 00:00:00,59995,279.9
2026-08-01 00:00:00,59988,219.9
2026-08-01 00:00:00,59992,179.9
2026-08-01 00:00:00,59990,359.9
2026-08-01 00:00:00,9422,279.9
2026-08-01 00:00:00,37714,549.9
2026-08-01 00:00:00,37715,359.9
2026-08-01 00:00:00,34925,189.9
2026-08-01 00:00:00,35452,469.9
2026-08-01 00:00:00,35451,399.9
2026-08-01 00:00:00,32645,379.9
2026-08-01 00:00:00,32646,299.9
2026-08-01 00:00:00,45413,99.9
2026-08-01 00:00:00,32548,89.9
2026-08-01 00:00:00,47148,49.9
2026-08-01 00:00:00,58235,24.9
2026-08-01 00:00:00,58240,24.9
2026-08-01 00:00:00,42140,24.9
2026-08-01 00:00:00,46995,399.9
2026-08-01 00:00:00,58236,24.9
2026-08-01 00:00:00,62120,21.9
2026-08-01 00:00:00,62123,11.9
2026-08-01 00:00:00,62119,14.9
2026-08-01 00:00:00,16598,879.0
2026-08-01 00:00:00,32643,1499.0
2026-08-01 00:00:00,53882,1199.0
2026-08-01 00:00:00,64396,1100.0
2026-08-01 00:00:00,53883,1359.0
2026-08-01 00:00:00,6970,999.0
2026-08-01 00:00:00,39230,269.9
2026-08-01 00:00:00,39231,369.9
2026-08-01 00:00:00,39235,369.9
2026-08-01 00:00:00,39232,419.9
2026-08-01 00:00:00,39236,479.9
2026-08-01 00:00:00,39233,539.9
2026-08-01 00:00:00,39234,610.0
2026-08-01 00:00:00,39238,610.0
2026-08-01 00:00:00,21342,769.0
2026-08-01 00:00:00,60080,769.0
2026-08-01 00:00:00,37654,799.0
2026-08-01 00:00:00,21368,299.9
2026-08-01 00:00:00,47023,329.9
2026-08-01 00:00:00,39228,249.9
2026-08-01 00:00:00,39229,299.9
2026-08-01 00:00:00,6860,1799.0
2026-08-01 00:00:00,14187,199.9
2026-08-01 00:00:00,62302,119.9
2026-08-01 00:00:00,62306,169.9
2026-08-01 00:00:00,27748,47.0
2026-08-01 00:00:00,50052,119.9
2026-08-01 00:00:00,31368,199.9
2026-08-01 00:00:00,56434,139.9
2026-08-01 00:00:00,37735,139.9
2026-08-01 00:00:00,37731,139.9
2026-08-01 00:00:00,47356,229.9
2026-08-01 00:00:00,64379,159.9
2026-08-01 00:00:00,64385,249.9
2026-08-01 00:00:00,64387,359.9
2026-08-01 00:00:00,27750,37.0
2026-08-01 00:00:00,37539,34.9
2026-08-01 00:00:00,47138,89.9
2026-08-01 00:00:00,32560,49.9
2026-08-01 00:00:00,47176,57.0
2026-08-01 00:00:00,50046,179.9
2026-08-01 00:00:00,27749,37.0
2026-08-01 00:00:00,45086,199.9
2026-08-01 00:00:00,18010,199.9
2026-08-01 00:00:00,26151,299.9
2026-08-01 00:00:00,47167,69.9
2026-08-01 00:00:00,47173,89.9
2026-08-01 00:00:00,64390,199.9
2026-08-01 00:00:00,49523,69.9
2026-08-01 00:00:00,50038,89.9
2026-08-01 00:00:00,2649,399.9
2026-08-01 00:00:00,954,249.9
2026-08-01 00:00:00,423,329.9
2026-08-01 00:00:00,14636,389.9
2026-08-01 00:00:00,1032,1059.0
2026-08-01 00:00:00,37716,159.9
2026-08-01 00:00:00,27816,24.9
2026-08-01 00:00:00,54711,24.9
2026-08-01 00:00:00,42168,499.9
2026-08-01 00:00:00,45242,199.9
2026-08-01 00:00:00,21344,99.9
2026-08-01 00:00:00,54123,14.9
2026-08-01 00:00:00,46176,77.0
2026-08-01 00:00:00,16612,34.9
2026-08-01 00:00:00,16611,34.9
2026-08-01 00:00:00,21340,34.9
2026-08-01 00:00:00,64418,79.9
2026-08-01 00:00:00,47402,39.9
2026-08-01 00:00:00,42112,59.9
2026-08-01 00:00:00,39602,129.9
2026-08-01 00:00:00,22547,129.9
2026-08-01 00:00:00,50401,199.9
2026-08-01 00:00:00,30099,159.9
2026-08-01 00:00:00,22550,59.9
2026-08-01 00:00:00,39603,59.9
2026-08-01 00:00:00,22548,59.9
2026-08-01 00:00:00,47933,14.0
2026-08-01 00:00:00,32896,24.9
2026-08-01 00:00:00,64402,49.9
2026-08-01 00:00:00,64401,49.9
2026-08-01 00:00:00,53920,99.9
2026-08-01 00:00:00,53884,69.9
2026-08-01 00:00:00,20976,27.0
2026-08-01 00:00:00,21351,37.0
2026-08-01 00:00:00,20975,39.9
2026-08-01 00:00:00,16713,37.9
2026-08-01 00:00:00,32641,27.0
2026-08-01 00:00:00,40623,29.9
2026-08-01 00:00:00,47147,19.9
2026-08-01 00:00:00,57492,39.9
2026-08-01 00:00:00,38505,299.9
2026-08-01 00:00:00,54492,14.9
2026-08-01 00:00:00,60361,29.9
2026-08-01 00:00:00,60318,69.9
2026-08-01 00:00:00,32359,21.9
2026-08-01 00:00:00,21297,15.9
2026-08-01 00:00:00,21295,15.9
2026-08-01 00:00:00,21294,25.9
2026-08-01 00:00:00,21296,23.9
2026-08-01 00:00:00,21923,229.9
2026-08-01 00:00:00,41560,49.9
2026-08-01 00:00:00,19074,14.9
2026-08-01 00:00:00,17801,49.9
2026-08-01 00:00:00,18275,5.9
2026-08-01 00:00:00,47829,149.9
2026-08-01 00:00:00,47756,29.5
2026-08-01 00:00:00,60350,27.9
2026-08-01 00:00:00,60339,29.9
2026-08-01 00:00:00,60333,39.9
2026-08-01 00:00:00,60352,27.9
2026-08-01 00:00:00,60329,39.9
2026-08-01 00:00:00,60346,27.9
2026-08-01 00:00:00,60335,39.9
2026-08-01 00:00:00,60341,29.9
2026-08-01 00:00:00,60354,27.9
2026-08-01 00:00:00,60488,44.9
2026-08-01 00:00:00,60364,24.9
2026-08-01 00:00:00,60359,24.9
2026-08-01 00:00:00,60325,39.9
2026-08-01 00:00:00,60321,39.9
2026-08-01 00:00:00,34676,54.9
2026-08-01 00:00:00,41566,54.9
2026-08-01 00:00:00,21303,15.9
2026-08-01 00:00:00,21292,18.9
2026-08-01 00:00:00,17796,54.9
2026-08-01 00:00:00,17813,54.9
2026-08-01 00:00:00,28307,39.9
2026-08-01 00:00:00,41570,54.9
2026-08-01 00:00:00,17800,54.9
2026-08-01 00:00:00,41554,54.9
2026-08-01 00:00:00,59622,24.9
2026-08-01 00:00:00,60347,34.9
2026-08-01 00:00:00,60366,29.9
2026-08-01 00:00:00,60337,39.9
2026-08-01 00:00:00,60357,29.9
2026-08-01 00:00:00,60332,49.9
2026-08-01 00:00:00,60351,34.9
2026-08-01 00:00:00,60327,49.9
2026-08-01 00:00:00,60345,34.9
2026-08-01 00:00:00,60355,34.9
2026-08-01 00:00:00,60314,49.9
2026-08-01 00:00:00,60320,49.9
2026-08-01 00:00:00,60319,49.9
2026-08-01 00:00:00,16564,24.9
2026-08-01 00:00:00,16542,14.9
2026-08-01 00:00:00,19075,24.9
2026-08-01 00:00:00,16541,14.9
2026-08-01 00:00:00,63394,22.0
2026-08-01 00:00:00,42143,69.9
2026-08-01 00:00:00,22394,39.9
2026-08-01 00:00:00,15764,49.9
2026-08-01 00:00:00,56847,59.9
2026-08-01 00:00:00,60370,19.9
2026-08-01 00:00:00,60363,19.9
2026-08-01 00:00:00,60360,19.9
2026-08-01 00:00:00,60343,24.9
2026-08-01 00:00:00,60330,34.9
2026-08-01 00:00:00,60353,24.9
2026-08-01 00:00:00,60328,34.9
2026-08-01 00:00:00,60348,24.9
2026-08-01 00:00:00,60336,34.9
2026-08-01 00:00:00,60340,24.9
2026-08-01 00:00:00,60358,24.9
2026-08-01 00:00:00,60322,34.9
2026-08-01 00:00:00,60316,39.9
2026-08-01 00:00:00,56726,14.9
2026-08-01 00:00:00,15765,37.9
2026-08-01 00:00:00,41533,59.9
2026-08-01 00:00:00,41649,59.9
2026-08-01 00:00:00,41657,59.9
2026-08-01 00:00:00,16562,24.9
2026-08-01 00:00:00,16563,24.9
2026-08-01 00:00:00,28546,39.9
2026-08-01 00:00:00,16318,11.0
2026-08-01 00:00:00,9837,59.9
2026-08-01 00:00:00,42182,79.9
2026-08-01 00:00:00,42191,139.9
2026-08-01 00:00:00,19066,34.9
2026-08-01 00:00:00,23714,49.9
2026-08-01 00:00:00,40141,79.9
2026-08-01 00:00:00,64393,179.9
2026-08-01 00:00:00,24340,12.0
2026-08-01 00:00:00,16315,12.0
2026-08-01 00:00:00,16702,89.9
2026-08-01 00:00:00,64388,149.9
2026-08-01 00:00:00,15394,49.9
2026-08-01 00:00:00,21496,199.9
2026-08-01 00:00:00,46328,699.0
2026-08-01 00:00:00,59618,59.9
2026-08-01 00:00:00,16576,59.9
2026-08-01 00:00:00,16575,59.9
2026-08-01 00:00:00,39635,24.9
2026-08-01 00:00:00,59640,79.9
2026-08-01 00:00:00,42222,69.9
2026-08-01 00:00:00,46307,89.9
2026-08-01 00:00:00,15406,89.9
2026-08-01 00:00:00,47181,59.9
2026-08-01 00:00:00,7567,139.9
2026-08-01 00:00:00,7341,139.9
2026-08-01 00:00:00,46427,29.9
2026-08-01 00:00:00,7565,119.9
2026-08-01 00:00:00,15393,79.9
2026-08-01 00:00:00,26000,129.9
2026-08-01 00:00:00,8312,129.9
2026-08-01 00:00:00,9051,189.9
2026-08-01 00:00:00,64392,119.9
2026-08-01 00:00:00,862,79.9
2026-08-01 00:00:00,32730,89.9
2026-08-01 00:00:00,46332,119.9
2026-08-01 00:00:00,12751,75.0
2026-08-01 00:00:00,47988,69.9
2026-08-01 00:00:00,59973,149.9
2026-08-01 00:00:00,46155,9.9
2026-08-01 00:00:00,39630,12.9
2026-08-01 00:00:00,39631,12.9
2026-08-01 00:00:00,12747,99.9
2026-08-01 00:00:00,18006,39.9
2026-08-01 00:00:00,64428,279.9
2026-08-01 00:00:00,39163,99.9
2026-08-01 00:00:00,1097,79.9
2026-08-01 00:00:00,87,79.9
2026-08-01 00:00:00,42164,139.9
2026-08-01 00:00:00,49845,329.9
2026-08-01 00:00:00,25834,89.9
2026-08-01 00:00:00,9188,179.9
2026-08-01 00:00:00,13863,129.9
2026-08-01 00:00:00,44536,579.0
2026-08-01 00:00:00,44538,579.0
2026-08-01 00:00:00,59963,59.9
2026-08-01 00:00:00,16642,49.9
2026-08-01 00:00:00,33590,199.9
2026-08-01 00:00:00,32539,39.9
2026-08-01 00:00:00,15766,25.9
2026-08-01 00:00:00,37717,64.9
2026-08-01 00:00:00,47539,139.9
2026-08-01 00:00:00,58549,499.9
2026-08-01 00:00:00,48061,55.0
2026-08-01 00:00:00,24331,29.9
2026-08-01 00:00:00,52086,47.9
2026-08-01 00:00:00,52087,47.9
2026-08-01 00:00:00,62884,69.9
2026-08-01 00:00:00,62885,99.9
2026-08-01 00:00:00,62881,89.9
2026-08-01 00:00:00,62883,119.9
2026-08-01 00:00:00,47436,21.9
2026-08-01 00:00:00,16326,21.9
2026-08-01 00:00:00,46300,13.9
2026-08-01 00:00:00,16310,13.9
2026-08-01 00:00:00,52093,16.0
2026-08-01 00:00:00,24345,16.0
2026-08-01 00:00:00,47481,25.9
2026-08-01 00:00:00,16332,25.9
2026-08-01 00:00:00,46177,26.5
2026-08-01 00:00:00,24344,13.9
2026-08-01 00:00:00,46303,26.5
2026-08-01 00:00:00,47438,8.5
2026-08-01 00:00:00,52103,4.9
2026-08-01 00:00:00,47440,5.5
2026-08-01 00:00:00,47428,4.9
2026-08-01 00:00:00,16303,5.5
2026-08-01 00:00:00,52089,46.0
2026-08-01 00:00:00,52088,21.5
2026-08-01 00:00:00,52091,79.9
2026-08-01 00:00:00,52099,42.0
2026-08-01 00:00:00,37590,38.0
2026-08-01 00:00:00,37588,19.9
2026-08-01 00:00:00,28294,19.9
2026-08-01 00:00:00,63026,35.9
2026-08-01 00:00:00,63024,54.9
2026-08-01 00:00:00,63028,44.9
2026-08-01 00:00:00,63025,44.9
2026-08-01 00:00:00,63027,22.9
2026-08-01 00:00:00,63022,22.9
2026-08-01 00:00:00,63029,33.9
2026-08-01 00:00:00,63023,33.9
2026-08-01 00:00:00,39486,39.9
2026-08-01 00:00:00,39492,24.9
2026-08-01 00:00:00,46221,13.9
2026-08-01 00:00:00,24349,78.0
2026-08-01 00:00:00,52101,75.0
2026-08-01 00:00:00,46281,56.0
2026-08-01 00:00:00,52096,35.0
2026-08-01 00:00:00,37589,31.0
2026-08-01 00:00:00,46297,13.9
2026-08-01 00:00:00,37585,39.0
2026-08-01 00:00:00,37586,43.0
2026-08-01 00:00:00,52102,89.9
2026-08-01 00:00:00,52090,54.0
2026-08-01 00:00:00,37592,48.0
2026-08-01 00:00:00,52092,66.0
2026-08-01 00:00:00,47418,68.0
2026-08-01 00:00:00,37591,33.0
2026-08-01 00:00:00,52095,21.0
2026-08-01 00:00:00,52094,37.0
2026-08-01 00:00:00,47425,25.0
2026-08-01 00:00:00,57651,41.0
2026-08-01 00:00:00,52080,41.0
2026-08-01 00:00:00,52082,12.9
2026-08-01 00:00:00,52085,12.9
2026-08-01 00:00:00,57972,17.5
2026-08-01 00:00:00,52081,17.5
2026-08-01 00:00:00,52097,23.9
2026-08-01 00:00:00,52100,23.9
2026-08-01 00:00:00,52083,29.9
2026-08-01 00:00:00,52098,29.9
2026-08-01 00:00:00,5897,97.93
2026-08-01 00:00:00,2633,169.9
2026-08-01 00:00:00,2632,189.9
2026-08-01 00:00:00,2634,199.9
2026-08-01 00:00:00,7344,139.9
2026-08-01 00:00:00,21432,89.9
2026-08-01 00:00:00,5895,139.93
2026-08-01 00:00:00,5896,90.93
2026-08-01 00:00:00,5891,223.93
2026-08-01 00:00:00,5892,125.93
2026-08-01 00:00:00,5888,286.93
2026-08-01 00:00:00,5893,230.93
2026-08-01 00:00:00,5894,209.93
2026-08-01 00:00:00,5887,335.93
2026-08-01 00:00:00,5890,314.93
2026-08-01 00:00:00,5883,440.93
2026-08-01 00:00:00,5885,419.93
2026-08-01 00:00:00,29210,22.9
2026-08-01 00:00:00,29209,22.9
2026-08-01 00:00:00,29208,22.9
2026-08-01 00:00:00,29211,22.9
2026-08-01 00:00:00,43285,29.9
2026-08-01 00:00:00,43281,29.9
2026-08-01 00:00:00,43282,29.9
2026-08-01 00:00:00,24938,74.9
2026-08-01 00:00:00,12136,159.9
2026-08-01 00:00:00,2650,199.9
2026-08-01 00:00:00,31530,49.9
2026-08-01 00:00:00,34769,299.9
2026-08-01 00:00:00,16609,47.9
2026-08-01 00:00:00,45420,24.9
2026-08-01 00:00:00,41933,259.9
2026-08-01 00:00:00,32902,59.9
2026-08-01 00:00:00,46628,34.9
2026-08-01 00:00:00,24319,14.5
2026-08-01 00:00:00,17447,289.9
2026-08-01 00:00:00,37683,139.9
2026-08-01 00:00:00,64419,189.9
2026-08-01 00:00:00,43869,469.9
2026-08-01 00:00:00,37700,319.9
2026-08-01 00:00:00,37684,149.9
2026-08-01 00:00:00,37689,159.9
2026-08-01 00:00:00,37686,149.9
2026-08-01 00:00:00,32636,110.0
2026-08-01 00:00:00,64417,229.9
2026-08-01 00:00:00,43870,539.9
2026-08-01 00:00:00,37701,339.9
2026-08-01 00:00:00,37687,189.9
2026-08-01 00:00:00,38395,229.9
2026-08-01 00:00:00,37685,219.9
2026-08-01 00:00:00,64415,269.9
2026-08-01 00:00:00,38396,269.9
2026-08-01 00:00:00,37676,389.9
2026-08-01 00:00:00,38397,289.9
2026-08-01 00:00:00,17446,229.9
2026-08-01 00:00:00,17445,179.9
2026-08-01 00:00:00,38394,179.9
2026-08-01 00:00:00,14637,499.9
2026-08-01 00:00:00,39224,439.9
2026-08-01 00:00:00,39223,299.9
2026-08-01 00:00:00,37699,689.9
2026-08-01 00:00:00,6830,529.9
2026-08-01 00:00:00,28819,599.9
2026-08-01 00:00:00,62906,59.9
2026-08-01 00:00:00,62908,59.9
2026-08-01 00:00:00,62907,59.9
2026-08-01 00:00:00,47019,139.9
2026-08-01 00:00:00,15317,59.9
2026-08-01 00:00:00,37657,779.0
2026-08-01 00:00:00,986,399.9
2026-08-01 00:00:00,9352,479.9
2026-08-01 00:00:00,987,499.9
2026-08-01 00:00:00,16599,499.9
2026-08-01 00:00:00,13152,459.9
2026-08-01 00:00:00,39168,419.9
2026-08-01 00:00:00,39164,339.9
2026-08-01 00:00:00,39165,399.9
2026-08-01 00:00:00,39166,459.9
2026-08-01 00:00:00,39167,499.9
2026-08-01 00:00:00,6820,410.0
2026-08-01 00:00:00,6858,679.9
2026-08-01 00:00:00,17,379.9
2026-08-01 00:00:00,64384,339.9
2026-08-01 00:00:00,64382,399.9
2026-08-01 00:00:00,64378,499.9
2026-08-01 00:00:00,37675,249.9
2026-08-01 00:00:00,37688,279.9
2026-08-01 00:00:00,17448,269.9
2026-08-01 00:00:00,79,179.9
2026-08-01 00:00:00,19722,179.9
2026-08-01 00:00:00,934,399.9
2026-08-01 00:00:00,8245,49.9
2026-08-01 00:00:00,43010,29.9
2026-08-01 00:00:00,59639,59.9
2026-08-01 00:00:00,16704,89.9
2026-08-01 00:00:00,59195,49.9
2026-08-01 00:00:00,18005,37.9
2026-08-01 00:00:00,21511,37.9
2026-08-01 00:00:00,16865,34.9
2026-08-01 00:00:00,43190,19.9
2026-08-01 00:00:00,43192,19.9
2026-08-01 00:00:00,53937,99.9
2026-08-01 00:00:00,59172,279.9
2026-08-01 00:00:00,46626,269.9
2026-08-01 00:00:00,45060,199.9
2026-08-01 00:00:00,42175,499.9
2026-08-01 00:00:00,42586,159.9
2026-08-01 00:00:00,42753,159.9
2026-08-01 00:00:00,46178,39.9
2026-08-01 00:00:00,34643,59.9
2026-08-01 00:00:00,49414,119.9
2026-08-01 00:00:00,46578,59.9
2026-08-01 00:00:00,12049,179.9
2026-08-01 00:00:00,43693,24.9
2026-08-01 00:00:00,36496,79.9
2026-08-01 00:00:00,46630,67.0
2026-08-01 00:00:00,21918,179.9
2026-08-01 00:00:00,21939,189.9
2026-08-01 00:00:00,13971,279.9
2026-08-01 00:00:00,45225,249.9
2026-08-01 00:00:00,21932,199.9
2026-08-01 00:00:00,21937,299.9
2026-08-01 00:00:00,45226,159.9
2026-08-01 00:00:00,47870,159.9
2026-08-01 00:00:00,21933,119.9
2026-08-01 00:00:00,62876,159.9
2026-08-01 00:00:00,47815,319.9
2026-08-01 00:00:00,59970,139.9
2026-08-01 00:00:00,62454,49.9
2026-08-01 00:00:00,46383,129.0
2026-08-01 00:00:00,45235,399.9
2026-08-01 00:00:00,47472,149.9
2026-08-01 00:00:00,49817,79.9
2026-08-01 00:00:00,59934,99.9
2026-08-01 00:00:00,42232,39.9
2026-08-01 00:00:00,62878,119.9
2026-08-01 00:00:00,60261,49.9
2026-08-01 00:00:00,43865,229.9
2026-08-01 00:00:00,45224,279.9
2026-08-01 00:00:00,32607,69.9
2026-08-01 00:00:00,32606,69.9
2026-08-01 00:00:00,39707,46.9
2026-08-01 00:00:00,39708,56.9
2026-08-01 00:00:00,26074,24.9
2026-08-01 00:00:00,59191,179.9
2026-08-01 00:00:00,44826,199.9
2026-08-01 00:00:00,19711,79.9
2026-08-01 00:00:00,35203,279.9
2026-08-01 00:00:00,8946,179.9
2026-08-01 00:00:00,42171,59.9
2026-08-01 00:00:00,13976,269.9
2026-08-01 00:00:00,6716,159.9
2026-08-01 00:00:00,42152,49.9
2026-08-01 00:00:00,32888,34.9
2026-08-01 00:00:00,43118,169.9
2026-08-01 00:00:00,31656,2569.0
2026-08-01 00:00:00,18008,169.9
2026-08-01 00:00:00,38488,59.9
2026-08-01 00:00:00,26163,24.9
2026-08-01 00:00:00,37726,49.9
2026-08-01 00:00:00,13121,479.9
2026-08-01 00:00:00,27624,299.9
2026-08-01 00:00:00,45141,199.9
2026-08-01 00:00:00,21337,249.9
2026-08-01 00:00:00,21422,229.9
2026-08-01 00:00:00,50026,199.9
2026-08-01 00:00:00,60371,139.9
2026-08-01 00:00:00,59856,69.9
2026-08-01 00:00:00,59854,79.9
2026-08-01 00:00:00,59855,89.9
2026-08-01 00:00:00,59853,99.9
2026-08-01 00:00:00,59171,199.9
2026-08-01 00:00:00,8943,199.9
2026-08-01 00:00:00,45183,189.9
2026-08-01 00:00:00,62875,189.9
2026-08-01 00:00:00,59170,219.9
2026-08-01 00:00:00,45231,459.9
2026-08-01 00:00:00,50041,249.9
2026-08-01 00:00:00,50043,299.9
2026-08-01 00:00:00,59857,349.9
2026-08-01 00:00:00,46787,239.9
2026-08-01 00:00:00,59844,459.9
2026-08-01 00:00:00,59842,479.9
2026-08-01 00:00:00,59846,499.9
2026-08-01 00:00:00,59852,349.9
2026-08-01 00:00:00,32166,399.9
2026-08-01 00:00:00,32169,239.9
2026-08-01 00:00:00,59174,199.9
2026-08-01 00:00:00,50042,249.9
2026-08-01 00:00:00,62882,239.9
2026-08-01 00:00:00,35211,229.9
2026-08-01 00:00:00,26520,239.9
2026-08-01 00:00:00,34756,119.9
2026-08-01 00:00:00,34750,239.9
2026-08-01 00:00:00,45230,369.9
2026-08-01 00:00:00,32012,229.9
2026-08-01 00:00:00,59905,110.0
2026-08-01 00:00:00,49244,69.0
2026-08-01 00:00:00,1240,529.9
2026-08-01 00:00:00,39273,299.9
2026-08-01 00:00:00,39173,299.9
2026-08-01 00:00:00,43214,49.9
2026-08-01 00:00:00,59863,54.9
2026-08-01 00:00:00,39176,339.9
2026-08-01 00:00:00,18123,229.9
2026-08-01 00:00:00,39178,529.9
2026-08-01 00:00:00,32608,549.9
2026-08-01 00:00:00,43130,24.9
2026-08-01 00:00:00,34352,69.9
2026-08-01 00:00:00,50040,39.9
2026-08-01 00:00:00,32566,79.9
2026-08-01 00:00:00,45078,49.9
2026-08-01 00:00:00,42518,89.9
2026-08-01 00:00:00,42511,89.9
2026-08-01 00:00:00,42510,89.9
2026-08-01 00:00:00,42514,89.9
2026-08-01 00:00:00,42517,89.9
2026-08-01 00:00:00,26075,159.9
2026-08-01 00:00:00,56990,39.9
2026-08-01 00:00:00,48052,49.9
2026-08-01 00:00:00,34945,129.9
2026-08-01 00:00:00,61674,79.9
2026-08-01 00:00:00,26080,34.9
2026-08-01 00:00:00,47424,85.0
2026-08-01 00:00:00,26066,59.9
2026-08-01 00:00:00,48856,139.9
2026-08-01 00:00:00,46478,279.9
2026-08-01 00:00:00,39194,169.9
2026-08-01 00:00:00,39195,189.9
2026-08-01 00:00:00,39197,219.9
2026-08-01 00:00:00,39196,249.9
2026-08-01 00:00:00,39201,179.9
2026-08-01 00:00:00,39202,199.9
2026-08-01 00:00:00,39203,269.9
2026-08-01 00:00:00,39204,299.9
2026-08-01 00:00:00,39199,189.9
2026-08-01 00:00:00,39200,219.9
2026-08-01 00:00:00,39198,219.9
2026-08-01 00:00:00,43400,179.9
2026-08-01 00:00:00,49096,129.9
2026-08-01 00:00:00,46647,159.9
2026-08-01 00:00:00,45192,249.9
2026-08-01 00:00:00,45140,159.9
2026-08-01 00:00:00,48847,59.9
2026-08-01 00:00:00,47126,349.9
2026-08-01 00:00:00,44609,59.9
2026-08-01 00:00:00,35219,59.9
2026-08-01 00:00:00,45177,359.9
2026-08-01 00:00:00,46406,259.9
2026-08-01 00:00:00,58541,259.9
2026-08-01 00:00:00,60365,239.9
2026-08-01 00:00:00,64527,259.9
2026-08-01 00:00:00,64515,259.9
2026-08-01 00:00:00,28330,259.9
2026-08-01 00:00:00,64517,259.9
2026-08-01 00:00:00,27385,239.9
2026-08-01 00:00:00,58620,299.9
2026-08-01 00:00:00,64520,259.9
2026-08-01 00:00:00,64529,259.9
2026-08-01 00:00:00,44215,269.9
2026-08-01 00:00:00,58239,249.9
2026-08-01 00:00:00,64528,259.9
2026-08-01 00:00:00,64521,259.9
2026-08-01 00:00:00,44226,259.9
2026-08-01 00:00:00,58623,299.9
2026-08-01 00:00:00,60356,39.9
2026-08-01 00:00:00,47851,239.9
2026-08-01 00:00:00,45186,239.9
2026-08-01 00:00:00,45412,119.9
2026-08-01 00:00:00,47967,119.9
2026-08-01 00:00:00,47955,119.9
2026-08-01 00:00:00,47970,119.9
2026-08-01 00:00:00,39183,99.9
2026-08-01 00:00:00,43211,69.9
2026-08-01 00:00:00,35016,129.9
2026-08-01 00:00:00,64531,379.9
2026-08-01 00:00:00,64522,659.9
2026-08-01 00:00:00,64525,659.9
2026-08-01 00:00:00,64523,659.9
2026-08-01 00:00:00,47127,759.0
2026-08-01 00:00:00,22393,439.9
2026-08-01 00:00:00,64524,579.9
2026-08-01 00:00:00,64514,499.9
2026-08-01 00:00:00,57673,379.9
2026-08-01 00:00:00,64516,499.9
2026-08-01 00:00:00,57680,439.9
2026-08-01 00:00:00,57678,439.9
2026-08-01 00:00:00,57679,779.9
2026-08-01 00:00:00,46653,499.9
2026-08-01 00:00:00,64530,579.9
2026-08-01 00:00:00,57681,399.9
2026-08-01 00:00:00,57675,499.9
2026-08-01 00:00:00,64526,579.9
2026-08-01 00:00:00,34725,599.9
2026-08-01 00:00:00,57683,779.9
2026-08-01 00:00:00,16480,1299.0
2026-08-01 00:00:00,58614,1199.0
2026-08-01 00:00:00,28314,1799.0
2026-08-01 00:00:00,44018,639.9
2026-08-01 00:00:00,57682,1999.0
2026-08-01 00:00:00,28316,1799.0
2026-08-01 00:00:00,28329,2399.0
2026-08-01 00:00:00,45190,579.9
2026-08-01 00:00:00,46728,679.9
2026-08-01 00:00:00,45191,679.9
2026-08-01 00:00:00,46729,679.9
2026-08-01 00:00:00,45189,579.9
2026-08-01 00:00:00,64518,499.9
2026-08-01 00:00:00,64519,499.9
2026-08-01 00:00:00,6250,549.9
2026-08-01 00:00:00,21423,229.9
2026-08-01 00:00:00,60281,119.9
2026-08-01 00:00:00,32840,149.9
2026-08-01 00:00:00,26138,149.9
2026-08-01 00:00:00,60251,179.9
2026-08-01 00:00:00,59845,359.9
2026-08-01 00:00:00,62886,139.9
2026-08-01 00:00:00,60262,169.9
2026-08-01 00:00:00,32044,149.9
2026-08-01 00:00:00,45212,239.9
2026-08-01 00:00:00,39281,379.9
2026-08-01 00:00:00,24493,17.5
2026-08-01 00:00:00,47474,139.9
2026-08-01 00:00:00,35537,249.9
2026-08-01 00:00:00,35251,119.9
2026-08-01 00:00:00,42196,149.9
2026-08-01 00:00:00,45436,299.9
2026-08-01 00:00:00,48232,39.9
2026-08-01 00:00:00,43202,29.9
2026-08-01 00:00:00,32388,34.9
2026-08-01 00:00:00,43160,59.9
2026-08-01 00:00:00,43163,59.9
2026-08-01 00:00:00,41651,49.9
2026-08-01 00:00:00,47910,129.9
2026-08-01 00:00:00,46159,129.9
2026-08-01 00:00:00,47976,99.9
2026-08-01 00:00:00,47915,129.9
2026-08-01 00:00:00,46165,129.9
2026-08-01 00:00:00,47987,129.9
2026-08-01 00:00:00,47920,129.9
2026-08-01 00:00:00,47961,119.9
2026-08-01 00:00:00,28331,499.9
2026-08-01 00:00:00,28333,519.9
2026-08-01 00:00:00,10744,149.9
2026-08-01 00:00:00,13921,119.9
2026-08-01 00:00:00,48237,139.9
2026-08-01 00:00:00,47921,67.0
2026-08-01 00:00:00,32570,19.9
2026-08-01 00:00:00,23713,99.9
2026-08-01 00:00:00,15398,59.9
2026-08-01 00:00:00,46246,29.9
2026-08-01 00:00:00,22539,5.53
2026-08-01 00:00:00,30796,12.53
2026-08-01 00:00:00,22541,6.23
2026-08-01 00:00:00,22531,32.83
2026-08-01 00:00:00,22537,23.03
2026-08-01 00:00:00,18274,11.9
2026-08-01 00:00:00,27049,9.9
2026-08-01 00:00:00,45089,89.9
2026-08-01 00:00:00,22538,11.83
2026-08-01 00:00:00,46312,24.9
2026-08-01 00:00:00,47544,229.9
2026-08-01 00:00:00,21372,59.9
2026-08-01 00:00:00,22536,13.93
2026-08-01 00:00:00,18276,8.9
2026-08-01 00:00:00,16271,44.9
2026-08-01 00:00:00,16272,49.9
2026-08-01 00:00:00,4211,59.9
2026-08-01 00:00:00,62075,169.9
2026-08-01 00:00:00,34374,119.9
2026-08-01 00:00:00,38486,279.9
2026-08-01 00:00:00,36572,89.9
2026-08-01 00:00:00,39177,169.9
2026-08-01 00:00:00,46596,39.9
2026-08-01 00:00:00,27620,89.9
2026-08-01 00:00:00,26140,34.9
2026-08-01 00:00:00,20105,19.9
2026-08-01 00:00:00,30797,1.33
2026-08-01 00:00:00,47153,24.9
2026-08-01 00:00:00,39633,17.9
2026-08-01 00:00:00,59986,79.9
2026-08-01 00:00:00,59981,179.9
2026-08-01 00:00:00,59980,269.9
2026-08-01 00:00:00,59984,119.9
2026-08-01 00:00:00,37710,139.9
2026-08-01 00:00:00,37711,299.9
2026-08-01 00:00:00,42176,29.9
2026-08-01 00:00:00,49389,119.9
2026-08-01 00:00:00,22542,0.63
2026-08-01 00:00:00,22543,0.35
2026-08-01 00:00:00,22540,0.14
2026-08-01 00:00:00,47357,99.9
2026-08-01 00:00:00,22532,8.33
2026-08-01 00:00:00,59627,64.9
2026-08-01 00:00:00,49654,34.9
2026-08-01 00:00:00,59626,39.9
2026-08-01 00:00:00,49647,69.9
2026-08-01 00:00:00,49652,69.9
2026-08-01 00:00:00,59628,69.9
2026-08-01 00:00:00,49655,59.9
2026-08-01 00:00:00,56787,68.0
2026-08-01 00:00:00,30798,2.03
2026-08-01 00:00:00,46405,19.9
2026-08-01 00:00:00,49223,24.9
2026-08-01 00:00:00,35952,22.9
2026-08-01 00:00:00,19070,15.9
2026-08-01 00:00:00,16555,15.9
2026-08-01 00:00:00,15767,21.9
2026-08-01 00:00:00,57658,559.9
2026-08-01 00:00:00,57664,197.0
2026-08-01 00:00:00,57666,399.9
2026-08-01 00:00:00,47753,19.0
2026-08-01 00:00:00,64353,159.9
2026-08-01 00:00:00,2437,279.9
2026-08-01 00:00:00,43859,229.9
2026-08-01 00:00:00,37698,769.9
2026-08-01 00:00:00,43860,259.9
2026-08-01 00:00:00,53932,259.9
2026-08-01 00:00:00,64352,259.9
2026-08-01 00:00:00,53933,259.9
2026-08-01 00:00:00,59179,159.9
2026-08-01 00:00:00,44491,649.0
2026-08-01 00:00:00,44492,649.0
2026-08-01 00:00:00,43030,149.9
2026-08-01 00:00:00,43027,149.9
2026-08-01 00:00:00,43028,149.9
2026-08-01 00:00:00,43029,149.9
2026-08-01 00:00:00,37696,159.9
2026-08-01 00:00:00,47135,169.9
2026-08-01 00:00:00,60487,379.9
2026-08-01 00:00:00,42214,149.9
2026-08-01 00:00:00,42185,399.9
2026-08-01 00:00:00,64429,379.9
2026-08-01 00:00:00,15777,239.9
2026-08-01 00:00:00,6183,159.9
2026-08-01 00:00:00,14640,499.9
2026-08-01 00:00:00,34771,1299.0
2026-08-01 00:00:00,40408,239.9
2026-08-01 00:00:00,40409,239.9
2026-08-01 00:00:00,59978,259.9
2026-08-01 00:00:00,59976,259.9
2026-08-01 00:00:00,59975,399.9
2026-08-01 00:00:00,43874,299.9
2026-08-01 00:00:00,43034,439.0
2026-08-01 00:00:00,43033,829.9
2026-08-01 00:00:00,59962,399.9
2026-08-01 00:00:00,39185,129.9
2026-08-01 00:00:00,45121,119.9
2026-08-01 00:00:00,39926,119.9
2026-08-01 00:00:00,59633,49.9
2026-08-01 00:00:00,59634,49.9
2026-08-01 00:00:00,59632,49.9
2026-08-01 00:00:00,59631,49.9
2026-08-01 00:00:00,49108,129.9
2026-08-01 00:00:00,974,79.9
2026-08-01 00:00:00,929,89.9
2026-08-01 00:00:00,6854,369.9
2026-08-01 00:00:00,16645,369.9
2026-08-01 00:00:00,22534,20.93
2026-08-01 00:00:00,30795,83.93
2026-08-01 00:00:00,49218,69.9
2026-08-01 00:00:00,8959,2999.0
2026-08-01 00:00:00,45228,139.9
2026-08-01 00:00:00,15395,139.9
2026-08-01 00:00:00,59615,12.9
2026-08-01 00:00:00,16538,12.9
2026-08-01 00:00:00,49653,19.9
2026-08-01 00:00:00,43198,19.9
2026-08-01 00:00:00,48999,19.9
2026-08-01 00:00:00,59616,10.9
2026-08-01 00:00:00,16548,14.9
2026-08-01 00:00:00,31357,14.9
2026-08-01 00:00:00,59617,14.9
2026-08-01 00:00:00,63461,17.9
2026-08-01 00:00:00,19077,12.9
2026-08-01 00:00:00,49391,19.9
2026-08-01 00:00:00,46634,34.9
2026-08-01 00:00:00,42141,39.9
2026-08-01 00:00:00,43863,199.9
2026-08-01 00:00:00,43871,199.9
2026-08-01 00:00:00,43867,199.9
2026-08-01 00:00:00,16533,11.9
2026-08-01 00:00:00,16545,13.9
2026-08-01 00:00:00,46575,17.9
2026-08-01 00:00:00,8984,179.9
2026-08-01 00:00:00,43862,129.9
2026-08-01 00:00:00,43861,159.9
2026-08-01 00:00:00,59764,99.9
2026-08-01 00:00:00,37643,179.9
2026-08-01 00:00:00,37644,179.9
2026-08-01 00:00:00,56435,249.9
2026-08-01 00:00:00,57661,199.9
2026-08-01 00:00:00,12570,114.9
2026-08-01 00:00:00,12569,139.9
2026-08-01 00:00:00,45055,39.9
2026-08-01 00:00:00,45054,29.9
2026-08-01 00:00:00,45056,29.9
2026-08-01 00:00:00,45053,59.9
2026-08-01 00:00:00,49245,139.9
2026-08-01 00:00:00,32711,159.9
2026-08-01 00:00:00,47612,89.9
2026-08-01 00:00:00,46024,449.9
2026-08-01 00:00:00,60484,299.9
2026-08-01 00:00:00,48622,101.8
2026-08-01 00:00:00,54415,199.9
2026-08-01 00:00:00,55668,49.9
2026-08-01 00:00:00,55674,29.9
2026-08-01 00:00:00,59917,37.9
2026-08-01 00:00:00,59900,99.9
2026-08-01 00:00:00,56702,199.9
2026-08-01 00:00:00,51185,24.9
2026-08-01 00:00:00,54871,149.9
2026-08-01 00:00:00,49202,239.9
2026-08-01 00:00:00,47795,29.9
2026-08-01 00:00:00,48717,139.9
2026-08-01 00:00:00,48718,89.9
2026-08-01 00:00:00,59993,149.9
2026-08-01 00:00:00,48630,389.9
2026-08-01 00:00:00,62140,239.9
2026-08-01 00:00:00,58511,259.9
2026-08-01 00:00:00,59318,59.93
2026-08-01 00:00:00,63535,19.9
2026-08-01 00:00:00,15351,19.9
2026-08-01 00:00:00,50390,249.9
2026-08-01 00:00:00,40371,99.9
2026-08-01 00:00:00,38286,199.9
2026-08-01 00:00:00,58316,99.9
2026-08-01 00:00:00,16082,89.9
2026-08-01 00:00:00,58341,139.9
2026-08-01 00:00:00,51348,129.9
2026-08-01 00:00:00,63104,31.0
2026-08-01 00:00:00,63119,31.0
2026-08-01 00:00:00,63120,31.0
2026-08-01 00:00:00,59325,19.9
2026-08-01 00:00:00,59321,19.9
2026-08-01 00:00:00,59323,29.9
2026-08-01 00:00:00,59324,99.9
2026-08-01 00:00:00,59302,229.9
2026-08-01 00:00:00,59303,389.9
2026-08-01 00:00:00,24486,69.9
2026-08-01 00:00:00,24399,69.9
2026-08-01 00:00:00,51752,229.9
2026-08-01 00:00:00,43326,199.9
2026-08-01 00:00:00,59286,99.9
2026-08-01 00:00:00,59287,99.9
2026-08-01 00:00:00,59293,199.9
2026-08-01 00:00:00,59292,199.9
2026-08-01 00:00:00,45596,199.9
2026-08-01 00:00:00,59294,269.9
2026-08-01 00:00:00,52742,159.9
2026-08-01 00:00:00,58343,149.9
2026-08-01 00:00:00,55920,529.9
2026-08-01 00:00:00,53991,291.0
2026-08-01 00:00:00,53487,179.9
2026-08-01 00:00:00,59326,39.9
2026-08-01 00:00:00,45676,9.9
2026-08-01 00:00:00,31526,9.9
2026-08-01 00:00:00,40580,629.9
2026-08-01 00:00:00,9997,89.9
2026-08-01 00:00:00,51270,999.0
2026-08-01 00:00:00,36631,209.9
2026-08-01 00:00:00,14561,109.9
2026-08-01 00:00:00,43880,1599.0
2026-08-01 00:00:00,36184,399.0
2026-08-01 00:00:00,36640,399.0
2026-08-01 00:00:00,60475,129.9
2026-08-01 00:00:00,30140,379.0
2026-08-01 00:00:00,46104,499.9
2026-08-01 00:00:00,51563,599.9
2026-08-01 00:00:00,51561,999.0
2026-08-01 00:00:00,29972,299.0
2026-08-01 00:00:00,50548,219.0
2026-08-01 00:00:00,57003,499.9
2026-08-01 00:00:00,43884,329.0
2026-08-01 00:00:00,36630,399.0
2026-08-01 00:00:00,36633,849.9
2026-08-01 00:00:00,43878,479.9
2026-08-01 00:00:00,18816,349.9
2026-08-01 00:00:00,24400,79.9
2026-08-01 00:00:00,28300,69.9
2026-08-01 00:00:00,28299,69.9
2026-08-01 00:00:00,49465,109.9
2026-08-01 00:00:00,62311,99.9
2026-08-01 00:00:00,25006,249.9
2026-08-01 00:00:00,25007,199.9
2026-08-01 00:00:00,17441,449.9
2026-08-01 00:00:00,9895,399.9
2026-08-01 00:00:00,63899,199.9
2026-08-01 00:00:00,62065,239.9
2026-08-01 00:00:00,54214,179.9
2026-08-01 00:00:00,30329,139.9
2026-08-01 00:00:00,38231,369.9
2026-08-01 00:00:00,54889,119.9
2026-08-01 00:00:00,54448,229.9
2026-08-01 00:00:00,23234,249.9
2026-08-01 00:00:00,23239,479.9
2026-08-01 00:00:00,49049,45.0
2026-08-01 00:00:00,58499,349.9
2026-08-01 00:00:00,58507,139.9
2026-08-01 00:00:00,58510,139.9
2026-08-01 00:00:00,62153,249.9
2026-08-01 00:00:00,57010,149.9
2026-08-01 00:00:00,57009,339.9
2026-08-01 00:00:00,57005,199.9
2026-08-01 00:00:00,57007,169.9
2026-08-01 00:00:00,57004,199.9
2026-08-01 00:00:00,57006,199.9
2026-08-01 00:00:00,57008,199.9
2026-08-01 00:00:00,58818,99.9
2026-08-01 00:00:00,57001,399.9
2026-08-01 00:00:00,57381,249.9
2026-08-01 00:00:00,58912,279.9
2026-08-01 00:00:00,62138,239.9
2026-08-01 00:00:00,1011,189.9
2026-08-01 00:00:00,58977,199.9
2026-08-01 00:00:00,62079,29.9
2026-08-01 00:00:00,62080,29.9
2026-08-01 00:00:00,63152,29.9
2026-08-01 00:00:00,62076,29.9
2026-08-01 00:00:00,57816,79.9
2026-08-01 00:00:00,57808,79.9
2026-08-01 00:00:00,59307,224.92
2026-08-01 00:00:00,47285,59.9
2026-08-01 00:00:00,45563,99.9
2026-08-01 00:00:00,36195,389.9
2026-08-01 00:00:00,60052,179.9
2026-08-01 00:00:00,60063,49.9
2026-08-01 00:00:00,45574,174.93
2026-08-01 00:00:00,59291,299.9
2026-08-01 00:00:00,53431,269.9
2026-08-01 00:00:00,45651,200.0
2026-08-01 00:00:00,59314,104.93
2026-08-01 00:00:00,39994,599.9
2026-08-01 00:00:00,53449,199.9
2026-08-01 00:00:00,52773,209.9
2026-08-01 00:00:00,1485,34.9
2026-08-01 00:00:00,11406,119.9
2026-08-01 00:00:00,18011,99.9
2026-08-01 00:00:00,49518,99.9
2026-08-01 00:00:00,38217,99.9
2026-08-01 00:00:00,46070,99.9
2026-08-01 00:00:00,45558,132.93
2026-08-01 00:00:00,36197,139.9
2026-08-01 00:00:00,39992,799.9
2026-08-01 00:00:00,49189,699.9
2026-08-01 00:00:00,56100,599.9
2026-08-01 00:00:00,38443,99.9
2026-08-01 00:00:00,31105,249.9
2026-08-01 00:00:00,58813,200.0
2026-08-01 00:00:00,38230,249.9
2026-08-01 00:00:00,53426,199.9
2026-08-01 00:00:00,38229,199.9
2026-08-01 00:00:00,54888,199.9
2026-08-01 00:00:00,38228,129.9
2026-08-01 00:00:00,58002,120.0
2026-08-01 00:00:00,58011,120.0
2026-08-01 00:00:00,58009,120.0
2026-08-01 00:00:00,58010,120.0
2026-08-01 00:00:00,57849,120.0
2026-08-01 00:00:00,58006,120.0
2026-08-01 00:00:00,57850,120.0
2026-08-01 00:00:00,58008,120.0
2026-08-01 00:00:00,58005,120.0
2026-08-01 00:00:00,36627,119.9
2026-08-01 00:00:00,58026,120.0
2026-08-01 00:00:00,58028,120.0
2026-08-01 00:00:00,58029,120.0
2026-08-01 00:00:00,58030,120.0
2026-08-01 00:00:00,58031,120.0
2026-08-01 00:00:00,54218,179.9
2026-08-01 00:00:00,53223,49.9
2026-08-01 00:00:00,37393,179.9
2026-08-01 00:00:00,37382,179.9
2026-08-01 00:00:00,37391,179.9
2026-08-01 00:00:00,37392,179.9
2026-08-01 00:00:00,37390,179.9
2026-08-01 00:00:00,35848,229.9
2026-08-01 00:00:00,58512,99.9
2026-08-01 00:00:00,52404,429.9
2026-08-01 00:00:00,62152,79.9
2026-08-01 00:00:00,39995,349.9
2026-08-01 00:00:00,62086,99.9
2026-08-01 00:00:00,51531,199.9
2026-08-01 00:00:00,36446,549.9
2026-08-01 00:00:00,16846,139.9
2026-08-01 00:00:00,45716,142.43
2026-08-01 00:00:00,45549,79.9
2026-08-01 00:00:00,45547,79.9
2026-08-01 00:00:00,56059,59.9
2026-08-01 00:00:00,49186,179.9
2026-08-01 00:00:00,40127,199.9
2026-08-01 00:00:00,9367,149.9
2026-08-01 00:00:00,38432,79.9
2026-08-01 00:00:00,20102,99.9
2026-08-01 00:00:00,25713,69.9
2026-08-01 00:00:00,59088,139.9
2026-08-01 00:00:00,47279,199.9
2026-08-01 00:00:00,64834,139.9
2026-08-01 00:00:00,51748,69.9
2026-08-01 00:00:00,64832,159.9
2026-08-01 00:00:00,49191,649.9
2026-08-01 00:00:00,59522,55.93
2026-08-01 00:00:00,24393,14.9
2026-08-01 00:00:00,24402,29.9
2026-08-01 00:00:00,57000,299.9
2026-08-01 00:00:00,53999,149.9
2026-08-01 00:00:00,52407,449.9
2026-08-01 00:00:00,52408,449.9
2026-08-01 00:00:00,37432,49.9
2026-08-01 00:00:00,52487,199.9
2026-08-01 00:00:00,52397,429.9
2026-08-01 00:00:00,52488,199.9
2026-08-01 00:00:00,54917,349.9
2026-08-01 00:00:00,54915,549.9
2026-08-01 00:00:00,54918,299.9
2026-08-01 00:00:00,54913,649.9
2026-08-01 00:00:00,54916,49.9
2026-08-01 00:00:00,57980,139.9
2026-08-01 00:00:00,54920,579.9
2026-08-01 00:00:00,16835,179.9
2026-08-01 00:00:00,62165,349.9
2026-08-01 00:00:00,57171,129.9
2026-08-01 00:00:00,52280,169.9
2026-08-01 00:00:00,25030,349.9
2026-08-01 00:00:00,23233,159.9
2026-08-01 00:00:00,59533,99.9
2026-08-01 00:00:00,4102,449.9
2026-08-01 00:00:00,59063,259.9
2026-08-01 00:00:00,11774,139.9
2026-08-01 00:00:00,54892,199.9
2026-08-01 00:00:00,53432,189.9
2026-08-01 00:00:00,30508,299.9
2026-08-01 00:00:00,30514,279.9
2026-08-01 00:00:00,63243,33.2
2026-08-01 00:00:00,62053,299.9
2026-08-01 00:00:00,63202,99.9
2026-08-01 00:00:00,30201,149.9
2026-08-01 00:00:00,40101,199.9
2026-08-01 00:00:00,51268,279.9
2026-08-01 00:00:00,51565,179.9
2026-08-01 00:00:00,2259,339.9
2026-08-01 00:00:00,49190,249.9
2026-08-01 00:00:00,53376,69.9
2026-08-01 00:00:00,53492,189.9
2026-08-01 00:00:00,45363,199.9
2026-08-01 00:00:00,57019,299.9
2026-08-01 00:00:00,45356,349.9
2026-08-01 00:00:00,59048,219.9
2026-08-01 00:00:00,45371,999.0
2026-08-01 00:00:00,45362,149.9
2026-08-01 00:00:00,45355,399.9
2026-08-01 00:00:00,57020,219.9
2026-08-01 00:00:00,57017,329.9
2026-08-01 00:00:00,45361,119.9
2026-08-01 00:00:00,57023,149.9
2026-08-01 00:00:00,57022,299.9
2026-08-01 00:00:00,57021,249.9
2026-08-01 00:00:00,55718,249.9
2026-08-01 00:00:00,62164,399.9
2026-08-01 00:00:00,45364,229.9
2026-08-01 00:00:00,45366,179.9
2026-08-01 00:00:00,54224,699.9
2026-08-01 00:00:00,54215,449.9
2026-08-01 00:00:00,54208,449.9
2026-08-01 00:00:00,52406,799.9
2026-08-01 00:00:00,58501,249.9
2026-08-01 00:00:00,57293,149.0
2026-08-01 00:00:00,31820,159.9
2026-08-01 00:00:00,53387,55.92
2026-08-01 00:00:00,57868,159.0
2026-08-01 00:00:00,54453,329.9
2026-08-01 00:00:00,59479,199.9
2026-08-01 00:00:00,58355,99.9
2026-08-01 00:00:00,59289,499.9
2026-08-01 00:00:00,36443,999.0
2026-08-01 00:00:00,51521,99.9
2026-08-01 00:00:00,45556,104.93
2026-08-01 00:00:00,16084,149.9
2026-08-01 00:00:00,62142,229.9
2026-08-01 00:00:00,45559,129.9
2026-08-01 00:00:00,53488,189.9
2026-08-01 00:00:00,59313,67.43
2026-08-01 00:00:00,59508,99.9
2026-08-01 00:00:00,46299,299.9
2026-08-01 00:00:00,33930,89.9
2026-08-01 00:00:00,51714,179.9
2026-08-01 00:00:00,60460,269.9
2026-08-01 00:00:00,29360,499.9
2026-08-01 00:00:00,51568,649.9
2026-08-01 00:00:00,50200,299.9
2026-08-01 00:00:00,50199,379.9
2026-08-01 00:00:00,50327,299.9
2026-08-01 00:00:00,22614,629.9
2026-08-01 00:00:00,50198,799.9
2026-08-01 00:00:00,50197,899.9
2026-08-01 00:00:00,31688,899.9
2026-08-01 00:00:00,50192,549.9
2026-08-01 00:00:00,50885,679.9
2026-08-01 00:00:00,60473,129.9
2026-08-01 00:00:00,60459,199.9
2026-08-01 00:00:00,29363,399.9
2026-08-01 00:00:00,50189,799.9
2026-08-01 00:00:00,51566,429.9
2026-08-01 00:00:00,50331,99.9
2026-08-01 00:00:00,18015,179.9
2026-08-01 00:00:00,18016,249.9
2026-08-01 00:00:00,57238,499.9
2026-08-01 00:00:00,46101,649.9
2026-08-01 00:00:00,46265,699.9
2026-08-01 00:00:00,63133,199.9
2026-08-01 00:00:00,57059,449.9
2026-08-01 00:00:00,57068,449.9
2026-08-01 00:00:00,57062,699.9
2026-08-01 00:00:00,57309,169.9
2026-08-01 00:00:00,57574,589.9
2026-08-01 00:00:00,62158,299.9
2026-08-01 00:00:00,57122,629.9
2026-08-01 00:00:00,54884,229.9
2026-08-01 00:00:00,54883,199.9
2026-08-01 00:00:00,26524,109.9
2026-08-01 00:00:00,32685,199.9
2026-08-01 00:00:00,60481,199.9
2026-08-01 00:00:00,21965,249.9
2026-08-01 00:00:00,21962,159.9
2026-08-01 00:00:00,21963,119.9
2026-08-01 00:00:00,59493,99.9
2026-08-01 00:00:00,63145,179.9
2026-08-01 00:00:00,58945,169.9
2026-08-01 00:00:00,51700,139.9
2026-08-01 00:00:00,63146,179.9
2026-08-01 00:00:00,51699,150.0
2026-08-01 00:00:00,24397,19.9
2026-08-01 00:00:00,24502,29.9
2026-08-01 00:00:00,24503,29.9
2026-08-01 00:00:00,57035,349.9
2026-08-01 00:00:00,57036,399.9
2026-08-01 00:00:00,57039,429.9
2026-08-01 00:00:00,51609,89.9
2026-08-01 00:00:00,56712,99.9
2026-08-01 00:00:00,63176,139.9
2026-08-01 00:00:00,51610,99.9
2026-08-01 00:00:00,9246,379.9
2026-08-01 00:00:00,11775,89.9
2026-08-01 00:00:00,47284,119.9
2026-08-01 00:00:00,43548,149.9
2026-08-01 00:00:00,58314,149.9
2026-08-01 00:00:00,57025,99.9
2026-08-01 00:00:00,60050,149.9
2026-08-01 00:00:00,34127,149.9
2026-08-01 00:00:00,59320,134.93
2026-08-01 00:00:00,58995,349.9
2026-08-01 00:00:00,60051,179.9
2026-08-01 00:00:00,52132,24.9
2026-08-01 00:00:00,58996,259.9
2026-08-01 00:00:00,51242,279.9
2026-08-01 00:00:00,63175,139.9
2026-08-01 00:00:00,63180,319.9
2026-08-01 00:00:00,63179,319.9
2026-08-01 00:00:00,37307,259.9
2026-08-01 00:00:00,49547,119.9
2026-08-01 00:00:00,58318,149.9
2026-08-01 00:00:00,63980,47.94
2026-08-01 00:00:00,63979,34.9
2026-08-01 00:00:00,17583,299.9
2026-08-01 00:00:00,63981,99.9
2026-08-01 00:00:00,2411,329.0
2026-08-01 00:00:00,30148,339.9
2026-08-01 00:00:00,57798,319.8
2026-08-01 00:00:00,58867,319.8
2026-08-01 00:00:00,53076,59.9
2026-08-01 00:00:00,43554,299.9
2026-08-01 00:00:00,59322,104.93
2026-08-01 00:00:00,43381,199.9
2026-08-01 00:00:00,30360,279.9
2026-08-01 00:00:00,49545,169.9
2026-08-01 00:00:00,57002,79.9
2026-08-01 00:00:00,58258,179.9
2026-08-01 00:00:00,49594,139.9
2026-08-01 00:00:00,62162,349.9
2026-08-01 00:00:00,62160,169.9
2026-08-01 00:00:00,62159,169.9
2026-08-01 00:00:00,62131,329.9
2026-08-01 00:00:00,64866,99.9
2026-08-01 00:00:00,64868,179.9
2026-08-01 00:00:00,64869,189.9
2026-08-01 00:00:00,41966,299.9
2026-08-01 00:00:00,64873,59.9
2026-08-01 00:00:00,64871,49.9
2026-08-01 00:00:00,64864,79.9
2026-08-01 00:00:00,64872,89.9
2026-08-01 00:00:00,54449,239.9
2026-08-01 00:00:00,57124,69.9
2026-08-01 00:00:00,50164,329.0
2026-08-01 00:00:00,51266,799.0
2026-08-01 00:00:00,45373,259.0
2026-08-01 00:00:00,46108,149.0
2026-08-01 00:00:00,57901,99.9
2026-08-01 00:00:00,57900,99.9
2026-08-01 00:00:00,58121,59.9
2026-08-01 00:00:00,53499,219.9
2026-08-01 00:00:00,62133,159.9
2026-08-01 00:00:00,49542,179.9
2026-08-01 00:00:00,57815,99.9
2026-08-01 00:00:00,58241,149.9
2026-08-01 00:00:00,57572,129.9
2026-08-01 00:00:00,49182,239.9
2026-08-01 00:00:00,55913,699.9
2026-08-01 00:00:00,43966,499.9
2026-08-01 00:00:00,63094,259.9
2026-08-01 00:00:00,58940,279.9
2026-08-01 00:00:00,37310,239.9
2026-08-01 00:00:00,59480,174.93
2026-08-01 00:00:00,59482,174.93
2026-08-01 00:00:00,59481,174.93
2026-08-01 00:00:00,64836,299.0
2026-08-01 00:00:00,51692,279.9
2026-08-01 00:00:00,46092,169.9
2026-08-01 00:00:00,57562,229.9
2026-08-01 00:00:00,63545,599.9
2026-08-01 00:00:00,43546,219.9
2026-08-01 00:00:00,37269,69.9
2026-08-01 00:00:00,43528,59.9
2026-08-01 00:00:00,57975,49.9
2026-08-01 00:00:00,57973,49.9
2026-08-01 00:00:00,38216,549.9
2026-08-01 00:00:00,37322,229.9
2026-08-01 00:00:00,16086,149.9
2026-08-01 00:00:00,38227,299.9
2026-08-01 00:00:00,59062,229.9
2026-08-01 00:00:00,59060,179.9
2026-08-01 00:00:00,59315,74.93
2026-08-01 00:00:00,57889,19.9
2026-08-01 00:00:00,57888,19.9
2026-08-01 00:00:00,53401,14.9
2026-08-01 00:00:00,37311,129.9
2026-08-01 00:00:00,37306,149.9
2026-08-01 00:00:00,57026,199.9
2026-08-01 00:00:00,63244,499.0
2026-08-01 00:00:00,36448,349.0
2026-08-01 00:00:00,20091,99.9
2026-08-01 00:00:00,51938,29.9
2026-08-01 00:00:00,51682,179.9
2026-08-01 00:00:00,56627,299.0
2026-08-01 00:00:00,35975,129.9
2026-08-01 00:00:00,59484,89.9
2026-08-01 00:00:00,59483,89.9
2026-08-01 00:00:00,53424,229.9
2026-08-01 00:00:00,53425,149.9
2026-08-01 00:00:00,54840,89.9
2026-08-01 00:00:00,63902,149.9
2026-08-01 00:00:00,62139,329.9
2026-08-01 00:00:00,62143,249.9
2026-08-01 00:00:00,58997,329.9
2026-08-01 00:00:00,59489,109.9
2026-08-01 00:00:00,59490,109.9
2026-08-01 00:00:00,58871,74.95
2026-08-01 00:00:00,60167,549.9
2026-08-01 00:00:00,59304,99.9
2026-08-01 00:00:00,59305,99.9
2026-08-01 00:00:00,27092,749.9
2026-08-01 00:00:00,36001,849.9
2026-08-01 00:00:00,50311,399.9
2026-08-01 00:00:00,50188,429.0
2026-08-01 00:00:00,39993,549.9
2026-08-01 00:00:00,53418,329.9
2026-08-01 00:00:00,59297,199.9
2026-08-01 00:00:00,37511,179.9
2026-08-01 00:00:00,50383,249.9
2026-08-01 00:00:00,45545,249.9
2026-08-01 00:00:00,45548,249.9
2026-08-01 00:00:00,30319,179.9
2026-08-01 00:00:00,37267,69.9
2026-08-01 00:00:00,30528,69.9
2026-08-01 00:00:00,30527,69.9
2026-08-01 00:00:00,36286,239.9
2026-08-01 00:00:00,36285,239.9
2026-08-01 00:00:00,54919,349.9
2026-08-01 00:00:00,59499,99.9
2026-08-01 00:00:00,45600,249.9
2026-08-01 00:00:00,35971,349.9
2026-08-01 00:00:00,64830,499.9
2026-08-01 00:00:00,64842,499.0
2026-08-01 00:00:00,64839,499.9
2026-08-01 00:00:00,59495,99.9
2026-08-01 00:00:00,57057,159.9
2026-08-01 00:00:00,51688,299.9
2026-08-01 00:00:00,52658,99.9
2026-08-01 00:00:00,54887,99.9
2026-08-01 00:00:00,60412,99.9
2026-08-01 00:00:00,60461,179.9
2026-08-01 00:00:00,52660,179.9
2026-08-01 00:00:00,54911,199.9
2026-08-01 00:00:00,59496,169.9
2026-08-01 00:00:00,57016,249.9
2026-08-01 00:00:00,51698,229.0
2026-08-01 00:00:00,57013,139.9
2026-08-01 00:00:00,59494,69.9
2026-08-01 00:00:00,59497,169.9
2026-08-01 00:00:00,57803,49.9
2026-08-01 00:00:00,52663,229.9
2026-08-01 00:00:00,60467,149.9
2026-08-01 00:00:00,52656,149.9
2026-08-01 00:00:00,52659,199.9
2026-08-01 00:00:00,52661,199.9
2026-08-01 00:00:00,52662,229.9
2026-08-01 00:00:00,62136,299.9
2026-08-01 00:00:00,59061,349.9
2026-08-01 00:00:00,60458,429.9
2026-08-01 00:00:00,60411,199.9
2026-08-01 00:00:00,43221,399.9
2026-08-01 00:00:00,59129,499.9
2026-08-01 00:00:00,27116,239.9
2026-08-01 00:00:00,43222,449.9
2026-08-01 00:00:00,27117,449.9
2026-08-01 00:00:00,36274,279.9
2026-08-01 00:00:00,57049,349.9
2026-08-01 00:00:00,57050,239.9
2026-08-01 00:00:00,57048,1179.0
2026-08-01 00:00:00,43236,699.9
2026-08-01 00:00:00,36365,299.9
2026-08-01 00:00:00,56997,149.9
2026-08-01 00:00:00,50343,399.0
2026-08-01 00:00:00,40118,239.9
2026-08-01 00:00:00,59327,139.93
2026-08-01 00:00:00,45560,132.93
2026-08-01 00:00:00,45550,249.9
2026-08-01 00:00:00,11778,179.9
2026-08-01 00:00:00,20933,29.9
2026-08-01 00:00:00,45675,139.9
2026-08-01 00:00:00,50316,59.9
2026-08-01 00:00:00,50314,59.9
2026-08-01 00:00:00,50315,59.9
2026-08-01 00:00:00,53119,209.9
2026-08-01 00:00:00,35825,119.9
2026-08-01 00:00:00,54899,379.9
2026-08-01 00:00:00,54908,379.9
2026-08-01 00:00:00,54904,379.9
2026-08-01 00:00:00,54196,69.9
2026-08-01 00:00:00,58494,69.9
2026-08-01 00:00:00,58344,149.9
2026-08-01 00:00:00,56996,89.9
2026-08-01 00:00:00,13278,179.9
2026-08-01 00:00:00,57054,279.9
2026-08-01 00:00:00,57052,349.9
2026-08-01 00:00:00,57051,279.9
2026-08-01 00:00:00,57053,549.9
2026-08-01 00:00:00,57055,399.9
2026-08-01 00:00:00,57069,169.9
2026-08-01 00:00:00,11039,139.9
2026-08-01 00:00:00,59201,149.9
2026-08-01 00:00:00,59198,149.9
2026-08-01 00:00:00,59203,149.9
2026-08-01 00:00:00,49782,100.0
2026-08-01 00:00:00,54880,339.9
2026-08-01 00:00:00,52195,159.9
2026-08-01 00:00:00,16873,599.0
2026-08-01 00:00:00,59478,199.9
2026-08-01 00:00:00,59477,199.9
2026-08-01 00:00:00,38446,129.9
2026-08-01 00:00:00,51276,119.9
2026-08-01 00:00:00,63036,249.9
2026-08-01 00:00:00,57898,169.9
2026-08-01 00:00:00,57445,379.9
2026-08-01 00:00:00,57802,29.95
2026-08-01 00:00:00,63536,119.9
2026-08-01 00:00:00,54921,54.9
2026-08-01 00:00:00,51679,199.9
2026-08-01 00:00:00,60166,109.9
2026-08-01 00:00:00,56602,499.9
2026-08-01 00:00:00,59946,299.9
2026-08-01 00:00:00,59535,99.9
2026-08-01 00:00:00,59531,89.9
2026-08-01 00:00:00,59532,89.9
2026-08-01 00:00:00,63974,279.9
2026-08-01 00:00:00,63975,279.9
2026-08-01 00:00:00,54623,299.0
2026-08-01 00:00:00,62312,99.9
2026-08-01 00:00:00,51750,199.9
2026-08-01 00:00:00,62057,59.9
2026-08-01 00:00:00,59316,149.93
2026-08-01 00:00:00,57748,59.9
2026-08-01 00:00:00,58172,26.9
2026-08-01 00:00:00,24403,79.9
2026-08-01 00:00:00,24394,79.9
2026-08-01 00:00:00,23133,169.9
2026-08-01 00:00:00,36346,369.9
2026-08-01 00:00:00,39780,39.9
2026-08-01 00:00:00,39779,39.9
2026-08-01 00:00:00,27069,279.9
2026-08-01 00:00:00,36294,449.9
2026-08-01 00:00:00,43252,119.9
2026-08-01 00:00:00,9243,379.9
2026-08-01 00:00:00,19130,379.9
2026-08-01 00:00:00,43253,159.9
2026-08-01 00:00:00,16357,59.9
2026-08-01 00:00:00,43260,99.9
2026-08-01 00:00:00,50635,349.9
2026-08-01 00:00:00,56713,159.9
2026-08-01 00:00:00,16359,179.9
2026-08-01 00:00:00,52766,199.9
2026-08-01 00:00:00,52767,199.9
2026-08-01 00:00:00,58315,179.9
2026-08-01 00:00:00,58311,139.9
2026-08-01 00:00:00,50351,229.9
2026-08-01 00:00:00,36219,749.0
2026-08-01 00:00:00,50345,399.9
2026-08-01 00:00:00,18025,829.0
2026-08-01 00:00:00,50379,89.9
2026-08-01 00:00:00,51578,429.9
2026-08-01 00:00:00,50550,349.9
2026-08-01 00:00:00,50350,229.9
2026-08-01 00:00:00,42409,34.9
2026-08-01 00:00:00,57833,19.5
2026-08-01 00:00:00,24401,9.9
2026-08-01 00:00:00,24392,9.9
2026-08-01 00:00:00,49468,159.9
2026-08-01 00:00:00,33509,449.9
2026-08-01 00:00:00,49731,79.9
2026-08-01 00:00:00,63134,249.9
2026-08-01 00:00:00,57028,249.9
2026-08-01 00:00:00,31829,329.9
2026-08-01 00:00:00,31821,329.9
2026-08-01 00:00:00,53404,189.9
2026-08-01 00:00:00,50834,133.9
2026-08-01 00:00:00,58329,199.9
2026-08-01 00:00:00,35968,999.0
2026-08-01 00:00:00,62148,239.9
2026-08-01 00:00:00,47282,109.9
2026-08-01 00:00:00,47283,69.9
2026-08-01 00:00:00,15434,199.9
2026-08-01 00:00:00,16850,79.9
2026-08-01 00:00:00,53995,219.9
2026-08-01 00:00:00,51709,179.9
2026-08-01 00:00:00,51710,179.9
2026-08-01 00:00:00,45568,90.93
2026-08-01 00:00:00,28526,149.5
2026-08-01 00:00:00,64847,889.9
2026-08-01 00:00:00,24484,12.9
2026-08-01 00:00:00,24398,12.9
2026-08-01 00:00:00,60482,49.9
2026-08-01 00:00:00,54924,49.9
2026-08-01 00:00:00,54893,49.9
2026-08-01 00:00:00,54894,49.9
2026-08-01 00:00:00,60478,49.9
2026-08-01 00:00:00,38226,49.9
2026-08-01 00:00:00,38221,49.9
2026-08-01 00:00:00,38222,49.9
2026-08-01 00:00:00,38224,49.9
2026-08-01 00:00:00,52750,189.9
2026-08-01 00:00:00,63973,199.9
2026-08-01 00:00:00,105,169.9
2026-08-01 00:00:00,52740,159.9
2026-08-01 00:00:00,59093,199.9
2026-08-01 00:00:00,58943,119.9
2026-08-01 00:00:00,59065,119.9
2026-08-01 00:00:00,648,94.9
2026-08-01 00:00:00,59064,159.9
2026-08-01 00:00:00,53429,169.9
2026-08-01 00:00:00,59082,259.9
2026-08-01 00:00:00,11044,399.9
2026-08-01 00:00:00,52431,139.9
2026-08-01 00:00:00,645,159.9
2026-08-01 00:00:00,58357,189.9
2026-08-01 00:00:00,30355,189.9
2026-08-01 00:00:00,14032,89.9
2026-08-01 00:00:00,15253,159.9
2026-08-01 00:00:00,58242,99.9
2026-08-01 00:00:00,13411,139.9
2026-08-01 00:00:00,59523,104.93
2026-08-01 00:00:00,52737,159.9
2026-08-01 00:00:00,52759,199.9
2026-08-01 00:00:00,52817,299.9
2026-08-01 00:00:00,58313,159.9
2026-08-01 00:00:00,53281,199.9
2026-08-01 00:00:00,52747,189.9
2026-08-01 00:00:00,52420,149.9
2026-08-01 00:00:00,52791,299.9
2026-08-01 00:00:00,58342,299.9
2026-08-01 00:00:00,58324,299.9
2026-08-01 00:00:00,52779,299.9
2026-08-01 00:00:00,59517,139.93
2026-08-01 00:00:00,30356,189.9
2026-08-01 00:00:00,52799,299.9
2026-08-01 00:00:00,62091,119.9
2026-08-01 00:00:00,13396,149.9
2026-08-01 00:00:00,52746,179.9
2026-08-01 00:00:00,53257,189.9
2026-08-01 00:00:00,58352,299.9
2026-08-01 00:00:00,52796,299.9
2026-08-01 00:00:00,52797,299.9
2026-08-01 00:00:00,52809,349.9
2026-08-01 00:00:00,15259,189.9
2026-08-01 00:00:00,58326,199.9
2026-08-01 00:00:00,58253,299.9
2026-08-01 00:00:00,52424,159.9
2026-08-01 00:00:00,58244,179.9
2026-08-01 00:00:00,52920,189.9
2026-08-01 00:00:00,30212,139.9
2026-08-01 00:00:00,58360,179.9
2026-08-01 00:00:00,58340,299.9
2026-08-01 00:00:00,59089,149.9
2026-08-01 00:00:00,15264,189.9
2026-08-01 00:00:00,52810,349.9
2026-08-01 00:00:00,15251,649.9
2026-08-01 00:00:00,13398,159.9
2026-08-01 00:00:00,13274,54.9
2026-08-01 00:00:00,30194,149.9
2026-08-01 00:00:00,58321,299.9
2026-08-01 00:00:00,52813,529.9
2026-08-01 00:00:00,52783,299.9
2026-08-01 00:00:00,52787,299.9
2026-08-01 00:00:00,52800,299.9
2026-08-01 00:00:00,52801,349.9
2026-08-01 00:00:00,58255,299.9
2026-08-01 00:00:00,52795,299.9
2026-08-01 00:00:00,53494,189.9
2026-08-01 00:00:00,52802,349.9
2026-08-01 00:00:00,13420,99.9
2026-08-01 00:00:00,58331,299.9
2026-08-01 00:00:00,58358,189.9
2026-08-01 00:00:00,52792,299.9
2026-08-01 00:00:00,30219,199.9
2026-08-01 00:00:00,58353,199.9
2026-08-01 00:00:00,30340,179.9
2026-08-01 00:00:00,53638,479.9
2026-08-01 00:00:00,52780,299.9
2026-08-01 00:00:00,25048,179.9
2026-08-01 00:00:00,52782,299.9
2026-08-01 00:00:00,58322,299.9
2026-08-01 00:00:00,52805,349.9
2026-08-01 00:00:00,13609,89.9
2026-08-01 00:00:00,30199,99.9
2026-08-01 00:00:00,58312,179.9
2026-08-01 00:00:00,58354,159.9
2026-08-01 00:00:00,58336,299.9
2026-08-01 00:00:00,52794,299.9
2026-08-01 00:00:00,21222,159.9
2026-08-01 00:00:00,52770,199.9
2026-08-01 00:00:00,15260,189.9
2026-08-01 00:00:00,30338,189.9
2026-08-01 00:00:00,58320,299.9
2026-08-01 00:00:00,58323,299.9
2026-08-01 00:00:00,52749,189.9
2026-08-01 00:00:00,58317,199.9
2026-08-01 00:00:00,16004,189.9
2026-08-01 00:00:00,30200,149.9
2026-08-01 00:00:00,58243,139.9
2026-08-01 00:00:00,58252,199.9
2026-08-01 00:00:00,30218,699.9
2026-08-01 00:00:00,52798,299.9
2026-08-01 00:00:00,15262,189.9
2026-08-01 00:00:00,52739,159.9
2026-08-01 00:00:00,52803,349.9
2026-08-01 00:00:00,58325,299.9
2026-08-01 00:00:00,30224,139.9
2026-08-01 00:00:00,15261,189.9
2026-08-01 00:00:00,58359,99.9
2026-08-01 00:00:00,62137,249.9
2026-08-01 00:00:00,54469,249.9
2026-08-01 00:00:00,58493,89.9
2026-08-01 00:00:00,50388,499.9
2026-08-01 00:00:00,57814,29.9
2026-08-01 00:00:00,57807,29.9
2026-08-01 00:00:00,57810,29.9
2026-08-01 00:00:00,57991,549.9
2026-08-01 00:00:00,33849,149.9
2026-08-01 00:00:00,49544,349.9
2026-08-01 00:00:00,36629,169.9
2026-08-01 00:00:00,36148,169.9
2026-08-01 00:00:00,52668,199.9
2026-08-01 00:00:00,52671,69.9
2026-08-01 00:00:00,52664,59.9
2026-08-01 00:00:00,53377,59.9
2026-08-01 00:00:00,45614,49.9
2026-08-01 00:00:00,53381,79.9
2026-08-01 00:00:00,49597,239.9
2026-08-01 00:00:00,59502,39.9
2026-08-01 00:00:00,59500,39.9
2026-08-01 00:00:00,54890,189.9
2026-08-01 00:00:00,62937,59.9
2026-08-01 00:00:00,53417,119.9
2026-08-01 00:00:00,45611,49.9
2026-08-01 00:00:00,59300,49.9
2026-08-01 00:00:00,45696,118.93
2026-08-01 00:00:00,59301,69.9
2026-08-01 00:00:00,59312,67.43
2026-08-01 00:00:00,59505,149.9
2026-08-01 00:00:00,62938,109.9
2026-08-01 00:00:00,43550,229.9
2026-08-01 00:00:00,28297,119.9
2026-08-01 00:00:00,28298,119.9
2026-08-01 00:00:00,60053,79.9
2026-08-01 00:00:00,60055,69.9
2026-08-01 00:00:00,60049,79.9
2026-08-01 00:00:00,59290,129.9
2026-08-01 00:00:00,45582,104.93
2026-08-01 00:00:00,60477,159.9
2026-08-01 00:00:00,60474,329.9
2026-08-01 00:00:00,45595,169.9
2026-08-01 00:00:00,45598,199.9
2026-08-01 00:00:00,45601,199.9
2026-08-01 00:00:00,58925,35.94
2026-08-01 00:00:00,58926,35.94
2026-08-01 00:00:00,64835,199.9
2026-08-01 00:00:00,59317,149.93
2026-08-01 00:00:00,49540,159.9
2026-08-01 00:00:00,59514,199.9
2026-08-01 00:00:00,53420,329.9
2026-08-01 00:00:00,45662,99.9
2026-08-01 00:00:00,60415,119.9
2026-08-01 00:00:00,52669,149.9
2026-08-01 00:00:00,45663,99.9
2026-08-01 00:00:00,49530,49.9
2026-08-01 00:00:00,46277,49.9
2026-08-01 00:00:00,49529,49.9
2026-08-01 00:00:00,49532,49.9
2026-08-01 00:00:00,62939,39.9
2026-08-01 00:00:00,59498,99.9
2026-08-01 00:00:00,43967,209.9
2026-08-01 00:00:00,45539,79.9
2026-08-01 00:00:00,45537,79.9
2026-08-01 00:00:00,49192,299.9
2026-08-01 00:00:00,57037,399.9
2026-08-01 00:00:00,57038,429.9
2026-08-01 00:00:00,49807,359.9
2026-08-01 00:00:00,36383,299.9
2026-08-01 00:00:00,49051,199.9
2026-08-01 00:00:00,57041,399.9
2026-08-01 00:00:00,9219,113.0
2026-08-01 00:00:00,50353,289.0
2026-08-01 00:00:00,58004,100.0
2026-08-01 00:00:00,14194,549.9
2026-08-01 00:00:00,63188,149.9
2026-08-01 00:00:00,58865,199.9
2026-08-01 00:00:00,59488,149.9
2026-08-01 00:00:00,30390,699.9
2026-08-01 00:00:00,42051,399.9
2026-08-01 00:00:00,33929,329.9
2026-08-01 00:00:00,53631,21.9
2026-08-01 00:00:00,53232,169.9
2026-08-01 00:00:00,25062,99.9
2026-08-01 00:00:00,27029,289.9
2026-08-01 00:00:00,32678,119.9
2026-08-01 00:00:00,60470,239.9
2026-08-01 00:00:00,51366,209.9
2026-08-01 00:00:00,45589,69.93
2026-08-01 00:00:00,59487,59.9
2026-08-01 00:00:00,8837,109.9
2026-08-01 00:00:00,8839,129.9
2026-08-01 00:00:00,8917,129.9
2026-08-01 00:00:00,8866,129.9
2026-08-01 00:00:00,8827,129.9
2026-08-01 00:00:00,58033,97.0
2026-08-01 00:00:00,56088,129.9
2026-08-01 00:00:00,54903,299.9
2026-08-01 00:00:00,54907,239.9
2026-08-01 00:00:00,54885,89.9
2026-08-01 00:00:00,60479,119.9
2026-08-01 00:00:00,54900,179.9
2026-08-01 00:00:00,54925,99.9
2026-08-01 00:00:00,60471,249.9
2026-08-01 00:00:00,53237,199.9
2026-08-01 00:00:00,53236,199.9
2026-08-01 00:00:00,53235,199.9
2026-08-01 00:00:00,53113,199.9
2026-08-01 00:00:00,56190,279.9
2026-08-01 00:00:00,45543,119.9
2026-08-01 00:00:00,40370,169.9
2026-08-01 00:00:00,15162,149.9
2026-08-01 00:00:00,59510,99.9
2026-08-01 00:00:00,37323,329.9
2026-08-01 00:00:00,34118,49.9
2026-08-01 00:00:00,45698,118.93
2026-08-01 00:00:00,56610,399.0
2026-08-01 00:00:00,58339,149.9
2026-08-01 00:00:00,54882,69.9
2026-08-01 00:00:00,49188,699.9
2026-08-01 00:00:00,52741,159.9
2026-08-01 00:00:00,51277,379.9
2026-08-01 00:00:00,59536,99.9
2026-08-01 00:00:00,38214,199.9
2026-08-01 00:00:00,53421,89.9
2026-08-01 00:00:00,53389,119.92
2026-08-01 00:00:00,63177,249.9
2026-08-01 00:00:00,58351,199.9
2026-08-01 00:00:00,33880,189.9
2026-08-01 00:00:00,45562,104.93
2026-08-01 00:00:00,35806,100.0
2026-08-01 00:00:00,51685,59.9
2026-08-01 00:00:00,51787,299.9
2026-08-01 00:00:00,50389,249.9
2026-08-01 00:00:00,58498,199.9
2026-08-01 00:00:00,55727,319.9
2026-08-01 00:00:00,53311,249.9
2026-08-01 00:00:00,50385,1499.0
2026-08-01 00:00:00,50391,249.9
2026-08-01 00:00:00,50382,999.0
2026-08-01 00:00:00,58257,199.9
2026-08-01 00:00:00,50180,229.9
2026-08-01 00:00:00,50384,249.9
2026-08-01 00:00:00,49781,50.0
2026-08-01 00:00:00,55717,179.9
2026-08-01 00:00:00,50386,499.9
2026-08-01 00:00:00,50387,499.9
2026-08-01 00:00:00,60054,139.9
2026-08-01 00:00:00,53571,19.9
2026-08-01 00:00:00,32457,15.9
2026-08-01 00:00:00,41699,8.9
2026-08-01 00:00:00,59739,869.95
2026-08-01 00:00:00,59748,1369.05
2026-08-01 00:00:00,61941,1434.05
2026-08-01 00:00:00,32272,1799.9
2026-08-01 00:00:00,62449,34.9
2026-08-01 00:00:00,38142,599.9
2026-08-01 00:00:00,46040,679.9
2026-08-01 00:00:00,46069,699.9
2026-08-01 00:00:00,46677,789.95
2026-08-01 00:00:00,59753,1609.05
2026-08-01 00:00:00,63863,399.0
2026-08-01 00:00:00,40777,62.9
2026-08-01 00:00:00,44921,2349.05
2026-08-01 00:00:00,16671,2.73
2026-08-01 00:00:00,64885,2499.0
2026-08-01 00:00:00,64602,1999.0
2026-08-01 00:00:00,64850,8499.0
2026-08-01 00:00:00,64469,27999.0
2026-08-01 00:00:00,64599,2999.0
2026-08-01 00:00:00,64605,5999.0
2026-08-01 00:00:00,59930,6499.0
2026-08-01 00:00:00,16049,36.9
2026-08-01 00:00:00,16048,33.9
2026-08-01 00:00:00,62202,1699.05
2026-08-01 00:00:00,45065,189.9
2026-08-01 00:00:00,60551,79.9
2026-08-01 00:00:00,46077,169.92
2026-08-01 00:00:00,46072,203.92
2026-08-01 00:00:00,56760,127.42
2026-08-01 00:00:00,13737,127.42
2026-08-01 00:00:00,13738,127.42
2026-08-01 00:00:00,15381,152.92
2026-08-01 00:00:00,15375,152.92
2026-08-01 00:00:00,15378,152.92
2026-08-01 00:00:00,56758,246.41
2026-08-01 00:00:00,13740,246.41
2026-08-01 00:00:00,15376,246.41
2026-08-01 00:00:00,60399,444.9
2026-08-01 00:00:00,59749,904.95
2026-08-01 00:00:00,29880,306.9
2026-08-01 00:00:00,46674,278.41
2026-08-01 00:00:00,60403,390.41
2026-08-01 00:00:00,64261,1499.0
2026-08-01 00:00:00,45085,169.9
2026-08-01 00:00:00,1073,110.42
2026-08-01 00:00:00,60540,20.0
2026-08-01 00:00:00,29850,1249.0
2026-08-01 00:00:00,51138,33.9
2026-08-01 00:00:00,16057,89.9
2026-08-01 00:00:00,16056,74.9
2026-08-01 00:00:00,16058,74.9
2026-08-01 00:00:00,16064,34.9
2026-08-01 00:00:00,16063,149.9
2026-08-01 00:00:00,16065,49.9
2026-08-01 00:00:00,15999,49.9
2026-08-01 00:00:00,26337,49.9
2026-08-01 00:00:00,10855,69.9
2026-08-01 00:00:00,26338,69.9
2026-08-01 00:00:00,10856,89.9
2026-08-01 00:00:00,10857,139.9
2026-08-01 00:00:00,16000,29.9
2026-08-01 00:00:00,26336,29.9
2026-08-01 00:00:00,10858,60.9
2026-08-01 00:00:00,35643,989.9
2026-08-01 00:00:00,61997,1499.0
2026-08-01 00:00:00,44953,3499.0
2026-08-01 00:00:00,64604,2999.0
2026-08-01 00:00:00,64601,10749.0
2026-08-01 00:00:00,64598,6999.0
2026-08-01 00:00:00,64603,9499.0
2026-08-01 00:00:00,64851,10999.0
2026-08-01 00:00:00,64472,22499.0
2026-08-01 00:00:00,64546,3499.0
2026-08-01 00:00:00,64543,3499.0
2026-08-01 00:00:00,64483,2499.0
2026-08-01 00:00:00,29459,99.9
2026-08-01 00:00:00,29461,99.9
2026-08-01 00:00:00,56759,186.92
2026-08-01 00:00:00,64600,22499.0
2026-08-01 00:00:00,64471,27999.0
2026-08-01 00:00:00,58727,187.43
2026-08-01 00:00:00,58726,187.43
2026-08-01 00:00:00,46140,64.9
2026-08-01 00:00:00,46130,159.9
2026-08-01 00:00:00,46139,59.9
2026-08-01 00:00:00,46138,69.9
2026-08-01 00:00:00,46135,129.9
2026-08-01 00:00:00,46043,139.9
2026-08-01 00:00:00,46083,119.9
2026-08-01 00:00:00,46121,129.9
2026-08-01 00:00:00,48548,999.9
2026-08-01 00:00:00,64608,499.9
2026-08-01 00:00:00,44037,379.9
2026-08-01 00:00:00,48571,299.9
2026-08-01 00:00:00,58202,259.9
2026-08-01 00:00:00,58201,259.9
2026-08-01 00:00:00,64686,5499.0
2026-08-01 00:00:00,64688,6999.0
2026-08-01 00:00:00,64685,6499.0
2026-08-01 00:00:00,63770,1879.0
2026-08-01 00:00:00,63769,1879.0
2026-08-01 00:00:00,44956,729.9
2026-08-01 00:00:00,47675,729.9
2026-08-01 00:00:00,44963,729.9
2026-08-01 00:00:00,44958,729.9
2026-08-01 00:00:00,60493,1699.0
2026-08-01 00:00:00,19807,1899.0
2026-08-01 00:00:00,59730,454.9
2026-08-01 00:00:00,44919,1219.05
2026-08-01 00:00:00,60503,849.9
2026-08-01 00:00:00,59734,1049.05
2026-08-01 00:00:00,59744,1684.05
2026-08-01 00:00:00,59738,774.95
2026-08-01 00:00:00,59587,599.9
2026-08-01 00:00:00,64684,3499.0
2026-08-01 00:00:00,64682,6499.0
2026-08-01 00:00:00,64683,10999.0
2026-08-01 00:00:00,63373,4999.0
2026-08-01 00:00:00,64691,13499.0
2026-08-01 00:00:00,64681,16749.0
2026-08-01 00:00:00,45630,421.41
2026-08-01 00:00:00,60496,329.9
2026-08-01 00:00:00,60502,329.9
2026-08-01 00:00:00,61974,308.41
2026-08-01 00:00:00,47899,302.41
2026-08-01 00:00:00,60499,376.41
2026-08-01 00:00:00,40006,464.9
2026-08-01 00:00:00,61987,262.41
2026-08-01 00:00:00,60164,7999.0
2026-08-01 00:00:00,58200,429.9
2026-08-01 00:00:00,59812,599.9
2026-08-01 00:00:00,59814,1149.0
2026-08-01 00:00:00,57663,249.9
2026-08-01 00:00:00,40789,599.9
2026-08-01 00:00:00,57665,499.9
2026-08-01 00:00:00,64547,2499.0
2026-08-01 00:00:00,60492,1699.0
2026-08-01 00:00:00,16062,29.9
2026-08-01 00:00:00,16059,14.9
2026-08-01 00:00:00,16060,24.9
2026-08-01 00:00:00,16061,19.9
2026-08-01 00:00:00,2631,1599.0
2026-08-01 00:00:00,29451,899.9
2026-08-01 00:00:00,29454,1119.0
2026-08-01 00:00:00,13331,419.9
2026-08-01 00:00:00,63249,22.6
2026-08-01 00:00:00,63247,32.3
2026-08-01 00:00:00,60593,89.9
2026-08-01 00:00:00,60516,924.9
2026-08-01 00:00:00,11924,949.9
2026-08-01 00:00:00,47895,814.95
2026-08-01 00:00:00,47897,814.95
2026-08-01 00:00:00,45068,99.9
2026-08-01 00:00:00,19784,119.9
2026-08-01 00:00:00,19785,119.9
2026-08-01 00:00:00,19786,119.9
2026-08-01 00:00:00,19782,119.9
2026-08-01 00:00:00,3599,89.9
2026-08-01 00:00:00,3598,89.9
2026-08-01 00:00:00,46039,29.9
2026-08-01 00:00:00,64692,3799.0
2026-08-01 00:00:00,63375,1799.0
2026-08-01 00:00:00,61960,849.9
2026-08-01 00:00:00,916,799.9
2026-08-01 00:00:00,13318,69.9
2026-08-01 00:00:00,13317,69.9
2026-08-01 00:00:00,13315,109.9
2026-08-01 00:00:00,13312,169.9
2026-08-01 00:00:00,13320,139.9
2026-08-01 00:00:00,13330,59.9
2026-08-01 00:00:00,13333,99.9
2026-08-01 00:00:00,48427,1569.15
2026-08-01 00:00:00,44920,999.9
2026-08-01 00:00:00,39986,999.9
2026-08-01 00:00:00,59757,674.95
2026-08-01 00:00:00,59732,739.95
2026-08-01 00:00:00,59751,651.95
2026-08-01 00:00:00,59733,722.45
2026-08-01 00:00:00,59756,724.95
2026-08-01 00:00:00,59729,864.95
2026-08-01 00:00:00,60501,923.41
2026-08-01 00:00:00,60500,829.9
2026-08-01 00:00:00,60497,994.0
2026-08-01 00:00:00,64112,799.9
2026-08-01 00:00:00,59755,834.95
2026-08-01 00:00:00,60494,899.9
2026-08-01 00:00:00,63154,239.9
2026-08-01 00:00:00,63258,29.9
2026-08-01 00:00:00,63259,39.9
2026-08-01 00:00:00,63245,14.9
2026-08-01 00:00:00,16268,114.9
2026-08-01 00:00:00,15540,99.9
2026-08-01 00:00:00,4225,140.17
2026-08-01 00:00:00,4218,140.17
2026-08-01 00:00:00,4222,80.67
2026-08-01 00:00:00,4220,97.67
2026-08-01 00:00:00,4221,127.42
2026-08-01 00:00:00,4215,89.17
2026-08-01 00:00:00,4217,110.42
2026-08-01 00:00:00,4226,80.67
2026-08-01 00:00:00,4219,97.67
2026-08-01 00:00:00,4229,127.42
2026-08-01 00:00:00,4213,89.17
2026-08-01 00:00:00,4234,110.42
2026-08-01 00:00:00,4263,89.17
2026-08-01 00:00:00,4266,89.17
2026-08-01 00:00:00,4264,110.42
2026-08-01 00:00:00,4265,118.92
2026-08-01 00:00:00,11168,118.92
2026-08-01 00:00:00,29456,99.9
2026-08-01 00:00:00,11484,110.42
2026-08-01 00:00:00,15380,76.42
2026-08-01 00:00:00,4242,67.92
2026-08-01 00:00:00,4239,55.17
2026-08-01 00:00:00,4223,55.17
2026-08-01 00:00:00,4248,118.92
2026-08-01 00:00:00,4243,118.92
2026-08-01 00:00:00,4235,67.92
2026-08-01 00:00:00,4251,67.92
2026-08-01 00:00:00,4247,127.42
2026-08-01 00:00:00,4268,144.42
2026-08-01 00:00:00,4224,76.42
2026-08-01 00:00:00,4237,76.42
2026-08-01 00:00:00,4272,135.92
2026-08-01 00:00:00,13732,127.42
2026-08-01 00:00:00,13735,127.42
2026-08-01 00:00:00,13736,135.92
2026-08-01 00:00:00,13730,135.92
2026-08-01 00:00:00,13731,101.92
2026-08-01 00:00:00,13728,101.92
2026-08-01 00:00:00,13729,127.42
2026-08-01 00:00:00,56644,199.9
2026-08-01 00:00:00,33594,84.92
2026-08-01 00:00:00,33600,84.92
2026-08-01 00:00:00,33602,84.92
2026-08-01 00:00:00,33606,84.92
2026-08-01 00:00:00,33598,84.92
2026-08-01 00:00:00,33604,84.92
2026-08-01 00:00:00,33595,101.92
2026-08-01 00:00:00,33601,101.92
2026-08-01 00:00:00,33603,101.92
2026-08-01 00:00:00,33607,101.92
2026-08-01 00:00:00,33605,101.92
2026-08-01 00:00:00,56762,59.42
2026-08-01 00:00:00,56761,76.42
2026-08-01 00:00:00,4257,76.42
2026-08-01 00:00:00,4256,101.92
2026-08-01 00:00:00,4249,135.92
2026-08-01 00:00:00,33475,144.42
2026-08-01 00:00:00,25956,144.42
2026-08-01 00:00:00,25957,169.92
2026-08-01 00:00:00,25959,169.92
2026-08-01 00:00:00,1072,339.91
2026-08-01 00:00:00,11163,339.91
2026-08-01 00:00:00,11173,339.91
2026-08-01 00:00:00,11171,339.91
2026-08-01 00:00:00,199,382.41
2026-08-01 00:00:00,1074,382.41
2026-08-01 00:00:00,4228,280.41
2026-08-01 00:00:00,11178,280.41
2026-08-01 00:00:00,11169,280.41
2026-08-01 00:00:00,11177,280.41
2026-08-01 00:00:00,4230,339.91
2026-08-01 00:00:00,4254,339.91
2026-08-01 00:00:00,4258,382.41
2026-08-01 00:00:00,4250,339.91
2026-08-01 00:00:00,4273,144.42
2026-08-01 00:00:00,4262,106.17
2026-08-01 00:00:00,4261,106.17
2026-08-01 00:00:00,4270,127.42
2026-08-01 00:00:00,4267,144.42
2026-08-01 00:00:00,25955,93.42
2026-08-01 00:00:00,4244,127.42
2026-08-01 00:00:00,4255,382.41
2026-08-01 00:00:00,13743,305.91
2026-08-01 00:00:00,33474,169.92
2026-08-01 00:00:00,25958,169.92
2026-08-01 00:00:00,16492,212.42
2026-08-01 00:00:00,16493,212.42
2026-08-01 00:00:00,25387,899.9
2026-08-01 00:00:00,64607,1299.0
2026-08-01 00:00:00,47674,1299.0
2026-08-01 00:00:00,62888,1329.0
2026-08-01 00:00:00,59583,899.9
2026-08-01 00:00:00,47676,1299.0
2026-08-01 00:00:00,16267,69.9
2026-08-01 00:00:00,44933,172.9
2026-08-01 00:00:00,44934,172.9
2026-08-01 00:00:00,44935,172.9
2026-08-01 00:00:00,29892,649.9
2026-08-01 00:00:00,61980,649.9
2026-08-01 00:00:00,46128,1295.0
2026-08-01 00:00:00,46122,1295.0
2026-08-01 00:00:00,46113,1295.0
2026-08-01 00:00:00,46037,1295.0
2026-08-01 00:00:00,46036,1295.0
2026-08-01 00:00:00,46038,1295.0
2026-08-01 00:00:00,32461,24.9
2026-08-01 00:00:00,64487,3999.0
2026-08-01 00:00:00,64481,2499.0
2026-08-01 00:00:00,64488,3999.0
2026-08-01 00:00:00,64479,3149.0
2026-08-01 00:00:00,64485,2799.0
2026-08-01 00:00:00,61710,999.9
2026-08-01 00:00:00,45344,499.9
2026-08-01 00:00:00,61904,299.0
2026-08-01 00:00:00,19010,249.9
2026-08-01 00:00:00,63773,2099.0
2026-08-01 00:00:00,62000,649.0
2026-08-01 00:00:00,62002,649.0
2026-08-01 00:00:00,64482,1749.0
2026-08-01 00:00:00,64484,989.9
2026-08-01 00:00:00,64486,1749.0
2026-08-01 00:00:00,61995,649.0
2026-08-01 00:00:00,59581,479.9
2026-08-01 00:00:00,62019,1499.0
2026-08-01 00:00:00,63768,1499.0
2026-08-01 00:00:00,62017,1499.0
2026-08-01 00:00:00,62018,1499.0
2026-08-01 00:00:00,61996,269.0
2026-08-01 00:00:00,64696,1849.0
2026-08-01 00:00:00,64693,1849.0
2026-08-01 00:00:00,64480,789.0
2026-08-01 00:00:00,48303,449.9
2026-08-01 00:00:00,46912,499.9
2026-08-01 00:00:00,64694,1299.0
2026-08-01 00:00:00,64545,549.9
2026-08-01 00:00:00,64544,549.9
2026-08-01 00:00:00,40091,499.9
2026-08-01 00:00:00,40092,499.9
2026-08-01 00:00:00,40093,379.9
2026-08-01 00:00:00,64695,1299.0
2026-08-01 00:00:00,64470,2299.0
2026-08-01 00:00:00,42824,989.9
2026-08-01 00:00:00,61707,599.9
2026-08-01 00:00:00,60994,429.9
2026-08-01 00:00:00,48549,279.9
2026-08-01 00:00:00,46320,949.9
2026-08-01 00:00:00,64260,1699.0
2026-08-01 00:00:00,44032,129.9
2026-08-01 00:00:00,62001,599.0
2026-08-01 00:00:00,62003,499.0
2026-08-01 00:00:00,60307,649.9
2026-08-01 00:00:00,61956,699.9
2026-08-01 00:00:00,40792,249.9
2026-08-01 00:00:00,12842,649.9
2026-08-01 00:00:00,29849,259.9
2026-08-01 00:00:00,59586,249.9
2026-08-01 00:00:00,19012,129.9
2026-08-01 00:00:00,61907,1799.0
2026-08-01 00:00:00,61906,1799.0
2026-08-01 00:00:00,61908,1799.0
2026-08-01 00:00:00,61909,1799.0
2026-08-01 00:00:00,60303,5499.0
2026-08-01 00:00:00,60301,3999.0
2026-08-01 00:00:00,47678,3999.0
2026-08-01 00:00:00,61957,10999.0
2026-08-01 00:00:00,48600,1099.0
2026-08-01 00:00:00,45338,1299.0
2026-08-01 00:00:00,45340,1199.0
2026-08-01 00:00:00,45339,1199.0
2026-08-01 00:00:00,45341,1199.0
2026-08-01 00:00:00,16040,11.9
2026-08-01 00:00:00,16041,13.9
2026-08-01 00:00:00,16042,15.9
2026-08-01 00:00:00,26328,15.9
2026-08-01 00:00:00,16043,18.9
2026-08-01 00:00:00,26329,18.9
2026-08-01 00:00:00,16044,21.9
2026-08-01 00:00:00,26330,21.9
2026-08-01 00:00:00,16045,24.9
2026-08-01 00:00:00,26331,24.9
2026-08-01 00:00:00,16047,34.9
2026-08-01 00:00:00,10849,49.9
2026-08-01 00:00:00,16051,24.9
2026-08-01 00:00:00,16052,29.9
2026-08-01 00:00:00,16053,34.9
2026-08-01 00:00:00,26333,34.9
2026-08-01 00:00:00,16054,39.9
2026-08-01 00:00:00,16055,44.9
2026-08-01 00:00:00,26334,44.9
2026-08-01 00:00:00,10850,54.9
2026-08-01 00:00:00,4298,21.16
2026-08-01 00:00:00,4297,25.41
2026-08-01 00:00:00,4299,33.91
2026-08-01 00:00:00,4296,38.16
2026-08-01 00:00:00,4289,21.16
2026-08-01 00:00:00,4280,50.91
2026-08-01 00:00:00,4286,50.91
2026-08-01 00:00:00,4302,42.41
2026-08-01 00:00:00,4305,29.66
2026-08-01 00:00:00,4300,29.66
2026-08-01 00:00:00,22546,29.66
2026-08-01 00:00:00,16489,29.66
2026-08-01 00:00:00,16490,29.66
2026-08-01 00:00:00,16491,29.66
2026-08-01 00:00:00,22545,29.66
2026-08-01 00:00:00,16669,16.03
2026-08-01 00:00:00,16670,4.83
2026-08-01 00:00:00,41696,25.41
2026-08-01 00:00:00,16672,16.03
2026-08-01 00:00:00,11483,144.42
2026-08-01 00:00:00,4283,12.67
2026-08-01 00:00:00,4281,16.91
2026-08-01 00:00:00,4279,21.16
2026-08-01 00:00:00,4275,33.91
2026-08-01 00:00:00,4277,46.66
2026-08-01 00:00:00,4287,12.67
2026-08-01 00:00:00,4276,16.91
2026-08-01 00:00:00,4290,21.16
2026-08-01 00:00:00,4274,46.66
2026-08-01 00:00:00,4294,55.17
2026-08-01 00:00:00,11482,25.41
2026-08-01 00:00:00,4285,33.91
2026-08-01 00:00:00,4303,42.41
2026-08-01 00:00:00,4292,29.66
2026-08-01 00:00:00,10852,99.9
2026-08-01 00:00:00,10853,129.9
2026-08-01 00:00:00,10854,149.9
2026-08-01 00:00:00,46044,21.5
2026-08-01 00:00:00,10851,89.9
2026-08-01 00:00:00,26335,29.9
2026-08-01 00:00:00,48494,20.9
2026-08-01 00:00:00,15369,42.41
2026-08-01 00:00:00,15370,42.41
2026-08-01 00:00:00,16066,149.9
2026-08-01 00:00:00,41697,69.9
2026-08-01 00:00:00,896,1399.0
2026-08-01 00:00:00,16001,299.9
2026-08-01 00:00:00,40793,129.9
2026-08-01 00:00:00,61720,399.9
2026-08-01 00:00:00,61721,399.9
2026-08-01 00:00:00,38247,649.9
2026-08-01 00:00:00,38251,649.9
2026-08-01 00:00:00,63253,32.5
2026-08-01 00:00:00,16067,72.9
2026-08-01 00:00:00,16050,42.9
2026-08-01 00:00:00,59168,354.9
2026-08-01 00:00:00,47890,302.41
2026-08-01 00:00:00,39987,2009.05
2026-08-01 00:00:00,2636,449.9
2026-08-01 00:00:00,2635,199.9
2026-08-01 00:00:00,48561,8499.0
2026-08-01 00:00:00,48568,12999.0
2026-08-01 00:00:00,48504,699.9
2026-08-01 00:00:00,48635,969.9
2026-08-01 00:00:00,44869,0.0
2026-08-01 00:00:00,26419,25.9
2026-08-01 00:00:00,26379,24.9
2026-08-01 00:00:00,55585,199.9
2026-08-01 00:00:00,26373,44.9
2026-08-01 00:00:00,26370,24.9
2026-08-01 00:00:00,26380,23.9
2026-08-01 00:00:00,26355,21.9
2026-08-01 00:00:00,26389,15.95
2026-08-01 00:00:00,25364,29.0
2026-08-01 00:00:00,25365,29.0
2026-08-01 00:00:00,57854,14.9
2026-08-01 00:00:00,53684,12.9
2026-08-01 00:00:00,32918,99.9
2026-08-01 00:00:00,53134,299.9
2026-08-01 00:00:00,16661,14.9
2026-08-01 00:00:00,16659,22.6
2026-08-01 00:00:00,16660,22.6
2026-08-01 00:00:00,1372,505.0
2026-08-01 00:00:00,25346,349.0
2026-08-01 00:00:00,28729,359.9
2026-08-01 00:00:00,51383,78.0
2026-08-01 00:00:00,25350,59.0
2026-08-01 00:00:00,55309,35.0
2026-08-01 00:00:00,44725,39.9
2026-08-01 00:00:00,22282,17.9
2026-08-01 00:00:00,55311,13.8
2026-08-01 00:00:00,26412,14.9
2026-08-01 00:00:00,53667,12.9
2026-08-01 00:00:00,24571,1.64
2026-08-01 00:00:00,57858,234.9
2026-08-01 00:00:00,25362,29.9
2026-08-01 00:00:00,25363,29.0
2026-08-01 00:00:00,59054,59.9
2026-08-01 00:00:00,56821,49.9
2026-08-01 00:00:00,53133,359.9
2026-08-01 00:00:00,9831,54.49
2026-08-01 00:00:00,57853,69.9
2026-08-01 00:00:00,31802,559.9
2026-08-01 00:00:00,60264,59.9
2026-08-01 00:00:00,64111,139.9
2026-08-01 00:00:00,59211,227.43
2026-08-01 00:00:00,55304,49.9
2026-08-01 00:00:00,62188,2.9
2026-08-01 00:00:00,63237,14.9
2026-08-01 00:00:00,51909,24.9
2026-08-01 00:00:00,51908,15.9
2026-08-01 00:00:00,51785,18.9
2026-08-01 00:00:00,45042,19.9
2026-08-01 00:00:00,55589,49.9
2026-08-01 00:00:00,45047,89.9
2026-08-01 00:00:00,51902,14.9
2026-08-01 00:00:00,51903,14.9
2026-08-01 00:00:00,53670,99.9
2026-08-01 00:00:00,56815,32.9
2026-08-01 00:00:00,56817,32.9
2026-08-01 00:00:00,58017,54.9
2026-08-01 00:00:00,56814,22.9
2026-08-01 00:00:00,58018,39.9
2026-08-01 00:00:00,58015,44.9
2026-08-01 00:00:00,26724,12.9
2026-08-01 00:00:00,15965,269.0
2026-08-01 00:00:00,15714,169.92
2026-08-01 00:00:00,15713,169.92
2026-08-01 00:00:00,26322,299.9
2026-08-01 00:00:00,59232,499.9
2026-08-01 00:00:00,52910,539.0
2026-08-01 00:00:00,51216,229.9
2026-08-01 00:00:00,51759,139.9
2026-08-01 00:00:00,52278,249.9
2026-08-01 00:00:00,51756,14.9
2026-08-01 00:00:00,51757,19.9
2026-08-01 00:00:00,63077,16.47
2026-08-01 00:00:00,52279,339.9
2026-08-01 00:00:00,52277,349.9
2026-08-01 00:00:00,59217,689.9
2026-08-01 00:00:00,59216,229.9
2026-08-01 00:00:00,59214,549.9
2026-08-01 00:00:00,59215,449.9
2026-08-01 00:00:00,59212,389.9
2026-08-01 00:00:00,59223,1099.0
2026-08-01 00:00:00,59210,259.93
2026-08-01 00:00:00,59209,344.43
2026-08-01 00:00:00,44697,399.9
2026-08-01 00:00:00,35226,499.9
2026-08-01 00:00:00,35284,699.9
2026-08-01 00:00:00,38798,359.9
2026-08-01 00:00:00,38797,359.9
2026-08-01 00:00:00,59263,779.35
2026-08-01 00:00:00,59234,409.43
2026-08-01 00:00:00,31739,549.9
2026-08-01 00:00:00,31733,399.9
2026-08-01 00:00:00,59236,409.43
2026-08-01 00:00:00,18516,549.9
2026-08-01 00:00:00,28596,329.9
2026-08-01 00:00:00,22261,299.95
2026-08-01 00:00:00,33019,349.9
2026-08-01 00:00:00,33014,449.9
2026-08-01 00:00:00,36010,799.9
2026-08-01 00:00:00,36012,1999.0
2026-08-01 00:00:00,34088,749.9
2026-08-01 00:00:00,34089,749.9
2026-08-01 00:00:00,34087,399.9
2026-08-01 00:00:00,60148,139.9
2026-08-01 00:00:00,40066,249.9
2026-08-01 00:00:00,60149,139.9
2026-08-01 00:00:00,51400,349.9
2026-08-01 00:00:00,60280,119.9
2026-08-01 00:00:00,64107,529.9
2026-08-01 00:00:00,60276,89.9
2026-08-01 00:00:00,59254,399.9
2026-08-01 00:00:00,59252,399.9
2026-08-01 00:00:00,45343,179.9
2026-08-01 00:00:00,45345,349.9
2026-08-01 00:00:00,38745,299.9
2026-08-01 00:00:00,22280,174.95
2026-08-01 00:00:00,22260,179.95
2026-08-01 00:00:00,22281,174.95
2026-08-01 00:00:00,28728,499.9
2026-08-01 00:00:00,59271,169.9
2026-08-01 00:00:00,59273,169.9
2026-08-01 00:00:00,59274,179.9
2026-08-01 00:00:00,33012,199.95
2026-08-01 00:00:00,64110,999.9
2026-08-01 00:00:00,33013,199.95
2026-08-01 00:00:00,44265,599.9
2026-08-01 00:00:00,25369,699.9
2026-08-01 00:00:00,25370,899.9
2026-08-01 00:00:00,35420,399.9
2026-08-01 00:00:00,25550,139.9
2026-08-01 00:00:00,25551,119.9
2026-08-01 00:00:00,10846,179.0
2026-08-01 00:00:00,4839,599.9
2026-08-01 00:00:00,15725,59.42
2026-08-01 00:00:00,15723,59.42
2026-08-01 00:00:00,15718,84.92
2026-08-01 00:00:00,15715,67.92
2026-08-01 00:00:00,15685,89.0
2026-08-01 00:00:00,15684,89.0
2026-08-01 00:00:00,15720,42.42
2026-08-01 00:00:00,15961,59.42
2026-08-01 00:00:00,15688,179.0
2026-08-01 00:00:00,15682,159.0
2026-08-01 00:00:00,15734,69.9
2026-08-01 00:00:00,15728,69.0
2026-08-01 00:00:00,15727,69.9
2026-08-01 00:00:00,15687,89.0
2026-08-01 00:00:00,15686,89.0
2026-08-01 00:00:00,15683,159.0
2026-08-01 00:00:00,18535,429.9
2026-08-01 00:00:00,15528,609.0
2026-08-01 00:00:00,25335,174.95
2026-08-01 00:00:00,38677,139.9
2026-08-01 00:00:00,26349,79.9
2026-08-01 00:00:00,31182,139.5
2026-08-01 00:00:00,61743,199.9
2026-08-01 00:00:00,38254,49.9
2026-08-01 00:00:00,38257,69.9
2026-08-01 00:00:00,25380,69.9
2026-08-01 00:00:00,25385,25.9
2026-08-01 00:00:00,42863,59.9
2026-08-01 00:00:00,35428,214.95
2026-08-01 00:00:00,35430,128.97
2026-08-01 00:00:00,38255,49.9
2026-08-01 00:00:00,38256,69.9
2026-08-01 00:00:00,38252,49.9
2026-08-01 00:00:00,52561,20.9
2026-08-01 00:00:00,63075,59.95
2026-08-01 00:00:00,63074,50.97
2026-08-01 00:00:00,61736,49.9
2026-08-01 00:00:00,61738,79.9
2026-08-01 00:00:00,61737,59.9
2026-08-01 00:00:00,62085,32.9
2026-08-01 00:00:00,62084,36.9
2026-08-01 00:00:00,51373,399.9
2026-08-01 00:00:00,62082,26.9
2026-08-01 00:00:00,62083,29.9
2026-08-01 00:00:00,51906,299.9
2026-08-01 00:00:00,31908,14.9
2026-08-01 00:00:00,56818,34.9
2026-08-01 00:00:00,56819,34.9
2026-08-01 00:00:00,56826,54.9
2026-08-01 00:00:00,53510,44.9
2026-08-01 00:00:00,33446,9.95
2026-08-01 00:00:00,33444,0.95
2026-08-01 00:00:00,33447,1.45
2026-08-01 00:00:00,20503,12.9
2026-08-01 00:00:00,20506,12.9
2026-08-01 00:00:00,20514,7.45
2026-08-01 00:00:00,20515,7.45
2026-08-01 00:00:00,53297,139.9
2026-08-01 00:00:00,45019,299.9
2026-08-01 00:00:00,51896,299.9
2026-08-01 00:00:00,56822,25.9
2026-08-01 00:00:00,20498,44.9
2026-08-01 00:00:00,21611,18.9
2026-08-01 00:00:00,20509,12.45
2026-08-01 00:00:00,9667,49.0
2026-08-01 00:00:00,9664,79.9
2026-08-01 00:00:00,10847,24.25
2026-08-01 00:00:00,35223,44.95
2026-08-01 00:00:00,53688,29.9
2026-08-01 00:00:00,53452,54.9
2026-08-01 00:00:00,31801,149.9
2026-08-01 00:00:00,55598,78.9
2026-08-01 00:00:00,51921,157.5
2026-08-01 00:00:00,56824,44.9
2026-08-01 00:00:00,59227,1599.0
2026-08-01 00:00:00,59225,2299.9
2026-08-01 00:00:00,59230,699.9
2026-08-01 00:00:00,59229,699.9
2026-08-01 00:00:00,51246,999.9
2026-08-01 00:00:00,59231,1179.9
2026-08-01 00:00:00,55595,16.9
2026-08-01 00:00:00,31805,269.9
2026-08-01 00:00:00,43307,179.9
2026-08-01 00:00:00,53212,319.9
2026-08-01 00:00:00,43305,219.9
2026-08-01 00:00:00,31798,169.9
2026-08-01 00:00:00,53679,99.9
2026-08-01 00:00:00,53678,99.9
2026-08-01 00:00:00,53680,99.9
2026-08-01 00:00:00,53681,99.9
2026-08-01 00:00:00,45045,39.9
2026-08-01 00:00:00,45038,49.9
2026-08-01 00:00:00,45039,49.9
2026-08-01 00:00:00,51486,59.9
2026-08-01 00:00:00,51485,59.9
2026-08-01 00:00:00,36236,279.9
2026-08-01 00:00:00,36237,279.9
2026-08-01 00:00:00,36235,369.9
2026-08-01 00:00:00,53512,44.9
2026-08-01 00:00:00,9661,19.9
2026-08-01 00:00:00,45037,79.9
2026-08-01 00:00:00,45035,39.9
2026-08-01 00:00:00,59222,199.9
2026-08-01 00:00:00,45033,39.9
2026-08-01 00:00:00,45034,39.9
2026-08-01 00:00:00,45036,39.9
2026-08-01 00:00:00,45022,59.9
2026-08-01 00:00:00,45020,39.9
2026-08-01 00:00:00,45023,39.9
2026-08-01 00:00:00,51484,39.9
2026-08-01 00:00:00,59219,199.9
2026-08-01 00:00:00,51871,39.9
2026-08-01 00:00:00,51220,25.42
2026-08-01 00:00:00,51218,59.9
2026-08-01 00:00:00,51222,29.9
2026-08-01 00:00:00,35229,79.9
2026-08-01 00:00:00,35261,79.9
2026-08-01 00:00:00,51221,44.9
2026-08-01 00:00:00,51219,25.42
2026-08-01 00:00:00,34105,379.9
2026-08-01 00:00:00,25351,29.9
2026-08-01 00:00:00,45026,39.9
2026-08-01 00:00:00,45024,79.9
2026-08-01 00:00:00,45025,59.9
2026-08-01 00:00:00,45027,109.9
2026-08-01 00:00:00,45028,39.9
2026-08-01 00:00:00,45029,89.9
2026-08-01 00:00:00,45030,119.9
2026-08-01 00:00:00,45031,39.9
2026-08-01 00:00:00,51225,129.9
2026-08-01 00:00:00,52187,139.9
2026-08-01 00:00:00,51224,129.9
2026-08-01 00:00:00,52186,79.9
2026-08-01 00:00:00,53122,199.9
2026-08-01 00:00:00,31796,49.9
2026-08-01 00:00:00,43304,199.9
2026-08-01 00:00:00,26414,9.9
2026-08-01 00:00:00,24568,3.45
2026-08-01 00:00:00,24574,3.95
2026-08-01 00:00:00,20502,12.9
2026-08-01 00:00:00,20501,10.9
2026-08-01 00:00:00,20505,2.9
2026-08-01 00:00:00,63395,19.9
2026-08-01 00:00:00,53410,39.9
2026-08-01 00:00:00,53408,36.9
2026-08-01 00:00:00,53508,209.9
2026-08-01 00:00:00,53675,219.9
2026-08-01 00:00:00,59224,194.93
2026-08-01 00:00:00,59221,584.93
2026-08-01 00:00:00,26382,34.9
2026-08-01 00:00:00,57855,114.9
2026-08-01 00:00:00,26388,8.9
2026-08-01 00:00:00,24575,12.45
2026-08-01 00:00:00,58014,39.9
2026-08-01 00:00:00,56825,59.9
2026-08-01 00:00:00,53511,34.9
2026-08-01 00:00:00,56816,34.9
2026-08-01 00:00:00,56820,22.9
2026-08-01 00:00:00,58016,44.9
2026-08-01 00:00:00,53514,44.9
2026-08-01 00:00:00,20504,12.9
2026-08-01 00:00:00,32005,329.9
2026-08-01 00:00:00,32003,399.9
2026-08-01 00:00:00,53213,129.9
2026-08-01 00:00:00,59264,519.93
2026-08-01 00:00:00,59256,349.9
2026-08-01 00:00:00,59269,549.9
2026-08-01 00:00:00,59272,129.9
2026-08-01 00:00:00,59280,269.9
2026-08-01 00:00:00,59267,649.93
2026-08-01 00:00:00,51487,69.9
2026-08-01 00:00:00,51299,49.9
2026-08-01 00:00:00,51426,41.93
2026-08-01 00:00:00,51451,119.9
2026-08-01 00:00:00,51427,41.93
2026-08-01 00:00:00,51428,41.93
2026-08-01 00:00:00,32184,159.9
2026-08-01 00:00:00,1004,39.9
2026-08-01 00:00:00,1279,159.9
2026-08-01 00:00:00,45723,59.95
2026-08-01 00:00:00,47644,169.9
2026-08-01 00:00:00,34781,189.9
2026-08-01 00:00:00,49794,249.9
2026-08-01 00:00:00,64462,59.95
2026-08-01 00:00:00,64460,209.9
2026-08-01 00:00:00,64468,249.9
2026-08-01 00:00:00,993,129.9
2026-08-01 00:00:00,61,149.9
2026-08-01 00:00:00,2679,259.9
2026-08-01 00:00:00,47252,199.9
2026-08-01 00:00:00,58722,199.9
2026-08-01 00:00:00,43354,119.9
2026-08-01 00:00:00,64464,189.9
2026-08-01 00:00:00,155,169.9
2026-08-01 00:00:00,47645,179.9
2026-08-01 00:00:00,47643,129.9
2026-08-01 00:00:00,46589,119.9
2026-08-01 00:00:00,2724,129.9
2026-08-01 00:00:00,7413,199.9
2026-08-01 00:00:00,22584,339.9
2026-08-01 00:00:00,20217,259.9
2026-08-01 00:00:00,50553,399.9
2026-08-01 00:00:00,50555,399.9
2026-08-01 00:00:00,31574,259.9
2026-08-01 00:00:00,59141,149.9
2026-08-01 00:00:00,59140,69.9
2026-08-01 00:00:00,10784,79.9
2026-08-01 00:00:00,50923,249.9
2026-08-01 00:00:00,50974,399.9
2026-08-01 00:00:00,51966,599.9
2026-08-01 00:00:00,31561,419.9
2026-08-01 00:00:00,51964,399.9
2026-08-01 00:00:00,50924,329.9
2026-08-01 00:00:00,50915,99.9
2026-08-01 00:00:00,33710,349.9
2026-08-01 00:00:00,33715,349.9
2026-08-01 00:00:00,52872,329.9
2026-08-01 00:00:00,52877,329.9
2026-08-01 00:00:00,52874,299.9
2026-08-01 00:00:00,52880,299.9
2026-08-01 00:00:00,52873,299.9
2026-08-01 00:00:00,34873,269.9
2026-08-01 00:00:00,34875,299.9
2026-08-01 00:00:00,34876,299.9
2026-08-01 00:00:00,34872,249.9
2026-08-01 00:00:00,34869,239.9
2026-08-01 00:00:00,52879,289.9
2026-08-01 00:00:00,52881,289.9
2026-08-01 00:00:00,58603,289.9
2026-08-01 00:00:00,52876,289.9
2026-08-01 00:00:00,34857,299.9
2026-08-01 00:00:00,51959,149.9
2026-08-01 00:00:00,58612,149.9
2026-08-01 00:00:00,58613,149.9
2026-08-01 00:00:00,34911,199.9
2026-08-01 00:00:00,34909,199.9
2026-08-01 00:00:00,34910,199.9
2026-08-01 00:00:00,34914,229.9
2026-08-01 00:00:00,34912,229.9
2026-08-01 00:00:00,34913,229.9
2026-08-01 00:00:00,34868,189.9
2026-08-01 00:00:00,34866,189.9
2026-08-01 00:00:00,34867,189.9
2026-08-01 00:00:00,34865,169.9
2026-08-01 00:00:00,34863,169.9
2026-08-01 00:00:00,34864,169.9
2026-08-01 00:00:00,50404,119.9
2026-08-01 00:00:00,58628,169.9
2026-08-01 00:00:00,50206,20.0
2026-08-01 00:00:00,60127,79.9
2026-08-01 00:00:00,60124,79.9
2026-08-01 00:00:00,38430,299.9
2026-08-01 00:00:00,34915,89.9
2026-08-01 00:00:00,53045,34.9
2026-08-01 00:00:00,53046,32.9
2026-08-01 00:00:00,53047,59.9
2026-08-01 00:00:00,50930,39.9
2026-08-01 00:00:00,52106,34.9
2026-08-01 00:00:00,10671,99.9
2026-08-01 00:00:00,18499,129.9
2026-08-01 00:00:00,63371,24.95
2026-08-01 00:00:00,42048,249.9
2026-08-01 00:00:00,42243,1189.05
2026-08-01 00:00:00,42244,1329.1
2026-08-01 00:00:00,64295,1829.1
2026-08-01 00:00:00,28001,2280.0
2026-08-01 00:00:00,28002,2765.0
2026-08-01 00:00:00,28003,3090.0
2026-08-01 00:00:00,35556,2905.0
2026-08-01 00:00:00,35557,3660.0
2026-08-01 00:00:00,35558,4090.0
2026-08-01 00:00:00,35559,4825.0
2026-08-01 00:00:00,36090,5395.0
2026-08-01 00:00:00,35612,7460.0
2026-08-01 00:00:00,35613,8460.0
2026-08-01 00:00:00,35614,9700.0
2026-08-01 00:00:00,36091,10755.0
2026-08-01 00:00:00,40352,7500.0
2026-08-01 00:00:00,40353,8345.0
2026-08-01 00:00:00,40354,9425.0
2026-08-01 00:00:00,40355,10250.0
2026-08-01 00:00:00,35607,5660.0
2026-08-01 00:00:00,35608,6830.0
2026-08-01 00:00:00,39475,7575.0
2026-08-01 00:00:00,35609,5620.0
2026-08-01 00:00:00,35610,6490.0
2026-08-01 00:00:00,35611,7700.0
2026-08-01 00:00:00,35916,8470.0
2026-08-01 00:00:00,40347,4585.0
2026-08-01 00:00:00,40348,5690.0
2026-08-01 00:00:00,40349,6520.0
2026-08-01 00:00:00,40350,7620.0
2026-08-01 00:00:00,40351,8555.0
2026-08-01 00:00:00,64320,2397.0
2026-08-01 00:00:00,64321,2797.0
2026-08-01 00:00:00,64322,3397.0
2026-08-01 00:00:00,48678,209.94
2026-08-01 00:00:00,28660,59.9
2026-08-01 00:00:00,29123,49.9
2026-08-01 00:00:00,42255,1370.0
2026-08-01 00:00:00,42254,1520.0
2026-08-01 00:00:00,42248,1770.0
2026-08-01 00:00:00,42249,1955.0
2026-08-01 00:00:00,28869,229.9
2026-08-01 00:00:00,28871,299.9
2026-08-01 00:00:00,63530,129.9
2026-08-01 00:00:00,51437,62.93
2026-08-01 00:00:00,21544,39.9
2026-08-01 00:00:00,60137,89.9
2026-08-01 00:00:00,63532,87.0
2026-08-01 00:00:00,10775,59.9
2026-08-01 00:00:00,51532,149.9
2026-08-01 00:00:00,18498,349.9
2026-08-01 00:00:00,18500,429.9
2026-08-01 00:00:00,55647,349.9
2026-08-01 00:00:00,31568,199.9
2026-08-01 00:00:00,18496,299.9
2026-08-01 00:00:00,18501,539.9
2026-08-01 00:00:00,52058,449.9
2026-08-01 00:00:00,46571,699.9
2026-08-01 00:00:00,48962,343.92
2026-08-01 00:00:00,62852,399.92
2026-08-01 00:00:00,48957,783.92
2026-08-01 00:00:00,48959,783.92
2026-08-01 00:00:00,62829,879.2
2026-08-01 00:00:00,62841,439.92
2026-08-01 00:00:00,62839,439.92
2026-08-01 00:00:00,62838,439.92
2026-08-01 00:00:00,62843,543.92
2026-08-01 00:00:00,62855,543.92
2026-08-01 00:00:00,62842,543.92
2026-08-01 00:00:00,62844,599.92
2026-08-01 00:00:00,62818,879.2
2026-08-01 00:00:00,62827,999.2
2026-08-01 00:00:00,62821,879.2
2026-08-01 00:00:00,62823,935.2
2026-08-01 00:00:00,62824,935.2
2026-08-01 00:00:00,62822,935.2
2026-08-01 00:00:00,62819,879.2
2026-08-01 00:00:00,61953,319.92
2026-08-01 00:00:00,61954,399.92
2026-08-01 00:00:00,64466,479.92
2026-08-01 00:00:00,62810,599.92
2026-08-01 00:00:00,60118,119.9
2026-08-01 00:00:00,60139,119.9
2026-08-01 00:00:00,45636,599.0
2026-08-01 00:00:00,45638,699.0
2026-08-01 00:00:00,64296,999.0
2026-08-01 00:00:00,64343,1069.0
2026-08-01 00:00:00,26666,1615.0
2026-08-01 00:00:00,27577,1350.0
2026-08-01 00:00:00,58824,249.9
2026-08-01 00:00:00,59709,199.9
2026-08-01 00:00:00,59712,399.9
2026-08-01 00:00:00,58577,299.9
2026-08-01 00:00:00,26239,5.0
2026-08-01 00:00:00,25243,69.9
2026-08-01 00:00:00,55278,38.0
2026-08-01 00:00:00,55275,38.0
2026-08-01 00:00:00,55270,38.0
2026-08-01 00:00:00,55274,47.0
2026-08-01 00:00:00,55272,18.0
2026-08-01 00:00:00,55260,18.0
2026-08-01 00:00:00,55289,31.0
2026-08-01 00:00:00,55268,31.0
2026-08-01 00:00:00,55282,48.0
2026-08-01 00:00:00,55287,18.0
2026-08-01 00:00:00,55288,31.0
2026-08-01 00:00:00,55267,47.0
2026-08-01 00:00:00,55279,46.0
2026-08-01 00:00:00,55280,46.0
2026-08-01 00:00:00,55261,49.0
2026-08-01 00:00:00,55263,49.0
2026-08-01 00:00:00,55258,33.0
2026-08-01 00:00:00,55266,33.0
2026-08-01 00:00:00,55257,33.0
2026-08-01 00:00:00,55259,46.0
2026-08-01 00:00:00,55283,59.0
2026-08-01 00:00:00,55264,59.0
2026-08-01 00:00:00,55269,35.0
2026-08-01 00:00:00,55291,49.0
2026-08-01 00:00:00,54112,19.9
2026-08-01 00:00:00,28868,199.9
2026-08-01 00:00:00,61758,49.9
2026-08-01 00:00:00,61752,149.9
2026-08-01 00:00:00,61749,149.9
2026-08-01 00:00:00,61753,149.9
2026-08-01 00:00:00,44613,179.9
2026-08-01 00:00:00,51058,179.9
2026-08-01 00:00:00,51059,179.9
2026-08-01 00:00:00,51060,179.9
2026-08-01 00:00:00,51000,129.9
2026-08-01 00:00:00,44614,149.9
2026-08-01 00:00:00,61785,159.9
2026-08-01 00:00:00,61786,159.9
2026-08-01 00:00:00,61756,49.9
2026-08-01 00:00:00,53627,84.9
2026-08-01 00:00:00,57619,29.9
2026-08-01 00:00:00,25282,19.9
2026-08-01 00:00:00,56972,29.9
2026-08-01 00:00:00,59672,59.9
2026-08-01 00:00:00,60147,59.9
2026-08-01 00:00:00,60146,59.9
2026-08-01 00:00:00,21508,19.9
2026-08-01 00:00:00,60142,59.9
2026-08-01 00:00:00,50403,99.9
2026-08-01 00:00:00,51805,124.9
2026-08-01 00:00:00,51810,129.9
2026-08-01 00:00:00,50920,119.9
2026-08-01 00:00:00,60143,59.9
2026-08-01 00:00:00,60141,59.9
2026-08-01 00:00:00,51049,79.9
2026-08-01 00:00:00,51050,79.9
2026-08-01 00:00:00,51048,79.9
2026-08-01 00:00:00,51047,79.9
2026-08-01 00:00:00,58602,399.9
2026-08-01 00:00:00,58610,399.9
2026-08-01 00:00:00,58599,449.9
2026-08-01 00:00:00,58605,449.9
2026-08-01 00:00:00,58606,449.9
2026-08-01 00:00:00,58600,499.9
2026-08-01 00:00:00,58607,499.9
2026-08-01 00:00:00,58611,499.9
2026-08-01 00:00:00,58604,469.9
2026-08-01 00:00:00,58609,449.9
2026-08-01 00:00:00,21986,619.9
2026-08-01 00:00:00,21987,789.9
2026-08-01 00:00:00,21989,1099.0
2026-08-01 00:00:00,51008,599.9
2026-08-01 00:00:00,51014,629.9
2026-08-01 00:00:00,61812,349.9
2026-08-01 00:00:00,61820,349.9
2026-08-01 00:00:00,61817,299.9
2026-08-01 00:00:00,61821,299.9
2026-08-01 00:00:00,61818,299.9
2026-08-01 00:00:00,51035,299.9
2026-08-01 00:00:00,46573,1359.0
2026-08-01 00:00:00,50581,599.9
2026-08-01 00:00:00,61775,599.9
2026-08-01 00:00:00,61774,599.9
2026-08-01 00:00:00,61807,699.9
2026-08-01 00:00:00,61777,629.9
2026-08-01 00:00:00,61776,629.9
2026-08-01 00:00:00,22868,399.9
2026-08-01 00:00:00,22869,449.9
2026-08-01 00:00:00,37639,499.9
2026-08-01 00:00:00,951,469.9
2026-08-01 00:00:00,44150,999.0
2026-08-01 00:00:00,21990,619.9
2026-08-01 00:00:00,21992,879.9
2026-08-01 00:00:00,21993,1099.0
2026-08-01 00:00:00,39291,1429.0
2026-08-01 00:00:00,39285,1729.0
2026-08-01 00:00:00,24289,599.9
2026-08-01 00:00:00,7130,552.93
2026-08-01 00:00:00,51807,379.9
2026-08-01 00:00:00,51801,389.9
2026-08-01 00:00:00,50434,24.9
2026-08-01 00:00:00,64350,199.9
2026-08-01 00:00:00,64348,199.9
2026-08-01 00:00:00,64349,199.9
2026-08-01 00:00:00,62870,279.9
2026-08-01 00:00:00,62868,279.9
2026-08-01 00:00:00,62865,279.9
2026-08-01 00:00:00,62869,279.9
2026-08-01 00:00:00,62866,239.9
2026-08-01 00:00:00,62873,239.9
2026-08-01 00:00:00,62871,179.93
2026-08-01 00:00:00,64503,209.9
2026-08-01 00:00:00,63542,179.9
2026-08-01 00:00:00,44064,319.9
2026-08-01 00:00:00,44063,319.9
2026-08-01 00:00:00,64513,209.9
2026-08-01 00:00:00,63977,219.9
2026-08-01 00:00:00,64506,209.9
2026-08-01 00:00:00,63976,219.9
2026-08-01 00:00:00,64508,239.9
2026-08-01 00:00:00,64511,239.9
2026-08-01 00:00:00,64510,239.9
2026-08-01 00:00:00,64504,159.9
2026-08-01 00:00:00,64507,159.9
2026-08-01 00:00:00,64509,159.9
2026-08-01 00:00:00,63543,149.9
2026-08-01 00:00:00,47566,149.9
2026-08-01 00:00:00,47573,319.9
2026-08-01 00:00:00,47579,179.9
2026-08-01 00:00:00,64505,179.9
2026-08-01 00:00:00,64512,179.9
2026-08-01 00:00:00,63960,179.9
2026-08-01 00:00:00,50146,169.9
2026-08-01 00:00:00,10673,129.9
2026-08-01 00:00:00,10672,59.9
2026-08-01 00:00:00,59675,49.9
2026-08-01 00:00:00,60044,499.9
2026-08-01 00:00:00,46592,209.9
2026-08-01 00:00:00,42609,209.9
2026-08-01 00:00:00,56314,26.9
2026-08-01 00:00:00,50956,29.9
2026-08-01 00:00:00,21200,119.9
2026-08-01 00:00:00,51809,59.9
2026-08-01 00:00:00,51802,69.9
2026-08-01 00:00:00,31564,69.9
2026-08-01 00:00:00,51179,64.9
2026-08-01 00:00:00,31521,89.9
2026-08-01 00:00:00,53208,389.5
2026-08-01 00:00:00,53207,333.8
2026-08-01 00:00:00,34627,69.9
2026-08-01 00:00:00,42553,64.95
2026-08-01 00:00:00,42554,64.95
2026-08-01 00:00:00,42556,64.95
2026-08-01 00:00:00,32286,129.9
2026-08-01 00:00:00,51419,189.9
2026-08-01 00:00:00,21734,129.9
2026-08-01 00:00:00,29775,64.95
2026-08-01 00:00:00,61805,79.9
2026-08-01 00:00:00,61803,79.9
2026-08-01 00:00:00,61795,79.9
2026-08-01 00:00:00,61804,79.9
2026-08-01 00:00:00,50579,79.9
2026-08-01 00:00:00,61825,109.9
2026-08-01 00:00:00,61778,109.9
2026-08-01 00:00:00,61779,109.9
2026-08-01 00:00:00,25254,29.9
2026-08-01 00:00:00,18444,29.9
2026-08-01 00:00:00,50074,34.9
2026-08-01 00:00:00,51444,99.9
2026-08-01 00:00:00,51405,39.9
2026-08-01 00:00:00,51406,41.9
2026-08-01 00:00:00,63467,39.9
2026-08-01 00:00:00,10171,109.0
2026-08-01 00:00:00,31566,149.9
2026-08-01 00:00:00,51803,64.9
2026-08-01 00:00:00,51813,69.9
2026-08-01 00:00:00,4529,329.9
2026-08-01 00:00:00,51969,199.9
2026-08-01 00:00:00,50926,169.9
2026-08-01 00:00:00,51804,69.9
2026-08-01 00:00:00,51811,74.9
2026-08-01 00:00:00,51806,119.9
2026-08-01 00:00:00,51814,119.9
2026-08-01 00:00:00,50929,189.9
2026-08-01 00:00:00,51971,219.9
2026-08-01 00:00:00,51970,249.9
2026-08-01 00:00:00,50928,169.9
2026-08-01 00:00:00,60134,59.9
2026-08-01 00:00:00,60117,59.9
2026-08-01 00:00:00,60119,119.9
2026-08-01 00:00:00,60116,59.9
2026-08-01 00:00:00,60138,59.9
2026-08-01 00:00:00,60131,59.9
2026-08-01 00:00:00,60113,59.9
2026-08-01 00:00:00,52067,289.9
2026-08-01 00:00:00,51182,139.9
2026-08-01 00:00:00,50936,99.9
2026-08-01 00:00:00,59005,189.9
2026-08-01 00:00:00,51976,209.9
2026-08-01 00:00:00,15541,99.9
2026-08-01 00:00:00,28542,69.95
2026-08-01 00:00:00,51063,589.9
2026-08-01 00:00:00,49812,1035.0
2026-08-01 00:00:00,58665,1110.0
2026-08-01 00:00:00,51064,689.9
2026-08-01 00:00:00,48969,299.9
2026-08-01 00:00:00,51065,789.9
2026-08-01 00:00:00,20607,369.9
2026-08-01 00:00:00,20608,439.9
2026-08-01 00:00:00,20609,459.9
2026-08-01 00:00:00,20610,529.9
2026-08-01 00:00:00,20611,569.9
2026-08-01 00:00:00,64867,319.9
2026-08-01 00:00:00,50912,49.9
2026-08-01 00:00:00,50913,39.9
2026-08-01 00:00:00,51391,99.9
2026-08-01 00:00:00,32770,28.44
2026-08-01 00:00:00,50076,209.9
2026-08-01 00:00:00,50934,339.9
2026-08-01 00:00:00,51808,179.9
2026-08-01 00:00:00,51812,179.9
2026-08-01 00:00:00,47468,118.92
2026-08-01 00:00:00,50911,189.9
2026-08-01 00:00:00,53057,34.9
2026-08-01 00:00:00,60057,19.9
2026-08-01 00:00:00,62209,2399.0
2026-08-01 00:00:00,62469,2499.0
2026-08-01 00:00:00,42245,899.0
2026-08-01 00:00:00,42246,999.0
2026-08-01 00:00:00,42247,1099.0
2026-08-01 00:00:00,64342,1799.0
2026-08-01 00:00:00,36092,1510.0
2026-08-01 00:00:00,35560,1390.0
2026-08-01 00:00:00,35561,1510.0
2026-08-01 00:00:00,39956,1760.0
2026-08-01 00:00:00,35562,1200.0
2026-08-01 00:00:00,35563,1455.0
2026-08-01 00:00:00,36093,1510.0
2026-08-01 00:00:00,35564,1390.0
2026-08-01 00:00:00,35565,1510.0
2026-08-01 00:00:00,39311,1760.0
2026-08-01 00:00:00,35567,1200.0
2026-08-01 00:00:00,35566,1455.0
2026-08-01 00:00:00,34310,949.0
2026-08-01 00:00:00,64636,2600.0
2026-08-01 00:00:00,64635,3700.0
2026-08-01 00:00:00,64632,3000.0
2026-08-01 00:00:00,64637,4400.0
2026-08-01 00:00:00,40356,1270.0
2026-08-01 00:00:00,40357,1420.0
2026-08-01 00:00:00,40358,1710.0
2026-08-01 00:00:00,40359,1270.0
2026-08-01 00:00:00,40360,1420.0
2026-08-01 00:00:00,40361,1710.0
2026-08-01 00:00:00,40272,1350.0
2026-08-01 00:00:00,40273,1430.0
2026-08-01 00:00:00,40275,2040.0
2026-08-01 00:00:00,40274,1650.0
2026-08-01 00:00:00,40276,2450.0
2026-08-01 00:00:00,40277,1320.0
2026-08-01 00:00:00,40278,1650.0
2026-08-01 00:00:00,40280,2220.0
2026-08-01 00:00:00,40279,1870.0
2026-08-01 00:00:00,40281,2592.0
2026-08-01 00:00:00,64631,2600.0
2026-08-01 00:00:00,64634,3700.0
2026-08-01 00:00:00,64638,3000.0
2026-08-01 00:00:00,64633,4400.0
2026-08-01 00:00:00,40282,2600.0
2026-08-01 00:00:00,64624,3700.0
2026-08-01 00:00:00,40285,4400.0
2026-08-01 00:00:00,40283,3000.0
2026-08-01 00:00:00,50271,100.0
2026-08-01 00:00:00,61784,149.9
2026-08-01 00:00:00,61826,149.9
2026-08-01 00:00:00,56695,249.9
2026-08-01 00:00:00,50570,159.9
2026-08-01 00:00:00,59039,299.9
2026-08-01 00:00:00,59040,299.9
2026-08-01 00:00:00,59038,299.9
2026-08-01 00:00:00,50567,129.9
2026-08-01 00:00:00,59773,199.9
2026-08-01 00:00:00,19674,229.9
2026-08-01 00:00:00,59767,199.9
2026-08-01 00:00:00,14842,229.9
2026-08-01 00:00:00,59771,199.9
2026-08-01 00:00:00,21737,229.9
2026-08-01 00:00:00,59770,199.9
2026-08-01 00:00:00,59769,229.9
2026-08-01 00:00:00,59772,199.9
2026-08-01 00:00:00,59768,229.9
2026-08-01 00:00:00,61787,269.9
2026-08-01 00:00:00,61829,269.9
2026-08-01 00:00:00,50573,269.9
2026-08-01 00:00:00,59780,119.9
2026-08-01 00:00:00,15848,119.9
2026-08-01 00:00:00,15887,119.9
2026-08-01 00:00:00,59778,119.9
2026-08-01 00:00:00,59784,99.9
2026-08-01 00:00:00,59779,119.9
2026-08-01 00:00:00,50517,99.9
2026-08-01 00:00:00,50523,99.9
2026-08-01 00:00:00,59776,34.9
2026-08-01 00:00:00,59777,29.9
2026-08-01 00:00:00,21752,34.9
2026-08-01 00:00:00,59774,34.9
2026-08-01 00:00:00,59775,34.9
2026-08-01 00:00:00,51317,99.9
2026-08-01 00:00:00,51319,99.9
2026-08-01 00:00:00,59037,119.9
2026-08-01 00:00:00,59042,119.9
2026-08-01 00:00:00,61796,119.9
2026-08-01 00:00:00,50572,119.9
2026-08-01 00:00:00,50571,119.9
2026-08-01 00:00:00,61780,69.9
2026-08-01 00:00:00,61782,69.9
2026-08-01 00:00:00,61781,69.9
2026-08-01 00:00:00,59796,69.9
2026-08-01 00:00:00,59795,69.9
2026-08-01 00:00:00,59791,249.9
2026-08-01 00:00:00,59789,249.9
2026-08-01 00:00:00,59790,249.9
2026-08-01 00:00:00,59792,249.9
2026-08-01 00:00:00,59793,249.9
2026-08-01 00:00:00,59788,299.9
2026-08-01 00:00:00,21741,299.9
2026-08-01 00:00:00,59785,299.9
2026-08-01 00:00:00,59787,299.9
2026-08-01 00:00:00,53062,55.9
2026-08-01 00:00:00,34917,29.9
2026-08-01 00:00:00,51440,59.9
2026-08-01 00:00:00,51442,59.9
2026-08-01 00:00:00,51403,39.9
2026-08-01 00:00:00,59671,129.9
2026-08-01 00:00:00,10602,49.9
2026-08-01 00:00:00,51448,349.93
2026-08-01 00:00:00,63538,599.9
2026-08-01 00:00:00,52298,649.9
2026-08-01 00:00:00,50256,599.9
2026-08-01 00:00:00,51305,989.9
2026-08-01 00:00:00,63911,169.9
2026-08-01 00:00:00,63531,129.9
2026-08-01 00:00:00,62812,599.92
2026-08-01 00:00:00,62809,599.92
2026-08-01 00:00:00,62805,559.92
2026-08-01 00:00:00,48868,699.9
2026-08-01 00:00:00,54766,39.9
2026-08-01 00:00:00,51177,139.9
2026-08-01 00:00:00,50932,119.9
2026-08-01 00:00:00,58879,99.9
2026-08-01 00:00:00,51279,119.9
2026-08-01 00:00:00,60064,59.9
2026-08-01 00:00:00,51410,99.9
2026-08-01 00:00:00,51420,169.9
2026-08-01 00:00:00,51774,39.9
2026-08-01 00:00:00,48965,349.9
2026-08-01 00:00:00,48967,449.9
2026-08-01 00:00:00,48966,399.9
2026-08-01 00:00:00,48968,249.9
2026-08-01 00:00:00,48970,349.9
2026-08-01 00:00:00,40668,199.9
2026-08-01 00:00:00,54383,459.9
2026-08-01 00:00:00,39586,229.9
2026-08-01 00:00:00,41905,199.0
2026-08-01 00:00:00,39585,19.9
2026-08-01 00:00:00,57914,49.9
2026-08-01 00:00:00,39384,24.9
2026-08-01 00:00:00,57945,69.9
2026-08-01 00:00:00,57865,49.9
2026-08-01 00:00:00,40667,149.0
2026-08-01 00:00:00,58947,359.9
2026-08-01 00:00:00,59009,399.9
2026-08-01 00:00:00,57828,329.9
2026-08-01 00:00:00,54382,549.9
2026-08-01 00:00:00,15271,92.45
2026-08-01 00:00:00,62100,299.9
2026-08-01 00:00:00,62101,99.9
2026-08-01 00:00:00,55240,159.9
2026-08-01 00:00:00,54377,349.9
2026-08-01 00:00:00,38681,199.9
2026-08-01 00:00:00,43959,249.9
2026-08-01 00:00:00,60229,699.9
2026-08-01 00:00:00,54425,999.0
2026-08-01 00:00:00,60228,999.0
2026-08-01 00:00:00,60226,899.0
2026-08-01 00:00:00,60227,899.0
2026-08-01 00:00:00,60225,699.9
2026-08-01 00:00:00,60214,3499.0
2026-08-01 00:00:00,62115,159.9
2026-08-01 00:00:00,64596,99.9
2026-08-01 00:00:00,62114,159.9
2026-08-01 00:00:00,64595,79.9
2026-08-01 00:00:00,62112,159.9
2026-08-01 00:00:00,62103,359.9
2026-08-01 00:00:00,62102,399.9
2026-08-01 00:00:00,62998,49.9
2026-08-01 00:00:00,62997,49.9
2026-08-01 00:00:00,32862,69.9
2026-08-01 00:00:00,36625,29.9
2026-08-01 00:00:00,54566,139.9
2026-08-01 00:00:00,62089,69.9
2026-08-01 00:00:00,55230,65.0
2026-08-01 00:00:00,57952,159.9
2026-08-01 00:00:00,34792,249.9
2026-08-01 00:00:00,62167,249.0
2026-08-01 00:00:00,64880,599.0
2026-08-01 00:00:00,55387,359.9
2026-08-01 00:00:00,57912,44.9
2026-08-01 00:00:00,21332,479.0
2026-08-01 00:00:00,33917,99.9
2026-08-01 00:00:00,64560,199.9
2026-08-01 00:00:00,64580,199.9
2026-08-01 00:00:00,64565,299.9
2026-08-01 00:00:00,54564,39.9
2026-08-01 00:00:00,64581,199.9
2026-08-01 00:00:00,62180,199.9
2026-08-01 00:00:00,62181,239.9
2026-08-01 00:00:00,31376,89.9
2026-08-01 00:00:00,55246,142.0
2026-08-01 00:00:00,62059,79.9
2026-08-01 00:00:00,54479,79.9
2026-08-01 00:00:00,54537,399.9
2026-08-01 00:00:00,54941,159.9
2026-08-01 00:00:00,55466,99.9
2026-08-01 00:00:00,54475,99.9
2026-08-01 00:00:00,55560,459.9
2026-08-01 00:00:00,55559,109.9
2026-08-01 00:00:00,55558,899.9
2026-08-01 00:00:00,55561,219.9
2026-08-01 00:00:00,12406,599.9
2026-08-01 00:00:00,54582,159.9
2026-08-01 00:00:00,64558,129.9
2026-08-01 00:00:00,64563,129.9
2026-08-01 00:00:00,64556,99.9
2026-08-01 00:00:00,64562,99.9
2026-08-01 00:00:00,54563,49.9
2026-08-01 00:00:00,57873,249.9
2026-08-01 00:00:00,31255,39.9
2026-08-01 00:00:00,54381,399.9
2026-08-01 00:00:00,57913,359.9
2026-08-01 00:00:00,57874,149.9
2026-08-01 00:00:00,57916,199.9
2026-08-01 00:00:00,41900,249.9
2026-08-01 00:00:00,26428,199.9
2026-08-01 00:00:00,54380,299.9
2026-08-01 00:00:00,54183,69.9
2026-08-01 00:00:00,54180,89.9
2026-08-01 00:00:00,64573,199.9
2026-08-01 00:00:00,64576,199.9
2026-08-01 00:00:00,64572,199.9
2026-08-01 00:00:00,64574,199.9
2026-08-01 00:00:00,64575,199.9
2026-08-01 00:00:00,64587,199.9
2026-08-01 00:00:00,64591,199.9
2026-08-01 00:00:00,64592,199.9
2026-08-01 00:00:00,64571,199.9
2026-08-01 00:00:00,64570,229.9
2026-08-01 00:00:00,64566,229.9
2026-08-01 00:00:00,64588,229.9
2026-08-01 00:00:00,64578,199.9
2026-08-01 00:00:00,64585,199.9
2026-08-01 00:00:00,64593,199.9
2026-08-01 00:00:00,57836,59.9
2026-08-01 00:00:00,64582,99.9
2026-08-01 00:00:00,64561,159.9
2026-08-01 00:00:00,64579,159.9
2026-08-01 00:00:00,64577,159.9
2026-08-01 00:00:00,64586,129.9
2026-08-01 00:00:00,64584,129.9
2026-08-01 00:00:00,64583,129.9
2026-08-01 00:00:00,64554,99.9
2026-08-01 00:00:00,64550,99.9
2026-08-01 00:00:00,64553,99.9
2026-08-01 00:00:00,64552,99.9
2026-08-01 00:00:00,64549,129.9
2026-08-01 00:00:00,64555,129.9
2026-08-01 00:00:00,63056,424.9
2026-08-01 00:00:00,64567,99.9
2026-08-01 00:00:00,64568,129.9
2026-08-01 00:00:00,64557,129.9
2026-08-01 00:00:00,62170,399.0
2026-08-01 00:00:00,62099,79.9
2026-08-01 00:00:00,64597,59.9
2026-08-01 00:00:00,62105,239.9
2026-08-01 00:00:00,52232,199.9
2026-08-01 00:00:00,52233,199.9
2026-08-01 00:00:00,55389,399.9
2026-08-01 00:00:00,55390,399.9
2026-08-01 00:00:00,57826,119.9
2026-08-01 00:00:00,57827,169.9
2026-08-01 00:00:00,15244,199.9
2026-08-01 00:00:00,57786,199.9
2026-08-01 00:00:00,57871,169.0
2026-08-01 00:00:00,57917,299.9
2026-08-01 00:00:00,57918,149.9
2026-08-01 00:00:00,33922,225.0
2026-08-01 00:00:00,60536,29.9
2026-08-01 00:00:00,54169,74.2
2026-08-01 00:00:00,54565,29.9
2026-08-01 00:00:00,55235,39.9
2026-08-01 00:00:00,62098,299.9
2026-08-01 00:00:00,52239,219.9
2026-08-01 00:00:00,15288,39.9
2026-08-01 00:00:00,54561,299.9
2026-08-01 00:00:00,54533,199.9
2026-08-01 00:00:00,54571,99.9
2026-08-01 00:00:00,54575,149.9
2026-08-01 00:00:00,54560,199.9
2026-08-01 00:00:00,54574,349.9
2026-08-01 00:00:00,55535,399.9
2026-08-01 00:00:00,54576,449.9
2026-08-01 00:00:00,59043,1999.9
2026-08-01 00:00:00,19574,119.9
2026-08-01 00:00:00,64594,199.9
2026-08-01 00:00:00,58983,199.9
2026-08-01 00:00:00,57875,69.9
2026-08-01 00:00:00,19564,64.9
2026-08-01 00:00:00,62128,499.9
2026-08-01 00:00:00,62129,499.9
2026-08-01 00:00:00,54386,29.9
2026-08-01 00:00:00,59044,159.9
2026-08-01 00:00:00,62107,229.9
2026-08-01 00:00:00,62106,159.9
2026-08-01 00:00:00,62108,199.9
2026-08-01 00:00:00,36858,249.9
2026-08-01 00:00:00,54535,169.9
2026-08-01 00:00:00,32972,169.9
2026-08-01 00:00:00,55688,149.9
2026-08-01 00:00:00,54387,249.9
2026-08-01 00:00:00,55689,189.9
2026-08-01 00:00:00,55692,229.9
2026-08-01 00:00:00,39386,429.9
2026-08-01 00:00:00,39588,599.9
2026-08-01 00:00:00,39587,199.9
2026-08-01 00:00:00,39382,799.9
2026-08-01 00:00:00,57954,189.9
2026-08-01 00:00:00,54548,7.9
2026-08-01 00:00:00,64854,24.9
2026-08-01 00:00:00,62995,159.9
2026-08-01 00:00:00,62996,149.9
2026-08-01 00:00:00,43942,359.9
2026-08-01 00:00:00,38679,99.9
2026-08-01 00:00:00,62104,299.9
2026-08-01 00:00:00,62074,299.9
2026-08-01 00:00:00,62156,499.9
2026-08-01 00:00:00,57886,119.9
2026-08-01 00:00:00,60108,699.0
2026-08-01 00:00:00,62999,159.9
2026-08-01 00:00:00,62110,79.9
2026-08-01 00:00:00,62113,79.9
2026-08-01 00:00:00,62111,79.9
2026-08-01 00:00:00,55215,46.0
2026-08-01 00:00:00,54186,249.9
2026-08-01 00:00:00,53821,39.9
2026-08-01 00:00:00,36486,29.9
2026-08-01 00:00:00,40661,129.9
2026-08-01 00:00:00,40660,279.9
2026-08-01 00:00:00,54379,299.9
2026-08-01 00:00:00,62920,115.2
2026-08-01 00:00:00,57860,299.9
2026-08-01 00:00:00,55388,299.9
2026-08-01 00:00:00,21605,19.9
2026-08-01 00:00:00,62073,159.9
2026-08-01 00:00:00,43943,79.9
2026-08-01 00:00:00,64569,69.9
2026-08-01 00:00:00,64564,89.9
2026-08-01 00:00:00,64559,89.9
2026-08-01 00:00:00,54378,239.9
2026-08-01 00:00:00,54376,239.9
2026-08-01 00:00:00,62168,249.0
2026-08-01 00:00:00,55538,349.9
2026-08-01 00:00:00,53579,17.3
2026-08-01 00:00:00,51583,149.9
2026-08-01 00:00:00,58962,89.9
2026-08-01 00:00:00,53441,149.9
2026-08-01 00:00:00,52825,99.9
2026-08-01 00:00:00,53436,699.9
2026-08-01 00:00:00,53435,299.9
2026-08-01 00:00:00,53437,299.9
2026-08-01 00:00:00,52693,199.9
2026-08-01 00:00:00,53094,199.9
2026-08-01 00:00:00,53445,149.9
2026-08-01 00:00:00,53444,299.9
2026-08-01 00:00:00,53443,89.9
2026-08-01 00:00:00,53442,119.9
2026-08-01 00:00:00,62665,2799.2
2026-08-01 00:00:00,62769,1999.2
2026-08-01 00:00:00,62764,1199.2
2026-08-01 00:00:00,62575,2079.2
2026-08-01 00:00:00,62597,2079.2
2026-08-01 00:00:00,62533,1759.2
2026-08-01 00:00:00,62528,1759.2
2026-08-01 00:00:00,44256,1999.2
2026-08-01 00:00:00,62493,3359.2
2026-08-01 00:00:00,62492,4719.2
2026-08-01 00:00:00,48983,799.2
2026-08-01 00:00:00,49848,799.2
2026-08-01 00:00:00,62525,799.2
2026-08-01 00:00:00,44523,1919.2
2026-08-01 00:00:00,62544,1839.2
2026-08-01 00:00:00,62702,1279.2
2026-08-01 00:00:00,62697,1279.2
2026-08-01 00:00:00,62716,1519.2
2026-08-01 00:00:00,62713,1039.2
2026-08-01 00:00:00,62506,1359.2
2026-08-01 00:00:00,62514,1359.2
2026-08-01 00:00:00,62513,2159.2
2026-08-01 00:00:00,62499,1359.2
2026-08-01 00:00:00,62509,2159.2
2026-08-01 00:00:00,47321,2319.2
2026-08-01 00:00:00,62517,1039.2
2026-08-01 00:00:00,62727,2159.2
2026-08-01 00:00:00,62720,2159.2
2026-08-01 00:00:00,62609,2399.2
2026-08-01 00:00:00,42107,24.9
2026-08-01 00:00:00,62761,1999.2
2026-08-01 00:00:00,30543,899.5
2026-08-01 00:00:00,62758,1919.2
2026-08-01 00:00:00,30632,1699.0
2026-08-01 00:00:00,27024,559.2
2026-08-01 00:00:00,58437,449.9
2026-08-01 00:00:00,58436,1299.0
2026-08-01 00:00:00,49378,79.9
2026-08-01 00:00:00,58853,699.9
2026-08-01 00:00:00,58409,199.9
2026-08-01 00:00:00,58408,299.9
2026-08-01 00:00:00,58442,149.9
2026-08-01 00:00:00,58440,189.9
2026-08-01 00:00:00,49133,19.9
2026-08-01 00:00:00,47210,559.9
2026-08-01 00:00:00,58484,169.9
2026-08-01 00:00:00,58383,229.9
2026-08-01 00:00:00,58433,299.9
2026-08-01 00:00:00,53098,349.93
2026-08-01 00:00:00,53099,244.93
2026-08-01 00:00:00,53100,349.93
2026-08-01 00:00:00,55699,349.93
2026-08-01 00:00:00,53349,244.93
2026-08-01 00:00:00,53416,244.93
2026-08-01 00:00:00,53173,349.93
2026-08-01 00:00:00,46742,149.9
2026-08-01 00:00:00,48050,89.9
2026-08-01 00:00:00,52605,89.9
2026-08-01 00:00:00,44280,49.9
2026-08-01 00:00:00,50653,44.9
2026-08-01 00:00:00,53097,244.93
2026-08-01 00:00:00,51117,199.9
2026-08-01 00:00:00,51118,199.9
2026-08-01 00:00:00,50261,49.9
2026-08-01 00:00:00,49570,129.9
2026-08-01 00:00:00,48699,299.9
2026-08-01 00:00:00,51107,249.9
2026-08-01 00:00:00,47194,269.9
2026-08-01 00:00:00,50688,299.9
2026-08-01 00:00:00,48705,199.9
2026-08-01 00:00:00,48706,199.9
2026-08-01 00:00:00,48701,299.9
2026-08-01 00:00:00,58467,339.9
2026-08-01 00:00:00,53245,50.0
2026-08-01 00:00:00,50453,199.0
2026-08-01 00:00:00,58470,249.9
2026-08-01 00:00:00,58473,229.9
2026-08-01 00:00:00,46759,249.0
2026-08-01 00:00:00,50451,229.0
2026-08-01 00:00:00,46687,149.9
2026-08-01 00:00:00,58399,259.9
2026-08-01 00:00:00,58394,259.9
2026-08-01 00:00:00,58395,259.9
2026-08-01 00:00:00,58403,329.9
2026-08-01 00:00:00,42463,269.9
2026-08-01 00:00:00,51104,249.9
2026-08-01 00:00:00,13306,139.0
2026-08-01 00:00:00,48672,269.9
2026-08-01 00:00:00,48687,209.94
2026-08-01 00:00:00,48688,349.9
2026-08-01 00:00:00,48682,209.94
2026-08-01 00:00:00,48683,249.9
2026-08-01 00:00:00,48674,269.9
2026-08-01 00:00:00,48670,161.94
2026-08-01 00:00:00,39820,349.9
2026-08-01 00:00:00,39815,209.94
2026-08-01 00:00:00,39823,269.9
2026-08-01 00:00:00,48685,269.9
2026-08-01 00:00:00,48680,161.94
2026-08-01 00:00:00,48676,269.9
2026-08-01 00:00:00,48691,349.9
2026-08-01 00:00:00,48677,209.94
2026-08-01 00:00:00,48684,349.9
2026-08-01 00:00:00,48679,209.94
2026-08-01 00:00:00,48693,209.94
2026-08-01 00:00:00,48675,161.94
2026-08-01 00:00:00,48671,349.9
2026-08-01 00:00:00,48673,349.9
2026-08-01 00:00:00,63651,14.9
2026-08-01 00:00:00,52267,59.9
2026-08-01 00:00:00,51123,299.0
2026-08-01 00:00:00,51129,799.9
2026-08-01 00:00:00,46886,169.9
2026-08-01 00:00:00,63703,169.9
2026-08-01 00:00:00,53913,1199.0
2026-08-01 00:00:00,62961,79.9
2026-08-01 00:00:00,53912,699.9
2026-08-01 00:00:00,63957,1599.0
2026-08-01 00:00:00,53897,999.0
2026-08-01 00:00:00,49282,39.9
2026-08-01 00:00:00,47928,24.9
2026-08-01 00:00:00,58431,799.9
2026-08-01 00:00:00,58432,699.9
2026-08-01 00:00:00,58429,799.9
2026-08-01 00:00:00,50266,19.9
2026-08-01 00:00:00,40176,69.9
2026-08-01 00:00:00,58449,499.9
2026-08-01 00:00:00,58451,899.9
2026-08-01 00:00:00,51113,299.9
2026-08-01 00:00:00,51114,349.9
2026-08-01 00:00:00,64001,69.9
2026-08-01 00:00:00,58478,329.9
2026-08-01 00:00:00,58477,179.9
2026-08-01 00:00:00,58446,79.9
2026-08-01 00:00:00,23261,299.0
2026-08-01 00:00:00,46904,399.9
2026-08-01 00:00:00,48197,549.9
2026-08-01 00:00:00,52284,69.9
2026-08-01 00:00:00,47204,299.9
2026-08-01 00:00:00,48239,399.0
2026-08-01 00:00:00,33497,99.9
2026-08-01 00:00:00,52833,59.9
2026-08-01 00:00:00,32021,44.9
2026-08-01 00:00:00,51111,589.9
2026-08-01 00:00:00,58463,349.9
2026-08-01 00:00:00,51633,169.9
2026-08-01 00:00:00,58462,249.9
2026-08-01 00:00:00,58464,429.9
2026-08-01 00:00:00,58461,349.9
2026-08-01 00:00:00,52580,159.0
2026-08-01 00:00:00,51112,549.9
2026-08-01 00:00:00,53359,119.0
2026-08-01 00:00:00,58430,169.9
2026-08-01 00:00:00,47940,59.9
2026-08-01 00:00:00,52268,59.9
2026-08-01 00:00:00,48091,39.9
2026-08-01 00:00:00,48363,49.9
2026-08-01 00:00:00,52613,59.9
2026-08-01 00:00:00,63944,34.9
2026-08-01 00:00:00,63943,34.9
2026-08-01 00:00:00,52614,34.9
2026-08-01 00:00:00,29491,19.9
2026-08-01 00:00:00,16952,14.9
2026-08-01 00:00:00,48066,9.9
2026-08-01 00:00:00,16942,24.9
2026-08-01 00:00:00,16936,24.9
2026-08-01 00:00:00,16953,69.9
2026-08-01 00:00:00,29499,19.9
2026-08-01 00:00:00,53502,449.9
2026-08-01 00:00:00,58980,239.9
2026-08-01 00:00:00,53505,239.9
2026-08-01 00:00:00,53504,269.9
2026-08-01 00:00:00,53503,209.9
2026-08-01 00:00:00,51257,399.9
2026-08-01 00:00:00,49369,399.0
2026-08-01 00:00:00,50477,99.0
2026-08-01 00:00:00,52152,149.9
2026-08-01 00:00:00,50115,149.9
2026-08-01 00:00:00,50116,249.9
2026-08-01 00:00:00,58372,999.0
2026-08-01 00:00:00,58382,269.9
2026-08-01 00:00:00,46697,69.9
2026-08-01 00:00:00,58428,239.9
2026-08-01 00:00:00,58455,399.9
2026-08-01 00:00:00,58453,499.9
2026-08-01 00:00:00,58457,349.9
2026-08-01 00:00:00,58456,499.9
2026-08-01 00:00:00,58454,349.9
2026-08-01 00:00:00,58452,599.9
2026-08-01 00:00:00,58439,529.9
2026-08-01 00:00:00,46746,139.0
2026-08-01 00:00:00,49372,159.0
2026-08-01 00:00:00,58438,449.9
2026-08-01 00:00:00,46867,239.0
2026-08-01 00:00:00,49024,299.9
2026-08-01 00:00:00,49025,729.9
2026-08-01 00:00:00,49022,549.9
2026-08-01 00:00:00,51631,129.9
2026-08-01 00:00:00,46826,179.0
2026-08-01 00:00:00,49373,79.0
2026-08-01 00:00:00,31201,149.9
2026-08-01 00:00:00,55076,96.5
2026-08-01 00:00:00,55082,122.8
2026-08-01 00:00:00,50267,39.9
2026-08-01 00:00:00,46632,14.9
2026-08-01 00:00:00,53906,64.9
2026-08-01 00:00:00,53899,62.9
2026-08-01 00:00:00,53898,62.9
2026-08-01 00:00:00,13308,129.0
2026-08-01 00:00:00,30688,19.9
2026-08-01 00:00:00,32016,79.9
2026-08-01 00:00:00,29510,49.9
2026-08-01 00:00:00,24016,34.9
2026-08-01 00:00:00,15843,89.9
2026-08-01 00:00:00,15952,99.0
2026-08-01 00:00:00,15950,109.0
2026-08-01 00:00:00,58963,1399.0
2026-08-01 00:00:00,55452,429.9
2026-08-01 00:00:00,55453,599.9
2026-08-01 00:00:00,58518,229.9
2026-08-01 00:00:00,58519,229.9
2026-08-01 00:00:00,58520,229.9
2026-08-01 00:00:00,50651,129.9
2026-08-01 00:00:00,51599,159.9
2026-08-01 00:00:00,53908,499.9
2026-08-01 00:00:00,53911,699.9
2026-08-01 00:00:00,49028,229.9
2026-08-01 00:00:00,49027,499.9
2026-08-01 00:00:00,52645,169.9
2026-08-01 00:00:00,52621,99.9
2026-08-01 00:00:00,51601,229.9
2026-08-01 00:00:00,49559,389.9
2026-08-01 00:00:00,51602,169.9
2026-08-01 00:00:00,55444,699.9
2026-08-01 00:00:00,49578,329.9
2026-08-01 00:00:00,51604,169.9
2026-08-01 00:00:00,49574,289.9
2026-08-01 00:00:00,49573,549.9
2026-08-01 00:00:00,58847,38.0
2026-08-01 00:00:00,58480,169.9
2026-08-01 00:00:00,58481,229.9
2026-08-01 00:00:00,64876,29.9
2026-08-01 00:00:00,51126,519.9
2026-08-01 00:00:00,51127,519.9
2026-08-01 00:00:00,36866,669.9
2026-08-01 00:00:00,52470,49.9
2026-08-01 00:00:00,54639,89.9
2026-08-01 00:00:00,54640,89.9
2026-08-01 00:00:00,51721,79.9
2026-08-01 00:00:00,20463,99.0
2026-08-01 00:00:00,36656,34.9
2026-08-01 00:00:00,59014,129.9
2026-08-01 00:00:00,59016,99.9
2026-08-01 00:00:00,59012,189.9
2026-08-01 00:00:00,58954,219.9
2026-08-01 00:00:00,58957,129.9
2026-08-01 00:00:00,58958,159.9
2026-08-01 00:00:00,31929,149.9
2026-08-01 00:00:00,46755,149.9
2026-08-01 00:00:00,58895,109.9
2026-08-01 00:00:00,58897,149.9
2026-08-01 00:00:00,58891,799.9
2026-08-01 00:00:00,58910,259.9
2026-08-01 00:00:00,58434,129.9
2026-08-01 00:00:00,36868,329.9
2026-08-01 00:00:00,36869,290.9
2026-08-01 00:00:00,50031,129.9
2026-08-01 00:00:00,47943,49.9
2026-08-01 00:00:00,58999,229.9
2026-08-01 00:00:00,32023,329.9
2026-08-01 00:00:00,55707,70.9
2026-08-01 00:00:00,55708,83.9
2026-08-01 00:00:00,58487,99.9
2026-08-01 00:00:00,50654,24.9
2026-08-01 00:00:00,58479,59.9
2026-08-01 00:00:00,16946,99.0
2026-08-01 00:00:00,58517,149.9
2026-08-01 00:00:00,58515,34.9
2026-08-01 00:00:00,50430,49.9
2026-08-01 00:00:00,32025,639.9
2026-08-01 00:00:00,51108,249.9
2026-08-01 00:00:00,48190,499.9
2026-08-01 00:00:00,58447,99.9
2026-08-01 00:00:00,58435,149.9
2026-08-01 00:00:00,57785,333.8
2026-08-01 00:00:00,17848,219.9
2026-08-01 00:00:00,17864,159.9
2026-08-01 00:00:00,17853,169.9
2026-08-01 00:00:00,17859,209.9
2026-08-01 00:00:00,17854,259.9
2026-08-01 00:00:00,17857,129.9
2026-08-01 00:00:00,17865,159.9
2026-08-01 00:00:00,17863,219.9
2026-08-01 00:00:00,30739,169.9
2026-08-01 00:00:00,30734,109.9
2026-08-01 00:00:00,52631,59.9
2026-08-01 00:00:00,54337,69.9
2026-08-01 00:00:00,64371,599.0
2026-08-01 00:00:00,55442,549.9
2026-08-01 00:00:00,55443,299.9
2026-08-01 00:00:00,30685,19.9
2026-08-01 00:00:00,52834,299.9
2026-08-01 00:00:00,52835,239.9
2026-08-01 00:00:00,48263,1299.0
2026-08-01 00:00:00,9306,499.9
2026-08-01 00:00:00,49168,399.9
2026-08-01 00:00:00,18145,19.9
2026-08-01 00:00:00,18146,24.9
2026-08-01 00:00:00,52831,49.9
2026-08-01 00:00:00,13795,129.9
2026-08-01 00:00:00,19924,69.9
2026-08-01 00:00:00,26499,449.9
2026-08-01 00:00:00,13797,69.9
2026-08-01 00:00:00,13796,69.9
2026-08-01 00:00:00,49014,449.9
2026-08-01 00:00:00,46953,99.9
2026-08-01 00:00:00,50105,149.9
2026-08-01 00:00:00,18144,19.9
2026-08-01 00:00:00,49012,349.9
2026-08-01 00:00:00,49013,349.9
2026-08-01 00:00:00,49010,129.9
2026-08-01 00:00:00,55491,69.9
2026-08-01 00:00:00,55492,79.9
2026-08-01 00:00:00,52822,79.9
2026-08-01 00:00:00,29737,69.9
2026-08-01 00:00:00,29736,69.9
2026-08-01 00:00:00,52827,189.9
2026-08-01 00:00:00,52828,229.9
2026-08-01 00:00:00,29731,49.9
2026-08-01 00:00:00,29732,49.9
2026-08-01 00:00:00,29730,29.9
2026-08-01 00:00:00,13794,129.9
2026-08-01 00:00:00,50033,129.9
2026-08-01 00:00:00,30393,24.9
2026-08-01 00:00:00,29718,17.9
2026-08-01 00:00:00,30667,15.9
2026-08-01 00:00:00,50699,159.9
2026-08-01 00:00:00,29721,29.9
2026-08-01 00:00:00,51134,79.9
2026-08-01 00:00:00,47207,16.9
2026-08-01 00:00:00,47211,19.9
2026-08-01 00:00:00,47212,16.9
2026-08-01 00:00:00,47214,22.9
2026-08-01 00:00:00,47213,19.9
2026-08-01 00:00:00,50060,39.9
2026-08-01 00:00:00,29725,49.9
2026-08-01 00:00:00,29724,49.9
2026-08-01 00:00:00,29723,49.9
2026-08-01 00:00:00,29726,49.9
2026-08-01 00:00:00,29722,34.9
2026-08-01 00:00:00,47223,44.9
2026-08-01 00:00:00,47222,59.9
2026-08-01 00:00:00,46824,69.9
2026-08-01 00:00:00,46721,89.9
2026-08-01 00:00:00,46882,119.9
2026-08-01 00:00:00,46839,169.9
2026-08-01 00:00:00,46708,49.9
2026-08-01 00:00:00,46831,69.9
2026-08-01 00:00:00,46887,119.9
2026-08-01 00:00:00,46710,69.9
2026-08-01 00:00:00,13809,99.0
2026-08-01 00:00:00,58465,229.9
2026-08-01 00:00:00,58466,289.9
2026-08-01 00:00:00,13801,89.9
2026-08-01 00:00:00,13798,69.9
2026-08-01 00:00:00,14065,89.9
2026-08-01 00:00:00,13800,89.9
2026-08-01 00:00:00,13802,89.9
2026-08-01 00:00:00,13799,69.9
2026-08-01 00:00:00,29728,59.9
2026-08-01 00:00:00,29727,59.9
2026-08-01 00:00:00,29729,59.9
2026-08-01 00:00:00,33734,34.9
2026-08-01 00:00:00,33731,29.9
2026-08-01 00:00:00,33733,34.9
2026-08-01 00:00:00,33730,29.9
2026-08-01 00:00:00,33736,49.9
2026-08-01 00:00:00,33732,34.9
2026-08-01 00:00:00,33729,29.9
2026-08-01 00:00:00,33735,34.9
2026-08-01 00:00:00,33499,34.9
2026-08-01 00:00:00,33726,39.9
2026-08-01 00:00:00,33724,34.9
2026-08-01 00:00:00,33725,39.9
2026-08-01 00:00:00,33723,34.9
2026-08-01 00:00:00,33727,39.9
2026-08-01 00:00:00,33728,59.9
2026-08-01 00:00:00,33737,49.9
2026-08-01 00:00:00,33498,39.9
2026-08-01 00:00:00,55087,123.2
2026-08-01 00:00:00,52823,79.9
2026-08-01 00:00:00,58488,129.9
2026-08-01 00:00:00,58486,129.9
2026-08-01 00:00:00,46885,249.9
2026-08-01 00:00:00,54354,139.9
2026-08-01 00:00:00,54355,120.0
2026-08-01 00:00:00,53501,259.9
2026-08-01 00:00:00,55073,79.9
2026-08-01 00:00:00,52734,179.9
2026-08-01 00:00:00,52735,269.9
2026-08-01 00:00:00,51772,119.9
2026-08-01 00:00:00,51771,79.9
2026-08-01 00:00:00,58981,59.9
2026-08-01 00:00:00,63709,69.9
2026-08-01 00:00:00,53917,64.9
2026-08-01 00:00:00,53918,64.9
2026-08-01 00:00:00,52837,69.9
2026-08-01 00:00:00,52597,79.9
2026-08-01 00:00:00,58485,59.9
2026-08-01 00:00:00,52836,79.9
2026-08-01 00:00:00,53901,99.9
2026-08-01 00:00:00,32028,59.9
2026-08-01 00:00:00,21703,79.9
2026-08-01 00:00:00,63701,64.9
2026-08-01 00:00:00,63454,59.9
2026-08-01 00:00:00,63455,39.9
2026-08-01 00:00:00,53894,79.9
2026-08-01 00:00:00,63684,32.0
2026-08-01 00:00:00,53905,44.9
2026-08-01 00:00:00,53902,44.9
2026-08-01 00:00:00,63691,31.5
2026-08-01 00:00:00,28380,49.9
2026-08-01 00:00:00,58385,129.9
2026-08-01 00:00:00,58490,129.9
2026-08-01 00:00:00,58489,109.9
2026-08-01 00:00:00,58491,99.9
2026-08-01 00:00:00,58386,189.9
2026-08-01 00:00:00,53904,129.9
2026-08-01 00:00:00,53903,129.9
2026-08-01 00:00:00,53915,129.9
2026-08-01 00:00:00,58978,199.9
2026-08-01 00:00:00,52819,199.9
2026-08-01 00:00:00,51131,209.9
2026-08-01 00:00:00,58529,169.9
2026-08-01 00:00:00,46684,129.9
2026-08-01 00:00:00,51101,259.9
2026-08-01 00:00:00,51103,229.9
2026-08-01 00:00:00,46895,229.9
2026-08-01 00:00:00,58393,249.9
2026-08-01 00:00:00,58387,319.9
2026-08-01 00:00:00,51106,249.9
2026-08-01 00:00:00,58513,129.9
2026-08-01 00:00:00,53174,188.3
2026-08-01 00:00:00,53177,349.93
2026-08-01 00:00:00,53172,188.3
2026-08-01 00:00:00,53179,349.93
2026-08-01 00:00:00,24282,59.9
2026-08-01 00:00:00,31956,9.9
2026-08-01 00:00:00,23250,24.9
2026-08-01 00:00:00,17104,49.9
2026-08-01 00:00:00,17105,49.9
2026-08-01 00:00:00,17106,49.9
2026-08-01 00:00:00,17107,9.9
2026-08-01 00:00:00,16949,49.9
2026-08-01 00:00:00,16948,9.9
2026-08-01 00:00:00,14813,19.9
2026-08-01 00:00:00,47953,18.5
2026-08-01 00:00:00,48310,199.9
2026-08-01 00:00:00,48422,149.9
2026-08-01 00:00:00,10170,230.93
2026-08-01 00:00:00,48412,299.9
2026-08-01 00:00:00,50304,299.9
2026-08-01 00:00:00,48258,249.9
2026-08-01 00:00:00,13806,144.9
2026-08-01 00:00:00,10180,230.93
2026-08-01 00:00:00,10165,230.93
2026-08-01 00:00:00,10181,230.93
2026-08-01 00:00:00,46725,229.9
2026-08-01 00:00:00,47968,289.0
2026-08-01 00:00:00,10167,160.93
2026-08-01 00:00:00,10164,160.93
2026-08-01 00:00:00,6230,160.93
2026-08-01 00:00:00,10166,160.93
2026-08-01 00:00:00,48371,329.9
2026-08-01 00:00:00,57245,369.9
2026-08-01 00:00:00,55069,76.5
2026-08-01 00:00:00,51945,159.9
2026-08-01 00:00:00,9303,139.0
2026-08-01 00:00:00,12648,19.9
2026-08-01 00:00:00,49030,829.9
2026-08-01 00:00:00,29515,19.9
2026-08-01 00:00:00,63714,179.9
2026-08-01 00:00:00,31953,19.9
2026-08-01 00:00:00,46711,59.9
2026-08-01 00:00:00,53889,199.9
2026-08-01 00:00:00,53890,149.9
2026-08-01 00:00:00,46830,24.9
2026-08-01 00:00:00,49073,39.9
2026-08-01 00:00:00,49407,89.9
2026-08-01 00:00:00,47220,59.9
2026-08-01 00:00:00,47949,49.9
2026-08-01 00:00:00,48043,89.9
2026-08-01 00:00:00,48036,89.9
2026-08-01 00:00:00,48027,69.9
2026-08-01 00:00:00,46705,129.9
2026-08-01 00:00:00,48099,34.9
2026-08-01 00:00:00,58876,44.9
2026-08-01 00:00:00,58877,44.9
2026-08-01 00:00:00,48101,29.9
2026-08-01 00:00:00,53895,69.9
2026-08-01 00:00:00,23944,19.9
2026-08-01 00:00:00,18141,34.9
2026-08-01 00:00:00,18139,39.9
2026-08-01 00:00:00,53309,19.9
2026-08-01 00:00:00,53582,22.8
2026-08-01 00:00:00,62722,2399.2
2026-08-01 00:00:00,47311,0.0
2026-08-01 00:00:00,44928,1149.5
2026-08-01 00:00:00,44930,849.5
2026-08-01 00:00:00,44929,2899.0
2026-08-01 00:00:00,48627,79.9
2026-08-01 00:00:00,48634,169.9
2026-08-01 00:00:00,48602,179.9
2026-08-01 00:00:00,50114,239.9
2026-08-01 00:00:00,50113,239.9
2026-08-01 00:00:00,54932,149.9
2026-08-01 00:00:00,48694,349.9
2026-08-01 00:00:00,48696,349.9
2026-08-01 00:00:00,50411,129.9
2026-08-01 00:00:00,50412,159.9
2026-08-01 00:00:00,48607,179.9
2026-08-01 00:00:00,48614,179.9
2026-08-01 00:00:00,47404,159.9
2026-08-01 00:00:00,55364,89.9
2026-08-01 00:00:00,55459,549.9
2026-08-01 00:00:00,50062,599.9
2026-08-01 00:00:00,48625,399.9
2026-08-01 00:00:00,26947,0.0
2026-08-01 00:00:00,63733,14.9
2026-08-01 00:00:00,55802,279.3
2026-08-01 00:00:00,48639,299.9
2026-08-01 00:00:00,63009,149.9
2026-08-01 00:00:00,63006,199.9
2026-08-01 00:00:00,62948,99.9
2026-08-01 00:00:00,63008,189.9
2026-08-01 00:00:00,54793,33.96
2026-08-01 00:00:00,26304,149.9
2026-08-01 00:00:00,26318,19.9
2026-08-01 00:00:00,42508,69.9
2026-08-01 00:00:00,38513,129.9
2026-08-01 00:00:00,27523,199.9
2026-08-01 00:00:00,52462,69.9
2026-08-01 00:00:00,63224,75.0
2026-08-01 00:00:00,64874,199.9
2026-08-01 00:00:00,46484,399.9
2026-08-01 00:00:00,60082,499.9
2026-08-01 00:00:00,60081,499.9
2026-08-01 00:00:00,63156,139.9
2026-08-01 00:00:00,46432,249.9
2026-08-01 00:00:00,63162,139.9
2026-08-01 00:00:00,37969,399.9
2026-08-01 00:00:00,14347,399.9
2026-08-01 00:00:00,46507,449.9
2026-08-01 00:00:00,27489,79.9
2026-08-01 00:00:00,46467,729.0
2026-08-01 00:00:00,56966,79.9
2026-08-01 00:00:00,57633,85.0
2026-08-01 00:00:00,53952,19.9
2026-08-01 00:00:00,52293,49.9
2026-08-01 00:00:00,63263,29.9
2026-08-01 00:00:00,53049,69.9
2026-08-01 00:00:00,52287,49.9
2026-08-01 00:00:00,53050,49.9
2026-08-01 00:00:00,35024,19.9
2026-08-01 00:00:00,56022,54.0
2026-08-01 00:00:00,55967,31.0
2026-08-01 00:00:00,55999,31.0
2026-08-01 00:00:00,56734,31.0
2026-08-01 00:00:00,56735,52.0
2026-08-01 00:00:00,56732,52.0
2026-08-01 00:00:00,56730,52.0
2026-08-01 00:00:00,56736,49.0
2026-08-01 00:00:00,56174,63.0
2026-08-01 00:00:00,56181,68.0
2026-08-01 00:00:00,56183,68.0
2026-08-01 00:00:00,56182,68.0
2026-08-01 00:00:00,56175,66.0
2026-08-01 00:00:00,56176,66.0
2026-08-01 00:00:00,56178,66.0
2026-08-01 00:00:00,56180,55.5
2026-08-01 00:00:00,56197,52.0
2026-08-01 00:00:00,56731,38.0
2026-08-01 00:00:00,56729,38.0
2026-08-01 00:00:00,55962,38.0
2026-08-01 00:00:00,56010,38.0
2026-08-01 00:00:00,55963,38.0
2026-08-01 00:00:00,55996,38.0
2026-08-01 00:00:00,56138,23.0
2026-08-01 00:00:00,56134,23.0
2026-08-01 00:00:00,56198,39.0
2026-08-01 00:00:00,55953,56.0
2026-08-01 00:00:00,55972,56.0
2026-08-01 00:00:00,56201,46.5
2026-08-01 00:00:00,56202,70.0
2026-08-01 00:00:00,56737,54.0
2026-08-01 00:00:00,56160,54.0
2026-08-01 00:00:00,55990,65.0
2026-08-01 00:00:00,56018,65.0
2026-08-01 00:00:00,56167,54.0
2026-08-01 00:00:00,56739,29.0
2026-08-01 00:00:00,55985,29.0
2026-08-01 00:00:00,55980,29.0
2026-08-01 00:00:00,55982,29.0
2026-08-01 00:00:00,55983,29.0
2026-08-01 00:00:00,55984,29.0
2026-08-01 00:00:00,56203,42.0
2026-08-01 00:00:00,56204,42.0
2026-08-01 00:00:00,56740,54.0
2026-08-01 00:00:00,56205,54.0
2026-08-01 00:00:00,56142,42.0
2026-08-01 00:00:00,56741,31.0
2026-08-01 00:00:00,56141,39.0
2026-08-01 00:00:00,56206,61.0
2026-08-01 00:00:00,55995,25.0
2026-08-01 00:00:00,56008,25.0
2026-08-01 00:00:00,56107,25.0
2026-08-01 00:00:00,56016,25.0
2026-08-01 00:00:00,56743,25.0
2026-08-01 00:00:00,56103,25.0
2026-08-01 00:00:00,56104,25.0
2026-08-01 00:00:00,56108,25.0
2026-08-01 00:00:00,56151,52.0
2026-08-01 00:00:00,56150,36.0
2026-08-01 00:00:00,56207,54.0
2026-08-01 00:00:00,55958,42.0
2026-08-01 00:00:00,56163,58.0
2026-08-01 00:00:00,56162,58.0
2026-08-01 00:00:00,55992,18.0
2026-08-01 00:00:00,55976,54.0
2026-08-01 00:00:00,56125,49.0
2026-08-01 00:00:00,56126,49.0
2026-08-01 00:00:00,56208,49.0
2026-08-01 00:00:00,56136,42.0
2026-08-01 00:00:00,56135,68.0
2026-08-01 00:00:00,56748,68.0
2026-08-01 00:00:00,56011,51.75
2026-08-01 00:00:00,56749,49.0
2026-08-01 00:00:00,55968,49.0
2026-08-01 00:00:00,55997,59.0
2026-08-01 00:00:00,56127,64.0
2026-08-01 00:00:00,56013,72.0
2026-08-01 00:00:00,56155,52.0
2026-08-01 00:00:00,55987,65.0
2026-08-01 00:00:00,56021,54.0
2026-08-01 00:00:00,56154,54.0
2026-08-01 00:00:00,55977,66.0
2026-08-01 00:00:00,55960,46.5
2026-08-01 00:00:00,55971,63.0
2026-08-01 00:00:00,56209,72.0
2026-08-01 00:00:00,56211,72.0
2026-08-01 00:00:00,56210,72.0
2026-08-01 00:00:00,56153,49.0
2026-08-01 00:00:00,56156,42.0
2026-08-01 00:00:00,56159,49.0
2026-08-01 00:00:00,56750,49.0
2026-08-01 00:00:00,56161,58.0
2026-08-01 00:00:00,56212,79.0
2026-08-01 00:00:00,56214,41.25
2026-08-01 00:00:00,56215,41.25
2026-08-01 00:00:00,56213,41.25
2026-08-01 00:00:00,55961,72.0
2026-08-01 00:00:00,56216,52.0
2026-08-01 00:00:00,64434,54.0
2026-08-01 00:00:00,64457,87.0
2026-08-01 00:00:00,64459,87.0
2026-08-01 00:00:00,64377,87.0
2026-08-01 00:00:00,64454,52.0
2026-08-01 00:00:00,64440,49.0
2026-08-01 00:00:00,64441,49.0
2026-08-01 00:00:00,64442,49.0
2026-08-01 00:00:00,64443,49.0
2026-08-01 00:00:00,64453,56.0
2026-08-01 00:00:00,64433,56.0
2026-08-01 00:00:00,64438,59.0
2026-08-01 00:00:00,64439,59.0
2026-08-01 00:00:00,64435,64.0
2026-08-01 00:00:00,63193,61.0
2026-08-01 00:00:00,64430,52.0
2026-08-01 00:00:00,64432,52.0
2026-08-01 00:00:00,64449,55.0
2026-08-01 00:00:00,64450,55.0
2026-08-01 00:00:00,28377,349.9
2026-08-01 00:00:00,3380,349.0
2026-08-01 00:00:00,46470,439.9
2026-08-01 00:00:00,19759,329.9
2026-08-01 00:00:00,28374,189.9
2026-08-01 00:00:00,46489,369.9
2026-08-01 00:00:00,56477,83.93
2026-08-01 00:00:00,54040,19.9
2026-08-01 00:00:00,57182,75.2
2026-08-01 00:00:00,57183,62.0
2026-08-01 00:00:00,26315,9.9
2026-08-01 00:00:00,26316,15.9
2026-08-01 00:00:00,46454,329.9
2026-08-01 00:00:00,45061,129.9
2026-08-01 00:00:00,63168,129.9
2026-08-01 00:00:00,45451,229.9
2026-08-01 00:00:00,46500,499.9
2026-08-01 00:00:00,19546,19.9
2026-08-01 00:00:00,59668,119.9
2026-08-01 00:00:00,59667,119.9
2026-08-01 00:00:00,52471,69.9
2026-08-01 00:00:00,11408,199.9
2026-08-01 00:00:00,59661,199.9
2026-08-01 00:00:00,59657,229.9
2026-08-01 00:00:00,50953,19.9
2026-08-01 00:00:00,59660,89.9
2026-08-01 00:00:00,12640,79.9
2026-08-01 00:00:00,62889,899.0
2026-08-01 00:00:00,62890,999.0
2026-08-01 00:00:00,59924,1999.0
2026-08-01 00:00:00,64775,799.0
2026-08-01 00:00:00,64781,999.0
2026-08-01 00:00:00,64774,1199.0
2026-08-01 00:00:00,52526,249.9
2026-08-01 00:00:00,47134,1200.0
2026-08-01 00:00:00,47132,1200.0
2026-08-01 00:00:00,60375,1899.0
2026-08-01 00:00:00,60376,1799.0
2026-08-01 00:00:00,45470,1199.0
2026-08-01 00:00:00,45472,1499.0
2026-08-01 00:00:00,45469,1799.0
2026-08-01 00:00:00,60385,1699.0
2026-08-01 00:00:00,60389,1999.0
2026-08-01 00:00:00,60388,1399.0
2026-08-01 00:00:00,60390,1699.0
2026-08-01 00:00:00,60387,1999.0
2026-08-01 00:00:00,64776,799.0
2026-08-01 00:00:00,64779,999.0
2026-08-01 00:00:00,64777,1199.0
2026-08-01 00:00:00,47361,1199.0
2026-08-01 00:00:00,47381,1399.0
2026-08-01 00:00:00,44579,1599.0
2026-08-01 00:00:00,44585,1899.0
2026-08-01 00:00:00,37989,699.9
2026-08-01 00:00:00,52697,79.9
2026-08-01 00:00:00,11293,149.9
2026-08-01 00:00:00,28351,159.9
2026-08-01 00:00:00,28352,159.9
2026-08-01 00:00:00,46494,189.9
2026-08-01 00:00:00,59656,199.9
2026-08-01 00:00:00,59659,199.9
2026-08-01 00:00:00,63164,279.9
2026-08-01 00:00:00,19758,1199.0
2026-08-01 00:00:00,44066,149.9
2026-08-01 00:00:00,3752,299.0
2026-08-01 00:00:00,46528,399.9
2026-08-01 00:00:00,52061,49.9
2026-08-01 00:00:00,42106,129.9
2026-08-01 00:00:00,63166,119.9
2026-08-01 00:00:00,46448,349.9
2026-08-01 00:00:00,46460,369.9
2026-08-01 00:00:00,50700,129.9
2026-08-01 00:00:00,53865,14.9
2026-08-01 00:00:00,63265,63.25
2026-08-01 00:00:00,46466,279.9
2026-08-01 00:00:00,14344,499.9
2026-08-01 00:00:00,64170,1729.0
2026-08-01 00:00:00,61914,2649.0
2026-08-01 00:00:00,61862,2129.0
2026-08-01 00:00:00,61875,2369.0
2026-08-01 00:00:00,61874,2259.0
2026-08-01 00:00:00,61918,2059.0
2026-08-01 00:00:00,61866,2179.0
2026-08-01 00:00:00,61867,2059.0
2026-08-01 00:00:00,61917,2259.0
2026-08-01 00:00:00,64153,1489.0
2026-08-01 00:00:00,64161,1279.0
2026-08-01 00:00:00,61858,1989.0
2026-08-01 00:00:00,61877,2499.0
2026-08-01 00:00:00,61873,2179.0
2026-08-01 00:00:00,64155,2059.0
2026-08-01 00:00:00,64171,1859.0
2026-08-01 00:00:00,64156,1799.0
2026-08-01 00:00:00,64168,1959.0
2026-08-01 00:00:00,64163,1859.0
2026-08-01 00:00:00,61869,2259.0
2026-08-01 00:00:00,61865,2369.0
2026-08-01 00:00:00,61864,2259.0
2026-08-01 00:00:00,61859,1989.0
2026-08-01 00:00:00,61870,2209.0
2026-08-01 00:00:00,61861,2129.0
2026-08-01 00:00:00,61868,1729.0
2026-08-01 00:00:00,61872,1729.0
2026-08-01 00:00:00,61915,1859.0
2026-08-01 00:00:00,61916,1959.0
2026-08-01 00:00:00,64158,1659.0
2026-08-01 00:00:00,64154,2039.0
2026-08-01 00:00:00,61746,2369.0
2026-08-01 00:00:00,64164,2889.0
2026-08-01 00:00:00,61905,2259.0
2026-08-01 00:00:00,64167,2699.0
2026-08-01 00:00:00,61910,2059.0
2026-08-01 00:00:00,64172,2499.0
2026-08-01 00:00:00,61912,1989.0
2026-08-01 00:00:00,61911,2129.0
2026-08-01 00:00:00,64159,2259.0
2026-08-01 00:00:00,61913,2949.0
2026-08-01 00:00:00,14354,139.9
2026-08-01 00:00:00,14353,139.9
2026-08-01 00:00:00,46548,349.9
2026-08-01 00:00:00,64169,2889.0
2026-08-01 00:00:00,64165,2889.0
2026-08-01 00:00:00,64160,2499.0
2026-08-01 00:00:00,64157,2649.0
2026-08-01 00:00:00,64166,2259.0
2026-08-01 00:00:00,64162,2499.0
2026-08-01 00:00:00,64027,2.95
2026-08-01 00:00:00,21596,9.9
2026-08-01 00:00:00,14348,379.9
2026-08-01 00:00:00,58578,119.9
2026-08-01 00:00:00,46488,379.9
2026-08-01 00:00:00,51510,149.9
2026-08-01 00:00:00,41956,239.9
2026-08-01 00:00:00,12622,59.96
2026-08-01 00:00:00,59910,21.9
2026-08-01 00:00:00,59911,34.9
2026-08-01 00:00:00,30103,49.9
2026-08-01 00:00:00,28375,499.9
2026-08-01 00:00:00,47154,2399.0
2026-08-01 00:00:00,55419,259.9
2026-08-01 00:00:00,57138,44.9
2026-08-01 00:00:00,9986,99.9
2026-08-01 00:00:00,50961,14.9
2026-08-01 00:00:00,46490,189.9
2026-08-01 00:00:00,46483,189.9
2026-08-01 00:00:00,46496,189.9
2026-08-01 00:00:00,46502,189.9
2026-08-01 00:00:00,64879,269.9
2026-08-01 00:00:00,53537,88.9
2026-08-01 00:00:00,57372,145.9
2026-08-01 00:00:00,52596,145.9
2026-08-01 00:00:00,50962,8.9
2026-08-01 00:00:00,57331,279.9
2026-08-01 00:00:00,49117,17.0
2026-08-01 00:00:00,35445,399.9
2026-08-01 00:00:00,38146,79.9
2026-08-01 00:00:00,43850,139.9
2026-08-01 00:00:00,20004,129.9
2026-08-01 00:00:00,58917,31.92
2026-08-01 00:00:00,43903,89.9
2026-08-01 00:00:00,35546,59.9
2026-08-01 00:00:00,43902,79.9
2026-08-01 00:00:00,38155,139.9
2026-08-01 00:00:00,38153,139.9
2026-08-01 00:00:00,54259,68.4
2026-08-01 00:00:00,979,269.9
2026-08-01 00:00:00,14680,79.9
2026-08-01 00:00:00,15005,99.9
2026-08-01 00:00:00,53924,79.9
2026-08-01 00:00:00,15004,99.9
2026-08-01 00:00:00,43898,79.9
2026-08-01 00:00:00,39186,129.9
2026-08-01 00:00:00,43855,99.9
2026-08-01 00:00:00,39191,110.0
2026-08-01 00:00:00,38150,149.9
2026-08-01 00:00:00,12033,49.9
2026-08-01 00:00:00,35544,119.9
2026-08-01 00:00:00,37667,239.9
2026-08-01 00:00:00,37666,319.9
2026-08-01 00:00:00,50,799.0
2026-08-01 00:00:00,173,699.9
2026-08-01 00:00:00,28,219.9
2026-08-01 00:00:00,11379,249.9
2026-08-01 00:00:00,307,399.9
2026-08-01 00:00:00,23307,1099.0
2026-08-01 00:00:00,1417,199.9
2026-08-01 00:00:00,308,349.9
2026-08-01 00:00:00,400,1199.0
2026-08-01 00:00:00,14594,399.9
2026-08-01 00:00:00,46273,299.9
2026-08-01 00:00:00,7385,259.9
2026-08-01 00:00:00,13254,210.0
2026-08-01 00:00:00,49263,149.9
2026-08-01 00:00:00,7389,239.9
2026-08-01 00:00:00,7393,199.9
2026-08-01 00:00:00,8702,339.9
2026-08-01 00:00:00,53926,279.9
2026-08-01 00:00:00,37648,189.9
2026-08-01 00:00:00,37659,499.9
2026-08-01 00:00:00,491,459.9
2026-08-01 00:00:00,1197,349.9
2026-08-01 00:00:00,3924,339.9
2026-08-01 00:00:00,16601,169.9
2026-08-01 00:00:00,64412,279.9
2026-08-01 00:00:00,492,239.9
2026-08-01 00:00:00,53923,399.9
2026-08-01 00:00:00,20407,44.9
2026-08-01 00:00:00,49844,279.9
2026-08-01 00:00:00,31241,279.9
2026-08-01 00:00:00,57671,2399.0
2026-08-01 00:00:00,38147,449.9
2026-08-01 00:00:00,44313,77.0
2026-08-01 00:00:00,6821,539.9
2026-08-01 00:00:00,45095,999.9
2026-08-01 00:00:00,39280,179.9
2026-08-01 00:00:00,39279,199.9
2026-08-01 00:00:00,39188,899.0
2026-08-01 00:00:00,43843,69.9
2026-08-01 00:00:00,37670,699.9
2026-08-01 00:00:00,58617,799.0
2026-08-01 00:00:00,19986,99.9
2026-08-01 00:00:00,14591,119.9
2026-08-01 00:00:00,19987,55.0
2026-08-01 00:00:00,16619,69.9
2026-08-01 00:00:00,16618,59.9
2026-08-01 00:00:00,25746,69.9
2026-08-01 00:00:00,24983,67.0
2026-08-01 00:00:00,32642,24.9
2026-08-01 00:00:00,18281,24.9
2026-08-01 00:00:00,39282,149.9
2026-08-01 00:00:00,14589,119.9
2026-08-01 00:00:00,37669,249.9
2026-08-01 00:00:00,34023,249.9
2026-08-01 00:00:00,59840,289.9
2026-08-01 00:00:00,34024,199.9
2026-08-01 00:00:00,34022,299.9
2026-08-01 00:00:00,10316,119.9
2026-08-01 00:00:00,24981,119.9
2026-08-01 00:00:00,38148,149.9
2026-08-01 00:00:00,1162,469.9
2026-08-01 00:00:00,30109,69.9
2026-08-01 00:00:00,38156,39.9
2026-08-01 00:00:00,35535,479.9
2026-08-01 00:00:00,39172,1249.0
2026-08-01 00:00:00,53927,119.9
2026-08-01 00:00:00,35541,329.9
2026-08-01 00:00:00,34357,229.9
2026-08-01 00:00:00,43856,79.9
2026-08-01 00:00:00,38151,109.0
2026-08-01 00:00:00,14590,99.9
2026-08-01 00:00:00,54101,19.0
2026-08-01 00:00:00,35450,399.9
2026-08-01 00:00:00,59838,379.9
2026-08-01 00:00:00,59871,129.9
2026-08-01 00:00:00,44277,129.91
2026-08-01 00:00:00,25327,149.91
2026-08-01 00:00:00,49836,34.9
2026-08-01 00:00:00,57531,89.9
2026-08-01 00:00:00,57532,84.9
2026-08-01 00:00:00,53010,44.9
2026-08-01 00:00:00,21821,28.9
2026-08-01 00:00:00,21843,49.9
2026-08-01 00:00:00,61983,25.0
2026-08-01 00:00:00,63855,136.9
2026-08-01 00:00:00,57995,24.9
2026-08-01 00:00:00,57996,39.9
2026-08-01 00:00:00,49725,19.9
2026-08-01 00:00:00,50395,29.9
2026-08-01 00:00:00,57754,99.9
2026-08-01 00:00:00,62313,429.9
2026-08-01 00:00:00,23326,49.9
2026-08-01 00:00:00,50078,49.9
2026-08-01 00:00:00,40625,459.9
2026-08-01 00:00:00,853,449.9
2026-08-01 00:00:00,29128,199.9
2026-08-01 00:00:00,4945,199.9
2026-08-01 00:00:00,21380,499.9
2026-08-01 00:00:00,881,559.9
2026-08-01 00:00:00,63269,799.9
2026-08-01 00:00:00,8037,789.9
2026-08-01 00:00:00,29127,69.9
2026-08-01 00:00:00,35508,219.9
2026-08-01 00:00:00,63465,59.9
2026-08-01 00:00:00,21382,849.9
2026-08-01 00:00:00,49134,799.9
2026-08-01 00:00:00,50082,249.9
2026-08-01 00:00:00,50083,319.9
2026-08-01 00:00:00,49286,349.9
2026-08-01 00:00:00,8031,899.9
2026-08-01 00:00:00,2322,129.9
2026-08-01 00:00:00,63464,44.9
2026-08-01 00:00:00,27621,79.9
2026-08-01 00:00:00,27622,27.0
2026-08-01 00:00:00,63662,329.9
2026-08-01 00:00:00,64646,56.9
2026-08-01 00:00:00,64647,56.9
2026-08-01 00:00:00,64652,59.9
2026-08-01 00:00:00,64649,59.9
2026-08-01 00:00:00,54299,39.9
2026-08-01 00:00:00,31465,29.9
2026-08-01 00:00:00,31468,25.9
2026-08-01 00:00:00,30039,36.9
2026-08-01 00:00:00,31464,54.9
2026-08-01 00:00:00,31466,84.9
2026-08-01 00:00:00,46210,7.5
2026-08-01 00:00:00,49153,8.5
2026-08-01 00:00:00,46903,14.9
2026-08-01 00:00:00,46143,21.9
2026-08-01 00:00:00,47577,27.9
2026-08-01 00:00:00,31470,38.9
2026-08-01 00:00:00,31467,55.0
2026-08-01 00:00:00,50964,59.9
2026-08-01 00:00:00,17135,19.9
2026-08-01 00:00:00,17136,19.9
2026-08-01 00:00:00,17132,14.9
2026-08-01 00:00:00,49136,22.9
2026-08-01 00:00:00,34288,439.9
2026-08-01 00:00:00,17133,12.9
2026-08-01 00:00:00,50701,19.9
2026-08-01 00:00:00,46147,46.9
2026-08-01 00:00:00,31469,59.9
2026-08-01 00:00:00,32675,39.9
2026-08-01 00:00:00,32674,29.9
2026-08-01 00:00:00,31164,69.9
2026-08-01 00:00:00,52639,12.9
2026-08-01 00:00:00,20757,54.9
2026-08-01 00:00:00,64404,69.9
2026-08-01 00:00:00,63853,279.9
2026-08-01 00:00:00,48105,159.9
2026-08-01 00:00:00,49746,39.9
2026-08-01 00:00:00,49137,39.9
2026-08-01 00:00:00,26086,49.9
2026-08-01 00:00:00,46311,39.9
2026-08-01 00:00:00,49614,129.9
2026-08-01 00:00:00,44042,45000.0
2026-08-01 00:00:00,49132,39.9
2026-08-01 00:00:00,21820,32.9
2026-08-01 00:00:00,49775,44.9
2026-08-01 00:00:00,49776,44.9
2026-08-01 00:00:00,58180,39.9
2026-08-01 00:00:00,50891,99.9
2026-08-01 00:00:00,20764,109.9
2026-08-01 00:00:00,20763,39.9
2026-08-01 00:00:00,20762,39.9
2026-08-01 00:00:00,50087,59.9
2026-08-01 00:00:00,50888,59.9
2026-08-01 00:00:00,49649,39.9
2026-08-01 00:00:00,49648,39.9
2026-08-01 00:00:00,43140,350.0
2026-08-01 00:00:00,44269,49.9
2026-08-01 00:00:00,49122,79.9
2026-08-01 00:00:00,57997,34.9
2026-08-01 00:00:00,14839,259.0
2026-08-01 00:00:00,49124,79.9
2026-08-01 00:00:00,57943,39.9
2026-08-01 00:00:00,34279,129.9
2026-08-01 00:00:00,62253,29.9
2026-08-01 00:00:00,57998,32.9
2026-08-01 00:00:00,62284,74.9
2026-08-01 00:00:00,48104,339.9
2026-08-01 00:00:00,23715,29.9
2026-08-01 00:00:00,50950,29.9
2026-08-01 00:00:00,48632,259.9
2026-08-01 00:00:00,49656,129.9
2026-08-01 00:00:00,49659,129.9
2026-08-01 00:00:00,53858,59.9
2026-08-01 00:00:00,20822,39.9
2026-08-01 00:00:00,49755,54.9
2026-08-01 00:00:00,23077,29.9
2026-08-01 00:00:00,49798,36.9
2026-08-01 00:00:00,49797,36.9
2026-08-01 00:00:00,49800,36.9
2026-08-01 00:00:00,22231,59.9
2026-08-01 00:00:00,43142,350.0
2026-08-01 00:00:00,48236,369.9
2026-08-01 00:00:00,53470,39.9
2026-08-01 00:00:00,64740,24.9
2026-08-01 00:00:00,21831,27.9
2026-08-01 00:00:00,21841,214.9
2026-08-01 00:00:00,21842,189.9
2026-08-01 00:00:00,24645,34.9
2026-08-01 00:00:00,53859,59.9
2026-08-01 00:00:00,56552,121.9
2026-08-01 00:00:00,50896,39.9
2026-08-01 00:00:00,62271,24.9
2026-08-01 00:00:00,21825,28.9
2026-08-01 00:00:00,44845,129.9
2026-08-01 00:00:00,21822,32.9
2026-08-01 00:00:00,50895,29.9
2026-08-01 00:00:00,21823,21.9
2026-08-01 00:00:00,50901,34.9
2026-08-01 00:00:00,41731,149.9
2026-08-01 00:00:00,50894,39.9
2026-08-01 00:00:00,49285,119.9
2026-08-01 00:00:00,21834,51.9
2026-08-01 00:00:00,21835,17.9
2026-08-01 00:00:00,21833,43.9
2026-08-01 00:00:00,21829,32.9
2026-08-01 00:00:00,21649,24.9
2026-08-01 00:00:00,50892,34.9
2026-08-01 00:00:00,43437,799.0
2026-08-01 00:00:00,23724,229.9
2026-08-01 00:00:00,50735,59.9
2026-08-01 00:00:00,59860,29.9
2026-08-01 00:00:00,63868,204.9
2026-08-01 00:00:00,49757,49.9
2026-08-01 00:00:00,49754,36.9
2026-08-01 00:00:00,21846,32.9
2026-08-01 00:00:00,21845,36.9
2026-08-01 00:00:00,49674,29.9
2026-08-01 00:00:00,49822,29.9
2026-08-01 00:00:00,49821,29.9
2026-08-01 00:00:00,63864,34.9
2026-08-01 00:00:00,49616,54.9
2026-08-01 00:00:00,50736,259.9
2026-08-01 00:00:00,50737,24.9
2026-08-01 00:00:00,50739,359.9
2026-08-01 00:00:00,50742,499.9
2026-08-01 00:00:00,63871,29.9
2026-08-01 00:00:00,26119,69.9
2026-08-01 00:00:00,13818,149.89
2026-08-01 00:00:00,14840,99.9
2026-08-01 00:00:00,49397,129.9
2026-08-01 00:00:00,14841,199.89
2026-08-01 00:00:00,50243,14.9
2026-08-01 00:00:00,17444,69.9
2026-08-01 00:00:00,21913,9.9
2026-08-01 00:00:00,24350,49.9
2026-08-01 00:00:00,39570,19.9
2026-08-01 00:00:00,39571,29.9
2026-08-01 00:00:00,21826,32.9
2026-08-01 00:00:00,21827,39.9
2026-08-01 00:00:00,49756,38.9
2026-08-01 00:00:00,50897,29.9
2026-08-01 00:00:00,58178,29.9
2026-08-01 00:00:00,63170,24.9
2026-08-01 00:00:00,57944,44.9
2026-08-01 00:00:00,47924,89.9
2026-08-01 00:00:00,50500,149.9
2026-08-01 00:00:00,53009,44.9
2026-08-01 00:00:00,50899,24.9
2026-08-01 00:00:00,25325,24.9
2026-08-01 00:00:00,47031,399.9
2026-08-01 00:00:00,48715,24.9
2026-08-01 00:00:00,49416,249.0
2026-08-01 00:00:00,28244,299.9
2026-08-01 00:00:00,50750,129.9
2026-08-01 00:00:00,57960,109.9
2026-08-01 00:00:00,50748,79.9
2026-08-01 00:00:00,50965,79.9
2026-08-01 00:00:00,50749,39.9
2026-08-01 00:00:00,2657,69.9
2026-08-01 00:00:00,21832,14.9
2026-08-01 00:00:00,44252,99.0
2026-08-01 00:00:00,2630,299.9
2026-08-01 00:00:00,49645,429.9
2026-08-01 00:00:00,23035,299.9
2026-08-01 00:00:00,23036,259.9
2026-08-01 00:00:00,49141,299.0
2026-08-01 00:00:00,2641,499.9
2026-08-01 00:00:00,64648,24.9
2026-08-01 00:00:00,64650,24.9
2026-08-01 00:00:00,64651,24.9
2026-08-01 00:00:00,23080,4.9
2026-08-01 00:00:00,50680,24.9
2026-08-01 00:00:00,33491,69.9
2026-08-01 00:00:00,20620,69.9
2026-08-01 00:00:00,49396,239.9
2026-08-01 00:00:00,14837,149.91
2026-08-01 00:00:00,57942,44.9
2026-08-01 00:00:00,21819,16.9
2026-08-01 00:00:00,31227,49.9
2026-08-01 00:00:00,63466,59.9
2026-08-01 00:00:00,63197,49.9
2026-08-01 00:00:00,49753,59.9
2026-08-01 00:00:00,57838,49.9
2026-08-01 00:00:00,50210,59.9
2026-08-01 00:00:00,48714,199.9
2026-08-01 00:00:00,48713,259.9
2026-08-01 00:00:00,58162,74.9
2026-08-01 00:00:00,53829,19.96
2026-08-01 00:00:00,54320,7.9
2026-08-01 00:00:00,53788,39.9
2026-08-01 00:00:00,58133,79.9
2026-08-01 00:00:00,57690,19.9
2026-08-01 00:00:00,58521,19.9
2026-08-01 00:00:00,62264,46.9
2026-08-01 00:00:00,46018,19.9
2026-08-01 00:00:00,14369,89.9
2026-08-01 00:00:00,63658,29.97
2026-08-01 00:00:00,57770,5.9
2026-08-01 00:00:00,57422,129.9
2026-08-01 00:00:00,54769,1.96
2026-08-01 00:00:00,54770,3.56
2026-08-01 00:00:00,54771,2.76
2026-08-01 00:00:00,54772,2.36
2026-08-01 00:00:00,54773,3.96
2026-08-01 00:00:00,54774,3.16
2026-08-01 00:00:00,54847,0.6
2026-08-01 00:00:00,54775,4.36
2026-08-01 00:00:00,54776,1.16
2026-08-01 00:00:00,54777,0.76
2026-08-01 00:00:00,54778,1.56
2026-08-01 00:00:00,54779,5.96
2026-08-01 00:00:00,54780,5.16
2026-08-01 00:00:00,54781,5.16
2026-08-01 00:00:00,54782,5.16
2026-08-01 00:00:00,54783,5.96
2026-08-01 00:00:00,53718,68.9
2026-08-01 00:00:00,56379,68.9
2026-08-01 00:00:00,56387,64.9
2026-08-01 00:00:00,55851,37.2
2026-08-01 00:00:00,54794,0.08
2026-08-01 00:00:00,20241,2.45
2026-08-01 00:00:00,19583,62.9
2026-08-01 00:00:00,53780,16.9
2026-08-01 00:00:00,53779,16.9
2026-08-01 00:00:00,62294,20.9
2026-08-01 00:00:00,46016,15.9
2026-08-01 00:00:00,53761,12.9
2026-08-01 00:00:00,56224,49.9
2026-08-01 00:00:00,56223,49.9
2026-08-01 00:00:00,46022,12.9
2026-08-01 00:00:00,46017,15.9
2026-08-01 00:00:00,53106,4.9
2026-08-01 00:00:00,63226,21.9
2026-08-01 00:00:00,52965,39.9
2026-08-01 00:00:00,52967,159.9
2026-08-01 00:00:00,52966,89.9
2026-08-01 00:00:00,37578,44.9
2026-08-01 00:00:00,24425,22.9
2026-08-01 00:00:00,45938,1.2
2026-08-01 00:00:00,45925,1.2
2026-08-01 00:00:00,45990,2.9
2026-08-01 00:00:00,45998,2.7
2026-08-01 00:00:00,45972,2.7
2026-08-01 00:00:00,45948,4.2
2026-08-01 00:00:00,46033,4.2
2026-08-01 00:00:00,46003,6.3
2026-08-01 00:00:00,45915,6.3
2026-08-01 00:00:00,62399,6.9
2026-08-01 00:00:00,62401,6.9
2026-08-01 00:00:00,55141,6.6
2026-08-01 00:00:00,46006,2.8
2026-08-01 00:00:00,55830,2.2
2026-08-01 00:00:00,56969,229.9
2026-08-01 00:00:00,46537,229.9
2026-08-01 00:00:00,46539,229.9
2026-08-01 00:00:00,46541,229.9
2026-08-01 00:00:00,56988,229.9
2026-08-01 00:00:00,55656,229.9
2026-08-01 00:00:00,5983,229.9
2026-08-01 00:00:00,14356,229.9
2026-08-01 00:00:00,26548,229.9
2026-08-01 00:00:00,5981,229.9
2026-08-01 00:00:00,5982,229.9
2026-08-01 00:00:00,45970,7.0
2026-08-01 00:00:00,55352,9.9
2026-08-01 00:00:00,63213,29.9
2026-08-01 00:00:00,55149,6.9
2026-08-01 00:00:00,53758,16.9
2026-08-01 00:00:00,55160,8.6
2026-08-01 00:00:00,55137,5.7
2026-08-01 00:00:00,62435,9.9
2026-08-01 00:00:00,52512,36.9
2026-08-01 00:00:00,46021,89.9
2026-08-01 00:00:00,20265,2.95
2026-08-01 00:00:00,20266,4.95
2026-08-01 00:00:00,53759,14.9
2026-08-01 00:00:00,52380,153.9
2026-08-01 00:00:00,52382,199.9
2026-08-01 00:00:00,52991,99.9
2026-08-01 00:00:00,52176,44.9
2026-08-01 00:00:00,5974,124.95
2026-08-01 00:00:00,5976,124.95
2026-08-01 00:00:00,64707,149.9
2026-08-01 00:00:00,20297,6.45
2026-08-01 00:00:00,12176,134.9
2026-08-01 00:00:00,44440,13.9
2026-08-01 00:00:00,17187,32.9
2026-08-01 00:00:00,17190,39.9
2026-08-01 00:00:00,17188,49.9
2026-08-01 00:00:00,17189,49.9
2026-08-01 00:00:00,17191,92.9
2026-08-01 00:00:00,17186,56.9
2026-08-01 00:00:00,12177,155.9
2026-08-01 00:00:00,17220,20.0
2026-08-01 00:00:00,30273,59.9
2026-08-01 00:00:00,30279,439.9
2026-08-01 00:00:00,30281,599.0
2026-08-01 00:00:00,19563,45.9
2026-08-01 00:00:00,57989,149.9
2026-08-01 00:00:00,57986,85.9
2026-08-01 00:00:00,57988,64.9
2026-08-01 00:00:00,57985,349.9
2026-08-01 00:00:00,20254,3.95
2026-08-01 00:00:00,20253,3.95
2026-08-01 00:00:00,20292,11.9
2026-08-01 00:00:00,20247,3.95
2026-08-01 00:00:00,20245,3.95
2026-08-01 00:00:00,20239,5.75
2026-08-01 00:00:00,20246,5.95
2026-08-01 00:00:00,20244,8.75
2026-08-01 00:00:00,20301,11.95
2026-08-01 00:00:00,20295,3.45
2026-08-01 00:00:00,20294,3.45
2026-08-01 00:00:00,53193,34.9
2026-08-01 00:00:00,53194,39.9
2026-08-01 00:00:00,52987,59.9
2026-08-01 00:00:00,56399,129.9
2026-08-01 00:00:00,52984,59.9
2026-08-01 00:00:00,52994,69.9
2026-08-01 00:00:00,56381,54.9
2026-08-01 00:00:00,57922,20.0
2026-08-01 00:00:00,57921,44.9
2026-08-01 00:00:00,54153,119.9
2026-08-01 00:00:00,54502,109.9
2026-08-01 00:00:00,54154,139.9
2026-08-01 00:00:00,54156,119.9
2026-08-01 00:00:00,54528,139.9
2026-08-01 00:00:00,54520,139.9
2026-08-01 00:00:00,54530,89.9
2026-08-01 00:00:00,28366,89.9
2026-08-01 00:00:00,24435,49.9
2026-08-01 00:00:00,53182,12.9
2026-08-01 00:00:00,53185,15.9
2026-08-01 00:00:00,53520,15.9
2026-08-01 00:00:00,55849,28.7
2026-08-01 00:00:00,53774,14.9
2026-08-01 00:00:00,57689,9.9
2026-08-01 00:00:00,32879,24.9
2026-08-01 00:00:00,54071,14.9
2026-08-01 00:00:00,57727,9.9
2026-08-01 00:00:00,60545,20.0
2026-08-01 00:00:00,53184,11.9
2026-08-01 00:00:00,53186,13.9
2026-08-01 00:00:00,20240,2.95
2026-08-01 00:00:00,42316,349.9
2026-08-01 00:00:00,52369,9.9
2026-08-01 00:00:00,63218,72.9
2026-08-01 00:00:00,55193,21.3
2026-08-01 00:00:00,45983,46.6
2026-08-01 00:00:00,46054,15.9
2026-08-01 00:00:00,36860,59.9
2026-08-01 00:00:00,55200,38.2
2026-08-01 00:00:00,24418,86.9
2026-08-01 00:00:00,45971,31.0
2026-08-01 00:00:00,55199,33.4
2026-08-01 00:00:00,55158,8.2
2026-08-01 00:00:00,62439,22.9
2026-08-01 00:00:00,60246,228.0
2026-08-01 00:00:00,36613,14.9
2026-08-01 00:00:00,24422,39.9
2026-08-01 00:00:00,36611,19.9
2026-08-01 00:00:00,55178,14.6
2026-08-01 00:00:00,24432,20.9
2026-08-01 00:00:00,44447,49.9
2026-08-01 00:00:00,17254,69.9
2026-08-01 00:00:00,55165,9.5
2026-08-01 00:00:00,57777,32.9
2026-08-01 00:00:00,57781,52.9
2026-08-01 00:00:00,57778,58.9
2026-08-01 00:00:00,58125,38.9
2026-08-01 00:00:00,57842,6.9
2026-08-01 00:00:00,57776,26.9
2026-08-01 00:00:00,57841,20.9
2026-08-01 00:00:00,54507,149.9
2026-08-01 00:00:00,54058,239.9
2026-08-01 00:00:00,54059,239.9
2026-08-01 00:00:00,54060,209.9
2026-08-01 00:00:00,37940,20.0
2026-08-01 00:00:00,55703,99.9
2026-08-01 00:00:00,46553,199.9
2026-08-01 00:00:00,56378,89.9
2026-08-01 00:00:00,58524,119.9
2026-08-01 00:00:00,47227,89.9
2026-08-01 00:00:00,54523,64.9
2026-08-01 00:00:00,20262,1.95
2026-08-01 00:00:00,53778,28.9
2026-08-01 00:00:00,53777,28.9
2026-08-01 00:00:00,53516,19.9
2026-08-01 00:00:00,55846,41.2
2026-08-01 00:00:00,53372,34.9
2026-08-01 00:00:00,53775,19.9
2026-08-01 00:00:00,58149,38.0
2026-08-01 00:00:00,60245,186.0
2026-08-01 00:00:00,60247,186.0
2026-08-01 00:00:00,53191,29.5
2026-08-01 00:00:00,53190,26.5
2026-08-01 00:00:00,53188,16.9
2026-08-01 00:00:00,54070,26.9
2026-08-01 00:00:00,54069,22.9
2026-08-01 00:00:00,57728,16.9
2026-08-01 00:00:00,54064,22.9
2026-08-01 00:00:00,57729,24.9
2026-08-01 00:00:00,24430,74.9
2026-08-01 00:00:00,54737,34.9
2026-08-01 00:00:00,55129,4.2
2026-08-01 00:00:00,55127,3.8
2026-08-01 00:00:00,55147,6.9
2026-08-01 00:00:00,54740,19.9
2026-08-01 00:00:00,54741,22.9
2026-08-01 00:00:00,11511,399.9
2026-08-01 00:00:00,62257,9.9
2026-08-01 00:00:00,55826,6.9
2026-08-01 00:00:00,12221,479.9
2026-08-01 00:00:00,42535,20.0
2026-08-01 00:00:00,12219,229.9
2026-08-01 00:00:00,58020,74.9
2026-08-01 00:00:00,33674,49.9
2026-08-01 00:00:00,57852,29.9
2026-08-01 00:00:00,52626,69.9
2026-08-01 00:00:00,54795,119.96
2026-08-01 00:00:00,25687,59.9
2026-08-01 00:00:00,62263,44.9
2026-08-01 00:00:00,53719,28.9
2026-08-01 00:00:00,53716,9.9
2026-08-01 00:00:00,53715,9.9
2026-08-01 00:00:00,53523,31.9
2026-08-01 00:00:00,53526,24.9
2026-08-01 00:00:00,53528,27.9
2026-08-01 00:00:00,53525,26.9
2026-08-01 00:00:00,53524,27.9
2026-08-01 00:00:00,56380,22.9
2026-08-01 00:00:00,24447,24.9
2026-08-01 00:00:00,20258,5.45
2026-08-01 00:00:00,55843,29.9
2026-08-01 00:00:00,54796,27.96
2026-08-01 00:00:00,52586,169.9
2026-08-01 00:00:00,54316,14.9
2026-08-01 00:00:00,55805,1.2
2026-08-01 00:00:00,52390,6.9
2026-08-01 00:00:00,55854,42.0
2026-08-01 00:00:00,32470,2.9
2026-08-01 00:00:00,53833,31.96
2026-08-01 00:00:00,54797,135.96
2026-08-01 00:00:00,57779,52.9
2026-08-01 00:00:00,58128,49.9
2026-08-01 00:00:00,57780,36.9
2026-08-01 00:00:00,53462,7.96
2026-08-01 00:00:00,57738,37.9
2026-08-01 00:00:00,45457,249.9
2026-08-01 00:00:00,52968,669.9
2026-08-01 00:00:00,54748,129.9
2026-08-01 00:00:00,55704,54.9
2026-08-01 00:00:00,57746,52.9
2026-08-01 00:00:00,57745,49.9
2026-08-01 00:00:00,17256,159.9
2026-08-01 00:00:00,58526,49.9
2026-08-01 00:00:00,17260,49.9
2026-08-01 00:00:00,17262,99.9
2026-08-01 00:00:00,36608,74.9
2026-08-01 00:00:00,52844,14.9
2026-08-01 00:00:00,57739,49.9
2026-08-01 00:00:00,57927,199.9
2026-08-01 00:00:00,58139,69.9
2026-08-01 00:00:00,58143,119.9
2026-08-01 00:00:00,57691,109.9
2026-08-01 00:00:00,58142,44.9
2026-08-01 00:00:00,58141,56.9
2026-08-01 00:00:00,58134,84.0
2026-08-01 00:00:00,58135,69.9
2026-08-01 00:00:00,57694,69.9
2026-08-01 00:00:00,57744,39.9
2026-08-01 00:00:00,57743,39.9
2026-08-01 00:00:00,57993,339.9
2026-08-01 00:00:00,57742,29.9
2026-08-01 00:00:00,57741,32.9
2026-08-01 00:00:00,57740,29.9
2026-08-01 00:00:00,54798,27.96
2026-08-01 00:00:00,53835,91.96
2026-08-01 00:00:00,54799,27.96
2026-08-01 00:00:00,57731,46.9
2026-08-01 00:00:00,54117,44.5
2026-08-01 00:00:00,62272,25.9
2026-08-01 00:00:00,62441,24.9
2026-08-01 00:00:00,46079,11.5
2026-08-01 00:00:00,54743,34.9
2026-08-01 00:00:00,19263,124.9
2026-08-01 00:00:00,21614,31.9
2026-08-01 00:00:00,24429,68.9
2026-08-01 00:00:00,57737,22.9
2026-08-01 00:00:00,46011,49.9
2026-08-01 00:00:00,12171,159.9
2026-08-01 00:00:00,41485,349.9
2026-08-01 00:00:00,36862,20.9
2026-08-01 00:00:00,45985,4.6
2026-08-01 00:00:00,24431,59.9
2026-08-01 00:00:00,19262,79.9
2026-08-01 00:00:00,19349,79.9
2026-08-01 00:00:00,19348,89.9
2026-08-01 00:00:00,45941,29.0
2026-08-01 00:00:00,46015,29.9
2026-08-01 00:00:00,17267,59.9
2026-08-01 00:00:00,24428,169.9
2026-08-01 00:00:00,19266,149.9
2026-08-01 00:00:00,19265,169.9
2026-08-01 00:00:00,45988,1.2
2026-08-01 00:00:00,19580,20.9
2026-08-01 00:00:00,46492,219.9
2026-08-01 00:00:00,46465,129.9
2026-08-01 00:00:00,46468,199.9
2026-08-01 00:00:00,46444,199.9
2026-08-01 00:00:00,46474,179.9
2026-08-01 00:00:00,55369,124.9
2026-08-01 00:00:00,55370,124.9
2026-08-01 00:00:00,57721,45.9
2026-08-01 00:00:00,57720,22.9
2026-08-01 00:00:00,57708,31.9
2026-08-01 00:00:00,57707,31.9
2026-08-01 00:00:00,57718,21.9
2026-08-01 00:00:00,57719,22.9
2026-08-01 00:00:00,57723,32.9
2026-08-01 00:00:00,46008,49.9
2026-08-01 00:00:00,58168,99.9
2026-08-01 00:00:00,57713,45.9
2026-08-01 00:00:00,57711,45.9
2026-08-01 00:00:00,57712,45.9
2026-08-01 00:00:00,57722,40.9
2026-08-01 00:00:00,52379,89.9
2026-08-01 00:00:00,52378,89.9
2026-08-01 00:00:00,52975,139.9
2026-08-01 00:00:00,53105,54.9
2026-08-01 00:00:00,56407,16.9
2026-08-01 00:00:00,56409,16.9
2026-08-01 00:00:00,56406,26.9
2026-08-01 00:00:00,28356,189.9
2026-08-01 00:00:00,46534,199.9
2026-08-01 00:00:00,46522,199.9
2026-08-01 00:00:00,46524,129.9
2026-08-01 00:00:00,6034,169.9
2026-08-01 00:00:00,56481,159.9
2026-08-01 00:00:00,53056,49.9
2026-08-01 00:00:00,57256,49.9
2026-08-01 00:00:00,53840,15.96
2026-08-01 00:00:00,56979,139.9
2026-08-01 00:00:00,46441,189.9
2026-08-01 00:00:00,46533,149.9
2026-08-01 00:00:00,46458,129.9
2026-08-01 00:00:00,53842,23.96
2026-08-01 00:00:00,53843,31.96
2026-08-01 00:00:00,6044,129.9
2026-08-01 00:00:00,56479,139.9
2026-08-01 00:00:00,53142,35.96
2026-08-01 00:00:00,53084,15.96
2026-08-01 00:00:00,28348,199.9
2026-08-01 00:00:00,28367,179.9
2026-08-01 00:00:00,28355,189.9
2026-08-01 00:00:00,57428,129.9
2026-08-01 00:00:00,46547,149.9
2026-08-01 00:00:00,6005,199.9
2026-08-01 00:00:00,5999,199.9
2026-08-01 00:00:00,46532,199.9
2026-08-01 00:00:00,46538,189.9
2026-08-01 00:00:00,46540,199.9
2026-08-01 00:00:00,46462,229.9
2026-08-01 00:00:00,28347,229.9
2026-08-01 00:00:00,28349,169.9
2026-08-01 00:00:00,46536,199.9
2026-08-01 00:00:00,53455,3.96
2026-08-01 00:00:00,46535,199.9
2026-08-01 00:00:00,5989,229.9
2026-08-01 00:00:00,5995,239.9
2026-08-01 00:00:00,34966,29.9
2026-08-01 00:00:00,5988,229.9
2026-08-01 00:00:00,6003,229.9
2026-08-01 00:00:00,46464,199.9
2026-08-01 00:00:00,53459,19.96
2026-08-01 00:00:00,53848,75.96
2026-08-01 00:00:00,54035,7.96
2026-08-01 00:00:00,46552,199.9
2026-08-01 00:00:00,28353,159.9
2026-08-01 00:00:00,28341,159.9
2026-08-01 00:00:00,3822,159.9
2026-08-01 00:00:00,52515,89.0
2026-08-01 00:00:00,57257,49.9
2026-08-01 00:00:00,33781,199.9
2026-08-01 00:00:00,46521,149.9
2026-08-01 00:00:00,5984,239.9
2026-08-01 00:00:00,46546,199.9
2026-08-01 00:00:00,53957,27.96
2026-08-01 00:00:00,46459,129.9
2026-08-01 00:00:00,46438,229.9
2026-08-01 00:00:00,53958,7.96
2026-08-01 00:00:00,53456,39.96
2026-08-01 00:00:00,53458,49.96
2026-08-01 00:00:00,46549,189.9
2026-08-01 00:00:00,5993,199.9
2026-08-01 00:00:00,5992,199.9
2026-08-01 00:00:00,46545,199.9
2026-08-01 00:00:00,6008,179.9
2026-08-01 00:00:00,56978,149.9
2026-08-01 00:00:00,52472,99.9
2026-08-01 00:00:00,28357,199.9
2026-08-01 00:00:00,46487,129.9
2026-08-01 00:00:00,46476,129.9
2026-08-01 00:00:00,46481,129.9
2026-08-01 00:00:00,52608,50.0
2026-08-01 00:00:00,54805,19.96
2026-08-01 00:00:00,46049,89.9
2026-08-01 00:00:00,52997,169.9
2026-08-01 00:00:00,56419,279.9
2026-08-01 00:00:00,52995,169.9
2026-08-01 00:00:00,16795,249.9
2026-08-01 00:00:00,28364,99.9
2026-08-01 00:00:00,19346,89.9
2026-08-01 00:00:00,19264,149.9
2026-08-01 00:00:00,55182,16.3
2026-08-01 00:00:00,55185,16.3
2026-08-01 00:00:00,55181,16.3
2026-08-01 00:00:00,55152,7.6
2026-08-01 00:00:00,30038,54.9
2026-08-01 00:00:00,46045,74.9
2026-08-01 00:00:00,63219,25.9
2026-08-01 00:00:00,45939,4.8
2026-08-01 00:00:00,45975,4.8
2026-08-01 00:00:00,45949,2.8
2026-08-01 00:00:00,45945,4.0
2026-08-01 00:00:00,45994,4.0
2026-08-01 00:00:00,46004,4.0
2026-08-01 00:00:00,45974,4.0
2026-08-01 00:00:00,46000,4.0
2026-08-01 00:00:00,55167,11.0
2026-08-01 00:00:00,11326,259.9
2026-08-01 00:00:00,63090,41.6
2026-08-01 00:00:00,55202,51.0
2026-08-01 00:00:00,55191,20.8
2026-08-01 00:00:00,55192,20.8
2026-08-01 00:00:00,45993,3.0
2026-08-01 00:00:00,45927,3.0
2026-08-01 00:00:00,45920,2.6
2026-08-01 00:00:00,45926,2.6
2026-08-01 00:00:00,44437,69.9
2026-08-01 00:00:00,36603,179.9
2026-08-01 00:00:00,11328,274.9
2026-08-01 00:00:00,58523,159.9
2026-08-01 00:00:00,55198,30.6
2026-08-01 00:00:00,14368,114.9
2026-08-01 00:00:00,12174,219.9
2026-08-01 00:00:00,17194,64.9
2026-08-01 00:00:00,44445,169.9
2026-08-01 00:00:00,29948,399.9
2026-08-01 00:00:00,19566,56.9
2026-08-01 00:00:00,44441,54.9
2026-08-01 00:00:00,11330,69.9
2026-08-01 00:00:00,46056,45.9
2026-08-01 00:00:00,21984,169.9
2026-08-01 00:00:00,52240,199.9
2026-08-01 00:00:00,55616,36.9
2026-08-01 00:00:00,55159,15.9
2026-08-01 00:00:00,45986,34.9
2026-08-01 00:00:00,58152,8.9
2026-08-01 00:00:00,53853,21.96
2026-08-01 00:00:00,52985,29.9
2026-08-01 00:00:00,46523,379.9
2026-08-01 00:00:00,52525,149.9
2026-08-01 00:00:00,37990,799.0
2026-08-01 00:00:00,62314,149.9
2026-08-01 00:00:00,52386,309.9
2026-08-01 00:00:00,60244,200.0
2026-08-01 00:00:00,63172,99.9
2026-08-01 00:00:00,63173,99.9
2026-08-01 00:00:00,37991,899.0
2026-08-01 00:00:00,28344,259.9
2026-08-01 00:00:00,46511,189.9
2026-08-01 00:00:00,46519,259.9
2026-08-01 00:00:00,46505,189.9
2026-08-01 00:00:00,46453,1199.0
2026-08-01 00:00:00,46493,899.0
2026-08-01 00:00:00,54509,79.9
2026-08-01 00:00:00,37237,79.9
2026-08-01 00:00:00,54061,54.9
2026-08-01 00:00:00,57418,79.9
2026-08-01 00:00:00,52241,79.9
2026-08-01 00:00:00,57894,119.9
2026-08-01 00:00:00,57429,99.9
2026-08-01 00:00:00,57417,119.9
2026-08-01 00:00:00,57425,199.9
2026-08-01 00:00:00,57423,89.9
2026-08-01 00:00:00,57419,79.9
2026-08-01 00:00:00,57735,11.9
2026-08-01 00:00:00,57928,59.9
2026-08-01 00:00:00,57749,69.9
2026-08-01 00:00:00,54066,69.9
2026-08-01 00:00:00,20257,2.95
2026-08-01 00:00:00,20255,2.95
2026-08-01 00:00:00,56413,84.9
2026-08-01 00:00:00,56410,89.9
2026-08-01 00:00:00,57426,79.9
2026-08-01 00:00:00,20296,2.95
2026-08-01 00:00:00,62445,54.9
2026-08-01 00:00:00,53751,9.9
2026-08-01 00:00:00,62440,9.9
2026-08-01 00:00:00,63215,12.9
2026-08-01 00:00:00,31895,29.9
2026-08-01 00:00:00,29449,24.9
2026-08-01 00:00:00,54068,19.9
2026-08-01 00:00:00,53187,14.9
2026-08-01 00:00:00,58131,44.9
2026-08-01 00:00:00,16212,21.9
2026-08-01 00:00:00,62256,9.9
2026-08-01 00:00:00,62258,14.9
2026-08-01 00:00:00,19569,35.9
2026-08-01 00:00:00,53762,15.9
2026-08-01 00:00:00,55203,65.9
2026-08-01 00:00:00,20270,2.95
2026-08-01 00:00:00,20260,6.45
2026-08-01 00:00:00,20261,10.95
2026-08-01 00:00:00,20242,2.25
2026-08-01 00:00:00,20269,2.95
2026-08-01 00:00:00,20237,4.45
2026-08-01 00:00:00,20238,6.95
2026-08-01 00:00:00,29942,20.0
2026-08-01 00:00:00,62438,44.9
2026-08-01 00:00:00,62293,34.9
2026-08-01 00:00:00,44448,94.9
2026-08-01 00:00:00,57851,34.9
2026-08-01 00:00:00,33662,249.9
2026-08-01 00:00:00,33664,89.9
2026-08-01 00:00:00,33656,199.9
2026-08-01 00:00:00,10966,429.9
2026-08-01 00:00:00,52587,59.9
2026-08-01 00:00:00,44446,39.9
2026-08-01 00:00:00,62444,17.9
2026-08-01 00:00:00,53765,13.9
2026-08-01 00:00:00,26546,599.9
2026-08-01 00:00:00,54810,39.96
2026-08-01 00:00:00,53766,22.9
2026-08-01 00:00:00,37634,899.9
2026-08-01 00:00:00,56984,223.93
2026-08-01 00:00:00,62402,24.9
2026-08-01 00:00:00,62262,24.9
2026-08-01 00:00:00,53315,24.9
2026-08-01 00:00:00,53453,11.96
2026-08-01 00:00:00,57730,17.9
2026-08-01 00:00:00,54812,19.96
2026-08-01 00:00:00,57592,69.9
2026-08-01 00:00:00,52974,109.9
2026-08-01 00:00:00,54814,41.96
2026-08-01 00:00:00,62446,4.9
2026-08-01 00:00:00,54815,45.96
2026-08-01 00:00:00,54816,45.96
2026-08-01 00:00:00,54817,45.96
2026-08-01 00:00:00,56970,69.9
2026-08-01 00:00:00,54510,14.9
2026-08-01 00:00:00,54055,24.9
2026-08-01 00:00:00,54053,49.9
2026-08-01 00:00:00,54054,74.9
2026-08-01 00:00:00,54057,22.9
2026-08-01 00:00:00,55142,6.8
2026-08-01 00:00:00,55143,6.8
2026-08-01 00:00:00,58146,39.9
2026-08-01 00:00:00,45973,5.0
2026-08-01 00:00:00,45954,5.0
2026-08-01 00:00:00,62437,19.9
2026-08-01 00:00:00,52839,6.9
2026-08-01 00:00:00,62433,19.9
2026-08-01 00:00:00,62432,8.9
2026-08-01 00:00:00,54062,12.9
2026-08-01 00:00:00,46120,51.9
2026-08-01 00:00:00,46046,51.9
2026-08-01 00:00:00,47229,22.9
2026-08-01 00:00:00,64853,260.0
2026-08-01 00:00:00,52993,49.9
2026-08-01 00:00:00,53086,7.96
2026-08-01 00:00:00,57431,79.9
2026-08-01 00:00:00,54813,39.96
2026-08-01 00:00:00,53087,11.96
2026-08-01 00:00:00,54761,31.96
2026-08-01 00:00:00,62318,179.9
2026-08-01 00:00:00,58525,279.9
2026-08-01 00:00:00,57774,29.9
2026-08-01 00:00:00,25677,29.9
2026-08-01 00:00:00,54018,9.9
2026-08-01 00:00:00,46125,18.9
2026-08-01 00:00:00,54016,9.9
2026-08-01 00:00:00,36863,10.9
2026-08-01 00:00:00,36864,10.9
2026-08-01 00:00:00,54017,15.9
2026-08-01 00:00:00,32459,36.9
2026-08-01 00:00:00,62456,199.9
2026-08-01 00:00:00,54067,24.9
2026-08-01 00:00:00,54014,9.9
2026-08-01 00:00:00,33672,12.9
2026-08-01 00:00:00,46014,25.9
2026-08-01 00:00:00,54015,14.9
2026-08-01 00:00:00,46112,40.0
2026-08-01 00:00:00,53412,35.96
2026-08-01 00:00:00,47230,29.9
2026-08-01 00:00:00,24438,49.9
2026-08-01 00:00:00,25721,15.9
2026-08-01 00:00:00,58164,49.9
2026-08-01 00:00:00,36610,20.0
2026-08-01 00:00:00,31800,339.9
2026-08-01 00:00:00,62457,149.9
2026-08-01 00:00:00,32882,9.9
2026-08-01 00:00:00,62260,489.9
2026-08-01 00:00:00,37941,50.0
2026-08-01 00:00:00,58130,26.9
2026-08-01 00:00:00,54318,14.9
2026-08-01 00:00:00,52973,219.9
2026-08-01 00:00:00,52977,44.9
2026-08-01 00:00:00,55620,47.9
2026-08-01 00:00:00,55622,64.9
2026-08-01 00:00:00,52980,89.9
2026-08-01 00:00:00,58514,169.9
2026-08-01 00:00:00,55629,9.9
2026-08-01 00:00:00,52979,89.9
2026-08-01 00:00:00,52981,18.9
2026-08-01 00:00:00,52982,37.9
2026-08-01 00:00:00,52175,65.9
2026-08-01 00:00:00,58173,69.9
2026-08-01 00:00:00,57929,49.9
2026-08-01 00:00:00,62319,109.9
2026-08-01 00:00:00,54818,25.96
2026-08-01 00:00:00,54819,51.96
2026-08-01 00:00:00,53856,91.96
2026-08-01 00:00:00,53463,1.96
2026-08-01 00:00:00,19579,34.9
2026-08-01 00:00:00,58160,54.9
2026-08-01 00:00:00,5997,49.95
2026-08-01 00:00:00,5996,49.95
2026-08-01 00:00:00,46012,10.9
2026-08-01 00:00:00,63220,17.9
2026-08-01 00:00:00,58170,9.9
2026-08-01 00:00:00,52371,9.9
2026-08-01 00:00:00,52373,15.9
2026-08-01 00:00:00,55130,4.9
2026-08-01 00:00:00,55172,22.9
2026-08-01 00:00:00,29623,7.9
2026-08-01 00:00:00,46010,10.9
2026-08-01 00:00:00,53405,19.9
2026-08-01 00:00:00,57772,13.9
2026-08-01 00:00:00,60542,5.9
2026-08-01 00:00:00,20259,5.25
2026-08-01 00:00:00,54466,1.31
2026-08-01 00:00:00,53333,59.9
2026-08-01 00:00:00,53063,4.9
2026-08-01 00:00:00,54820,39.96
2026-08-01 00:00:00,54821,39.96
2026-08-01 00:00:00,56484,149.9
2026-08-01 00:00:00,62447,224.9
2026-08-01 00:00:00,53371,9.9
2026-08-01 00:00:00,52527,249.9
2026-08-01 00:00:00,55360,149.9
2026-08-01 00:00:00,62415,599.0
2026-08-01 00:00:00,62414,549.0
2026-08-01 00:00:00,52529,99.9
2026-08-01 00:00:00,31044,399.9
2026-08-01 00:00:00,23634,169.9
2026-08-01 00:00:00,58271,35.0
2026-08-01 00:00:00,63425,29.9
2026-08-01 00:00:00,6167,477.0
2026-08-01 00:00:00,6147,677.0
2026-08-01 00:00:00,6150,977.0
2026-08-01 00:00:00,6140,1877.0
2026-08-01 00:00:00,24082,999.0
2026-08-01 00:00:00,24083,1499.0
2026-08-01 00:00:00,63423,29.9
2026-08-01 00:00:00,63424,24.9
2026-08-01 00:00:00,63523,9.9
2026-08-01 00:00:00,63422,19.9
2026-08-01 00:00:00,63499,9.9
2026-08-01 00:00:00,36812,39.9
2026-08-01 00:00:00,63416,69.9
2026-08-01 00:00:00,63415,49.9
2026-08-01 00:00:00,23666,799.0
2026-08-01 00:00:00,63408,59.9
2026-08-01 00:00:00,10791,24.9
2026-08-01 00:00:00,10692,24.9
2026-08-01 00:00:00,63420,265.0
2026-08-01 00:00:00,63439,55.0
2026-08-01 00:00:00,23974,29.9
2026-08-01 00:00:00,58251,299.0
2026-08-01 00:00:00,63426,29.9
2026-08-01 00:00:00,43760,49.9
2026-08-01 00:00:00,58264,299.0
2026-08-01 00:00:00,18199,69.9
2026-08-01 00:00:00,18191,69.9
2026-08-01 00:00:00,10625,69.9
2026-08-01 00:00:00,24078,222.0
2026-08-01 00:00:00,24077,222.0
2026-08-01 00:00:00,63419,139.9
2026-08-01 00:00:00,63409,169.9
2026-08-01 00:00:00,63406,169.9
2026-08-01 00:00:00,58281,99.0
2026-08-01 00:00:00,58280,99.0
2026-08-01 00:00:00,58279,99.0
2026-08-01 00:00:00,37251,29.9
2026-08-01 00:00:00,58277,67.0
2026-08-01 00:00:00,58274,157.0
2026-08-01 00:00:00,58278,67.0
2026-08-01 00:00:00,58282,299.0
2026-08-01 00:00:00,58283,222.0
2026-08-01 00:00:00,37087,39.9
2026-08-01 00:00:00,54358,24.9
2026-08-01 00:00:00,63413,222.0
2026-08-01 00:00:00,24039,79.9
2026-08-01 00:00:00,36939,159.9
2026-08-01 00:00:00,11692,269.9
2026-08-01 00:00:00,45318,229.9
2026-08-01 00:00:00,31049,299.9
2026-08-01 00:00:00,45320,169.9
2026-08-01 00:00:00,45322,379.9
2026-08-01 00:00:00,45323,479.9
2026-08-01 00:00:00,45327,844.0
2026-08-01 00:00:00,45328,1222.0
2026-08-01 00:00:00,45324,289.9
2026-08-01 00:00:00,45325,329.9
2026-08-01 00:00:00,31050,169.9
2026-08-01 00:00:00,24179,659.9
2026-08-01 00:00:00,24180,279.9
2026-08-01 00:00:00,24181,359.9
2026-08-01 00:00:00,24185,449.9
2026-08-01 00:00:00,45334,249.9
2026-08-01 00:00:00,36624,34.9
2026-08-01 00:00:00,18956,499.9
2026-08-01 00:00:00,18957,599.9
2026-08-01 00:00:00,63410,39.9
2026-08-01 00:00:00,63411,24.9
2026-08-01 00:00:00,18465,139.9
2026-08-01 00:00:00,63392,14.9
2026-08-01 00:00:00,63456,25.0
2026-08-01 00:00:00,63438,79.9
2026-08-01 00:00:00,6146,1799.0
2026-08-01 00:00:00,63412,69.9
2026-08-01 00:00:00,18162,29.9
2026-08-01 00:00:00,63444,45.0
2026-08-01 00:00:00,63445,89.9
2026-08-01 00:00:00,63446,45.0
2026-08-01 00:00:00,63434,49.9
2026-08-01 00:00:00,63447,69.9
2026-08-01 00:00:00,11117,444.0
2026-08-01 00:00:00,52441,153.6
2026-08-01 00:00:00,58294,99.0
2026-08-01 00:00:00,58300,67.0
2026-08-01 00:00:00,58286,135.0
2026-08-01 00:00:00,58289,147.0
2026-08-01 00:00:00,58298,99.0
2026-08-01 00:00:00,18175,55.0
2026-08-01 00:00:00,58295,137.0
2026-08-01 00:00:00,58291,137.0
2026-08-01 00:00:00,58287,67.0
2026-08-01 00:00:00,58296,99.0
2026-08-01 00:00:00,58370,177.0
2026-08-01 00:00:00,58292,177.0
2026-08-01 00:00:00,58290,166.0
2026-08-01 00:00:00,58297,77.0
2026-08-01 00:00:00,58293,137.0
2026-08-01 00:00:00,64857,299.9
2026-08-01 00:00:00,58275,77.0
2026-08-01 00:00:00,63449,349.9
2026-08-01 00:00:00,18190,69.9
2026-08-01 00:00:00,31052,69.9
2026-08-01 00:00:00,11681,69.9
2026-08-01 00:00:00,11682,69.9
2026-08-01 00:00:00,23314,69.9
2026-08-01 00:00:00,43747,69.9
2026-08-01 00:00:00,11685,199.9
2026-08-01 00:00:00,43759,99.9
2026-08-01 00:00:00,43754,99.9
2026-08-01 00:00:00,58248,555.0
2026-08-01 00:00:00,58249,555.0
2026-08-01 00:00:00,24062,69.9
2026-08-01 00:00:00,23319,69.9
2026-08-01 00:00:00,11683,69.9
2026-08-01 00:00:00,11684,69.9
2026-08-01 00:00:00,43752,69.9
2026-08-01 00:00:00,31051,69.9
2026-08-01 00:00:00,46408,49.9
2026-08-01 00:00:00,46411,49.9
2026-08-01 00:00:00,18192,69.9
2026-08-01 00:00:00,58307,69.9
2026-08-01 00:00:00,58309,69.9
2026-08-01 00:00:00,45329,69.9
2026-08-01 00:00:00,58263,69.9
2026-08-01 00:00:00,10645,79.9
2026-08-01 00:00:00,58270,99.9
2026-08-01 00:00:00,45330,99.9
2026-08-01 00:00:00,58266,99.9
2026-08-01 00:00:00,43970,69.9
2026-08-01 00:00:00,58310,69.9
2026-08-01 00:00:00,24232,69.9
2026-08-01 00:00:00,24236,69.9
2026-08-01 00:00:00,58265,69.9
2026-08-01 00:00:00,45332,69.9
2026-08-01 00:00:00,58306,69.9
2026-08-01 00:00:00,54336,39.9
2026-08-01 00:00:00,18188,199.9
2026-08-01 00:00:00,63428,199.9
2026-08-01 00:00:00,51194,19.9
2026-08-01 00:00:00,51200,49.9
2026-08-01 00:00:00,51199,49.9
2026-08-01 00:00:00,36809,65.0
2026-08-01 00:00:00,63391,27.0
2026-08-01 00:00:00,58305,59.0
2026-08-01 00:00:00,63450,45.0
2026-08-01 00:00:00,63452,79.9
2026-08-01 00:00:00,63389,39.9
2026-08-01 00:00:00,63513,49.9
2026-08-01 00:00:00,63417,22.0
2026-08-01 00:00:00,36819,9.9
2026-08-01 00:00:00,36820,9.9
2026-08-01 00:00:00,63430,69.9
2026-08-01 00:00:00,63432,49.9
2026-08-01 00:00:00,63516,59.9
2026-08-01 00:00:00,46694,24.9
2026-08-01 00:00:00,52250,9.9
2026-08-01 00:00:00,52249,9.9
2026-08-01 00:00:00,52252,9.9
2026-08-01 00:00:00,46627,9.9
2026-08-01 00:00:00,52244,9.9
2026-08-01 00:00:00,52245,9.9
2026-08-01 00:00:00,52251,9.9
2026-08-01 00:00:00,46690,34.9
2026-08-01 00:00:00,52246,9.9
2026-08-01 00:00:00,63429,125.0
2026-08-01 00:00:00,63451,59.9
2026-08-01 00:00:00,55066,62.2
2026-08-01 00:00:00,54345,69.9
2026-08-01 00:00:00,54347,49.9
2026-08-01 00:00:00,36817,69.9
2026-08-01 00:00:00,52173,69.9
2026-08-01 00:00:00,63514,54.9
2026-08-01 00:00:00,63511,44.9
2026-08-01 00:00:00,52477,34.9
2026-08-01 00:00:00,52479,34.9
2026-08-01 00:00:00,52480,34.9
2026-08-01 00:00:00,53290,19.9
2026-08-01 00:00:00,53289,19.9
2026-08-01 00:00:00,53293,9.9
2026-08-01 00:00:00,53294,9.9
2026-08-01 00:00:00,50365,69.9
2026-08-01 00:00:00,51783,49.9
2026-08-01 00:00:00,63512,79.9
2026-08-01 00:00:00,18140,39.9
2026-08-01 00:00:00,52530,24.9
2026-08-01 00:00:00,63421,49.9
2026-08-01 00:00:00,63407,25.0
2026-08-01 00:00:00,58260,255.0
2026-08-01 00:00:00,63418,199.9
2026-08-01 00:00:00,63503,49.9
2026-08-01 00:00:00,63504,24.9
2026-08-01 00:00:00,61694,5399.0
2026-08-01 00:00:00,61700,5399.0
2026-08-01 00:00:00,61702,5399.0
2026-08-01 00:00:00,61703,3359.0
2026-08-01 00:00:00,53561,189.9
2026-08-01 00:00:00,53560,189.9
2026-08-01 00:00:00,53549,169.9
2026-08-01 00:00:00,53566,239.9
2026-08-01 00:00:00,53427,29.9
2026-08-01 00:00:00,63069,52.9
2026-08-01 00:00:00,62909,42.9
2026-08-01 00:00:00,62910,42.9
2026-08-01 00:00:00,62911,42.9
2026-08-01 00:00:00,53545,109.9
2026-08-01 00:00:00,53325,120.0
2026-08-01 00:00:00,53355,109.9
2026-08-01 00:00:00,61701,11519.0
2026-08-01 00:00:00,61696,11519.0
2026-08-01 00:00:00,61693,11519.0
2026-08-01 00:00:00,61705,11879.0
2026-08-01 00:00:00,61947,419.9
2026-08-01 00:00:00,53287,119.9
2026-08-01 00:00:00,53286,49.9
2026-08-01 00:00:00,62208,169.9
2026-08-01 00:00:00,59288,899.9
2026-08-01 00:00:00,61706,13079.0
2026-08-01 00:00:00,61716,4679.0
2026-08-01 00:00:00,61704,4679.0
2026-08-01 00:00:00,61855,18239.0
2026-08-01 00:00:00,61856,16679.0
2026-08-01 00:00:00,61717,18239.0
2026-08-01 00:00:00,53256,29.9
2026-08-01 00:00:00,53557,169.9
2026-08-01 00:00:00,53550,169.9
2026-08-01 00:00:00,53553,169.9
2026-08-01 00:00:00,53554,169.9
2026-08-01 00:00:00,53551,169.9
2026-08-01 00:00:00,53396,69.9
2026-08-01 00:00:00,53398,39.92
2026-08-01 00:00:00,61698,7679.0
2026-08-01 00:00:00,61699,5279.0
2026-08-01 00:00:00,53326,300.0
2026-08-01 00:00:00,53547,79.9
2026-08-01 00:00:00,53548,79.9
2026-08-01 00:00:00,53546,99.9
2026-08-01 00:00:00,53331,106.0
2026-08-01 00:00:00,53330,106.0
2026-08-01 00:00:00,53363,129.9
2026-08-01 00:00:00,53570,99.0
2026-08-01 00:00:00,53380,24.9
2026-08-01 00:00:00,53753,49.9
2026-08-01 00:00:00,53102,49.9
2026-08-01 00:00:00,53713,99.9
2026-08-01 00:00:00,53706,115.9
2026-08-01 00:00:00,55860,99.9
2026-08-01 00:00:00,53756,139.9
2026-08-01 00:00:00,53755,79.9
2026-08-01 00:00:00,53707,49.9
2026-08-01 00:00:00,53732,89.9
2026-08-01 00:00:00,59961,2000.0
2026-08-01 00:00:00,53770,79.9
2026-08-01 00:00:00,53192,22.9
2026-08-01 00:00:00,46019,62.9
2026-08-01 00:00:00,56420,89.9
2026-08-01 00:00:00,46097,55.93
2026-08-01 00:00:00,53735,29.9
2026-08-01 00:00:00,53198,79.9
2026-08-01 00:00:00,53747,137.9
2026-08-01 00:00:00,53744,76.9
2026-08-01 00:00:00,53203,149.9
2026-08-01 00:00:00,53739,299.9
2026-08-01 00:00:00,53740,159.9
2026-08-01 00:00:00,53103,239.9
2026-08-01 00:00:00,53746,229.9
2026-08-01 00:00:00,53749,214.9
2026-08-01 00:00:00,56393,130.9
2026-08-01 00:00:00,53202,125.9
2026-08-01 00:00:00,55863,119.9
2026-08-01 00:00:00,55862,125.9
2026-08-01 00:00:00,53750,59.9
2026-08-01 00:00:00,53200,129.9
2026-08-01 00:00:00,55848,59.9
2026-08-01 00:00:00,55844,27.9
2026-08-01 00:00:00,53196,59.9
2026-08-01 00:00:00,55864,129.9
2026-08-01 00:00:00,53204,129.9
2026-08-01 00:00:00,53741,264.9
2026-08-01 00:00:00,53743,239.9
2026-08-01 00:00:00,56889,19.9
2026-08-01 00:00:00,53183,10.9
2026-08-01 00:00:00,40490,0.0
2026-08-01 00:00:00,53641,44.9
2026-08-01 00:00:00,42041,379.9
2026-08-01 00:00:00,52956,69.9
2026-08-01 00:00:00,42049,649.9
2026-08-01 00:00:00,42378,99.9
2026-08-01 00:00:00,39840,159.9
2026-08-01 00:00:00,64813,49.9
2026-08-01 00:00:00,64812,69.9
2026-08-01 00:00:00,38609,119.9
2026-08-01 00:00:00,64738,46.9
2026-08-01 00:00:00,64737,99.9
2026-08-01 00:00:00,64734,89.9
2026-08-01 00:00:00,64865,219.9
2026-08-01 00:00:00,58096,69.9
2026-08-01 00:00:00,31598,59.9
2026-08-01 00:00:00,52450,29.0
2026-08-01 00:00:00,64225,19.9
2026-08-01 00:00:00,64226,39.9
2026-08-01 00:00:00,52961,159.9
2026-08-01 00:00:00,57909,119.9
2026-08-01 00:00:00,52959,109.9
2026-08-01 00:00:00,64745,229.9
2026-08-01 00:00:00,64814,49.9
2026-08-01 00:00:00,64299,239.9
2026-08-01 00:00:00,64862,649.9
2026-08-01 00:00:00,64870,459.9
2026-08-01 00:00:00,35748,169.9
2026-08-01 00:00:00,64200,44.9
2026-08-01 00:00:00,64201,39.9
2026-08-01 00:00:00,52445,49.0
2026-08-01 00:00:00,64199,29.9
2026-08-01 00:00:00,64792,189.9
2026-08-01 00:00:00,64726,14.9
2026-08-01 00:00:00,63766,287.91
2026-08-01 00:00:00,63765,233.91
2026-08-01 00:00:00,63767,359.91
2026-08-01 00:00:00,38660,139.9
2026-08-01 00:00:00,52215,89.9
2026-08-01 00:00:00,64213,64.9
2026-08-01 00:00:00,64221,59.9
2026-08-01 00:00:00,64218,29.9
2026-08-01 00:00:00,64192,22.9
2026-08-01 00:00:00,63063,43.8
2026-08-01 00:00:00,64191,49.9
2026-08-01 00:00:00,64190,29.9
2026-08-01 00:00:00,64189,23.9
2026-08-01 00:00:00,52219,129.9
2026-08-01 00:00:00,52221,49.9
2026-08-01 00:00:00,52222,49.9
2026-08-01 00:00:00,64215,29.9
2026-08-01 00:00:00,64198,32.9
2026-08-01 00:00:00,63064,44.0
2026-08-01 00:00:00,64212,34.9
2026-08-01 00:00:00,64222,39.9
2026-08-01 00:00:00,64194,32.9
2026-08-01 00:00:00,64193,29.9
2026-08-01 00:00:00,64731,34.9
2026-08-01 00:00:00,64732,34.9
2026-08-01 00:00:00,64730,34.9
2026-08-01 00:00:00,52568,149.9
2026-08-01 00:00:00,52550,139.9
2026-08-01 00:00:00,53340,149.9
2026-08-01 00:00:00,52564,109.9
2026-08-01 00:00:00,52546,139.9
2026-08-01 00:00:00,58097,89.9
2026-08-01 00:00:00,53643,69.9
2026-08-01 00:00:00,53644,69.9
2026-08-01 00:00:00,52940,79.9
2026-08-01 00:00:00,53646,39.9
2026-08-01 00:00:00,58098,39.9
2026-08-01 00:00:00,52571,36.9
2026-08-01 00:00:00,64728,21.9
2026-08-01 00:00:00,64729,21.9
2026-08-01 00:00:00,64727,22.9
2026-08-01 00:00:00,64742,16.9
2026-08-01 00:00:00,64220,59.9
2026-08-01 00:00:00,64217,84.9
2026-08-01 00:00:00,64736,39.9
2026-08-01 00:00:00,64783,119.9
2026-08-01 00:00:00,52943,189.9
2026-08-01 00:00:00,52567,169.9
2026-08-01 00:00:00,64197,79.9
2026-08-01 00:00:00,64195,59.9
2026-08-01 00:00:00,64214,39.9
2026-08-01 00:00:00,64788,29.9
2026-08-01 00:00:00,12565,59.9
2026-08-01 00:00:00,64793,79.9
2026-08-01 00:00:00,31596,69.9
2026-08-01 00:00:00,31597,54.9
2026-08-01 00:00:00,52949,54.9
2026-08-01 00:00:00,52950,49.9
2026-08-01 00:00:00,31595,66.9
2026-08-01 00:00:00,64799,43.9
2026-08-01 00:00:00,64800,89.9
2026-08-01 00:00:00,64790,149.9
2026-08-01 00:00:00,57819,99.9
2026-08-01 00:00:00,64818,60.9
2026-08-01 00:00:00,52951,69.9
2026-08-01 00:00:00,58034,49.9
2026-08-01 00:00:00,64805,56.9
2026-08-01 00:00:00,64807,169.9
2026-08-01 00:00:00,64787,109.9
2026-08-01 00:00:00,64811,49.9
2026-08-01 00:00:00,64204,24.9
2026-08-01 00:00:00,64228,19.9
2026-08-01 00:00:00,64206,20.0
2026-08-01 00:00:00,64216,44.9
2026-08-01 00:00:00,64791,29.9
2026-08-01 00:00:00,52534,119.9
2026-08-01 00:00:00,57908,34.9
2026-08-01 00:00:00,64224,24.9
2026-08-01 00:00:00,54696,14.9
2026-08-01 00:00:00,64739,56.9
2026-08-01 00:00:00,64733,34.9
2026-08-01 00:00:00,64735,34.9
2026-08-01 00:00:00,57906,34.9
2026-08-01 00:00:00,64786,39.9
2026-08-01 00:00:00,52953,99.9
2026-08-01 00:00:00,57700,199.9
2026-08-01 00:00:00,58124,49.9
2026-08-01 00:00:00,64803,149.9
2026-08-01 00:00:00,64817,70.9
2026-08-01 00:00:00,64798,34.9
2026-08-01 00:00:00,64802,49.9
2026-08-01 00:00:00,64338,36.9
2026-08-01 00:00:00,52451,74.9
2026-08-01 00:00:00,52452,56.9
2026-08-01 00:00:00,58099,14.9
2026-08-01 00:00:00,58100,19.9
2026-08-01 00:00:00,64219,64.9
2026-08-01 00:00:00,64229,89.9
2026-08-01 00:00:00,64196,39.9
2026-08-01 00:00:00,52724,29.9
2026-08-01 00:00:00,38591,69.9
2026-08-01 00:00:00,52632,34.9
2026-08-01 00:00:00,57907,34.9
2026-08-01 00:00:00,64202,39.9
2026-08-01 00:00:00,64223,24.9
2026-08-01 00:00:00,64227,34.9
2026-08-01 00:00:00,64185,23.9
2026-08-01 00:00:00,64188,29.9
2026-08-01 00:00:00,64801,76.9
2026-08-01 00:00:00,64797,119.9
2026-08-01 00:00:00,52449,59.9
2026-08-01 00:00:00,52533,69.9
2026-08-01 00:00:00,64186,39.9
2026-08-01 00:00:00,64182,49.9
2026-08-01 00:00:00,64187,43.9
2026-08-01 00:00:00,64208,44.9
2026-08-01 00:00:00,64179,49.9
2026-08-01 00:00:00,64180,69.9
2026-08-01 00:00:00,64178,49.9
2026-08-01 00:00:00,64181,39.9
2026-08-01 00:00:00,64184,33.9
2026-08-01 00:00:00,64746,19.9
2026-08-01 00:00:00,57882,49.0
2026-08-01 00:00:00,44960,34.9
2026-08-01 00:00:00,44962,34.9
2026-08-01 00:00:00,64183,59.9
2026-08-01 00:00:00,64823,119.9
2026-08-01 00:00:00,64822,179.9
2026-08-01 00:00:00,64806,94.9
2026-08-01 00:00:00,64203,29.9
2026-08-01 00:00:00,64209,34.5
2026-08-01 00:00:00,57589,379.9
2026-08-01 00:00:00,64743,299.9
2026-08-01 00:00:00,64804,76.9
2026-08-01 00:00:00,42037,219.9
2026-08-01 00:00:00,64741,16.9
2026-08-01 00:00:00,64808,199.9
2026-08-01 00:00:00,52962,54.9
2026-08-01 00:00:00,58103,66.9
2026-08-01 00:00:00,53648,54.9
2026-08-01 00:00:00,53649,54.9
2026-08-01 00:00:00,52963,54.9
2026-08-01 00:00:00,58104,54.9
2026-08-01 00:00:00,52453,74.9
2026-08-01 00:00:00,52414,69.9
2026-08-01 00:00:00,52416,64.9
2026-08-01 00:00:00,52415,74.9
2026-08-01 00:00:00,64816,39.9
2026-08-01 00:00:00,64340,39.9
2026-08-01 00:00:00,64341,39.9
2026-08-01 00:00:00,64796,79.9
2026-08-01 00:00:00,64795,129.9
2026-08-01 00:00:00,64794,179.9
2026-08-01 00:00:00,31599,179.9
2026-08-01 00:00:00,64205,74.9
2026-08-01 00:00:00,64207,89.9
2026-08-01 00:00:00,64211,74.9
2026-08-01 00:00:00,64810,69.9
2026-08-01 00:00:00,64809,99.9
2026-08-01 00:00:00,52220,149.9
2026-08-01 00:00:00,58074,74.9
2026-08-01 00:00:00,49247,2.5
2026-08-01 00:00:00,64308,16.9
2026-08-01 00:00:00,31590,49.9
2026-08-01 00:00:00,10138,249.9
2026-08-01 00:00:00,57762,79.9
2026-08-01 00:00:00,28642,12.9
2026-08-01 00:00:00,16774,42.9
2026-08-01 00:00:00,28683,9.9
2026-08-01 00:00:00,28686,13.9
2026-08-01 00:00:00,28714,9.9
2026-08-01 00:00:00,38850,54.9
2026-08-01 00:00:00,15663,129.9
2026-08-01 00:00:00,64699,29.9
2026-08-01 00:00:00,36585,89.9
2026-08-01 00:00:00,36587,159.9
2026-08-01 00:00:00,36586,49.9
2026-08-01 00:00:00,63689,99.9
2026-08-01 00:00:00,64374,59.9
2026-08-01 00:00:00,64375,89.9
2026-08-01 00:00:00,27157,79.9
2026-08-01 00:00:00,49040,79.9
2026-08-01 00:00:00,30031,59.9
2026-08-01 00:00:00,30154,329.0
2026-08-01 00:00:00,32324,249.0
2026-08-01 00:00:00,64713,149.9
2026-08-01 00:00:00,12082,209.9
2026-08-01 00:00:00,12083,439.0
2026-08-01 00:00:00,16778,69.9
2026-08-01 00:00:00,12092,469.0
2026-08-01 00:00:00,10224,399.0
2026-08-01 00:00:00,7000,539.0
2026-08-01 00:00:00,14137,189.9
2026-08-01 00:00:00,62919,31.0
2026-08-01 00:00:00,15661,149.9
2026-08-01 00:00:00,49627,99.9
2026-08-01 00:00:00,16777,59.9
2026-08-01 00:00:00,32317,289.9
2026-08-01 00:00:00,49146,199.9
2026-08-01 00:00:00,55003,107.8
2026-08-01 00:00:00,31264,109.9
2026-08-01 00:00:00,34215,109.9
2026-08-01 00:00:00,34216,109.9
2026-08-01 00:00:00,47495,109.9
2026-08-01 00:00:00,49355,19.9
2026-08-01 00:00:00,64720,26.9
2026-08-01 00:00:00,64712,69.9
2026-08-01 00:00:00,64129,16.9
2026-08-01 00:00:00,27175,19.9
2026-08-01 00:00:00,28685,13.9
2026-08-01 00:00:00,13823,389.0
2026-08-01 00:00:00,64719,44.9
2026-08-01 00:00:00,20405,12.9
2026-08-01 00:00:00,49039,3690.0
2026-08-01 00:00:00,49036,3490.0
2026-08-01 00:00:00,12103,69.9
2026-08-01 00:00:00,18346,169.9
2026-08-01 00:00:00,14460,89.9
2026-08-01 00:00:00,16787,54.9
2026-08-01 00:00:00,49357,949.0
2026-08-01 00:00:00,64147,799.9
2026-08-01 00:00:00,32331,869.0
2026-08-01 00:00:00,32330,749.0
2026-08-01 00:00:00,12087,1069.0
2026-08-01 00:00:00,48395,499.0
2026-08-01 00:00:00,49803,119.9
2026-08-01 00:00:00,49598,569.0
2026-08-01 00:00:00,49626,319.9
2026-08-01 00:00:00,38842,289.0
2026-08-01 00:00:00,41975,419.9
2026-08-01 00:00:00,50543,59.9
2026-08-01 00:00:00,12101,419.0
2026-08-01 00:00:00,10228,219.9
2026-08-01 00:00:00,34199,179.9
2026-08-01 00:00:00,49256,249.9
2026-08-01 00:00:00,47050,1349.6
2026-08-01 00:00:00,47460,727.04
2026-08-01 00:00:00,49704,99.9
2026-08-01 00:00:00,49834,79.9
2026-08-01 00:00:00,55613,249.9
2026-08-01 00:00:00,21388,1899.9
2026-08-01 00:00:00,38852,39.9
2026-08-01 00:00:00,38851,109.9
2026-08-01 00:00:00,30042,79.9
2026-08-01 00:00:00,49350,19.9
2026-08-01 00:00:00,32311,119.9
2026-08-01 00:00:00,38849,33.9
2026-08-01 00:00:00,12105,129.9
2026-08-01 00:00:00,49149,54.9
2026-08-01 00:00:00,49159,4.9
2026-08-01 00:00:00,32307,36.9
2026-08-01 00:00:00,38853,29.9
2026-08-01 00:00:00,17834,79.9
2026-08-01 00:00:00,12368,69.9
2026-08-01 00:00:00,49632,64.9
2026-08-01 00:00:00,50467,19.9
2026-08-01 00:00:00,12367,89.9
2026-08-01 00:00:00,32314,229.9
2026-08-01 00:00:00,31778,79.9
2026-08-01 00:00:00,55034,12.9
2026-08-01 00:00:00,10227,219.9
2026-08-01 00:00:00,25337,999.0
2026-08-01 00:00:00,32342,429.9
2026-08-01 00:00:00,32436,569.0
2026-08-01 00:00:00,18351,689.0
2026-08-01 00:00:00,18404,149.9
2026-08-01 00:00:00,18401,66.9
2026-08-01 00:00:00,18400,66.9
2026-08-01 00:00:00,18402,139.9
2026-08-01 00:00:00,18399,66.9
2026-08-01 00:00:00,49824,66.9
2026-08-01 00:00:00,49825,66.9
2026-08-01 00:00:00,18398,99.9
2026-08-01 00:00:00,18395,139.9
2026-08-01 00:00:00,18396,119.9
2026-08-01 00:00:00,18397,119.9
2026-08-01 00:00:00,49777,79.9
2026-08-01 00:00:00,50866,64.9
2026-08-01 00:00:00,50293,19.9
2026-08-01 00:00:00,26730,10.9
2026-08-01 00:00:00,48332,11.9
2026-08-01 00:00:00,32313,349.0
2026-08-01 00:00:00,32309,159.9
2026-08-01 00:00:00,32310,179.9
2026-08-01 00:00:00,49827,99.0
2026-08-01 00:00:00,49712,199.9
2026-08-01 00:00:00,34217,199.9
2026-08-01 00:00:00,49412,79.9
2026-08-01 00:00:00,64145,869.0
2026-08-01 00:00:00,16782,379.9
2026-08-01 00:00:00,38854,99.9
2026-08-01 00:00:00,64130,69.9
2026-08-01 00:00:00,14139,124.9
2026-08-01 00:00:00,50294,39.9
2026-08-01 00:00:00,16752,126.9
2026-08-01 00:00:00,28721,13.9
2026-08-01 00:00:00,16748,29.9
2026-08-01 00:00:00,50857,79.9
2026-08-01 00:00:00,34137,99.9
2026-08-01 00:00:00,27169,14.9
2026-08-01 00:00:00,49721,859.9
2026-08-01 00:00:00,48205,46.9
2026-08-01 00:00:00,54998,189.9
2026-08-01 00:00:00,42024,69.9
2026-08-01 00:00:00,55395,44.9
2026-08-01 00:00:00,48590,299.0
2026-08-01 00:00:00,49601,299.0
2026-08-01 00:00:00,48592,299.0
2026-08-01 00:00:00,49478,149.9
2026-08-01 00:00:00,56973,104.9
2026-08-01 00:00:00,59456,1499.0
2026-08-01 00:00:00,5365,1099.0
2026-08-01 00:00:00,47658,1919.0
2026-08-01 00:00:00,47663,1919.0
2026-08-01 00:00:00,59342,1599.0
2026-08-01 00:00:00,6787,899.0
2026-08-01 00:00:00,3213,1049.0
2026-08-01 00:00:00,50409,44.9
2026-08-01 00:00:00,26732,19.9
2026-08-01 00:00:00,64718,34.9
2026-08-01 00:00:00,16779,139.9
2026-08-01 00:00:00,12361,129.9
2026-08-01 00:00:00,50295,44.9
2026-08-01 00:00:00,16786,49.9
2026-08-01 00:00:00,50865,64.9
2026-08-01 00:00:00,40129,149.0
2026-08-01 00:00:00,46643,24.9
2026-08-01 00:00:00,35536,399.0
2026-08-01 00:00:00,12359,199.9
2026-08-01 00:00:00,48240,23.9
2026-08-01 00:00:00,20236,49.9
2026-08-01 00:00:00,30041,229.0
2026-08-01 00:00:00,12094,379.0
2026-08-01 00:00:00,16760,94.9
2026-08-01 00:00:00,49254,179.9
2026-08-01 00:00:00,49082,44.9
2026-08-01 00:00:00,49083,36.9
2026-08-01 00:00:00,49257,129.9
2026-08-01 00:00:00,64118,96.9
2026-08-01 00:00:00,64121,96.9
2026-08-01 00:00:00,64127,149.9
2026-08-01 00:00:00,64119,96.9
2026-08-01 00:00:00,50154,209.93
2026-08-01 00:00:00,50153,209.93
2026-08-01 00:00:00,64124,149.9
2026-08-01 00:00:00,64122,149.9
2026-08-01 00:00:00,64128,199.9
2026-08-01 00:00:00,64123,149.9
2026-08-01 00:00:00,50157,181.93
2026-08-01 00:00:00,50156,181.93
2026-08-01 00:00:00,50155,181.93
2026-08-01 00:00:00,47492,36.9
2026-08-01 00:00:00,47488,54.9
2026-08-01 00:00:00,47493,9.9
2026-08-01 00:00:00,47489,24.9
2026-08-01 00:00:00,64116,39.9
2026-08-01 00:00:00,64125,79.9
2026-08-01 00:00:00,64113,39.9
2026-08-01 00:00:00,64117,56.9
2026-08-01 00:00:00,64126,99.9
2026-08-01 00:00:00,64120,56.9
2026-08-01 00:00:00,64115,56.9
2026-08-01 00:00:00,39006,299.9
2026-08-01 00:00:00,38998,179.9
2026-08-01 00:00:00,38999,299.9
2026-08-01 00:00:00,39005,459.9
2026-08-01 00:00:00,44620,219.9
2026-08-01 00:00:00,44617,219.9
2026-08-01 00:00:00,47878,299.9
2026-08-01 00:00:00,47883,179.9
2026-08-01 00:00:00,44619,429.9
2026-08-01 00:00:00,47873,239.9
2026-08-01 00:00:00,47879,239.9
2026-08-01 00:00:00,47874,339.9
2026-08-01 00:00:00,47882,339.9
2026-08-01 00:00:00,7739,89.9
2026-08-01 00:00:00,47490,36.9
2026-08-01 00:00:00,50645,269.9
2026-08-01 00:00:00,63698,109.9
2026-08-01 00:00:00,47491,54.9
2026-08-01 00:00:00,47494,64.9
2026-08-01 00:00:00,64363,199.2
2026-08-01 00:00:00,50622,307.3
2026-08-01 00:00:00,50620,307.3
2026-08-01 00:00:00,50625,244.3
2026-08-01 00:00:00,50616,97.93
2026-08-01 00:00:00,50618,97.93
2026-08-01 00:00:00,63548,139.93
2026-08-01 00:00:00,63549,244.3
2026-08-01 00:00:00,50619,251.3
2026-08-01 00:00:00,50621,307.3
2026-08-01 00:00:00,37225,39.9
2026-08-01 00:00:00,36614,5.9
2026-08-01 00:00:00,42393,239.9
2026-08-01 00:00:00,50623,244.3
2026-08-01 00:00:00,41774,129.9
2026-08-01 00:00:00,42004,259.9
2026-08-01 00:00:00,58955,129.9
2026-08-01 00:00:00,41858,129.9
2026-08-01 00:00:00,46868,449.9
2026-08-01 00:00:00,38766,99.9
2026-08-01 00:00:00,41866,129.9
2026-08-01 00:00:00,41980,269.9
2026-08-01 00:00:00,38647,119.9
2026-08-01 00:00:00,38646,229.9
2026-08-01 00:00:00,38650,119.9
2026-08-01 00:00:00,32146,159.9
2026-08-01 00:00:00,42019,129.9
2026-08-01 00:00:00,42020,229.9
2026-08-01 00:00:00,50657,149.9
2026-08-01 00:00:00,50660,239.9
2026-08-01 00:00:00,50659,349.9
2026-08-01 00:00:00,7742,79.9
2026-08-01 00:00:00,7744,139.9
2026-08-01 00:00:00,7745,15.9
2026-08-01 00:00:00,7746,29.9
2026-08-01 00:00:00,6457,229.9
2026-08-01 00:00:00,39002,149.9
2026-08-01 00:00:00,44624,149.9
2026-08-01 00:00:00,44622,149.9
2026-08-01 00:00:00,47877,189.9
2026-08-01 00:00:00,44618,189.9
2026-08-01 00:00:00,39003,189.9
2026-08-01 00:00:00,47881,179.9
2026-08-01 00:00:00,44623,189.9
2026-08-01 00:00:00,50488,129.9
2026-08-01 00:00:00,50489,149.9
2026-08-01 00:00:00,50490,179.9
2026-08-01 00:00:00,38997,299.9
2026-08-01 00:00:00,44627,299.9
2026-08-01 00:00:00,39001,429.9
2026-08-01 00:00:00,7747,6.9
2026-08-01 00:00:00,7748,12.9
2026-08-01 00:00:00,63552,199.2
2026-08-01 00:00:00,64360,199.2
2026-08-01 00:00:00,29607,109.9
2026-08-01 00:00:00,55001,179.0
2026-08-01 00:00:00,63551,199.2
2026-08-01 00:00:00,50421,229.9
2026-08-01 00:00:00,7749,99.9
2026-08-01 00:00:00,7751,129.9
2026-08-01 00:00:00,50591,272.3
2026-08-01 00:00:00,50675,244.3
2026-08-01 00:00:00,50678,209.3
2026-08-01 00:00:00,50674,244.3
2026-08-01 00:00:00,50593,272.3
2026-08-01 00:00:00,50594,272.3
2026-08-01 00:00:00,48558,258.3
2026-08-01 00:00:00,50671,83.3
2026-08-01 00:00:00,50676,111.93
2026-08-01 00:00:00,50586,119.9
2026-08-01 00:00:00,50583,83.93
2026-08-01 00:00:00,50585,118.93
2026-08-01 00:00:00,50584,118.93
2026-08-01 00:00:00,50677,202.3
2026-08-01 00:00:00,50589,195.3
2026-08-01 00:00:00,50590,195.3
2026-08-01 00:00:00,50592,195.3
2026-08-01 00:00:00,64364,199.2
2026-08-01 00:00:00,64362,559.2
2026-08-01 00:00:00,7730,39.9
2026-08-01 00:00:00,7752,89.9
2026-08-01 00:00:00,37185,154.9
2026-08-01 00:00:00,64365,199.2
2026-08-01 00:00:00,64359,199.2
2026-08-01 00:00:00,44851,139.9
2026-08-01 00:00:00,44852,164.9
2026-08-01 00:00:00,63553,199.2
2026-08-01 00:00:00,7732,34.9
2026-08-01 00:00:00,7733,49.9
2026-08-01 00:00:00,7737,59.9
2026-08-01 00:00:00,7738,13.9
2026-08-01 00:00:00,55042,59.0
2026-08-01 00:00:00,7753,99.9
2026-08-01 00:00:00,7755,79.9
2026-08-01 00:00:00,7760,44.9
2026-08-01 00:00:00,7757,6.9
2026-08-01 00:00:00,7736,12.9
2026-08-01 00:00:00,7735,22.9
2026-08-01 00:00:00,7734,29.9
2026-08-01 00:00:00,46751,129.9
2026-08-01 00:00:00,46853,239.9
2026-08-01 00:00:00,38996,309.9
2026-08-01 00:00:00,39000,469.9
2026-08-01 00:00:00,39004,179.9
2026-08-01 00:00:00,64361,199.2
2026-08-01 00:00:00,52607,149.9
2026-08-01 00:00:00,52617,149.9
2026-08-01 00:00:00,12098,349.0
2026-08-01 00:00:00,18344,289.0
2026-08-01 00:00:00,12099,349.0
2026-08-01 00:00:00,12088,199.9
2026-08-01 00:00:00,30045,899.0
2026-08-01 00:00:00,38843,549.9
2026-08-01 00:00:00,49253,499.0
2026-08-01 00:00:00,49150,649.0
2026-08-01 00:00:00,64146,399.9
2026-08-01 00:00:00,12102,849.0
2026-08-01 00:00:00,12089,779.0
2026-08-01 00:00:00,12830,569.0
2026-08-01 00:00:00,38858,279.9
2026-08-01 00:00:00,32326,999.0
2026-08-01 00:00:00,49145,1099.0
2026-08-01 00:00:00,28629,519.0
2026-08-01 00:00:00,28684,279.9
2026-08-01 00:00:00,64139,419.9
2026-08-01 00:00:00,34210,329.9
2026-08-01 00:00:00,32325,1249.0
2026-08-01 00:00:00,34209,379.9
2026-08-01 00:00:00,64138,429.9
2026-08-01 00:00:00,49147,44.9
2026-08-01 00:00:00,20696,739.9
2026-08-01 00:00:00,36582,29.9
2026-08-01 00:00:00,63687,105.6
2026-08-01 00:00:00,38847,119.9
2026-08-01 00:00:00,16750,139.9
2026-08-01 00:00:00,48490,169.9
2026-08-01 00:00:00,32438,89.9
2026-08-01 00:00:00,16755,36.9
2026-08-01 00:00:00,60589,9.9
2026-08-01 00:00:00,64367,99.9
2026-08-01 00:00:00,50872,99.9
2026-08-01 00:00:00,50871,99.9
2026-08-01 00:00:00,49630,449.9
2026-08-01 00:00:00,48575,269.9
2026-08-01 00:00:00,31267,499.0
2026-08-01 00:00:00,38656,479.9
2026-08-01 00:00:00,10140,279.9
2026-08-01 00:00:00,49157,69.9
2026-08-01 00:00:00,12095,499.0
2026-08-01 00:00:00,48196,12.9
2026-08-01 00:00:00,48628,19.9
2026-08-01 00:00:00,48194,34.9
2026-08-01 00:00:00,48192,9.9
2026-08-01 00:00:00,48345,69.93
2026-08-01 00:00:00,48539,97.93
2026-08-01 00:00:00,48547,139.93
2026-08-01 00:00:00,37228,59.9
2026-08-01 00:00:00,55005,76.6
2026-08-01 00:00:00,54999,94.5
2026-08-01 00:00:00,55009,80.0
2026-08-01 00:00:00,55007,80.0
2026-08-01 00:00:00,55002,80.0
2026-08-01 00:00:00,49628,1690.0
2026-08-01 00:00:00,30043,1249.0
2026-08-01 00:00:00,64144,799.0
2026-08-01 00:00:00,49144,99.9
2026-08-01 00:00:00,49143,89.9
2026-08-01 00:00:00,20249,1069.0
2026-08-01 00:00:00,64700,19.9
2026-08-01 00:00:00,12828,269.9
2026-08-01 00:00:00,38862,99.9
2026-08-01 00:00:00,35532,199.9
2026-08-01 00:00:00,35533,219.9
2026-08-01 00:00:00,13041,129.9
2026-08-01 00:00:00,49154,109.9
2026-08-01 00:00:00,50292,24.9
2026-08-01 00:00:00,32327,1499.0
2026-08-01 00:00:00,22423,279.0
2026-08-01 00:00:00,58070,29.9
2026-08-01 00:00:00,49037,429.0
2026-08-01 00:00:00,16757,39.9
2026-08-01 00:00:00,54684,169.9
2026-08-01 00:00:00,48487,169.9
2026-08-01 00:00:00,48492,169.9
2026-08-01 00:00:00,38855,114.9
2026-08-01 00:00:00,16766,16.9
2026-08-01 00:00:00,12833,399.9
2026-08-01 00:00:00,55612,39.9
2026-08-01 00:00:00,25338,329.0
2026-08-01 00:00:00,7009,209.9
2026-08-01 00:00:00,49033,229.9
2026-08-01 00:00:00,64722,129.9
2026-08-01 00:00:00,15662,79.9
2026-08-01 00:00:00,28628,69.9
2026-08-01 00:00:00,55602,39.9
2026-08-01 00:00:00,21290,55.0
2026-08-01 00:00:00,36787,249.0
2026-08-01 00:00:00,57763,219.9
2026-08-01 00:00:00,57764,199.9
2026-08-01 00:00:00,38876,459.0
2026-08-01 00:00:00,50628,149.9
2026-08-01 00:00:00,55025,38.5
2026-08-01 00:00:00,10141,299.0
2026-08-01 00:00:00,64131,129.9
2026-08-01 00:00:00,1329,629.0
2026-08-01 00:00:00,64133,199.9
2026-08-01 00:00:00,7007,299.0
2026-08-01 00:00:00,28718,24.9
2026-08-01 00:00:00,28717,49.9
2026-08-01 00:00:00,57724,69.9
2026-08-01 00:00:00,12835,499.0
2026-08-01 00:00:00,55605,189.9
2026-08-01 00:00:00,16781,29.9
2026-08-01 00:00:00,64724,19.9
2026-08-01 00:00:00,64723,26.9
2026-08-01 00:00:00,48219,219.9
2026-08-01 00:00:00,28712,24.9
2026-08-01 00:00:00,34206,119.9
2026-08-01 00:00:00,34207,119.9
2026-08-01 00:00:00,34208,119.9
2026-08-01 00:00:00,49714,119.9
2026-08-01 00:00:00,12366,129.9
2026-08-01 00:00:00,18343,23.9
2026-08-01 00:00:00,15660,519.0
2026-08-01 00:00:00,36584,139.9
2026-08-01 00:00:00,35551,359.0
2026-08-01 00:00:00,28715,79.9
2026-08-01 00:00:00,32338,289.9
2026-08-01 00:00:00,32437,299.0
2026-08-01 00:00:00,32336,499.0
2026-08-01 00:00:00,32337,449.0
2026-08-01 00:00:00,49255,699.0
2026-08-01 00:00:00,64744,39.9
2026-08-01 00:00:00,64148,349.0
2026-08-01 00:00:00,64142,319.9
2026-08-01 00:00:00,64143,449.0
2026-08-01 00:00:00,64137,129.9
2026-08-01 00:00:00,50864,139.9
2026-08-01 00:00:00,64132,149.9
2026-08-01 00:00:00,64136,79.9
2026-08-01 00:00:00,35540,229.9
2026-08-01 00:00:00,12096,549.0
2026-08-01 00:00:00,58071,489.0
2026-08-01 00:00:00,35549,479.0
2026-08-01 00:00:00,64711,79.9
2026-08-01 00:00:00,12357,139.9
2026-08-01 00:00:00,64715,69.9
2026-08-01 00:00:00,49826,129.9
2026-08-01 00:00:00,49788,69.9
2026-08-01 00:00:00,49833,59.9
2026-08-01 00:00:00,49832,59.9
2026-08-01 00:00:00,49831,69.9
2026-08-01 00:00:00,64368,59.9
2026-08-01 00:00:00,49041,99.9
2026-08-01 00:00:00,49042,219.9
2026-08-01 00:00:00,49705,39.9
2026-08-01 00:00:00,49086,59.9
2026-08-01 00:00:00,49087,9.9
2026-08-01 00:00:00,28713,10.9
2026-08-01 00:00:00,28719,44.9
2026-08-01 00:00:00,17837,59.9
2026-08-01 00:00:00,32306,79.9
2026-08-01 00:00:00,64725,24.9
2026-08-01 00:00:00,64372,59.9
2026-08-01 00:00:00,50862,74.9
2026-08-01 00:00:00,37178,39.9
2026-08-01 00:00:00,57725,69.9
2026-08-01 00:00:00,64373,54.9
2026-08-01 00:00:00,49336,19.9
2026-08-01 00:00:00,49806,529.0
2026-08-01 00:00:00,50469,19.9
2026-08-01 00:00:00,48638,169.9
2026-08-01 00:00:00,49480,59.9
2026-08-01 00:00:00,48606,76.93
2026-08-01 00:00:00,48605,109.9
2026-08-01 00:00:00,50126,129.9
2026-08-01 00:00:00,50127,229.9
2026-08-01 00:00:00,50119,129.9
2026-08-01 00:00:00,50120,189.9
2026-08-01 00:00:00,50121,349.9
2026-08-01 00:00:00,50117,49.9
2026-08-01 00:00:00,48604,199.9
2026-08-01 00:00:00,51455,329.9
2026-08-01 00:00:00,50476,19.9
2026-08-01 00:00:00,50627,499.0
2026-08-01 00:00:00,50629,149.9
2026-08-01 00:00:00,49713,109.9
2026-08-01 00:00:00,45771,4.9
2026-08-01 00:00:00,45873,8.0
2026-08-01 00:00:00,45874,5.0
2026-08-01 00:00:00,51950,10.5
2026-08-01 00:00:00,51142,17.9
2026-08-01 00:00:00,51981,17.9
2026-08-01 00:00:00,51526,10.5
2026-08-01 00:00:00,51544,4.5
2026-08-01 00:00:00,51547,4.5
2026-08-01 00:00:00,45862,14.9
2026-08-01 00:00:00,45775,14.9
2026-08-01 00:00:00,57105,4.0
2026-08-01 00:00:00,52063,4.0
2026-08-01 00:00:00,52906,23.9
2026-08-01 00:00:00,52903,25.9
2026-08-01 00:00:00,52902,23.9
2026-08-01 00:00:00,52018,4.5
2026-08-01 00:00:00,51982,11.9
2026-08-01 00:00:00,51983,13.9
2026-08-01 00:00:00,51984,11.9
2026-08-01 00:00:00,51985,14.9
2026-08-01 00:00:00,57528,15.5
2026-08-01 00:00:00,59051,15.5
2026-08-01 00:00:00,45876,8.9
2026-08-01 00:00:00,45875,8.9
2026-08-01 00:00:00,59052,15.5
2026-08-01 00:00:00,45853,8.9
2026-08-01 00:00:00,45784,6.9
2026-08-01 00:00:00,45785,6.9
2026-08-01 00:00:00,45786,6.9
2026-08-01 00:00:00,45787,10.5
2026-08-01 00:00:00,45788,10.5
2026-08-01 00:00:00,50697,10.5
2026-08-01 00:00:00,57603,19.9
2026-08-01 00:00:00,53962,19.9
2026-08-01 00:00:00,51987,19.9
2026-08-01 00:00:00,53963,19.9
2026-08-01 00:00:00,51396,5.2
2026-08-01 00:00:00,57288,5.5
2026-08-01 00:00:00,57538,14.9
2026-08-01 00:00:00,57539,3.0
2026-08-01 00:00:00,51746,19.9
2026-08-01 00:00:00,52871,9.9
2026-08-01 00:00:00,57614,7.5
2026-08-01 00:00:00,51951,7.5
2026-08-01 00:00:00,51549,4.5
2026-08-01 00:00:00,51952,16.9
2026-08-01 00:00:00,51143,2.9
2026-08-01 00:00:00,51144,3.0
2026-08-01 00:00:00,51545,22.9
2026-08-01 00:00:00,51546,35.9
2026-08-01 00:00:00,57617,22.9
2026-08-01 00:00:00,58908,2.5
2026-08-01 00:00:00,51548,8.4
2026-08-01 00:00:00,51991,48.9
2026-08-01 00:00:00,51992,48.9
2026-08-01 00:00:00,51993,8.5
2026-08-01 00:00:00,52019,42.9
2026-08-01 00:00:00,52020,42.9
2026-08-01 00:00:00,54834,42.9
2026-08-01 00:00:00,52021,42.9
2026-08-01 00:00:00,51528,42.9
2026-08-01 00:00:00,52022,42.9
2026-08-01 00:00:00,51308,10.5
2026-08-01 00:00:00,45825,4.9
2026-08-01 00:00:00,52016,42.9
2026-08-01 00:00:00,51954,10.9
2026-08-01 00:00:00,51956,56.5
2026-08-01 00:00:00,52023,30.9
2026-08-01 00:00:00,51988,22.9
2026-08-01 00:00:00,51955,11.9
2026-08-01 00:00:00,57106,34.5
2026-08-01 00:00:00,51166,30.9
2026-08-01 00:00:00,51167,30.9
2026-08-01 00:00:00,57551,23.9
2026-08-01 00:00:00,50064,14.9
2026-08-01 00:00:00,50066,11.9
2026-08-01 00:00:00,32283,4.2
2026-08-01 00:00:00,45836,6.0
2026-08-01 00:00:00,45838,6.0
2026-08-01 00:00:00,45826,4.2
2026-08-01 00:00:00,52105,224.91
2026-08-01 00:00:00,48662,1712.41
2026-08-01 00:00:00,48663,1022.21
2026-08-01 00:00:00,48664,1380.91
2026-08-01 00:00:00,48665,2490.16
2026-08-01 00:00:00,52104,229.16
2026-08-01 00:00:00,52107,1009.46
2026-08-01 00:00:00,45899,10.9
2026-08-01 00:00:00,45902,10.9
2026-08-01 00:00:00,57623,23.9
2026-08-01 00:00:00,54531,79.9
2026-08-01 00:00:00,51996,19.9
2026-08-01 00:00:00,51508,21.9
2026-08-01 00:00:00,51777,16.9
2026-08-01 00:00:00,54435,10.9
2026-08-01 00:00:00,54784,19.9
2026-08-01 00:00:00,45835,4.0
2026-08-01 00:00:00,45837,4.0
2026-08-01 00:00:00,45795,4.2
2026-08-01 00:00:00,45841,6.0
2026-08-01 00:00:00,45797,4.2
2026-08-01 00:00:00,45799,6.0
2026-08-01 00:00:00,45840,4.2
2026-08-01 00:00:00,45800,6.0
2026-08-01 00:00:00,51140,38.9
2026-08-01 00:00:00,51141,33.9
2026-08-01 00:00:00,51640,16.5
2026-08-01 00:00:00,51539,16.5
2026-08-01 00:00:00,51639,12.9
2026-08-01 00:00:00,57636,33.9
2026-08-01 00:00:00,51283,15.9
2026-08-01 00:00:00,52899,23.9
2026-08-01 00:00:00,51145,14.5
2026-08-01 00:00:00,57375,11.9
2026-08-01 00:00:00,51615,10.5
2026-08-01 00:00:00,52897,23.9
2026-08-01 00:00:00,51541,29.9
2026-08-01 00:00:00,64877,29.9
2026-08-01 00:00:00,57503,6.9
2026-08-01 00:00:00,51495,6.9
2026-08-01 00:00:00,51498,6.9
2026-08-01 00:00:00,51496,6.9
2026-08-01 00:00:00,57504,6.9
2026-08-01 00:00:00,51499,6.9
2026-08-01 00:00:00,51497,6.9
2026-08-01 00:00:00,57546,4.9
2026-08-01 00:00:00,52001,4.5
2026-08-01 00:00:00,52002,4.5
2026-08-01 00:00:00,45908,25.9
2026-08-01 00:00:00,45909,25.9
2026-08-01 00:00:00,45843,25.9
2026-08-01 00:00:00,45910,25.9
2026-08-01 00:00:00,52073,9.2
2026-08-01 00:00:00,52059,13.9
2026-08-01 00:00:00,57634,19.9
2026-08-01 00:00:00,45834,13.9
2026-08-01 00:00:00,45878,8.5
2026-08-01 00:00:00,57294,13.9
2026-08-01 00:00:00,45845,8.5
2026-08-01 00:00:00,54314,13.9
2026-08-01 00:00:00,45848,8.5
2026-08-01 00:00:00,57535,15.5
2026-08-01 00:00:00,57536,15.5
2026-08-01 00:00:00,45846,8.9
2026-08-01 00:00:00,45849,8.9
2026-08-01 00:00:00,64863,599.0
2026-08-01 00:00:00,48130,209.3
2026-08-01 00:00:00,45856,79.9
2026-08-01 00:00:00,53531,189.9
2026-08-01 00:00:00,45893,189.9
2026-08-01 00:00:00,57107,79.9
2026-08-01 00:00:00,53530,34.9
2026-08-01 00:00:00,51819,17.9
2026-08-01 00:00:00,51818,17.9
2026-08-01 00:00:00,51816,59.9
2026-08-01 00:00:00,51820,17.9
2026-08-01 00:00:00,51821,44.9
2026-08-01 00:00:00,45774,7.4
2026-08-01 00:00:00,51740,3.5
2026-08-01 00:00:00,51737,3.5
2026-08-01 00:00:00,58974,19.9
2026-08-01 00:00:00,51738,3.5
2026-08-01 00:00:00,51744,3.5
2026-08-01 00:00:00,51739,3.5
2026-08-01 00:00:00,45896,8.9
2026-08-01 00:00:00,54444,8.9
2026-08-01 00:00:00,51999,22.9
2026-08-01 00:00:00,45852,39.9
2026-08-01 00:00:00,52072,4.5
2026-08-01 00:00:00,51503,14.9
2026-08-01 00:00:00,45900,16.9
2026-08-01 00:00:00,45903,14.9
2026-08-01 00:00:00,51616,10.5
2026-08-01 00:00:00,51778,11.5
2026-08-01 00:00:00,52006,10.5
2026-08-01 00:00:00,51161,25.9
2026-08-01 00:00:00,51162,25.0
2026-08-01 00:00:00,51657,12.9
2026-08-01 00:00:00,51665,2.9
2026-08-01 00:00:00,51659,2.9
2026-08-01 00:00:00,51658,12.9
2026-08-01 00:00:00,52070,3.5
2026-08-01 00:00:00,57185,23.9
2026-08-01 00:00:00,52003,9.5
2026-08-01 00:00:00,51638,7.5
2026-08-01 00:00:00,52005,19.9
2026-08-01 00:00:00,51660,12.9
2026-08-01 00:00:00,52069,12.9
2026-08-01 00:00:00,52071,2.9
2026-08-01 00:00:00,52076,2.9
2026-08-01 00:00:00,57627,23.9
2026-08-01 00:00:00,57628,23.9
2026-08-01 00:00:00,57632,22.5
2026-08-01 00:00:00,53849,28.5
2026-08-01 00:00:00,53089,28.5
2026-08-01 00:00:00,53850,32.5
2026-08-01 00:00:00,50968,22.5
2026-08-01 00:00:00,57635,22.5
2026-08-01 00:00:00,51743,3.5
2026-08-01 00:00:00,51742,3.5
2026-08-01 00:00:00,51741,3.5
2026-08-01 00:00:00,51745,3.5
2026-08-01 00:00:00,57626,23.9
2026-08-01 00:00:00,45818,10.9
2026-08-01 00:00:00,45819,10.9
2026-08-01 00:00:00,52007,27.9
2026-08-01 00:00:00,54807,27.9
2026-08-01 00:00:00,52008,13.5
2026-08-01 00:00:00,53960,27.9
2026-08-01 00:00:00,54808,13.5
2026-08-01 00:00:00,64875,29.9
2026-08-01 00:00:00,52027,21.6
2026-08-01 00:00:00,48134,354.9
2026-08-01 00:00:00,48153,169.9
2026-08-01 00:00:00,59045,15.9
2026-08-01 00:00:00,57515,15.9
2026-08-01 00:00:00,57189,6.0
2026-08-01 00:00:00,45869,4.2
2026-08-01 00:00:00,51523,25.9
2026-08-01 00:00:00,45904,59.9
2026-08-01 00:00:00,45872,59.9
2026-08-01 00:00:00,45907,59.9
2026-08-01 00:00:00,51315,41.9
2026-08-01 00:00:00,57369,6.9
2026-08-01 00:00:00,57368,11.5
2026-08-01 00:00:00,51517,6.9
2026-08-01 00:00:00,51514,6.9
2026-08-01 00:00:00,53515,16.9
2026-08-01 00:00:00,51815,15.9
2026-08-01 00:00:00,51817,15.9
2026-08-01 00:00:00,45793,139.9
2026-08-01 00:00:00,45794,139.9
2026-08-01 00:00:00,48122,499.9
2026-08-01 00:00:00,48124,499.9
2026-08-01 00:00:00,48128,499.9
2026-08-01 00:00:00,48121,329.9
2026-08-01 00:00:00,45730,179.9
2026-08-01 00:00:00,45733,179.9
2026-08-01 00:00:00,48127,1199.0
2026-08-01 00:00:00,45734,219.9
2026-08-01 00:00:00,45727,219.9
2026-08-01 00:00:00,45736,219.9
2026-08-01 00:00:00,45740,219.9
2026-08-01 00:00:00,45738,219.9
2026-08-01 00:00:00,45741,219.9
2026-08-01 00:00:00,45739,219.9
2026-08-01 00:00:00,48126,789.9
2026-08-01 00:00:00,48125,329.9
2026-08-01 00:00:00,48151,84.9
2026-08-01 00:00:00,48160,99.9
2026-08-01 00:00:00,48157,589.9
2026-08-01 00:00:00,48137,59.9
2026-08-01 00:00:00,48140,59.9
2026-08-01 00:00:00,48155,369.9
2026-08-01 00:00:00,48146,129.9
2026-08-01 00:00:00,48149,99.9
2026-08-01 00:00:00,48166,154.9
2026-08-01 00:00:00,45809,94.25
2026-08-01 00:00:00,45805,78.65
2026-08-01 00:00:00,45806,354.25
2026-08-01 00:00:00,48123,609.9
2026-08-01 00:00:00,45808,78.65
2026-08-01 00:00:00,45812,61.75
2026-08-01 00:00:00,45810,130.0
2026-08-01 00:00:00,45811,105.95
2026-08-01 00:00:00,45824,259.9
2026-08-01 00:00:00,45829,229.9
2026-08-01 00:00:00,45827,129.9
2026-08-01 00:00:00,48177,79.9
2026-08-01 00:00:00,48138,79.9
2026-08-01 00:00:00,48141,79.9
2026-08-01 00:00:00,48132,64.9
2026-08-01 00:00:00,48147,289.9
2026-08-01 00:00:00,48156,489.9
2026-08-01 00:00:00,48159,489.9
2026-08-01 00:00:00,48150,489.9
2026-08-01 00:00:00,48144,99.9
2026-08-01 00:00:00,48175,49.9
2026-08-01 00:00:00,48135,84.9
2026-08-01 00:00:00,48162,59.83
2026-08-01 00:00:00,51727,59.83
2026-08-01 00:00:00,48167,87.26
2026-08-01 00:00:00,48173,83.2
2026-08-01 00:00:00,48170,83.2
2026-08-01 00:00:00,48176,95.07
2026-08-01 00:00:00,48131,95.07
2026-08-01 00:00:00,63734,112.5
2026-08-01 00:00:00,63739,125.0
2026-08-01 00:00:00,63740,125.0
2026-08-01 00:00:00,45863,259.9
2026-08-01 00:00:00,45867,259.9
2026-08-01 00:00:00,48139,519.9
2026-08-01 00:00:00,48174,339.9
2026-08-01 00:00:00,48158,1199.0
2026-08-01 00:00:00,48148,519.9
2026-08-01 00:00:00,48154,519.9
2026-08-01 00:00:00,48161,519.9
2026-08-01 00:00:00,48143,519.9
2026-08-01 00:00:00,48152,749.9
2026-08-01 00:00:00,48169,259.9
2026-08-01 00:00:00,48133,259.9
2026-08-01 00:00:00,48136,529.9
2026-08-01 00:00:00,48171,219.9
2026-08-01 00:00:00,48129,459.9
2026-08-01 00:00:00,48145,519.9
2026-08-01 00:00:00,63737,166.25
2026-08-01 00:00:00,48165,629.9
2026-08-01 00:00:00,48164,629.9
2026-08-01 00:00:00,48168,1049.9
2026-08-01 00:00:00,52029,19.2
2026-08-01 00:00:00,45830,42.9
2026-08-01 00:00:00,58527,79.9
2026-08-01 00:00:00,58522,69.9
2026-08-02,56915,19.9
2026-08-02,54667,15.6
2026-08-02,56914,49.9
2026-08-02,64750,129.9
2026-08-02,56879,112.9
2026-08-02,56880,5.0
2026-08-02,64284,105.9
2026-08-02,15933,42.9
2026-08-02,16812,34.9
2026-08-02,63828,399.0
2026-08-02,59409,1699.0
2026-08-02,59407,1899.0
2026-08-02,59461,1969.0
2026-08-02,63272,8.45
2026-08-02,63274,7.45
2026-08-02,63273,7.45
2026-08-02,56334,256.0
2026-08-02,64293,54.9
2026-08-02,47666,329.0
2026-08-02,58192,549.0
2026-08-02,18728,367.2
2026-08-02,54664,26.4
2026-08-02,56513,20.9
2026-08-02,54668,20.9
2026-08-02,56510,20.1
2026-08-02,56511,25.9
2026-08-02,56512,47.5
2026-08-02,56506,33.3
2026-08-02,20818,30.9
2026-08-02,64233,8.9
2026-08-02,64232,7.9
2026-08-02,64231,7.9
2026-08-02,63236,2.8
2026-08-02,56900,2.0
2026-08-02,56901,2.0
2026-08-02,51851,309.0
2026-08-02,56883,5.0
2026-08-02,27643,34.9
2026-08-02,64288,289.0
2026-08-02,60590,3.9
2026-08-02,60592,5.9
2026-08-02,56507,47.2
2026-08-02,63838,12.9
2026-08-02,64665,1.5
2026-08-02,64664,1.5
2026-08-02,64663,16.9
2026-08-02,53475,49.9
2026-08-02,21089,15.9
2026-08-02,53023,79.9
2026-08-02,64236,39.9
2026-08-02,24654,109.9
2026-08-02,24665,239.2
2026-08-02,53033,249.9
2026-08-02,27988,25.9
2026-08-02,27994,22.9
2026-08-02,27991,24.9
2026-08-02,27992,24.9
2026-08-02,53068,52.9
2026-08-02,58064,60.9
2026-08-02,51645,79.9
2026-08-02,13211,96.0
2026-08-02,16581,69.9
2026-08-02,17326,24.9
2026-08-02,15944,504.0
2026-08-02,64677,249.9
2026-08-02,13347,74.9
2026-08-02,62012,129.9
2026-08-02,62010,119.9
2026-08-02,62006,166.9
2026-08-02,20815,76.9
2026-08-02,27658,16.9
2026-08-02,27659,26.9
2026-08-02,24590,64.9
2026-08-02,4142,129.9
2026-08-02,64042,56.9
2026-08-02,14134,69.9
2026-08-02,64105,29.9
2026-08-02,7065,85.6
2026-08-02,7988,114.9
2026-08-02,11497,89.9
2026-08-02,58063,82.32
2026-08-02,50287,69.9
2026-08-02,17273,59.9
2026-08-02,19747,36.9
2026-08-02,58117,49.9
2026-08-02,50291,69.9
2026-08-02,56933,69.9
2026-08-02,58062,60.9
2026-08-02,58060,69.9
2026-08-02,58059,69.9
2026-08-02,56934,73.9
2026-08-02,1827,199.9
2026-08-02,53686,299.9
2026-08-02,52054,69.9
2026-08-02,64092,69.9
2026-08-02,17272,56.9
2026-08-02,64091,69.9
2026-08-02,24601,39.9
2026-08-02,64247,159.9
2026-08-02,50442,39.9
2026-08-02,48231,369.9
2026-08-02,64071,34.9
2026-08-02,54642,69.9
2026-08-02,55330,359.92
2026-08-02,55322,423.92
2026-08-02,52355,249.0
2026-08-02,53805,69.9
2026-08-02,52695,49.9
2026-08-02,52350,56.9
2026-08-02,52179,39.9
2026-08-02,53804,69.9
2026-08-02,53800,149.9
2026-08-02,18700,169.9
2026-08-02,56502,129.9
2026-08-02,62472,1150.0
2026-08-02,34423,499.0
2026-08-02,15576,36.9
2026-08-02,27907,26.9
2026-08-02,29665,29.9
2026-08-02,29139,49.9
2026-08-02,29140,54.9
2026-08-02,29141,66.9
2026-08-02,27978,27.9
2026-08-02,63814,64.9
2026-08-02,20811,0.35
2026-08-02,20809,1.4
2026-08-02,20810,0.9
2026-08-02,20816,1.1
2026-08-02,20819,1.2
2026-08-02,20820,0.6
2026-08-02,20821,0.4
2026-08-02,50777,171.9
2026-08-02,26440,69.9
2026-08-02,17025,49.9
2026-08-02,50776,89.9
2026-08-02,20494,21.9
2026-08-02,55746,8.5
2026-08-02,62915,7.0
2026-08-02,64763,0.8
2026-08-02,64756,1.7
2026-08-02,64757,1.0
2026-08-02,64759,1.7
2026-08-02,64761,2.99
2026-08-02,64758,1.5
2026-08-02,64760,2.9
2026-08-02,62924,1.0
2026-08-02,62916,9.0
2026-08-02,55581,109.9
2026-08-02,63754,89.9
2026-08-02,52305,49.9
2026-08-02,63757,46.9
2026-08-02,50016,159.9
2026-08-02,39298,1499.0
2026-08-02,14715,132.0
2026-08-02,59389,2099.0
2026-08-02,58116,4548.0
2026-08-02,20492,34.9
2026-08-02,52048,1990.0
2026-08-02,64069,329.9
2026-08-02,33438,59.9
2026-08-02,25749,34.9
2026-08-02,25750,34.9
2026-08-02,56295,14.9
2026-08-02,62047,10.9
2026-08-02,61144,27.9
2026-08-02,61138,9.9
2026-08-02,61140,36.9
2026-08-02,61139,29.9
2026-08-02,21389,12.9
2026-08-02,63160,279.93
2026-08-02,63161,230.93
2026-08-02,63158,279.93
2026-08-02,25515,359.92
2026-08-02,52053,56.9
2026-08-02,63159,349.93
2026-08-02,56555,279.9
2026-08-02,25859,249.9
2026-08-02,8280,527.0
2026-08-02,53871,229.9
2026-08-02,53873,409.9
2026-08-02,14648,249.9
2026-08-02,24551,349.9
2026-08-02,13817,499.0
2026-08-02,24667,169.9
2026-08-02,18723,119.9
2026-08-02,13816,249.0
2026-08-02,51849,69.9
2026-08-02,34152,11.9
2026-08-02,53806,179.0
2026-08-02,29145,209.9
2026-08-02,34145,22.9
2026-08-02,34146,22.9
2026-08-02,34072,19.9
2026-08-02,29146,24.9
2026-08-02,29147,29.9
2026-08-02,29148,26.9
2026-08-02,29149,34.9
2026-08-02,27951,19.9
2026-08-02,27952,19.9
2026-08-02,34073,56.9
2026-08-02,60554,5.0
2026-08-02,64672,4.0
2026-08-02,64673,10.9
2026-08-02,64674,11.9
2026-08-02,20440,3.8
2026-08-02,34155,8.5
2026-08-02,21097,19.9
2026-08-02,21099,23.9
2026-08-02,9086,39.9
2026-08-02,20431,12.9
2026-08-02,64331,49.9
2026-08-02,20439,5.5
2026-08-02,34153,15.9
2026-08-02,29150,79.9
2026-08-02,29151,89.9
2026-08-02,21100,22.9
2026-08-02,13693,5.0
2026-08-02,13692,29.9
2026-08-02,55743,11.7
2026-08-02,21098,23.9
2026-08-02,9112,109.9
2026-08-02,54657,2.0
2026-08-02,53374,21.9
2026-08-02,27286,143.92
2026-08-02,25107,199.0
2026-08-02,25111,119.0
2026-08-02,33483,79.9
2026-08-02,33484,84.9
2026-08-02,33485,84.9
2026-08-02,56239,1329.9
2026-08-02,6646,389.0
2026-08-02,51824,499.9
2026-08-02,31673,79.9
2026-08-02,31672,89.9
2026-08-02,62211,109.9
2026-08-02,8281,85.0
2026-08-02,24691,49.0
2026-08-02,16580,8.3
2026-08-02,17299,69.9
2026-08-02,26777,69.9
2026-08-02,17300,78.0
2026-08-02,17301,10.9
2026-08-02,17302,17.9
2026-08-02,64062,15.9
2026-08-02,64063,14.9
2026-08-02,17291,19.9
2026-08-02,17292,18.9
2026-08-02,64064,22.9
2026-08-02,17766,22.9
2026-08-02,17295,34.9
2026-08-02,17297,39.9
2026-08-02,17298,44.9
2026-08-02,52033,19.9
2026-08-02,17288,12.9
2026-08-02,64061,21.9
2026-08-02,17287,21.9
2026-08-02,17294,29.9
2026-08-02,50791,524.0
2026-08-02,17319,12.9
2026-08-02,17317,46.9
2026-08-02,13029,59.9
2026-08-02,13028,53.9
2026-08-02,12080,69.9
2026-08-02,13030,65.5
2026-08-02,12081,77.9
2026-08-02,17318,10.9
2026-08-02,17320,13.9
2026-08-02,17304,12.9
2026-08-02,17322,13.9
2026-08-02,17306,16.9
2026-08-02,64065,11.5
2026-08-02,17308,15.5
2026-08-02,17307,19.9
2026-08-02,58036,13.0
2026-08-02,17310,22.9
2026-08-02,17309,19.9
2026-08-02,17312,24.5
2026-08-02,64066,22.0
2026-08-02,17311,22.0
2026-08-02,17314,29.9
2026-08-02,64067,34.9
2026-08-02,17316,39.9
2026-08-02,17315,35.9
2026-08-02,24690,36.9
2026-08-02,44014,19.9
2026-08-02,62063,110.0
2026-08-02,19216,28.0
2026-08-02,50760,199.0
2026-08-02,8284,222.0
2026-08-02,8285,245.0
2026-08-02,56376,378.0
2026-08-02,50761,192.0
2026-08-02,50729,57.0
2026-08-02,56241,35.0
2026-08-02,14728,63.0
2026-08-02,19215,23.0
2026-08-02,49690,264.0
2026-08-02,6589,476.0
2026-08-02,64057,14.9
2026-08-02,17764,22.9
2026-08-02,17281,9.9
2026-08-02,17282,16.9
2026-08-02,24641,19.9
2026-08-02,64056,59.9
2026-08-02,13031,69.9
2026-08-02,15910,109.9
2026-08-02,64490,18.9
2026-08-02,64491,29.9
2026-08-02,64494,6.9
2026-08-02,64493,11.9
2026-08-02,64492,13.9
2026-08-02,15623,222.0
2026-08-02,15624,324.0
2026-08-02,51838,149.9
2026-08-02,51898,42.9
2026-08-02,51837,89.9
2026-08-02,8129,41.0
2026-08-02,8650,36.0
2026-08-02,16687,59.9
2026-08-02,15943,179.9
2026-08-02,8077,57.0
2026-08-02,57765,43.9
2026-08-02,64335,39.9
2026-08-02,24696,19.9
2026-08-02,24693,26.9
2026-08-02,51848,19.9
2026-08-02,31793,33.9
2026-08-02,31777,49.9
2026-08-02,44013,14.9
2026-08-02,44017,19.9
2026-08-02,44016,26.9
2026-08-02,64058,7.9
2026-08-02,17283,12.9
2026-08-02,20321,4.9
2026-08-02,20320,9.9
2026-08-02,8114,144.0
2026-08-02,56520,37.9
2026-08-02,58042,259.9
2026-08-02,42264,59.9
2026-08-02,8087,50.0
2026-08-02,64495,8.9
2026-08-02,51822,35.0
2026-08-02,50789,35.9
2026-08-02,50790,43.9
2026-08-02,56929,33.9
2026-08-02,50788,35.9
2026-08-02,49463,89.0
2026-08-02,49252,133.0
2026-08-02,13205,1440.0
2026-08-02,16238,653.0
2026-08-02,15902,753.0
2026-08-02,16239,999.9
2026-08-02,8085,170.0
2026-08-02,15633,95.9
2026-08-02,56342,175.0
2026-08-02,8677,49.0
2026-08-02,8680,49.0
2026-08-02,8082,216.0
2026-08-02,8079,114.0
2026-08-02,8088,108.0
2026-08-02,8237,91.0
2026-08-02,56246,246.0
2026-08-02,8622,155.0
2026-08-02,8679,226.0
2026-08-02,8625,210.0
2026-08-02,8621,271.0
2026-08-02,8617,57.0
2026-08-02,8620,63.0
2026-08-02,8618,108.0
2026-08-02,7980,119.9
2026-08-02,8115,80.0
2026-08-02,50743,49.9
2026-08-02,62189,266.0
2026-08-02,8726,108.0
2026-08-02,15620,68.0
2026-08-02,26944,56.9
2026-08-02,26772,99.9
2026-08-02,50873,35.5
2026-08-02,64253,16.9
2026-08-02,38371,119.9
2026-08-02,27793,56.9
2026-08-02,26945,99.9
2026-08-02,26770,119.9
2026-08-02,15785,189.9
2026-08-02,64174,59.9
2026-08-02,51859,4.72
2026-08-02,51860,6.32
2026-08-02,56936,11.92
2026-08-02,56937,14.32
2026-08-02,56283,4.9
2026-08-02,21027,349.0
2026-08-02,8098,419.0
2026-08-02,17160,7.92
2026-08-02,27665,149.9
2026-08-02,29152,99.9
2026-08-02,29153,89.9
2026-08-02,27663,129.9
2026-08-02,27664,199.9
2026-08-02,29154,89.9
2026-08-02,64678,54.9
2026-08-02,44861,79.9
2026-08-02,44859,89.9
2026-08-02,29283,89.9
2026-08-02,27925,16.9
2026-08-02,64264,39.9
2026-08-02,64262,59.9
2026-08-02,64263,39.9
2026-08-02,64265,50.9
2026-08-02,27924,29.9
2026-08-02,54024,129.9
2026-08-02,54025,119.9
2026-08-02,54390,75.9
2026-08-02,54391,89.9
2026-08-02,54389,79.9
2026-08-02,28510,149.9
2026-08-02,28514,79.9
2026-08-02,28515,139.9
2026-08-02,28511,89.9
2026-08-02,28509,119.9
2026-08-02,28512,149.9
2026-08-02,53989,179.9
2026-08-02,53988,179.9
2026-08-02,53984,59.9
2026-08-02,53983,59.9
2026-08-02,53985,75.9
2026-08-02,54388,89.9
2026-08-02,54368,109.9
2026-08-02,53409,24.9
2026-08-02,17772,19.9
2026-08-02,20387,23.9
2026-08-02,20385,1.32
2026-08-02,58186,19.9
2026-08-02,63829,299.0
2026-08-02,14456,49.9
2026-08-02,31547,127.9
2026-08-02,27983,69.9
2026-08-02,27985,89.9
2026-08-02,63841,5.9
2026-08-02,61051,7.9
2026-08-02,52337,369.9
2026-08-02,25924,16.9
2026-08-02,20384,5.98
2026-08-02,63071,44.9
2026-08-02,14121,101.9
2026-08-02,20390,5.0
2026-08-02,29284,54.9
2026-08-02,29285,64.9
2026-08-02,29286,59.9
2026-08-02,29287,69.9
2026-08-02,29288,79.9
2026-08-02,3662,319.9
2026-08-02,2544,269.9
2026-08-02,30274,109.9
2026-08-02,30275,219.9
2026-08-02,30276,239.9
2026-08-02,30277,349.9
2026-08-02,30278,49.9
2026-08-02,30280,69.9
2026-08-02,30282,159.9
2026-08-02,30283,179.9
2026-08-02,55706,479.9
2026-08-02,52043,319.9
2026-08-02,64710,139.9
2026-08-02,64701,99.9
2026-08-02,64098,119.9
2026-08-02,3661,149.9
2026-08-02,26751,169.9
2026-08-02,52042,239.9
2026-08-02,52045,219.9
2026-08-02,58183,329.9
2026-08-02,12149,149.9
2026-08-02,12148,299.9
2026-08-02,12147,349.9
2026-08-02,63860,219.9
2026-08-02,52046,699.0
2026-08-02,42278,729.0
2026-08-02,26442,79.9
2026-08-02,26441,139.9
2026-08-02,26443,159.9
2026-08-02,63857,249.9
2026-08-02,30307,229.9
2026-08-02,38476,359.9
2026-08-02,63285,2.45
2026-08-02,56098,1019.0
2026-08-02,56097,1379.0
2026-08-02,56096,1729.0
2026-08-02,12347,3299.0
2026-08-02,12350,4799.0
2026-08-02,4323,1999.0
2026-08-02,7986,1369.0
2026-08-02,64716,129.9
2026-08-02,63849,250.9
2026-08-02,64717,379.9
2026-08-02,4979,199.9
2026-08-02,19519,219.9
2026-08-02,4983,299.9
2026-08-02,20794,0.3
2026-08-02,20793,0.3
2026-08-02,38033,219.9
2026-08-02,30248,129.9
2026-08-02,17361,89.9
2026-08-02,1453,199.9
2026-08-02,7891,199.9
2026-08-02,6394,269.9
2026-08-02,6588,399.9
2026-08-02,12077,199.9
2026-08-02,54978,29.0
2026-08-02,51322,219.9
2026-08-02,51321,139.9
2026-08-02,34815,129.9
2026-08-02,54969,199.9
2026-08-02,57967,99.9
2026-08-02,57969,99.9
2026-08-02,54970,249.9
2026-08-02,57971,129.9
2026-08-02,57964,159.9
2026-08-02,57966,159.9
2026-08-02,57963,79.9
2026-08-02,57968,79.9
2026-08-02,64039,69.9
2026-08-02,3668,99.9
2026-08-02,45396,199.9
2026-08-02,52031,169.9
2026-08-02,64251,199.9
2026-08-02,64249,149.9
2026-08-02,64250,379.0
2026-08-02,58051,74.9
2026-08-02,57925,129.9
2026-08-02,57926,129.9
2026-08-02,57924,129.9
2026-08-02,55774,62.9
2026-08-02,39083,69.9
2026-08-02,64764,199.0
2026-08-02,64765,239.9
2026-08-02,31772,132.9
2026-08-02,63830,399.0
2026-08-02,33430,59.9
2026-08-02,56033,129.9
2026-08-02,56327,64.9
2026-08-02,63842,37.9
2026-08-02,56276,33.9
2026-08-02,29289,119.9
2026-08-02,29290,229.9
2026-08-02,29291,109.9
2026-08-02,29292,99.9
2026-08-02,27657,139.9
2026-08-02,64670,239.9
2026-08-02,64752,199.9
2026-08-02,64751,259.9
2026-08-02,64662,149.0
2026-08-02,15033,199.9
2026-08-02,63818,139.9
2026-08-02,39078,279.9
2026-08-02,63823,229.9
2026-08-02,63827,499.0
2026-08-02,63825,499.0
2026-08-02,39080,399.0
2026-08-02,15180,139.9
2026-08-02,63822,159.9
2026-08-02,63824,319.9
2026-08-02,63826,259.9
2026-08-02,15183,149.9
2026-08-02,64327,59.9
2026-08-02,64328,84.9
2026-08-02,64329,129.9
2026-08-02,31770,121.9
2026-08-02,55777,31.9
2026-08-02,55788,62.9
2026-08-02,55772,109.9
2026-08-02,56032,102.9
2026-08-02,55778,102.9
2026-08-02,31769,125.9
2026-08-02,56275,121.9
2026-08-02,56281,85.9
2026-08-02,55776,112.9
2026-08-02,55773,35.9
2026-08-02,53160,52.9
2026-08-02,63820,129.9
2026-08-02,39321,159.9
2026-08-02,63819,129.9
2026-08-02,63821,129.9
2026-08-02,56277,77.9
2026-08-02,53162,286.9
2026-08-02,55786,59.9
2026-08-02,55787,89.9
2026-08-02,53161,136.9
2026-08-02,63848,102.9
2026-08-02,56274,152.9
2026-08-02,55775,104.9
2026-08-02,33428,59.9
2026-08-02,25875,169.9
2026-08-02,63017,349.9
2026-08-02,31768,200.9
2026-08-02,55784,208.9
2026-08-02,33431,159.9
2026-08-02,33432,199.9
2026-08-02,39322,149.9
2026-08-02,39325,239.9
2026-08-02,56237,189.9
2026-08-02,34796,29.0
2026-08-02,13421,49.0
2026-08-02,26934,99.0
2026-08-02,26935,41.0
2026-08-02,51940,27.0
2026-08-02,50745,519.0
2026-08-02,52696,119.9
2026-08-02,42266,219.9
2026-08-02,10501,35.9
2026-08-02,10502,41.9
2026-08-02,63811,49.9
2026-08-02,53614,14.9
2026-08-02,59330,1699.0
2026-08-02,59331,799.0
2026-08-02,62470,1239.0
2026-08-02,21287,2999.0
2026-08-02,64053,369.9
2026-08-02,4406,369.9
2026-08-02,64704,34.9
2026-08-02,15926,60.0
2026-08-02,15930,65.0
2026-08-02,50780,37.9
2026-08-02,33433,56.9
2026-08-02,50289,37.9
2026-08-02,50779,66.9
2026-08-02,58041,39.9
2026-08-02,56551,194.9
2026-08-02,57498,299.9
2026-08-02,26942,79.9
2026-08-02,8195,149.9
2026-08-02,64878,699.0
2026-08-02,51823,229.9
2026-08-02,15925,63.0
2026-08-02,8090,54.0
2026-08-02,15924,68.0
2026-08-02,52052,79.9
2026-08-02,50782,160.9
2026-08-02,51942,66.9
2026-08-02,50781,39.9
2026-08-02,57496,219.9
2026-08-02,57376,89.9
2026-08-02,50778,69.9
2026-08-02,8196,249.9
2026-08-02,59364,299.0
2026-08-02,52714,279.9
2026-08-02,53043,89.9
2026-08-02,64275,199.9
2026-08-02,53017,169.9
2026-08-02,10748,139.9
2026-08-02,62205,199.9
2026-08-02,52318,409.9
2026-08-02,12804,139.9
2026-08-02,62204,179.9
2026-08-02,52324,199.9
2026-08-02,12800,109.9
2026-08-02,29294,119.9
2026-08-02,13373,49.9
2026-08-02,52344,79.9
2026-08-02,52341,79.9
2026-08-02,64645,179.9
2026-08-02,52894,239.9
2026-08-02,31775,499.0
2026-08-02,64748,449.9
2026-08-02,27675,659.0
2026-08-02,27674,949.0
2026-08-02,13199,350.0
2026-08-02,16240,210.0
2026-08-02,50796,70.9
2026-08-02,8089,109.9
2026-08-02,27795,74.9
2026-08-02,56344,126.0
2026-08-02,51850,183.5
2026-08-02,13175,179.9
2026-08-02,53217,12.9
2026-08-02,53298,14.9
2026-08-02,54405,229.9
2026-08-02,56693,239.9
2026-08-02,64267,69.9
2026-08-02,64669,32.9
2026-08-02,56042,149.9
2026-08-02,13697,99.9
2026-08-02,54136,109.9
2026-08-02,54137,69.9
2026-08-02,29445,139.0
2026-08-02,64258,7.9
2026-08-02,29911,49.9
2026-08-02,29910,49.9
2026-08-02,29909,49.9
2026-08-02,54133,19.9
2026-08-02,53299,14.9
2026-08-02,53216,12.9
2026-08-02,53214,14.9
2026-08-02,53215,14.9
2026-08-02,54647,289.9
2026-08-02,54646,94.9
2026-08-02,53987,77.9
2026-08-02,64291,209.9
2026-08-02,64290,289.9
2026-08-02,53979,129.9
2026-08-02,31677,79.9
2026-08-02,31675,79.9
2026-08-02,53978,129.9
2026-08-02,11510,269.9
2026-08-02,60587,79.9
2026-08-02,56450,129.9
2026-08-02,34794,447.2
2026-08-02,25127,159.0
2026-08-02,25128,289.0
2026-08-02,20635,799.2
2026-08-02,62218,109.9
2026-08-02,53155,89.9
2026-08-02,31676,69.9
2026-08-02,11144,84.9
2026-08-02,53600,13.9
2026-08-02,64259,19.9
2026-08-02,56269,29.9
2026-08-02,53976,13.9
2026-08-02,62210,79.9
2026-08-02,53982,29.9
2026-08-02,64268,86.9
2026-08-02,64269,31.9
2026-08-02,31667,359.0
2026-08-02,60962,129.9
2026-08-02,64622,69.9
2026-08-02,64282,69.9
2026-08-02,29908,139.9
2026-08-02,62231,49.9
2026-08-02,54649,69.9
2026-08-02,64257,129.9
2026-08-02,33427,5.9
2026-08-02,64274,49.9
2026-08-02,64679,79.9
2026-08-02,53154,12.9
2026-08-02,64273,69.9
2026-08-02,54135,69.9
2026-08-02,60566,129.9
2026-08-02,60564,59.9
2026-08-02,60565,69.9
2026-08-02,55747,29.9
2026-08-02,31678,79.9
2026-08-02,56798,64.9
2026-08-02,53977,129.9
2026-08-02,62212,49.9
2026-08-02,54134,129.9
2026-08-02,64292,99.9
2026-08-02,56797,18.9
2026-08-02,53164,219.9
2026-08-02,53597,24.9
2026-08-02,62173,29.9
2026-08-02,53598,5.9
2026-08-02,64266,10.9
2026-08-02,53970,13.9
2026-08-02,64272,4.9
2026-08-02,53971,17.9
2026-08-02,54026,26.9
2026-08-02,53972,34.9
2026-08-02,53599,9.9
2026-08-02,53596,23.9
2026-08-02,17019,34.9
2026-08-02,17020,49.9
2026-08-02,17021,79.9
2026-08-02,56799,109.9
2026-08-02,56651,29.9
2026-08-02,63762,69.9
2026-08-02,25865,169.9
2026-08-02,21085,69.9
2026-08-02,31559,99.9
2026-08-02,56317,59.9
2026-08-02,64657,69.9
2026-08-02,64659,199.0
2026-08-02,56893,59.9
2026-08-02,56557,81.9
2026-08-02,27717,19.9
2026-08-02,27719,9.9
2026-08-02,27720,9.9
2026-08-02,27728,9.9
2026-08-02,27884,9.9
2026-08-02,27885,9.9
2026-08-02,27886,9.9
2026-08-02,27888,9.9
2026-08-02,27889,9.9
2026-08-02,27890,9.9
2026-08-02,64283,109.0
2026-08-02,64287,51.9
2026-08-02,50844,69.9
2026-08-02,28469,59.9
2026-08-02,28470,76.9
2026-08-02,28445,69.9
2026-08-02,28446,109.9
2026-08-02,36122,54.9
2026-08-02,28443,69.9
2026-08-02,28463,69.9
2026-08-02,28433,99.9
2026-08-02,28451,39.9
2026-08-02,28450,44.9
2026-08-02,28442,249.9
2026-08-02,28453,49.9
2026-08-02,28434,119.9
2026-08-02,28444,109.9
2026-08-02,28437,74.9
2026-08-02,28429,46.9
2026-08-02,28428,159.9
2026-08-02,28456,79.9
2026-08-02,28447,219.9
2026-08-02,28461,99.9
2026-08-02,28462,54.9
2026-08-02,28457,89.9
2026-08-02,44915,69.9
2026-08-02,64285,89.9
2026-08-02,44864,69.9
2026-08-02,28432,129.9
2026-08-02,63598,1990.0
2026-08-02,63605,4190.0
2026-08-02,63604,2975.0
2026-08-02,63607,2599.0
2026-08-02,63606,1439.0
2026-08-02,63601,589.0
2026-08-02,63596,1399.0
2026-08-02,63600,1399.0
2026-08-02,63597,1799.0
2026-08-02,63599,1239.0
2026-08-02,63602,1499.0
2026-08-02,63603,2790.0
2026-08-02,6674,449.0
2026-08-02,42383,1259.0
2026-08-02,2509,1979.0
2026-08-02,19351,2149.0
2026-08-02,38475,899.0
2026-08-02,54923,2690.0
2026-08-02,54922,3999.0
2026-08-02,50022,999.0
2026-08-02,64294,69.9
2026-08-02,38678,439.0
2026-08-02,50019,129.9
2026-08-02,10752,189.9
2026-08-02,63288,22.45
2026-08-02,63851,10.9
2026-08-02,63850,18.9
2026-08-02,17052,31.9
2026-08-02,56227,39.9
2026-08-02,56229,39.9
2026-08-02,56226,29.9
2026-08-02,63873,238.9
2026-08-02,29056,22.9
2026-08-02,27926,14.9
2026-08-02,27937,15.9
2026-08-02,27939,16.9
2026-08-02,27950,18.9
2026-08-02,29297,22.9
2026-08-02,14666,169.9
2026-08-02,55059,49.0
2026-08-02,53572,179.9
2026-08-02,56251,149.9
2026-08-02,55058,49.0
2026-08-02,17139,5.9
2026-08-02,11522,231.2
2026-08-02,56263,74.9
2026-08-02,20525,44.9
2026-08-02,14676,149.9
2026-08-02,64668,149.9
2026-08-02,39089,109.9
2026-08-02,39090,89.9
2026-08-02,31671,369.9
2026-08-02,50803,185.9
2026-08-02,7983,69.9
2026-08-02,24596,49.9
2026-08-02,7071,183.92
2026-08-02,51864,59.9
2026-08-02,17032,49.9
2026-08-02,17031,29.9
2026-08-02,63756,49.9
2026-08-02,55580,49.9
2026-08-02,63759,49.9
2026-08-02,63758,49.9
2026-08-02,39784,549.0
2026-08-02,21289,78.0
2026-08-02,26445,89.9
2026-08-02,62477,515.0
2026-08-02,5054,169.9
2026-08-02,62476,515.0
2026-08-02,64074,39.9
2026-08-02,56073,19.9
2026-08-02,20418,4.9
2026-08-02,62278,149.9
2026-08-02,25139,41.6
2026-08-02,60581,119.9
2026-08-02,55318,455.92
2026-08-02,62009,129.9
2026-08-02,27979,59.9
2026-08-02,27980,27.9
2026-08-02,56285,39.9
2026-08-02,59451,29.9
2026-08-02,59452,29.9
2026-08-02,20317,34.9
2026-08-02,50764,45.9
2026-08-02,50763,29.9
2026-08-02,50286,81.9
2026-08-02,50816,60.9
2026-08-02,51392,36.9
2026-08-02,58053,23.9
2026-08-02,58054,25.9
2026-08-02,50825,25.9
2026-08-02,50822,39.9
2026-08-02,50853,41.9
2026-08-02,52352,40.9
2026-08-02,58055,35.9
2026-08-02,50821,37.9
2026-08-02,56543,20.9
2026-08-02,56532,18.9
2026-08-02,58058,25.9
2026-08-02,50827,39.9
2026-08-02,50826,33.9
2026-08-02,58056,52.9
2026-08-02,56534,14.32
2026-08-02,56533,15.12
2026-08-02,50818,98.9
2026-08-02,50819,123.9
2026-08-02,50817,54.9
2026-08-02,56548,59.9
2026-08-02,59344,4190.0
2026-08-02,53015,29.9
2026-08-02,53024,49.9
2026-08-02,20447,2.0
2026-08-02,32681,2.5
2026-08-02,33926,0.6
2026-08-02,56682,89.9
2026-08-02,54458,39.9
2026-08-02,1848,289.9
2026-08-02,5047,139.9
2026-08-02,58182,79.9
2026-08-02,64080,12.9
2026-08-02,17670,18.9
2026-08-02,17673,22.9
2026-08-02,17674,44.9
2026-08-02,56335,175.92
2026-08-02,64082,129.9
2026-08-02,17666,23.9
2026-08-02,19737,19.9
2026-08-02,19739,34.0
2026-08-02,19738,24.9
2026-08-02,17668,19.9
2026-08-02,17669,49.9
2026-08-02,14133,59.9
2026-08-02,64012,29.9
2026-08-02,17057,14.9
2026-08-02,26465,18.9
2026-08-02,19523,19.9
2026-08-02,26466,24.9
2026-08-02,17182,29.9
2026-08-02,26480,22.9
2026-08-02,17676,44.9
2026-08-02,17667,29.9
2026-08-02,64081,99.9
2026-08-02,56559,19.9
2026-08-02,64241,21.9
2026-08-02,64242,22.9
2026-08-02,64254,79.9
2026-08-02,64243,39.9
2026-08-02,64234,46.9
2026-08-02,64244,79.9
2026-08-02,63286,54.95
2026-08-02,13193,755.0
2026-08-02,13196,330.0
2026-08-02,59010,52.0
2026-08-02,62473,8.9
2026-08-02,17662,29.0
2026-08-02,17663,30.0
2026-08-02,8292,794.0
2026-08-02,8290,167.0
2026-08-02,26828,11.9
2026-08-02,56329,24.9
2026-08-02,51843,23.9
2026-08-02,63867,242.0
2026-08-02,47659,569.0
2026-08-02,8253,138.0
2026-08-02,8254,126.0
2026-08-02,3214,228.0
2026-08-02,56350,2076.0
2026-08-02,16142,195.0
2026-08-02,8190,503.0
2026-08-02,51647,361.9
2026-08-02,53795,268.8
2026-08-02,62484,3099.0
2026-08-02,59422,1599.0
2026-08-02,56756,29.9
2026-08-02,47660,1589.0
2026-08-02,53390,699.0
2026-08-02,12798,89.9
2026-08-02,52322,249.9
2026-08-02,53018,119.9
2026-08-02,64280,119.9
2026-08-02,64709,14.9
2026-08-02,20595,24.9
2026-08-02,50280,20.9
2026-08-02,56536,48.9
2026-08-02,50851,233.9
2026-08-02,64106,89.9
2026-08-02,32093,542.9
2026-08-02,31279,50.0
2026-08-02,63550,399.0
2026-08-02,64770,1159.0
2026-08-02,47400,469.9
2026-08-02,47399,559.9
2026-08-02,47398,709.9
2026-08-02,47401,749.9
2026-08-02,47397,849.0
2026-08-02,47396,999.0
2026-08-02,8121,72.0
2026-08-02,27940,49.9
2026-08-02,27944,17.9
2026-08-02,29057,19.9
2026-08-02,52034,99.9
2026-08-02,34159,4.5
2026-08-02,17022,19.9
2026-08-02,31791,163.9
2026-08-02,19522,24.9
2026-08-02,63055,2.6
2026-08-02,25791,49.9
2026-08-02,64008,31.92
2026-08-02,50806,81.9
2026-08-02,55779,35.9
2026-08-02,55781,10.9
2026-08-02,55780,18.9
2026-08-02,62048,29.9
2026-08-02,55782,119.9
2026-08-02,20496,4.9
2026-08-02,58050,131.9
2026-08-02,7074,134.4
2026-08-02,64238,89.9
2026-08-02,56938,25.52
2026-08-02,30308,19.9
2026-08-02,50020,73.9
2026-08-02,57377,50.9
2026-08-02,52887,209.9
2026-08-02,56649,139.9
2026-08-02,55748,169.9
2026-08-02,52890,89.9
2026-08-02,53042,56.9
2026-08-02,30309,289.0
2026-08-02,5022,359.9
2026-08-02,64099,529.9
2026-08-02,26755,309.9
2026-08-02,26756,399.0
2026-08-02,52703,9.9
2026-08-02,7978,113.9
2026-08-02,14132,59.9
2026-08-02,64048,99.9
2026-08-02,64237,26.9
2026-08-02,39915,299.9
2026-08-02,6937,279.9
2026-08-02,50770,34.9
2026-08-02,50771,23.9
2026-08-02,58039,45.9
2026-08-02,16257,168.0
2026-08-02,27912,12.9
2026-08-02,27913,12.9
2026-08-02,27914,12.9
2026-08-02,64070,19.9
2026-08-02,41969,149.9
2026-08-02,56558,89.9
2026-08-02,63816,94.9
2026-08-02,56444,29.9
2026-08-02,56442,29.9
2026-08-02,56443,29.9
2026-08-02,62217,23.9
2026-08-02,27964,26.9
2026-08-02,27965,26.9
2026-08-02,27966,26.9
2026-08-02,27975,26.9
2026-08-02,27976,26.9
2026-08-02,27967,26.9
2026-08-02,27968,26.9
2026-08-02,27955,26.9
2026-08-02,27957,26.9
2026-08-02,27958,26.9
2026-08-02,27961,26.9
2026-08-02,27962,26.9
2026-08-02,27960,26.9
2026-08-02,27969,23.9
2026-08-02,27971,23.9
2026-08-02,27972,23.9
2026-08-02,27973,13.9
2026-08-02,27974,23.9
2026-08-02,16582,99.9
2026-08-02,17185,39.9
2026-08-02,63583,3990.0
2026-08-02,17691,29.9
2026-08-02,24642,56.9
2026-08-02,17692,33.9
2026-08-02,52035,149.9
2026-08-02,17690,29.9
2026-08-02,50809,50.9
2026-08-02,31787,129.9
2026-08-02,50808,48.9
2026-08-02,31790,44.9
2026-08-02,56540,16.72
2026-08-02,17689,56.9
2026-08-02,7975,99.9
2026-08-02,64240,36.9
2026-08-02,64239,29.9
2026-08-02,63815,64.9
2026-08-02,26932,304.0
2026-08-02,57979,59.9
2026-08-02,50445,59.9
2026-08-02,34797,119.9
2026-08-02,50755,169.9
2026-08-02,50296,24.9
2026-08-02,56466,59.9
2026-08-02,44876,59.9
2026-08-02,27295,49.9
2026-08-02,62183,59.9
2026-08-02,20329,79.9
2026-08-02,20365,129.9
2026-08-02,13360,5.0
2026-08-02,12795,139.0
2026-08-02,62228,129.9
2026-08-02,62229,89.9
2026-08-02,20562,36.9
2026-08-02,25902,43.9
2026-08-02,54660,34.9
2026-08-02,56471,44.9
2026-08-02,20363,59.9
2026-08-02,20364,89.9
2026-08-02,1091,119.0
2026-08-02,15025,59.9
2026-08-02,64768,89.9
2026-08-02,20362,46.9
2026-08-02,56470,44.9
2026-08-02,62230,89.9
2026-08-02,26575,263.92
2026-08-02,15027,39.9
2026-08-02,32682,39.9
2026-08-02,20557,36.9
2026-08-02,20563,49.9
2026-08-02,25593,783.2
2026-08-02,32291,149.9
2026-08-02,62227,79.9
2026-08-02,36481,14.9
2026-08-02,56271,49.9
2026-08-02,64271,31.9
2026-08-02,64270,79.9
2026-08-02,10619,59.9
2026-08-02,15026,96.9
2026-08-02,55583,379.0
2026-08-02,58112,589.0
2026-08-02,38039,2390.0
2026-08-02,59329,899.0
2026-08-02,59371,2799.0
2026-08-02,58888,39.9
2026-08-02,52891,119.9
2026-08-02,29058,19.9
2026-08-02,29059,19.9
2026-08-02,29060,19.9
2026-08-02,29296,46.9
2026-08-02,29298,42.9
2026-08-02,29299,86.9
2026-08-02,27922,13.9
2026-08-02,27923,17.9
2026-08-02,27945,17.9
2026-08-02,27946,17.9
2026-08-02,53603,2.0
2026-08-02,28507,89.9
2026-08-02,28506,69.9
2026-08-02,28503,69.9
2026-08-02,28502,69.9
2026-08-02,29300,46.9
2026-08-02,29301,76.9
2026-08-02,58111,4599.0
2026-08-02,59338,2790.0
2026-08-02,21282,119.0
2026-08-02,21278,143.0
2026-08-02,21279,155.0
2026-08-02,21281,203.0
2026-08-02,63843,9.9
2026-08-02,27692,5.9
2026-08-02,27693,13.9
2026-08-02,27694,13.9
2026-08-02,63232,7.9
2026-08-02,17762,24.9
2026-08-02,17763,23.9
2026-08-02,17760,17.9
2026-08-02,17761,29.9
2026-08-02,51831,31.9
2026-08-02,16129,33.9
2026-08-02,50767,16.8
2026-08-02,50768,11.9
2026-08-02,50766,25.9
2026-08-02,58038,14.9
2026-08-02,50765,14.9
2026-08-02,51841,21.9
2026-08-02,50769,12.9
2026-08-02,15936,149.0
2026-08-02,63817,94.9
2026-08-02,52893,249.9
2026-08-02,50281,26.9
2026-08-02,50278,25.9
2026-08-02,63870,26.9
2026-08-02,63845,25.9
2026-08-02,50841,96.9
2026-08-02,48496,58.1
2026-08-02,16133,259.0
2026-08-02,15903,366.0
2026-08-02,36439,34.9
2026-08-02,55750,84.0
2026-08-02,17149,0.9
2026-08-02,17146,0.9
2026-08-02,12340,50.0
2026-08-02,27307,1.9
2026-08-02,13367,99.9
2026-08-02,38684,329.9
2026-08-02,21246,1890.0
2026-08-02,5053,189.9
2026-08-02,52041,349.0
2026-08-02,61988,12490.0
2026-08-02,61989,21490.0
2026-08-02,64345,799.0
2026-08-02,64347,1499.0
2026-08-02,64346,499.0
2026-08-02,61990,8990.0
2026-08-02,61991,8999.0
2026-08-02,61992,17400.0
2026-08-02,51842,23.9
2026-08-02,32919,25.9
2026-08-02,52010,29.0
2026-08-02,16252,106.9
2026-08-02,24695,21.9
2026-08-02,16147,81.9
2026-08-02,16148,98.9
2026-08-02,15945,49.9
2026-08-02,64859,39.9
2026-08-02,64176,29.9
2026-08-02,47670,1799.0
2026-08-02,56228,22.9
2026-08-02,56230,44.9
2026-08-02,8549,19.9
2026-08-02,15191,19.9
2026-08-02,8554,19.9
2026-08-02,20787,0.9
2026-08-02,20784,0.9
2026-08-02,20785,0.9
2026-08-02,20786,0.9
2026-08-02,15198,19.9
2026-08-02,8552,19.9
2026-08-02,8551,19.9
2026-08-02,8548,19.9
2026-08-02,8544,19.9
2026-08-02,15782,9.9
2026-08-02,8545,19.9
2026-08-02,20780,19.9
2026-08-02,9031,19.9
2026-08-02,20779,19.9
2026-08-02,55028,66.9
2026-08-02,52338,79.9
2026-08-02,47671,1599.0
2026-08-02,32898,1990.0
2026-08-02,50793,190.9
2026-08-02,50830,1229.9
2026-08-02,50794,102.9
2026-08-02,50773,88.9
2026-08-02,63866,25.9
2026-08-02,50820,559.9
2026-08-02,8817,146.0
2026-08-02,16692,18.0
2026-08-02,50829,70.9
2026-08-02,50798,69.9
2026-08-02,63914,231.2
2026-08-02,50799,43.9
2026-08-02,50783,530.9
2026-08-02,34154,17.9
2026-08-02,57766,69.9
2026-08-02,50832,174.9
2026-08-02,50288,235.9
2026-08-02,6926,219.9
2026-08-02,17049,79.9
2026-08-02,50854,238.9
2026-08-02,17050,119.9
2026-08-02,50786,139.9
2026-08-02,17048,29.9
2026-08-02,50784,279.9
2026-08-02,62174,29.9
2026-08-02,4145,199.9
2026-08-02,50824,127.9
2026-08-02,50850,256.9
2026-08-02,53986,79.9
2026-08-02,58903,169.9
2026-08-02,10268,149.9
2026-08-02,17056,119.9
2026-08-02,16986,44.9
2026-08-02,51622,69.9
2026-08-02,6931,239.9
2026-08-02,10292,299.0
2026-08-02,50852,247.92
2026-08-02,2508,249.9
2026-08-02,64044,289.9
2026-08-02,30310,54.9
2026-08-02,51856,50.32
2026-08-02,50828,94.9
2026-08-02,6927,269.0
2026-08-02,16993,129.9
2026-08-02,26439,159.9
2026-08-02,16992,39.9
2026-08-02,17062,79.9
2026-08-02,53478,79.9
2026-08-02,30311,129.9
2026-08-02,56539,148.9
2026-08-02,58040,229.52
2026-08-02,31792,321.9
2026-08-02,26578,23.92
2026-08-02,50823,160.9
2026-08-02,59953,129.9
2026-08-02,56545,45.9
2026-08-02,58842,79.9
2026-08-02,56549,94.9
2026-08-02,39239,119.9
2026-08-02,39240,69.9
2026-08-02,39241,229.9
2026-08-02,38052,443.0
2026-08-02,52307,46.9
2026-08-02,27669,799.0
2026-08-02,27670,799.0
2026-08-02,60930,219.0
2026-08-02,25854,939.0
2026-08-02,52306,56.9
2026-08-02,54992,46.9
2026-08-02,5463,959.0
2026-08-02,41702,199.9
2026-08-02,56751,19.9
2026-08-02,56753,23.9
2026-08-02,20445,10.9
2026-08-02,17027,6.9
2026-08-02,51825,359.0
2026-08-02,52334,22.9
2026-08-02,50846,39.9
2026-08-02,50753,49.9
2026-08-02,50754,69.9
2026-08-02,50752,39.9
2026-08-02,50751,39.9
2026-08-02,50848,27.9
2026-08-02,63852,39.9
2026-08-02,50847,39.9
2026-08-02,51867,99.9
2026-08-02,51866,69.9
2026-08-02,26761,86.9
2026-08-02,25778,34.9
2026-08-02,51724,37.9
2026-08-02,20711,52.9
2026-08-02,29304,39.9
2026-08-02,29305,39.9
2026-08-02,29306,39.9
2026-08-02,29307,39.9
2026-08-02,29308,39.9
2026-08-02,29309,39.9
2026-08-02,29310,39.9
2026-08-02,15911,53.0
2026-08-02,8743,49.9
2026-08-02,56330,4.9
2026-08-02,64230,7.9
2026-08-02,26927,36.0
2026-08-02,19213,28.0
2026-08-02,19214,33.0
2026-08-02,42284,999.0
2026-08-02,58073,1790.0
2026-08-02,30312,49.9
2026-08-02,64068,41.9
2026-08-02,64281,59.9
2026-08-02,52317,199.9
2026-08-02,10747,159.9
2026-08-02,52888,149.9
2026-08-02,10749,149.9
2026-08-02,62011,69.9
2026-08-02,53012,119.9
2026-08-02,52178,139.9
2026-08-02,10734,119.9
2026-08-02,52346,46.9
2026-08-02,53020,89.9
2026-08-02,56425,69.9
2026-08-02,52889,189.9
2026-08-02,53808,59.9
2026-08-02,62014,119.9
2026-08-02,52323,189.9
2026-08-02,52326,359.9
2026-08-02,12796,169.9
2026-08-02,53027,89.9
2026-08-02,52578,269.9
2026-08-02,31549,229.0
2026-08-02,52332,189.9
2026-08-02,52476,269.9
2026-08-02,64086,79.9
2026-08-02,56554,739.9
2026-08-02,16969,59.9
2026-08-02,64083,66.9
2026-08-02,64085,76.9
2026-08-02,64087,12.9
2026-08-02,17755,14.9
2026-08-02,17756,24.9
2026-08-02,26486,29.9
2026-08-02,17277,15.9
2026-08-02,25768,18.3
2026-08-02,52039,36.9
2026-08-02,52037,16.9
2026-08-02,17276,9.7
2026-08-02,17001,20.9
2026-08-02,17002,21.9
2026-08-02,17003,24.9
2026-08-02,17004,25.9
2026-08-02,17005,26.9
2026-08-02,17006,28.9
2026-08-02,17007,30.9
2026-08-02,17008,26.9
2026-08-02,17009,31.9
2026-08-02,17010,33.9
2026-08-02,16997,34.9
2026-08-02,16998,15.9
2026-08-02,16999,18.9
2026-08-02,17000,19.9
2026-08-02,52038,26.9
2026-08-02,64090,99.9
2026-08-02,64089,109.9
2026-08-02,11506,269.9
2026-08-02,42042,259.9
2026-08-02,47657,799.0
2026-08-02,21276,1079.0
2026-08-02,26431,119.9
2026-08-02,26485,69.9
2026-08-02,17059,21.9
2026-08-02,17013,36.9
2026-08-02,17014,39.9
2026-08-02,17179,74.9
2026-08-02,17015,41.9
2026-08-02,17016,42.9
2026-08-02,17017,49.9
2026-08-02,17012,29.9
2026-08-02,26773,21.9
2026-08-02,16991,16.9
2026-08-02,64084,86.9
2026-08-02,26472,36.9
2026-08-02,26490,39.9
2026-08-02,26429,39.9
2026-08-02,26474,34.9
2026-08-02,64245,74.9
2026-08-02,8107,139.9
2026-08-02,18717,219.9
2026-08-02,11978,129.9
2026-08-02,63557,892.0
2026-08-02,59428,324.9
2026-08-02,59427,499.9
2026-08-02,59429,549.9
2026-08-02,62198,1139.0
2026-08-02,6932,499.0
2026-08-02,26483,89.9
2026-08-02,20437,0.2
2026-08-02,56293,27.9
2026-08-02,34139,11.9
2026-08-02,53609,23.9
2026-08-02,34140,17.9
2026-08-02,53610,27.9
2026-08-02,34076,23.9
2026-08-02,53156,29.9
2026-08-02,34074,31.9
2026-08-02,25878,69.9
2026-08-02,34079,79.9
2026-08-02,53611,59.9
2026-08-02,34138,59.9
2026-08-02,34078,27.9
2026-08-02,34075,11.9
2026-08-02,34180,15.9
2026-08-02,21103,19.9
2026-08-02,34186,9.9
2026-08-02,34188,15.9
2026-08-02,34418,3.5
2026-08-02,34169,11.9
2026-08-02,34168,16.9
2026-08-02,53628,16.9
2026-08-02,34178,13.9
2026-08-02,34144,15.9
2026-08-02,34150,13.9
2026-08-02,34148,19.9
2026-08-02,34149,23.9
2026-08-02,34143,11.9
2026-08-02,9113,19.9
2026-08-02,34179,9.9
2026-08-02,21114,10.0
2026-08-02,55766,69.9
2026-08-02,21105,21.9
2026-08-02,34181,27.9
2026-08-02,34182,23.9
2026-08-02,34420,23.9
2026-08-02,34189,13.9
2026-08-02,16958,79.9
2026-08-02,16959,69.9
2026-08-02,21274,515.0
2026-08-02,58048,135.9
2026-08-02,58049,173.9
2026-08-02,64077,59.9
2026-08-02,64047,59.9
2026-08-02,64046,99.9
2026-08-02,20485,6.9
2026-08-02,62216,33.9
2026-08-02,64103,69.9
2026-08-02,58047,116.9
2026-08-02,50805,167.9
2026-08-02,52055,24.9
2026-08-02,56426,99.9
2026-08-02,62184,4.9
2026-08-02,56331,8.9
2026-08-02,56928,75.9
2026-08-02,17028,21.9
2026-08-02,63872,69.9
2026-08-02,46446,179.9
2026-08-02,29311,64.9
2026-08-02,29313,59.9
2026-08-02,24529,549.9
2026-08-02,55328,299.9
2026-08-02,7981,64.9
2026-08-02,64094,49.9
2026-08-02,17687,49.9
2026-08-02,64093,79.9
2026-08-02,64095,29.9
2026-08-02,54643,34.9
2026-08-02,55794,12.9
2026-08-02,55783,14.9
2026-08-02,49487,840.0
2026-08-02,64097,169.9
2026-08-02,50811,524.9
2026-08-02,4122,483.0
2026-08-02,38374,179.9
2026-08-02,26782,69.9
2026-08-02,58067,45.9
2026-08-02,51852,36.72
2026-08-02,51621,29.9
2026-08-02,63844,37.9
2026-08-02,56537,50.9
2026-08-02,50290,31.9
2026-08-02,64045,44.9
2026-08-02,24594,56.9
2026-08-02,4405,179.9
2026-08-02,58052,146.9
2026-08-02,50810,405.9
2026-08-02,64104,29.9
2026-08-02,64078,72.9
2026-08-02,64041,24.9
2026-08-02,51844,29.9
2026-08-02,51846,79.9
2026-08-02,51845,29.9
2026-08-02,29097,49.9
2026-08-02,29098,49.9
2026-08-02,60555,85.9
2026-08-02,29099,49.9
2026-08-02,29100,49.9
2026-08-02,60557,83.9
2026-08-02,29101,49.9
2026-08-02,60558,87.9
2026-08-02,29102,49.9
2026-08-02,60559,73.9
2026-08-02,60560,87.9
2026-08-02,29104,49.9
2026-08-02,29105,49.9
2026-08-02,53576,79.9
2026-08-02,30054,79.9
2026-08-02,53575,79.9
2026-08-02,30055,79.9
2026-08-02,55754,9.6
2026-08-02,55759,9.6
2026-08-02,5015,209.9
2026-08-02,26752,34.9
2026-08-02,52047,289.9
2026-08-02,52051,69.9
2026-08-02,52049,109.9
2026-08-02,25786,109.9
2026-08-02,64101,379.0
2026-08-02,5003,239.9
2026-08-02,26759,259.9
2026-08-02,63859,44.9
2026-08-02,64100,199.9
2026-08-02,33437,199.9
2026-08-02,41973,319.9
2026-08-02,20376,109.9
2026-08-02,57946,99.9
2026-08-02,57970,24.9
2026-08-02,26757,139.9
2026-08-02,3657,79.9
2026-08-02,53388,299.0
2026-08-02,3656,36.9
2026-08-02,52044,239.9
2026-08-02,54585,179.9
2026-08-02,54586,89.9
2026-08-02,53165,129.9
2026-08-02,52329,329.9
2026-08-02,52330,149.9
2026-08-02,34191,239.9
2026-08-02,49675,42.0
2026-08-02,49678,41.0
2026-08-02,49720,38.0
2026-08-02,63926,23.8
2026-08-02,55026,49.9
2026-08-02,29110,49.9
2026-08-02,29316,54.9
2026-08-02,29317,89.9
2026-08-02,29113,79.9
2026-08-02,29378,34.9
2026-08-02,64332,89.9
2026-08-02,15205,119.0
2026-08-02,20814,19.9
2026-08-02,64754,269.9
2026-08-02,13913,99.9
2026-08-02,15779,5.0
2026-08-02,27661,129.9
2026-08-02,53620,169.9
2026-08-02,27667,229.0
2026-08-02,27668,349.0
2026-08-02,54851,76.9
2026-08-02,64666,99.9
2026-08-02,64667,99.9
2026-08-02,54029,149.9
2026-08-02,29444,139.9
2026-08-02,64755,269.9
2026-08-02,64753,269.9
2026-08-02,31764,109.9
2026-08-02,31766,109.9
2026-08-02,31765,109.9
2026-08-02,31763,109.9
2026-08-02,25877,139.9
2026-08-02,56441,32.9
2026-08-02,62213,199.9
2026-08-02,29442,109.9
2026-08-02,64658,119.9
2026-08-02,64676,149.9
2026-08-02,29440,169.9
2026-08-02,18685,64.9
2026-08-02,53687,69.9
2026-08-02,9111,114.0
2026-08-02,9110,89.9
2026-08-02,15783,49.9
2026-08-02,13902,219.9
2026-08-02,14123,89.9
2026-08-02,20803,1.9
2026-08-02,27323,2.2
2026-08-02,27324,1.9
2026-08-02,27325,2.99
2026-08-02,27326,5.26
2026-08-02,20813,10.9
2026-08-02,27631,3.2
2026-08-02,27322,1.0
2026-08-02,27321,0.9
2026-08-02,20452,2.2
2026-08-02,20436,2.0
2026-08-02,20807,3.0
2026-08-02,20808,2.9
2026-08-02,20805,1.0
2026-08-02,20804,1.6
2026-08-02,20806,2.2
2026-08-02,27329,1.4
2026-08-02,64705,149.9
2026-08-02,59445,44.9
2026-08-02,21064,1.8
2026-08-02,21071,0.9
2026-08-02,21072,0.6
2026-08-02,21069,0.8
2026-08-02,56328,175.9
2026-08-02,56897,16.9
2026-08-02,34142,119.9
2026-08-02,58044,50.9
2026-08-02,64175,12.9
2026-08-02,16966,59.9
2026-08-02,16965,54.9
2026-08-02,51323,89.9
2026-08-02,64017,99.9
2026-08-02,16967,64.9
2026-08-02,1828,179.9
2026-08-02,50831,223.9
2026-08-02,64014,49.9
2026-08-02,16963,54.9
2026-08-02,17054,109.9
2026-08-02,58076,1399.0
2026-08-02,30313,86.9
2026-08-02,64072,39.9
2026-08-02,64073,39.9
2026-08-02,21096,21.9
2026-08-02,21095,46.9
2026-08-02,27680,2.9
2026-08-02,27681,2.9
2026-08-02,27682,3.9
2026-08-02,56225,15.9
2026-08-02,56232,15.9
2026-08-02,32683,2.9
2026-08-02,56874,309.9
2026-08-02,8191,223.0
2026-08-02,8194,64.0
2026-08-02,14722,53.9
2026-08-02,21612,10.43
2026-08-02,64151,139.9
2026-08-02,53812,149.9
2026-08-02,53793,154.9
2026-08-02,53811,159.9
2026-08-02,53863,189.9
2026-08-02,53792,209.9
2026-08-02,53785,89.9
2026-08-02,53304,69.9
2026-08-02,53784,79.9
2026-08-02,53786,99.9
2026-08-02,53787,99.9
2026-08-02,64150,109.9
2026-08-02,64149,114.9
2026-08-02,53794,139.9
2026-08-02,62485,79.0
2026-08-02,64054,29.9
2026-08-02,13183,268.0
2026-08-02,30167,229.9
2026-08-02,59411,1149.0
2026-08-02,59410,690.0
2026-08-02,3252,620.0
2026-08-02,3253,1175.0
2026-08-02,62221,79.9
2026-08-02,62222,54.9
2026-08-02,63763,79.9
2026-08-02,62219,66.9
2026-08-02,31762,49.9
2026-08-02,56755,49.9
2026-08-02,56754,49.9
2026-08-02,56752,49.9
2026-08-02,30314,89.9
2026-08-02,30315,169.9
2026-08-02,33436,199.9
2026-08-02,50835,233.9
2026-08-02,50838,187.9
2026-08-02,50839,29.9
2026-08-02,50836,45.9
2026-08-02,50837,54.9
2026-08-02,64248,59.9
2026-08-02,50833,59.9
2026-08-02,59367,1990.0
2026-08-02,53696,16.9
2026-08-02,50285,81.9
2026-08-02,50283,89.9
2026-08-02,52321,339.9
2026-08-02,54584,69.9
2026-08-02,58185,44.9
2026-08-02,25927,14.9
2026-08-02,27981,69.9
2026-08-02,27982,79.9
2026-08-02,33405,49.9
2026-08-02,29061,19.9
2026-08-02,29062,19.9
2026-08-02,27927,14.9
2026-08-02,27941,16.9
2026-08-02,27954,18.9
2026-08-02,27915,12.9
2026-08-02,27916,12.9
2026-08-02,27928,14.9
2026-08-02,27929,14.9
2026-08-02,27931,26.9
2026-08-02,27893,9.9
2026-08-02,27917,12.9
2026-08-02,27918,12.9
2026-08-02,27919,12.9
2026-08-02,27683,7.9
2026-08-02,27684,7.9
2026-08-02,27685,7.9
2026-08-02,27686,7.9
2026-08-02,27687,7.9
2026-08-02,27688,7.9
2026-08-02,27689,7.9
2026-08-02,27690,7.9
2026-08-02,27699,14.9
2026-08-02,27691,7.9
2026-08-02,27700,14.9
2026-08-02,25925,15.9
2026-08-02,33406,36.9
2026-08-02,33407,36.9
2026-08-02,33408,36.9
2026-08-02,52327,219.9
2026-08-02,50284,390.9
2026-08-02,52577,239.9
2026-08-02,64277,229.0
2026-08-02,64278,249.0
2026-08-02,64655,7.9
2026-08-02,12806,249.0
2026-08-02,64702,16.9
2026-08-02,52311,199.9
2026-08-02,31670,54.9
2026-08-02,56875,59.9
2026-08-02,31665,59.9
2026-08-02,33400,29.9
2026-08-02,60578,59.9
2026-08-02,60575,29.9
2026-08-02,60576,29.9
2026-08-02,60579,169.9
2026-08-02,60577,149.9
2026-08-02,62015,149.9
2026-08-02,52320,259.9
2026-08-02,12162,89.9
2026-08-02,62007,139.9
2026-08-02,12799,54.9
2026-08-02,52335,79.9
2026-08-02,52336,79.9
2026-08-02,12801,169.9
2026-08-02,62094,849.0
2026-08-02,56231,29.9
2026-08-02,42259,49.9
2026-08-02,51854,14.48
2026-08-02,50774,4.9
2026-08-02,59439,29.9
2026-08-02,59442,36.9
2026-08-02,59441,29.9
2026-08-02,59440,29.9
2026-08-02,50772,37.9
2026-08-02,59436,24.9
2026-08-02,59438,29.9
2026-08-02,42257,139.9
2026-08-02,14131,132.0
2026-08-02,59406,1099.0
2026-08-02,59405,1139.0
2026-08-02,26753,44.9
2026-08-02,26754,49.9
2026-08-02,62206,219.9
2026-08-02,64703,59.9
2026-08-02,64623,79.9
2026-08-02,50279,24.9
2026-08-02,8746,168.0
2026-08-02,13184,210.0
2026-08-02,8808,204.0
2026-08-02,16970,119.9
2026-08-02,63869,173.9
2026-08-02,64040,19.9
2026-08-02,49664,588.0
2026-08-02,12802,209.9
2026-08-02,53019,99.9
2026-08-02,52304,109.9
2026-08-02,51646,99.9
2026-08-02,20380,299.9
2026-08-02,17695,24.9
2026-08-02,64075,29.9
2026-08-02,17696,19.9
2026-08-02,56538,25.9
2026-08-02,63051,219.9
2026-08-02,53014,239.0
2026-08-02,52333,184.9
2026-08-02,28500,66.9
2026-08-02,28494,64.9
2026-08-02,28496,74.9
2026-08-02,28501,79.9
2026-08-02,62474,323.0
2026-08-02,62475,407.0
2026-08-02,15028,79.9
2026-08-02,13914,119.9
2026-08-02,13216,109.0
2026-08-02,25920,36.9
2026-08-02,34415,189.9
2026-08-02,13904,79.9
2026-08-02,13907,119.9
2026-08-02,13912,89.9
2026-08-02,34413,99.9
2026-08-02,13908,119.9
2026-08-02,15185,69.9
2026-08-02,13909,119.9
2026-08-02,9104,60.0
2026-08-02,55790,25.9
2026-08-02,55789,29.9
2026-08-02,55793,5.9
2026-08-02,63235,269.0
2026-08-02,50282,79.9
2026-08-02,34326,54.9
2026-08-02,56259,309.9
2026-08-02,34328,54.9
2026-08-02,61027,16.9
2026-08-02,63840,12.9
2026-08-02,63839,14.9
2026-08-02,63837,16.9
2026-08-02,59426,329.9
2026-08-02,59424,389.9
2026-08-02,63057,209.9
2026-08-02,64289,259.9
2026-08-02,9089,269.9
2026-08-02,9091,259.9
2026-08-02,9088,329.0
2026-08-02,62930,199.9
2026-08-02,56872,39.9
2026-08-02,56873,39.9
2026-08-02,60754,69.9
2026-08-02,17024,89.9
2026-08-02,64721,49.9
2026-08-02,59943,399.0
2026-08-02,59447,119.9
2026-08-02,59433,109.9
2026-08-02,59431,99.9
2026-08-02,11505,69.9
2026-08-02,59432,679.9
2026-08-02,17682,94.9
2026-08-02,4143,219.9
2026-08-02,17677,39.9
2026-08-02,59430,429.9
2026-08-02,26781,249.0
2026-08-02,26774,46.9
2026-08-02,25769,54.9
2026-08-02,64055,219.9
2026-08-02,5046,124.9
2026-08-02,64079,56.9
2026-08-02,26775,22.9
2026-08-02,26943,36.9
2026-08-02,4118,169.9
2026-08-02,4119,129.9
2026-08-02,11492,84.9
2026-08-02,7969,89.9
2026-08-02,59455,849.9
2026-08-02,59453,439.9
2026-08-02,13182,720.0
2026-08-02,8187,479.0
2026-08-02,15921,120.0
2026-08-02,64706,16.9
2026-08-02,59947,79.9
2026-08-02,56222,39.9
2026-08-02,26750,114.9
2026-08-02,24638,199.9
2026-08-02,6900,269.0
2026-08-02,62480,269.0
2026-08-02,59363,429.0
2026-08-02,17183,89.9
2026-08-02,17184,89.89
2026-08-02,8819,95.0
2026-08-02,42299,359.9
2026-08-02,59944,249.0
2026-08-02,26740,299.9
2026-08-02,12078,129.9
2026-08-02,26748,249.9
2026-08-02,44911,279.0
2026-08-02,52056,119.9
2026-08-02,52036,84.9
2026-08-02,26742,179.9
2026-08-02,59361,1190.0
2026-08-02,21717,222.0
2026-08-02,38373,369.9
2026-08-02,38869,309.9
2026-08-02,58035,280.0
2026-08-02,34313,179.9
2026-08-02,59454,109.9
2026-08-02,8542,19.9
2026-08-02,26758,189.9
2026-08-02,49064,245.0
2026-08-02,49685,245.0
2026-08-02,49684,245.0
2026-08-02,51186,335.0
2026-08-02,57611,369.0
2026-08-02,64279,209.9
2026-08-02,51868,139.9
2026-08-02,10746,99.9
2026-08-02,7097,2706.0
2026-08-02,62471,1250.0
2026-08-02,50775,137.9
2026-08-02,27461,799.0
2026-08-02,64714,69.9
2026-08-02,19735,39.9
2026-08-02,64052,54.9
2026-08-02,64050,69.9
2026-08-02,64051,69.9
2026-08-02,58045,39.9
2026-08-02,24644,44.9
2026-08-02,8126,519.0
2026-08-02,58046,66.9
2026-08-02,50800,60.9
2026-08-02,56424,74.9
2026-08-02,52347,69.9
2026-08-02,63813,49.9
2026-08-02,63043,39.9
2026-08-02,29638,139.9
2026-08-02,10496,119.9
2026-08-02,64708,109.9
2026-08-02,10495,199.9
2026-08-02,9108,50.0
2026-08-02,63558,32.45
2026-08-02,56927,29.9
2026-08-02,11992,89.9
2026-08-02,26766,215.2
2026-08-02,56958,25.83
2026-08-02,34339,31.9
2026-08-02,27894,9.9
2026-08-02,27895,9.9
2026-08-02,27904,10.9
2026-08-02,27905,10.9
2026-08-02,27906,10.9
2026-08-02,27932,14.9
2026-08-02,27933,14.9
2026-08-02,56626,20.86
2026-08-02,29381,46.9
2026-08-02,29382,54.9
2026-08-02,27305,0.44
2026-08-02,9094,49.9
2026-08-02,34332,17.9
2026-08-02,34333,11.9
2026-08-02,34334,59.9
2026-08-02,34335,17.9
2026-08-02,34336,34.9
2026-08-02,34337,12.9
2026-08-02,56919,29.9
2026-08-02,34422,46.9
2026-08-02,26568,169.9
2026-08-02,47403,12.9
2026-08-02,53619,119.9
2026-08-02,27306,0.38
2026-08-02,50018,70.9
2026-08-02,20790,3.9
2026-08-02,9095,340.0
2026-08-02,29383,64.9
2026-08-02,29384,79.9
2026-08-02,21613,10.43
2026-08-02,62223,149.9
2026-08-02,62005,159.9
2026-08-02,62004,149.9
2026-08-02,62013,149.9
2026-08-02,62203,229.9
2026-08-02,62008,139.9
2026-08-02,8248,79.9
2026-08-02,56235,79.9
2026-08-02,56234,129.9
2026-08-02,60574,209.9
2026-08-02,27920,12.9
2026-08-02,27908,12.9
2026-08-02,20520,39.9
2026-08-02,20523,54.9
2026-08-02,20522,79.9
2026-08-02,10616,46.9
2026-08-02,63042,249.9
2026-08-02,10907,99.9
2026-08-02,63764,5.9
2026-08-02,3245,1130.0
2026-08-02,41700,379.9
2026-08-02,26409,369.9
2026-08-02,29064,19.9
2026-08-02,29385,22.9
2026-08-02,29065,19.9
2026-08-02,29066,19.9
2026-08-02,29386,22.9
2026-08-02,13185,3810.0
2026-08-02,47307,349.0
2026-08-02,64007,829.9
2026-08-02,64496,749.0
2026-08-02,38549,1169.0
2026-08-02,58365,499.0
2026-08-02,47652,499.0
2026-08-02,47655,799.0
2026-08-02,63281,3.45
2026-08-02,63282,3.45
2026-08-02,63275,3.6
2026-08-02,63283,4.95
2026-08-02,63276,3.6
2026-08-02,63284,3.45
2026-08-02,63280,3.45
2026-08-02,63278,1.0
2026-08-02,33071,17.9
2026-08-02,33073,17.9
2026-08-02,33389,18.9
2026-08-02,33391,21.9
2026-08-02,33392,7.9
2026-08-02,33074,7.9
2026-08-02,33394,9.5
2026-08-02,33390,9.9
2026-08-02,33373,33.9
2026-08-02,27911,29.9
2026-08-02,20446,0.7
2026-08-02,56529,21.9
2026-08-02,56530,11.9
2026-08-02,56527,7.9
2026-08-02,20583,2.5
2026-08-02,56528,8.9
2026-08-02,62926,11.5
2026-08-02,61184,59.9
2026-08-02,64336,15.9
2026-08-02,20497,2.5
2026-08-02,31674,4.9
2026-08-02,20493,19.9
2026-08-02,20491,6.9
2026-08-02,64333,1.5
2026-08-02,62483,999.0
2026-08-02,59383,879.0
2026-08-02,27463,489.0
2026-08-02,27217,329.0
2026-08-02,59282,649.0
2026-08-02,59398,1290.0
2026-08-02,59283,1690.0
2026-08-02,59336,1390.0
2026-08-02,59373,2190.0
2026-08-02,33708,429.0
2026-08-02,59395,1299.0
2026-08-02,31606,599.0
2026-08-02,13026,1399.0
2026-08-02,59460,1399.0
2026-08-02,33709,769.0
2026-08-02,59392,1399.0
2026-08-02,3244,1439.0
2026-08-02,59384,1539.0
2026-08-02,47661,1299.0
2026-08-02,62478,889.0
2026-08-02,33706,1990.0
2026-08-02,59418,1399.0
2026-08-02,38045,1499.0
2026-08-02,63578,1239.0
2026-08-02,59416,1190.0
2026-08-02,59385,2399.0
2026-08-02,21270,1139.0
2026-08-02,58190,1799.0
2026-08-02,6893,671.0
2026-08-02,59399,1590.0
2026-08-02,15591,2975.0
2026-08-02,29616,329.0
2026-08-02,59374,2390.0
2026-08-02,15595,815.0
2026-08-02,59396,1499.0
2026-08-02,63582,999.0
2026-08-02,59386,2590.0
2026-08-02,3235,4247.0
2026-08-02,62479,1823.0
2026-08-02,59376,2599.0
2026-08-02,16972,89.9
2026-08-02,29388,29.9
2026-08-02,62215,149.9
2026-08-02,56681,39.9
2026-08-02,62214,109.9
2026-08-02,54138,69.9
2026-08-02,6892,579.9
2026-08-02,6918,2799.0
2026-08-02,64102,59.9
2026-08-02,64015,159.9
2026-08-02,50804,180.9
2026-08-02,50842,69.9
2026-08-02,64617,199.9
2026-08-02,64767,219.9
2026-08-02,64613,199.9
2026-08-02,64614,199.9
2026-08-02,64615,199.9
2026-08-02,64616,369.9
2026-08-02,60568,39.9
2026-08-02,18602,29.9
2026-08-02,20438,0.9
2026-08-02,13371,9.9
2026-08-02,13372,19.9
2026-08-02,20776,0.9
2026-08-02,20777,0.9
2026-08-02,20442,19.9
2026-08-02,27328,3.9
2026-08-02,27701,8.9
2026-08-02,27703,8.9
2026-08-02,27704,8.9
2026-08-02,27705,8.9
2026-08-02,27706,8.9
2026-08-02,27897,9.9
2026-08-02,27898,9.9
2026-08-02,27899,9.9
2026-08-02,27695,15.9
2026-08-02,27696,7.9
2026-08-02,27707,8.9
2026-08-02,27708,8.9
2026-08-02,27709,8.9
2026-08-02,27697,7.9
2026-08-02,27710,8.9
2026-08-02,27711,8.9
2026-08-02,50807,256.9
2026-08-02,20345,39.9
2026-08-02,8879,69.9
2026-08-02,54644,69.9
2026-08-02,56068,79.9
2026-08-02,64612,36.9
2026-08-02,63812,39.9
2026-08-02,52895,299.9
2026-08-02,50017,89.9
2026-08-02,62207,169.9
2026-08-02,56233,39.9
2026-08-02,28484,49.9
2026-08-02,28486,49.9
2026-08-02,28488,29.9
2026-08-02,28487,36.9
2026-08-02,28491,39.9
2026-08-02,28490,39.9
2026-08-02,28481,34.9
2026-08-02,28483,46.9
2026-08-02,63846,41.9
2026-08-02,28475,99.9
2026-08-02,28489,22.9
2026-08-02,9097,44.9
2026-08-02,64330,129.9
2026-08-02,64334,99.9
2026-08-02,44878,39.9
2026-08-02,28471,39.9
2026-08-02,28472,39.9
2026-08-02,56284,23.9
2026-08-02,25921,23.9
2026-08-02,33049,6.5
2026-08-02,29390,34.9
2026-08-02,29391,34.9
2026-08-02,29392,69.9
2026-08-02,29393,29.9
2026-08-02,29394,36.9
2026-08-02,29396,36.9
2026-08-02,29135,19.9
2026-08-02,27900,15.9
2026-08-02,27901,15.9
2026-08-02,27934,26.9
2026-08-02,29397,54.9
2026-08-02,27936,26.9
2026-08-02,29398,149.9
2026-08-02,28473,46.9
2026-08-02,28479,36.9
2026-08-02,28478,36.9
2026-08-02,28477,59.9
2026-08-02,28497,49.9
2026-08-02,28492,79.9
2026-08-02,28493,69.9
2026-08-02,53605,4.5
2026-08-02,34416,10.9
2026-08-02,34063,5.5
2026-08-02,28499,79.9
2026-08-02,28474,74.9
2026-08-02,21066,0.4
2026-08-02,21065,1.2
2026-08-02,21067,1.4
2026-08-02,16668,4.83
2026-08-02,21060,0.6
2026-08-02,27639,0.7
2026-08-02,21070,0.4
2026-08-02,27634,4.8
2026-08-02,27637,3.7
2026-08-02,27635,0.7
2026-08-02,27632,0.3
2026-08-02,27633,0.5
2026-08-02,20817,0.14
2026-08-02,27330,2.4
2026-08-02,27636,2.3
2026-08-02,27947,17.9
2026-08-02,27948,17.9
2026-08-02,29137,19.9
2026-08-02,29138,19.9
2026-08-02,27318,1.4
2026-08-02,27319,1.6
2026-08-02,27308,0.14
2026-08-02,27309,0.23
2026-08-02,27315,0.15
2026-08-02,27311,1.1
2026-08-02,27638,0.6
2026-08-02,20799,0.15
2026-08-02,20800,0.2
2026-08-02,21061,1.2
2026-08-02,21068,1.6
2026-08-02,21062,2.2
2026-08-02,27327,0.8
2026-08-02,21063,1.2
2026-08-02,27312,0.18
2026-08-02,27313,0.2
2026-08-02,27316,0.18
2026-08-02,20801,0.15
2026-08-02,27320,0.18
2026-08-02,27462,2899.0
2026-08-02,59381,2490.0
2026-08-02,59413,3499.0
2026-08-02,59401,4290.0
2026-08-02,59415,4190.0
2026-08-02,55023,99.9
2026-08-02,11507,123.9
2026-08-02,44842,209.9
2026-08-02,29400,139.9
2026-08-02,27902,9.9
2026-08-02,27903,9.9
2026-08-02,27630,0.9
2026-08-02,60591,7.2
2026-08-02,21076,1.0
2026-08-02,21079,0.6
2026-08-02,21078,1.2
2026-08-02,21077,2.4
2026-08-02,8124,70.0
2026-08-02,21082,0.3
2026-08-02,20443,0.6
2026-08-02,21080,0.8
2026-08-02,21081,0.3
2026-08-02,64049,79.9
2026-08-02,21074,1.4
2026-08-02,56236,79.9
2026-08-02,29631,119.9
2026-08-02,62224,59.9
2026-08-02,62225,89.9
2026-08-02,62226,229.0
2026-08-02,27303,1.5
2026-08-02,16137,133.0
2026-08-02,63810,49.9
2026-08-02,18670,5.0
2026-08-02,57669,359.9
2026-08-02,54656,5.0
2026-08-02,21280,143.0
2026-08-02,56916,19.9
2026-08-02,56074,299.0
2026-08-02,56524,6.2
2026-08-02,56523,6.2
2026-08-02,64235,289.9
2026-08-02,45260,169.9
2026-08-02,44060,749.02
2026-08-02,10075,129.9
2026-08-02,56320,124.9
2026-08-02,56072,49.9
2026-08-02,52050,79.9
2026-08-02,58184,36.9
2026-08-02,64096,74.9
2026-08-02,62481,1190.0
2026-08-02,63135,849.0
2026-08-02,58364,799.0
2026-08-02,64076,32.9
2026-08-02,54996,559.0
2026-08-02,54164,107.5
2026-08-02,38719,144.9
2026-08-02,47797,139.9
2026-08-02,24582,7.12
2026-08-02,33063,139.9
2026-08-02,47005,73.2
2026-08-02,33064,159.9
2026-08-02,40619,239.0
2026-08-02,40618,239.0
2026-08-02,10510,119.0
2026-08-02,47704,149.0
2026-08-02,47705,149.0
2026-08-02,44109,289.0
2026-08-02,31557,259.9
2026-08-02,49273,429.9
2026-08-02,49274,429.9
2026-08-02,49278,499.9
2026-08-02,49279,749.9
2026-08-02,49294,429.9
2026-08-02,49296,499.9
2026-08-02,49297,539.9
2026-08-02,58784,599.0
2026-08-02,55507,599.0
2026-08-02,48406,599.0
2026-08-02,48401,599.0
2026-08-02,48344,599.0
2026-08-02,48411,599.0
2026-08-02,60086,599.0
2026-08-02,44948,499.0
2026-08-02,44949,499.0
2026-08-02,60100,279.9
2026-08-02,60104,389.9
2026-08-02,63743,599.0
2026-08-02,63576,599.0
2026-08-02,63572,599.0
2026-08-02,46415,139.9
2026-08-02,58703,119.9
2026-08-02,47653,49.9
2026-08-02,47654,49.9
2026-08-02,54184,159.9
2026-08-02,63574,599.0
2026-08-02,63575,499.0
2026-08-02,39645,34.9
2026-08-02,43917,369.9
2026-08-02,43916,369.9
2026-08-02,44198,549.0
2026-08-02,48483,509.0
2026-08-02,55573,509.0
2026-08-02,44195,509.0
2026-08-02,63573,499.0
2026-08-02,63742,499.0
2026-08-02,63270,299.9
2026-08-02,64534,629.0
2026-08-02,64537,629.0
2026-08-02,64541,629.0
2026-08-02,64532,629.0
2026-08-02,64540,629.0
2026-08-02,60105,399.9
2026-08-02,60101,199.9
2026-08-02,60103,209.9
2026-08-02,60102,139.9
2026-08-02,63665,499.0
2026-08-02,63666,499.0
2026-08-02,63667,499.0
2026-08-02,50946,9.9
2026-08-02,46967,119.9
2026-08-02,48660,219.9
2026-08-02,46935,122.5
2026-08-02,39418,599.9
2026-08-02,39420,1119.9
2026-08-02,39422,1499.9
2026-08-02,63969,2399.2
2026-08-02,63268,2399.2
2026-08-02,63972,3647.2
2026-08-02,63970,3679.2
2026-08-02,48506,679.0
2026-08-02,49667,679.0
2026-08-02,48441,679.0
2026-08-02,42084,199.9
2026-08-02,39419,399.9
2026-08-02,42081,599.9
2026-08-02,49406,199.9
2026-08-02,39982,459.9
2026-08-02,31550,299.9
2026-08-02,36644,329.9
2026-08-02,42083,229.9
2026-08-02,39423,299.9
2026-08-02,47457,279.84
2026-08-02,63881,2149.0
2026-08-02,64031,1259.0
2026-08-02,63884,1169.0
2026-08-02,63894,1169.0
2026-08-02,63895,1169.0
2026-08-02,63896,1169.0
2026-08-02,63882,2149.0
2026-08-02,64032,1259.0
2026-08-02,63885,1169.0
2026-08-02,63883,2149.0
2026-08-02,64033,1259.0
2026-08-02,63886,1169.0
2026-08-02,64034,1259.0
2026-08-02,64036,1259.0
2026-08-02,63889,1169.0
2026-08-02,64037,1259.0
2026-08-02,63890,1169.0
2026-08-02,64038,1259.0
2026-08-02,63891,1169.0
2026-08-02,63892,1169.0
2026-08-02,63967,2799.2
2026-08-02,63965,3199.2
2026-08-02,42756,239.92
2026-08-02,63966,719.92
2026-08-02,63964,1039.2
2026-08-02,49300,1199.2
2026-08-02,42794,1839.2
2026-08-02,56727,1999.2
2026-08-02,42798,1839.2
2026-08-02,56728,1839.2
2026-08-02,63962,2559.2
2026-08-02,42799,1759.2
2026-08-02,42796,1519.2
2026-08-02,9279,999.9
2026-08-02,33833,2639.2
2026-08-02,61933,1599.0
2026-08-02,8579,29.9
2026-08-02,58805,399.9
2026-08-02,36874,375.0
2026-08-02,54587,179.9
2026-08-02,61043,229.9
2026-08-02,28631,19.9
2026-08-02,37927,239.9
2026-08-02,9675,59.9
2026-08-02,9678,29.9
2026-08-02,58746,38.5
2026-08-02,31558,39.9
2026-08-02,12155,99.9
2026-08-02,42085,59.9
2026-08-02,49608,199.9
2026-08-02,49611,124.9
2026-08-02,48276,199.9
2026-08-02,62052,39.9
2026-08-02,38401,399.9
2026-08-02,10507,169.9
2026-08-02,10505,219.9
2026-08-02,10506,319.9
2026-08-02,60534,359.9
2026-08-02,58631,399.9
2026-08-02,37873,169.9
2026-08-02,37872,199.9
2026-08-02,37871,199.9
2026-08-02,46928,109.9
2026-08-02,18342,205.0
2026-08-02,42792,259.9
2026-08-02,36645,359.9
2026-08-02,48649,799.9
2026-08-02,1985,79.9
2026-08-02,42968,259.9
2026-08-02,6752,259.9
2026-08-02,53067,59.9
2026-08-02,46951,109.9
2026-08-02,42093,24.9
2026-08-02,28745,99.9
2026-08-02,42099,149.9
2026-08-02,46938,129.9
2026-08-02,24964,179.9
2026-08-02,5055,669.9
2026-08-02,40610,369.0
2026-08-02,47840,369.0
2026-08-02,43500,369.0
2026-08-02,40607,369.0
2026-08-02,47004,59.9
2026-08-02,53860,11.96
2026-08-02,38327,159.9
2026-08-02,58993,219.9
2026-08-02,33060,69.9
2026-08-02,33061,79.9
2026-08-02,46961,469.0
2026-08-02,47848,499.0
2026-08-02,55435,499.0
2026-08-02,55563,499.0
2026-08-02,55570,499.0
2026-08-02,61939,499.0
2026-08-02,61940,499.0
2026-08-02,46984,399.9
2026-08-02,61936,399.0
2026-08-02,27249,149.9
2026-08-02,48656,179.9
2026-08-02,48654,179.9
2026-08-02,48659,179.9
2026-08-02,57756,63.5
2026-08-02,58688,249.9
2026-08-02,42087,29.9
2026-08-02,48644,139.9
2026-08-02,57095,679.0
2026-08-02,55574,679.0
2026-08-02,57093,679.0
2026-08-02,47094,729.0
2026-08-02,55579,679.0
2026-08-02,55534,829.0
2026-08-02,58777,679.0
2026-08-02,48505,579.0
2026-08-02,55576,579.0
2026-08-02,57092,629.0
2026-08-02,55512,479.0
2026-08-02,48481,629.0
2026-08-02,47097,679.0
2026-08-02,57096,699.0
2026-08-02,55568,699.0
2026-08-02,58779,699.0
2026-08-02,57101,699.0
2026-08-02,55575,699.0
2026-08-02,55567,699.0
2026-08-02,60092,699.0
2026-08-02,58780,649.0
2026-08-02,60090,649.0
2026-08-02,55564,649.0
2026-08-02,58776,649.0
2026-08-02,64542,649.0
2026-08-02,10514,69.9
2026-08-02,42089,24.9
2026-08-02,42088,44.9
2026-08-02,62125,39.9
2026-08-02,38399,169.9
2026-08-02,63577,349.0
2026-08-02,55217,68.5
2026-08-02,55218,68.5
2026-08-02,55216,68.5
2026-08-02,55224,68.5
2026-08-02,55219,68.5
2026-08-02,55225,68.5
2026-08-02,46918,39.0
2026-08-02,55222,39.0
2026-08-02,47013,579.9
2026-08-02,12964,199.9
2026-08-02,12963,199.9
2026-08-02,27273,489.9
2026-08-02,24864,1039.92
2026-08-02,46922,96.5
2026-08-02,46921,96.5
2026-08-02,46920,96.5
2026-08-02,46919,96.5
2026-08-02,58686,139.9
2026-08-02,58990,169.9
2026-08-02,58986,169.9
2026-08-02,58989,89.9
2026-08-02,58987,169.9
2026-08-02,58984,99.9
2026-08-02,58985,129.9
2026-08-02,58988,169.9
2026-08-02,46924,219.0
2026-08-02,49281,144.9
2026-08-02,47833,399.0
2026-08-02,58693,669.9
2026-08-02,58696,669.9
2026-08-02,58695,669.9
2026-08-02,58694,669.9
2026-08-02,46931,49.9
2026-08-02,58689,129.9
2026-08-02,58690,69.9
2026-08-02,47009,369.0
2026-08-02,56865,369.0
2026-08-02,56864,369.0
2026-08-02,47011,369.0
2026-08-02,42650,699.0
2026-08-02,42651,699.0
2026-08-02,48475,436.2
2026-08-02,37601,799.0
2026-08-02,35808,799.0
2026-08-02,57086,799.0
2026-08-02,55499,949.0
2026-08-02,57087,579.0
2026-08-02,55432,699.0
2026-08-02,37602,699.0
2026-08-02,38544,699.0
2026-08-02,45010,649.0
2026-08-02,40614,899.0
2026-08-02,44985,679.0
2026-08-02,44990,629.0
2026-08-02,44992,549.0
2026-08-02,58013,180.0
2026-08-02,46973,159.9
2026-08-02,46979,159.9
2026-08-02,43921,189.9
2026-08-02,43922,189.9
2026-08-02,43919,189.9
2026-08-02,43920,189.9
2026-08-02,44843,229.9
2026-08-02,43923,159.9
2026-08-02,57812,29.9
2026-08-02,57974,29.9
2026-08-02,57813,29.9
2026-08-02,57811,29.9
2026-08-02,54033,159.9
2026-08-02,18300,169.5
2026-08-02,18298,99.9
2026-08-02,18296,39.9
2026-08-02,18297,49.9
2026-08-02,47691,579.0
2026-08-02,58781,579.0
2026-08-02,57094,629.0
2026-08-02,57099,629.0
2026-08-02,44980,629.0
2026-08-02,44982,629.0
2026-08-02,61932,399.0
2026-08-02,60094,399.0
2026-08-02,61931,399.0
2026-08-02,49272,499.9
2026-08-02,48325,429.0
2026-08-02,44206,529.0
2026-08-02,44207,429.0
2026-08-02,44208,429.0
2026-08-02,44205,429.0
2026-08-02,61937,449.0
2026-08-02,48320,469.0
2026-08-02,44209,469.0
2026-08-02,44210,469.0
2026-08-02,44211,469.0
2026-08-02,64535,349.0
2026-08-02,64538,349.0
2026-08-02,64539,349.0
2026-08-02,64533,349.0
2026-08-02,64536,349.0
2026-08-02,38695,429.9
2026-08-02,49676,429.9
2026-08-02,49670,549.0
2026-08-02,55533,549.0
2026-08-02,55532,549.0
2026-08-02,56669,699.9
2026-08-02,48495,3599.0
2026-08-02,55578,579.0
2026-08-02,62912,169.9
2026-08-02,64315,3499.0
2026-08-02,64313,13419.0
2026-08-02,58753,859.0
2026-08-02,62172,999.0
2026-08-02,5868,4799.0
2026-08-02,39468,5199.0
2026-08-02,39465,3749.0
2026-08-02,5865,6399.0
2026-08-02,39469,7279.0
2026-08-02,39466,5889.0
2026-08-02,39467,7599.0
2026-08-02,52281,9449.0
2026-08-02,17250,8299.0
2026-08-02,47017,5599.0
2026-08-02,47016,4999.0
2026-08-02,42919,5249.0
2026-08-02,42920,6979.0
2026-08-02,42921,8399.0
2026-08-02,42922,6349.0
2026-08-02,42923,7349.0
2026-08-02,59817,4869.0
2026-08-02,59816,7379.0
2026-08-02,59820,3199.0
2026-08-02,38889,5599.0
2026-08-02,38890,7599.0
2026-08-02,58598,6490.0
2026-08-02,62902,3719.0
2026-08-02,34953,899.0
2026-08-02,63327,529.0
2026-08-02,58212,1099.0
2026-08-02,58215,1149.0
2026-08-02,58216,1399.0
2026-08-02,58214,1299.0
2026-08-02,27535,1799.0
2026-08-02,58218,3099.0
2026-08-02,39297,1839.0
2026-08-02,58211,2199.0
2026-08-02,58210,1599.0
2026-08-02,22488,3599.0
2026-08-02,39879,2199.0
2026-08-02,54400,269.0
2026-08-02,54402,269.0
2026-08-02,22070,259.9
2026-08-02,63359,319.0
2026-08-02,64357,899.0
2026-08-02,64356,1199.0
2026-08-02,48537,649.0
2026-08-02,63360,589.0
2026-08-02,43835,989.0
2026-08-02,63997,1899.0
2026-08-02,63992,659.0
2026-08-02,6077,799.0
2026-08-02,26250,509.0
2026-08-02,6075,1189.0
2026-08-02,38376,269.9
2026-08-02,37531,2399.0
2026-08-02,48631,959.0
2026-08-02,44496,1999.0
2026-08-02,44497,1999.0
2026-08-02,46222,13.5
2026-08-02,46216,11.9
2026-08-02,50943,19.9
2026-08-02,58368,99.0
2026-08-02,39863,179.9
2026-08-02,36565,539.0
2026-08-02,56704,639.0
2026-08-02,56697,689.0
2026-08-02,41518,509.9
2026-08-02,41519,679.0
2026-08-02,45753,399.0
2026-08-02,45755,299.0
2026-08-02,46124,349.9
2026-08-02,57653,1699.0
2026-08-02,38556,2599.0
2026-08-02,48526,1999.0
2026-08-02,54086,4319.0
2026-08-02,34403,349.0
2026-08-02,46358,5359.0
2026-08-02,38277,4949.0
2026-08-02,22486,16369.0
2026-08-02,27481,7799.0
2026-08-02,26173,5799.0
2026-08-02,30661,159.9
2026-08-02,58367,949.0
2026-08-02,58366,949.0
2026-08-02,62896,519.0
2026-08-02,43482,1039.0
2026-08-02,19913,2099.0
2026-08-02,32203,1469.0
2026-08-02,40442,2699.0
2026-08-02,56499,1519.0
2026-08-02,58633,1779.0
2026-08-02,59996,1389.0
2026-08-02,48667,12299.0
2026-08-02,48668,8999.0
2026-08-02,1656,3359.0
2026-08-02,26287,1729.0
2026-08-02,26168,1999.0
2026-08-02,25400,3859.0
2026-08-02,19787,2379.0
2026-08-02,19788,2629.0
2026-08-02,33505,2499.0
2026-08-02,32208,2089.0
2026-08-02,33341,3299.0
2026-08-02,44907,2799.0
2026-08-02,63332,489.0
2026-08-02,57654,799.0
2026-08-02,64881,3690.0
2026-08-02,63350,859.0
2026-08-02,6885,219.0
2026-08-02,54462,949.0
2026-08-02,48242,399.0
2026-08-02,62179,449.0
2026-08-02,16822,59.9
2026-08-02,16823,69.9
2026-08-02,16821,29.9
2026-08-02,5945,449.0
2026-08-02,63722,449.0
2026-08-02,34736,559.0
2026-08-02,42816,779.0
2026-08-02,48235,79.9
2026-08-02,47221,229.9
2026-08-02,63082,469.0
2026-08-02,62887,999.0
2026-08-02,60023,3359.0
2026-08-02,60024,5119.0
2026-08-02,60022,4479.0
2026-08-02,58615,119.9
2026-08-02,58618,119.9
2026-08-02,11373,199.0
2026-08-02,23026,529.0
2026-08-02,48482,49.9
2026-08-02,40436,1399.0
2026-08-02,40434,999.0
2026-08-02,40435,1269.0
2026-08-02,45009,439.0
2026-08-02,45008,439.0
2026-08-02,23027,1529.0
2026-08-02,6371,5399.0
2026-08-02,6558,4499.0
2026-08-02,63595,1379.0
2026-08-02,63588,1679.0
2026-08-02,63358,999.0
2026-08-02,39880,89.9
2026-08-02,9233,259.9
2026-08-02,45754,19.9
2026-08-02,45756,24.9
2026-08-02,54846,19.9
2026-08-02,42823,19.9
2026-08-02,45239,299.9
2026-08-02,57656,399.0
2026-08-02,39258,2809.0
2026-08-02,61849,6999.0
2026-08-02,61852,7799.0
2026-08-02,58204,7199.0
2026-08-02,48470,3599.0
2026-08-02,36849,499.0
2026-08-02,33235,1169.0
2026-08-02,64826,1199.0
2026-08-02,54605,1199.0
2026-08-02,38037,2499.0
2026-08-02,44490,979.0
2026-08-02,41523,2099.0
2026-08-02,34951,679.0
2026-08-02,38623,3999.0
2026-08-02,38586,5299.0
2026-08-02,38585,6499.0
2026-08-02,63357,379.0
2026-08-02,63343,219.0
2026-08-02,41596,1499.0
2026-08-02,44505,399.0
2026-08-02,46119,299.9
2026-08-02,35586,349.0
2026-08-02,35585,399.9
2026-08-02,54626,529.0
2026-08-02,63624,1509.0
2026-08-02,63629,1079.0
2026-08-02,63649,259.0
2026-08-02,63650,289.0
2026-08-02,63628,12890.0
2026-08-02,63626,459.0
2026-08-02,63625,519.0
2026-08-02,45647,1799.0
2026-08-02,56430,10990.0
2026-08-02,58205,6299.0
2026-08-02,57090,1579.0
2026-08-02,29530,5309.0
2026-08-02,58206,4299.0
2026-08-02,58203,5599.0
2026-08-02,24197,11959.0
2026-08-02,54569,10019.0
2026-08-02,60025,6099.0
2026-08-02,60021,8380.0
2026-08-02,15655,5699.0
2026-08-02,36850,2449.0
2026-08-02,54096,5899.0
2026-08-02,44575,2099.0
2026-08-02,54455,18799.0
2026-08-02,46376,79.9
2026-08-02,16826,69.9
2026-08-02,16825,59.9
2026-08-02,45757,64.9
2026-08-02,16827,39.0
2026-08-02,33336,4299.0
2026-08-02,38234,6699.0
2026-08-02,33331,7499.0
2026-08-02,11477,4499.0
2026-08-02,24847,6589.0
2026-08-02,38626,6099.0
2026-08-02,38625,6399.0
2026-08-02,62905,3499.0
2026-08-02,45312,4306.0
2026-08-02,61884,5669.0
2026-08-02,61881,4499.0
2026-08-02,61883,5599.0
2026-08-02,47035,3689.0
2026-08-02,61922,11499.0
2026-08-02,54397,6319.0
2026-08-02,24840,7299.0
2026-08-02,54406,9079.0
2026-08-02,61928,7999.0
2026-08-02,39247,8999.0
2026-08-02,56433,12999.0
2026-08-02,45760,699.0
2026-08-02,30594,2899.0
2026-08-02,30638,3599.0
2026-08-02,45759,899.0
2026-08-02,56856,1539.0
2026-08-02,44509,579.0
2026-08-02,41526,839.0
2026-08-02,56683,1209.0
2026-08-02,55696,1229.0
2026-08-02,56684,1229.0
2026-08-02,56500,899.0
2026-08-02,45720,349.0
2026-08-02,43801,839.0
2026-08-02,48361,1789.0
2026-08-02,48372,2299.0
2026-08-02,48513,999.0
2026-08-02,54627,2099.0
2026-08-02,58570,89.0
2026-08-02,45750,399.0
2026-08-02,44625,299.0
2026-08-02,45751,199.0
2026-08-02,57670,249.0
2026-08-02,45749,199.0
2026-08-02,52517,79.0
2026-08-02,50703,19.9
2026-08-02,41742,259.9
2026-08-02,44574,3049.0
2026-08-02,6061,1559.0
2026-08-02,29169,869.0
2026-08-02,38553,1509.0
2026-08-02,29171,1729.0
2026-08-02,27473,12499.0
2026-08-02,64310,1959.0
2026-08-02,54427,1799.0
2026-08-02,61834,999.0
2026-08-02,61854,1149.0
2026-08-02,61833,1999.0
2026-08-02,48348,2399.0
2026-08-02,42889,3849.0
2026-08-02,40376,2729.0
2026-08-02,47477,249.9
2026-08-02,59609,199.0
2026-08-02,63356,349.0
2026-08-02,13712,299.0
2026-08-02,29031,699.0
2026-08-02,63324,469.0
2026-08-02,23290,399.0
2026-08-02,23291,429.0
2026-08-02,64856,299.9
2026-08-02,43807,2219.0
2026-08-02,63339,879.0
2026-08-02,45752,399.0
2026-08-02,5711,899.0
2026-08-02,58565,69.0
2026-08-02,6119,8899.0
2026-08-02,15637,9990.0
2026-08-02,6456,13499.0
2026-08-02,6557,9699.0
2026-08-02,24628,699.0
2026-08-02,18030,449.0
2026-08-02,26277,579.0
2026-08-02,39870,999.0
2026-08-02,56707,259.0
2026-08-02,18029,299.0
2026-08-02,38826,2429.0
2026-08-02,40023,329.9
2026-08-02,61847,319.0
2026-08-02,54622,399.0
2026-08-02,37600,459.0
2026-08-02,46375,899.0
2026-08-02,54106,39.9
2026-08-02,64855,89.9
2026-08-02,45238,799.0
2026-08-02,57655,1399.0
2026-08-02,59610,189.0
2026-08-02,58563,289.0
2026-08-02,38233,3699.0
2026-08-02,33327,6799.0
2026-08-02,33329,5799.0
2026-08-02,33324,7199.0
2026-08-02,27048,15699.0
2026-08-02,40373,4499.0
2026-08-02,47706,5299.0
2026-08-02,33326,6499.0
2026-08-02,61850,7599.0
2026-08-02,61846,4499.0
2026-08-02,61853,5399.0
2026-08-02,61851,6499.0
2026-08-02,61835,3799.0
2026-08-02,36205,22699.0
2026-08-02,54094,5669.0
2026-08-02,54418,4499.0
2026-08-02,61885,5889.0
2026-08-02,61880,6959.0
2026-08-02,61882,8029.0
2026-08-02,61848,10299.0
2026-08-02,44666,18199.0
2026-08-02,44665,12799.0
2026-08-02,61926,7299.0
2026-08-02,61923,5849.0
2026-08-02,61838,20999.0
2026-08-02,56827,9599.0
2026-08-02,39659,7709.0
2026-08-02,54603,20599.0
2026-08-02,61844,18499.0
2026-08-02,61840,9299.0
2026-08-02,61842,15069.0
2026-08-02,44938,12799.0
2026-08-02,53123,239.9
2026-08-02,22494,5499.0
2026-08-02,50959,22.9
2026-08-02,38558,389.0
2026-08-02,29032,419.0
2026-08-02,63354,269.0
2026-08-02,63355,289.0
2026-08-02,23030,599.9
2026-08-02,22586,399.0
2026-08-02,64827,399.0
2026-08-02,26268,399.0
2026-08-02,48641,2499.0
2026-08-02,38560,619.0
2026-08-02,63591,399.9
2026-08-02,26266,519.0
2026-08-02,24895,1789.0
2026-08-02,58616,399.9
2026-08-02,59935,119.9
2026-08-02,59611,799.0
2026-08-02,63719,1399.0
2026-08-02,16817,29.9
2026-08-02,16818,29.9
2026-08-02,59608,399.0
2026-08-02,63587,4379.0
2026-08-02,16820,29.9
2026-08-02,16819,29.9
2026-08-02,63345,839.0
2026-08-02,42787,529.9
2026-08-02,40031,329.9
2026-08-02,63348,599.0
2026-08-02,44519,599.0
2026-08-02,57657,399.0
2026-08-02,45911,359.0
2026-08-02,54558,1209.0
2026-08-02,45721,499.0
2026-08-02,62893,1599.0
2026-08-02,45011,1379.0
2026-08-02,62895,2239.0
2026-08-02,45758,599.0
2026-08-02,61889,1999.0
2026-08-02,61893,1599.0
2026-08-02,61892,1999.0
2026-08-02,61894,2799.0
2026-08-02,63741,1699.0
2026-08-02,52634,899.0
2026-08-02,61887,1199.0
2026-08-02,52636,1199.0
2026-08-02,61888,1999.0
2026-08-02,52635,2999.0
2026-08-02,24288,1599.0
2026-08-02,9339,1599.0
2026-08-02,61891,1759.0
2026-08-02,62894,2799.0
2026-08-02,61890,299.0
2026-08-02,43832,849.0
2026-08-02,40377,2699.0
2026-08-02,63347,589.0
2026-08-02,63346,519.0
2026-08-02,63328,1219.0
2026-08-02,47015,2679.0
2026-08-02,48565,1499.0
2026-08-02,45913,2899.0
2026-08-02,45912,9379.0
2026-08-02,45354,6729.0
2026-08-02,61901,3299.0
2026-08-02,46672,9989.0
2026-08-02,46381,1699.0
2026-08-02,46380,1329.0
2026-08-02,48640,359.9
2026-08-02,48367,599.9
2026-08-02,44940,499.9
2026-08-02,47445,249.9
2026-08-02,45266,599.9
2026-08-02,64312,4299.0
2026-08-02,50004,3999.0
2026-08-02,50006,3999.0
2026-08-02,50005,3999.0
2026-08-02,52295,54.9
2026-08-02,63322,990.0
2026-08-02,44646,990.0
2026-08-02,49951,78819.0
2026-08-02,64319,169.0
2026-08-02,49995,5849.0
2026-08-02,34800,199.9
2026-08-02,12641,119.9
2026-08-02,53791,99.9
2026-08-02,34801,79.9
2026-08-02,53695,24.9
2026-08-02,19470,179.9
2026-08-02,53210,109.9
2026-08-02,53211,69.9
2026-08-02,49928,16999.0
2026-08-02,49897,16649.0
2026-08-02,49880,22029.0
2026-08-02,52704,999.9
2026-08-02,49955,719.0
2026-08-02,49956,1299.0
2026-08-02,59613,2899.0
2026-08-02,48251,409.9
2026-08-02,39553,299.0
2026-08-02,47045,2249.0
2026-08-02,48783,1199.0
2026-08-02,33247,379.9
2026-08-02,33249,379.9
2026-08-02,33248,299.0
2026-08-02,59998,599.0
2026-08-02,5578,109.0
2026-08-02,47039,1499.0
2026-08-02,48615,399.9
2026-08-02,21901,109.0
2026-08-02,5575,89.0
2026-08-02,5576,89.0
2026-08-02,5577,109.0
2026-08-02,48795,1199.0
2026-08-02,48798,2299.0
2026-08-02,63906,99.0
2026-08-02,47832,699.0
2026-08-02,47831,699.0
2026-08-02,47822,699.0
2026-08-02,47830,699.0
2026-08-02,48813,799.0
2026-08-02,48810,799.0
2026-08-02,48812,799.0
2026-08-02,48776,1299.0
2026-08-02,48791,1299.0
2026-08-02,47486,349.0
2026-08-02,47034,69.0
2026-08-02,38818,249.0
2026-08-02,38817,249.0
2026-08-02,38816,249.0
2026-08-02,59156,799.0
2026-08-02,5553,79.9
2026-08-02,60032,1099.0
2026-08-02,3365,219.0
2026-08-02,46229,149.0
2026-08-02,48623,149.0
2026-08-02,33243,59.0
2026-08-02,20694,219.0
2026-08-02,47501,499.0
2026-08-02,47502,499.0
2026-08-02,47503,499.0
2026-08-02,47500,499.0
2026-08-02,38240,389.0
2026-08-02,53001,119.9
2026-08-02,33240,45.0
2026-08-02,39955,4999.0
2026-08-02,38583,2399.0
2026-08-02,38582,3049.0
2026-08-02,38581,6399.0
2026-08-02,31345,3799.0
2026-08-02,35552,1549.0
2026-08-02,21229,37.7
2026-08-02,49993,1049.0
2026-08-02,44057,39.0
2026-08-02,59718,11499.0
2026-08-02,59720,7299.0
2026-08-02,48773,0.0
2026-08-02,59717,12999.0
2026-08-02,59614,24999.0
2026-08-02,48781,16499.0
2026-08-02,60034,4499.1
2026-08-02,53471,49.9
2026-08-02,54756,40.0
2026-08-02,33266,35.0
2026-08-02,33265,35.0
2026-08-02,33239,45.0
2026-08-02,53869,19.9
2026-08-02,53868,16.9
2026-08-02,44781,250.0
2026-08-02,44779,250.0
2026-08-02,63744,350.0
2026-08-02,57605,79.9
2026-08-02,10103,59.0
2026-08-02,54757,59.0
2026-08-02,46283,99.0
2026-08-02,45303,79.0
2026-08-02,26293,39.0
2026-08-02,57620,99.9
2026-08-02,57606,79.9
2026-08-02,57607,199.9
2026-08-02,47408,32.0
2026-08-02,33310,30.0
2026-08-02,46186,259.0
2026-08-02,47450,59.9
2026-08-02,53044,49.9
2026-08-02,57608,249.9
2026-08-02,16347,29.0
2026-08-02,33307,28.0
2026-08-02,33309,28.0
2026-08-02,16385,50.0
2026-08-02,53651,1.9
2026-08-02,49876,14399.0
2026-08-02,49944,0.0
2026-08-02,49926,23369.0
2026-08-02,49912,23369.0
2026-08-02,49904,20259.0
2026-08-02,49932,21999.0
2026-08-02,49867,36689.0
2026-08-02,49958,7929.0
2026-08-02,49929,7929.0
2026-08-02,49866,9539.0
2026-08-02,58538,8199.0
2026-08-02,58537,10599.0
2026-08-02,59153,26999.0
2026-08-02,49902,20759.0
2026-08-02,49964,28339.0
2026-08-02,49903,22419.0
2026-08-02,59715,15859.0
2026-08-02,49965,31999.0
2026-08-02,49870,24659.0
2026-08-02,49883,24659.0
2026-08-02,49953,8819.0
2026-08-02,49919,7919.0
2026-08-02,49948,4839.0
2026-08-02,59154,10839.0
2026-08-02,49885,13419.0
2026-08-02,33763,105.0
2026-08-02,33302,229.9
2026-08-02,33301,180.0
2026-08-02,34807,119.0
2026-08-02,34808,139.0
2026-08-02,46194,79.0
2026-08-02,50000,696.0
2026-08-02,49969,399.0
2026-08-02,49998,879.0
2026-08-02,46189,129.0
2026-08-02,33275,55.0
2026-08-02,33285,99.0
2026-08-02,33283,37.0
2026-08-02,33268,79.0
2026-08-02,33277,50.0
2026-08-02,33269,79.0
2026-08-02,31436,219.0
2026-08-02,44778,280.0
2026-08-02,33290,299.9
2026-08-02,33289,355.0
2026-08-02,54432,454.9
2026-08-02,47419,79.9
2026-08-02,60232,1079.0
2026-08-02,47478,1149.0
2026-08-02,63305,350.0
2026-08-02,53658,5.9
2026-08-02,60009,799.0
2026-08-02,60005,6999.0
2026-08-02,50013,799.0
2026-08-02,50014,799.0
2026-08-02,60001,799.0
2026-08-02,50011,799.0
2026-08-02,47453,1129.0
2026-08-02,43815,1129.0
2026-08-02,43813,1029.0
2026-08-02,45302,99.0
2026-08-02,53051,269.9
2026-08-02,60018,1049.0
2026-08-02,52224,99.9
2026-08-02,52225,129.9
2026-08-02,52226,69.9
2026-08-02,52227,89.9
2026-08-02,52495,89.9
2026-08-02,52228,149.9
2026-08-02,52229,199.9
2026-08-02,53657,5.9
2026-08-02,49894,6129.0
2026-08-02,49909,7939.0
2026-08-02,49938,2849.0
2026-08-02,49888,11469.0
2026-08-02,49915,6999.0
2026-08-02,49935,4249.0
2026-08-02,49916,5999.0
2026-08-02,49872,3939.0
2026-08-02,49892,3499.0
2026-08-02,49889,11159.0
2026-08-02,49920,7939.0
2026-08-02,49921,3739.0
2026-08-02,49886,7049.0
2026-08-02,63753,430.0
2026-08-02,49999,1849.0
2026-08-02,31416,143.9
2026-08-02,31419,20.6
2026-08-02,53053,49.4
2026-08-02,31417,143.9
2026-08-02,31420,19.9
2026-08-02,31418,49.4
2026-08-02,53947,6.9
2026-08-02,52303,10.9
2026-08-02,52108,10.9
2026-08-02,52109,9.9
2026-08-02,53054,59.9
2026-08-02,52113,99.9
2026-08-02,60017,399.0
2026-08-02,8703,54.9
2026-08-02,53653,164.9
2026-08-02,53654,249.9
2026-08-02,53693,109.9
2026-08-02,53345,139.9
2026-08-02,53652,59.9
2026-08-02,49893,29589.0
2026-08-02,49913,40879.0
2026-08-02,49878,22899.0
2026-08-02,49918,18129.0
2026-08-02,49927,13629.0
2026-08-02,49871,20969.0
2026-08-02,49873,9989.0
2026-08-02,49905,11759.0
2026-08-02,49899,20999.0
2026-08-02,49908,6699.0
2026-08-02,49906,11749.0
2026-08-02,49907,16999.0
2026-08-02,49874,16599.0
2026-08-02,49898,5089.0
2026-08-02,49940,5199.0
2026-08-02,49917,5699.0
2026-08-02,60035,16099.0
2026-08-02,49896,8119.0
2026-08-02,49923,6719.0
2026-08-02,49925,14659.0
2026-08-02,49887,6719.0
2026-08-02,49952,19999.0
2026-08-02,49877,2299.0
2026-08-02,49939,34649.0
2026-08-02,49881,20979.0
2026-08-02,49911,21999.0
2026-08-02,49869,14889.0
2026-08-02,49890,20139.0
2026-08-02,49934,5999.0
2026-08-02,49875,15779.0
2026-08-02,49882,12339.0
2026-08-02,49900,28369.0
2026-08-02,60299,43359.0
2026-08-02,49884,13599.0
2026-08-02,49879,31279.0
2026-08-02,63299,800.0
2026-08-02,60529,280.0
2026-08-02,48796,999.0
2026-08-02,63571,350.0
2026-08-02,49914,32839.0
2026-08-02,49966,32839.0
2026-08-02,63760,64.9
2026-08-02,49960,279.0
2026-08-02,49957,289.0
2026-08-02,63761,59.9
2026-08-02,45530,390.0
2026-08-02,45532,390.0
2026-08-02,45518,430.0
2026-08-02,45521,430.0
2026-08-02,45520,430.0
2026-08-02,45516,410.0
2026-08-02,45524,410.0
2026-08-02,61712,410.0
2026-08-02,45514,430.0
2026-08-02,45515,430.0
2026-08-02,45513,430.0
2026-08-02,45517,430.0
2026-08-02,45528,390.0
2026-08-02,45526,390.0
2026-08-02,45522,390.0
2026-08-02,45525,430.0
2026-08-02,44759,390.0
2026-08-02,45527,390.0
2026-08-02,45534,430.0
2026-08-02,45533,430.0
2026-08-02,45531,390.0
2026-08-02,44757,430.0
2026-08-02,63314,430.0
2026-08-02,48497,49.0
2026-08-02,63308,350.0
2026-08-02,63300,1550.0
2026-08-02,49972,719.0
2026-08-02,49974,999.0
2026-08-02,63309,330.0
2026-08-02,59805,3339.0
2026-08-02,59157,429.0
2026-08-02,59158,789.0
2026-08-02,59159,1589.0
2026-08-02,63747,430.0
2026-08-02,63746,430.0
2026-08-02,63307,430.0
2026-08-02,60528,430.0
2026-08-02,63750,430.0
2026-08-02,49990,459.0
2026-08-02,49978,2249.0
2026-08-02,49868,12099.0
2026-08-02,59804,35659.0
2026-08-02,49954,5639.0
2026-08-02,60038,6699.0
2026-08-02,63316,550.0
2026-08-02,54118,53.75
2026-08-02,63303,990.0
2026-08-02,58539,3519.0
2026-08-02,49922,7049.0
2026-08-02,63317,1300.0
2026-08-02,45512,990.0
2026-08-02,46377,650.0
2026-08-02,54313,79.0
2026-08-02,49986,2529.0
2026-08-02,50001,2019.0
2026-08-02,49987,4139.0
2026-08-02,49988,329.0
2026-08-02,49984,1849.0
2026-08-02,49996,2199.0
2026-08-02,48416,770.0
2026-08-02,61831,2200.0
2026-08-02,49962,1229.0
2026-08-02,63304,390.0
2026-08-02,46530,399.9
2026-08-02,50954,14.9
2026-08-02,50955,14.9
2026-08-02,61897,5499.0
2026-08-02,60527,7999.0
2026-08-02,63047,570.0
2026-08-02,48365,2459.0
2026-08-02,48500,3399.0
2026-08-02,37404,280.0
2026-08-02,37400,300.0
2026-08-02,57405,169.0
2026-08-02,47116,1699.0
2026-08-02,47104,1399.0
2026-08-02,47114,2699.0
2026-08-02,47113,1799.0
2026-08-02,61924,2399.0
2026-08-02,61930,2349.0
2026-08-02,58208,2999.0
2026-08-02,63010,7799.0
2026-08-02,49967,299.0
2026-08-02,49961,339.0
2026-08-02,49943,359.0
2026-08-02,49936,679.0
2026-08-02,60041,1999.0
2026-08-02,63320,2750.0
2026-08-02,51151,52.9
2026-08-02,51152,174.9
2026-08-02,51153,30.9
2026-08-02,51154,54.9
2026-08-02,51155,74.9
2026-08-02,51156,175.9
2026-08-02,51157,30.9
2026-08-02,53949,54.9
2026-08-02,53950,74.9
2026-08-02,31428,16.9
2026-08-02,31427,29.9
2026-08-02,47902,59.9
2026-08-02,47903,29.9
2026-08-02,47907,69.9
2026-08-02,51158,68.9
2026-08-02,51159,96.9
2026-08-02,51313,104.9
2026-08-02,54126,104.9
2026-08-02,21227,69.9
2026-08-02,21224,39.9
2026-08-02,21226,62.9
2026-08-02,47904,16.9
2026-08-02,47906,59.9
2026-08-02,47905,59.9
2026-08-02,21231,46.9
2026-08-02,21230,53.9
2026-08-02,54394,36.9
2026-08-02,53689,25.9
2026-08-02,63319,330.0
2026-08-02,63312,460.0
2026-08-02,53690,9.9
2026-08-02,53691,29.9
2026-08-02,53692,59.9
2026-08-02,60007,899.0
2026-08-02,60016,1679.0
2026-08-02,60004,899.0
2026-08-02,60000,799.0
2026-08-02,60015,2299.0
2026-08-02,49989,1129.0
2026-08-02,49991,1799.0
2026-08-02,49982,2199.0
2026-08-02,44764,590.0
2026-08-02,63302,1390.0
2026-08-02,63318,890.0
2026-08-02,48805,1299.0
2026-08-02,63298,2299.0
2026-08-02,63296,2299.0
2026-08-02,63297,2299.0
2026-08-02,63295,2299.0
2026-08-02,49864,1099.0
2026-08-02,49863,1099.0
2026-08-02,49910,2489.0
2026-08-02,49985,969.0
2026-08-02,49975,1369.0
2026-08-02,59722,6499.0
2026-08-02,59721,5699.0
2026-08-02,48763,799.0
2026-08-02,48759,799.0
2026-08-02,48758,799.0
2026-08-02,48754,799.0
2026-08-02,60040,1499.0
2026-08-02,60043,1499.0
2026-08-02,60042,1499.0
2026-08-02,48818,2999.0
2026-08-02,53135,199.9
2026-08-02,53136,179.9
2026-08-02,63052,299.0
2026-08-02,61843,3959.0
2026-08-02,61845,8779.0
2026-08-02,57630,64.9
2026-08-02,49959,8459.0
2026-08-02,49891,12039.0
2026-08-02,41967,149.9
2026-08-02,58179,629.9
2026-08-02,818,449.0
2026-08-02,819,549.0
2026-08-02,48343,99.0
2026-08-02,28000,149.0
2026-08-02,27999,199.0
2026-08-02,47416,349.0
2026-08-02,61830,2800.0
2026-08-02,57760,264.6
2026-08-02,49941,649.0
2026-08-02,58540,2999.0
2026-08-02,58991,229.9
2026-08-02,63311,350.0
2026-08-02,63313,430.0
2026-08-02,53662,9.9
2026-08-02,53663,10.5
2026-08-02,49983,2559.0
2026-08-02,49971,419.0
2026-08-02,49901,1539.0
2026-08-02,52475,69.9
2026-08-02,52143,29.9
2026-08-02,63748,430.0
2026-08-02,55693,2109.0
2026-08-02,55695,2999.0
2026-08-02,57530,3749.0
2026-08-02,61836,5779.0
2026-08-02,28706,3209.0
2026-08-02,38203,3199.0
2026-08-02,64773,3769.0
2026-08-02,53685,13.9
2026-08-02,53694,12.9
2026-08-02,53668,44.9
2026-08-02,53509,29.9
2026-08-02,53507,59.9
2026-08-02,53513,39.9
2026-08-02,53506,79.9
2026-08-02,44660,2299.0
2026-08-02,44662,2999.0
2026-08-02,44667,3599.0
2026-08-02,50276,59.9
2026-08-02,63315,441.74
2026-08-02,48316,2409.0
2026-08-02,48385,3799.0
2026-08-02,61927,11019.0
2026-08-02,63321,870.0
2026-08-02,49981,1599.0
2026-08-02,49946,829.0
2026-08-02,49931,769.0
2026-08-02,49977,549.0
2026-08-02,49933,659.0
2026-08-02,63570,590.0
2026-08-02,47044,2249.0
2026-08-02,47040,1499.0
2026-08-02,48613,1199.0
2026-08-02,47043,599.0
2026-08-02,47042,599.0
2026-08-02,64024,299.9
2026-08-02,45816,144.5
2026-08-02,53346,139.9
2026-08-02,48637,129.9
2026-08-02,48616,1970.0
2026-08-02,48501,2100.0
2026-08-02,48413,3399.0
2026-08-02,48338,499.0
2026-08-02,48315,499.0
2026-08-02,48421,1099.0
2026-08-02,48419,1099.0
2026-08-02,48340,499.0
2026-08-02,12571,99.9
2026-08-02,18277,49.9
2026-08-02,46251,54.6
2026-08-02,47149,24.9
2026-08-02,52119,29.9
2026-08-02,52120,49.9
2026-08-02,43138,29.9
2026-08-02,48300,39.9
2026-08-02,6831,349.9
2026-08-02,9344,349.9
2026-08-02,9354,349.9
2026-08-02,16859,14.9
2026-08-02,16861,14.9
2026-08-02,21348,99.9
2026-08-02,64414,69.9
2026-08-02,5303,149.91
2026-08-02,47632,33.2
2026-08-02,6819,369.9
2026-08-02,39275,99.9
2026-08-02,46926,229.9
2026-08-02,32714,119.9
2026-08-02,45083,59.9
2026-08-02,34384,389.9
2026-08-02,46605,15.5
2026-08-02,45446,49.9
2026-08-02,45443,39.9
2026-08-02,47509,59.9
2026-08-02,49261,69.9
2026-08-02,47582,9.6
2026-08-02,1225,459.0
2026-08-02,1491,47.0
2026-08-02,1490,99.9
2026-08-02,12746,95.0
2026-08-02,1113,139.9
2026-08-02,969,179.9
2026-08-02,27780,77.0
2026-08-02,7923,110.0
2026-08-02,702,239.9
2026-08-02,59621,39.9
2026-08-02,47622,49.9
2026-08-02,43164,39.9
2026-08-02,43165,39.9
2026-08-02,43166,39.9
2026-08-02,48229,269.0
2026-08-02,42170,89.9
2026-08-02,7554,169.9
2026-08-02,844,269.9
2026-08-02,47765,39.9
2026-08-02,59180,179.9
2026-08-02,13086,199.9
2026-08-02,56648,29.9
2026-08-02,50049,199.9
2026-08-02,20047,69.9
2026-08-02,59906,229.9
2026-08-02,51654,159.9
2026-08-02,59968,39.9
2026-08-02,59967,79.9
2026-08-02,35147,229.9
2026-08-02,47723,59.9
2026-08-02,47818,99.9
2026-08-02,59868,169.9
2026-08-02,59872,149.9
2026-08-02,59866,139.9
2026-08-02,6951,299.9
2026-08-02,59904,110.0
2026-08-02,43137,39.9
2026-08-02,13088,110.0
2026-08-02,872,219.9
2026-08-02,6968,279.9
2026-08-02,46326,149.9
2026-08-02,16706,199.9
2026-08-02,50015,279.9
2026-08-02,45428,69.9
2026-08-02,9951,149.9
2026-08-02,13690,57.0
2026-08-02,13665,57.0
2026-08-02,13689,57.0
2026-08-02,39277,149.9
2026-08-02,39276,239.9
2026-08-02,13090,110.0
2026-08-02,12112,199.9
2026-08-02,2434,159.9
2026-08-02,2435,129.9
2026-08-02,30808,56.9
2026-08-02,21608,39.9
2026-08-02,64400,1399.0
2026-08-02,46280,1279.0
2026-08-02,31139,1149.0
2026-08-02,31140,999.0
2026-08-02,53943,1299.0
2026-08-02,59601,299.9
2026-08-02,47,2199.0
2026-08-02,53938,1999.0
2026-08-02,59602,599.0
2026-08-02,59598,799.0
2026-08-02,59936,399.0
2026-08-02,47021,1699.0
2026-08-02,59766,699.0
2026-08-02,59765,699.0
2026-08-02,35531,1459.0
2026-08-02,42584,1289.0
2026-08-02,59606,1659.0
2026-08-02,16591,919.0
2026-08-02,16592,1320.0
2026-08-02,24286,1320.0
2026-08-02,53921,799.0
2026-08-02,39268,1129.0
2026-08-02,39269,999.0
2026-08-02,39270,999.0
2026-08-02,28817,1829.0
2026-08-02,53922,1999.0
2026-08-02,64403,1399.0
2026-08-02,20978,1999.0
2026-08-02,25983,69.9
2026-08-02,49387,39.9
2026-08-02,42367,119.9
2026-08-02,16606,149.9
2026-08-02,21437,49.9
2026-08-02,26038,15.9
2026-08-02,53925,229.9
2026-08-02,25836,99.9
2026-08-02,21345,210.0
2026-08-02,46635,6.9
2026-08-02,48097,49.9
2026-08-02,32758,119.9
2026-08-02,62304,69.9
2026-08-02,62303,49.9
2026-08-02,48458,139.9
2026-08-02,47161,24.9
2026-08-02,43868,229.9
2026-08-02,43866,189.9
2026-08-02,47757,29.0
2026-08-02,46657,44.9
2026-08-02,45059,139.9
2026-08-02,45063,159.9
2026-08-02,37707,99.9
2026-08-02,48019,84.0
2026-08-02,24346,42.0
2026-08-02,24492,39.9
2026-08-02,60338,39.9
2026-08-02,32568,349.9
2026-08-02,60367,24.9
2026-08-02,60362,22.9
2026-08-02,60326,44.9
2026-08-02,60324,44.9
2026-08-02,60331,39.9
2026-08-02,60334,39.9
2026-08-02,41693,49.9
2026-08-02,28730,62.0
2026-08-02,32361,39.9
2026-08-02,21291,14.9
2026-08-02,21298,16.9
2026-08-02,21299,25.9
2026-08-02,21293,27.9
2026-08-02,21302,22.9
2026-08-02,47437,29.9
2026-08-02,46276,29.9
2026-08-02,47439,29.9
2026-08-02,24396,49.9
2026-08-02,56989,24.9
2026-08-02,58542,39.9
2026-08-02,58543,39.9
2026-08-02,58622,39.9
2026-08-02,11902,139.9
2026-08-02,34719,29.9
2026-08-02,26019,13.9
2026-08-02,26018,13.9
2026-08-02,27821,13.9
2026-08-02,26037,15.9
2026-08-02,26036,15.9
2026-08-02,24508,49.9
2026-08-02,57976,49.9
2026-08-02,34705,29.9
2026-08-02,42365,119.9
2026-08-02,430,189.9
2026-08-02,53881,1099.0
2026-08-02,6969,629.0
2026-08-02,6975,829.0
2026-08-02,6976,699.0
2026-08-02,39225,329.9
2026-08-02,39226,369.9
2026-08-02,39227,410.0
2026-08-02,40410,349.9
2026-08-02,45221,179.9
2026-08-02,35208,189.9
2026-08-02,61832,389.0
2026-08-02,45176,329.9
2026-08-02,35539,459.0
2026-08-02,60486,179.9
2026-08-02,50228,249.9
2026-08-02,40203,99.9
2026-08-02,40197,129.9
2026-08-02,40191,169.9
2026-08-02,6419,219.9
2026-08-02,11904,199.9
2026-08-02,62199,199.9
2026-08-02,50215,119.9
2026-08-02,50216,149.9
2026-08-02,4953,34.9
2026-08-02,27613,89.9
2026-08-02,50092,149.9
2026-08-02,39703,79.9
2026-08-02,39504,89.9
2026-08-02,39505,99.9
2026-08-02,39704,149.9
2026-08-02,39502,39.9
2026-08-02,55685,69.9
2026-08-02,39705,259.9
2026-08-02,39503,49.9
2026-08-02,49524,79.9
2026-08-02,27627,39.9
2026-08-02,27626,59.9
2026-08-02,34039,99.9
2026-08-02,24323,12.9
2026-08-02,25940,24.9
2026-08-02,19591,14.9
2026-08-02,19592,34.9
2026-08-02,19496,9.9
2026-08-02,24335,9.9
2026-08-02,45430,169.9
2026-08-02,50558,329.9
2026-08-02,44501,649.0
2026-08-02,44502,649.0
2026-08-02,44504,649.0
2026-08-02,37995,129.9
2026-08-02,37999,139.9
2026-08-02,37998,139.9
2026-08-02,14734,119.9
2026-08-02,14733,99.9
2026-08-02,15409,139.9
2026-08-02,16269,94.9
2026-08-02,50262,149.9
2026-08-02,50263,29.9
2026-08-02,50728,69.9
2026-08-02,50723,129.9
2026-08-02,50441,64.9
2026-08-02,15401,129.9
2026-08-02,59969,129.9
2026-08-02,59971,129.9
2026-08-02,15542,99.9
2026-08-02,26152,39.9
2026-08-02,50264,89.9
2026-08-02,62453,12.9
2026-08-02,62452,19.9
2026-08-02,50730,99.9
2026-08-02,62450,34.9
2026-08-02,50731,49.9
2026-08-02,43624,29.9
2026-08-02,43621,29.9
2026-08-02,47355,99.9
2026-08-02,57659,299.9
2026-08-02,57672,299.9
2026-08-02,57660,399.9
2026-08-02,62315,359.9
2026-08-02,46660,24.9
2026-08-02,64424,539.0
2026-08-02,59977,229.9
2026-08-02,16623,149.9
2026-08-02,21439,34.9
2026-08-02,11181,129.9
2026-08-02,50053,79.9
2026-08-02,45419,79.9
2026-08-02,50712,89.9
2026-08-02,19512,99.9
2026-08-02,47140,39.9
2026-08-02,38208,89.9
2026-08-02,38209,119.9
2026-08-02,32786,199.9
2026-08-02,27617,189.9
2026-08-02,40194,199.9
2026-08-02,40200,159.9
2026-08-02,49422,229.9
2026-08-02,50732,169.9
2026-08-02,64420,99.9
2026-08-02,25462,49.9
2026-08-02,43626,79.9
2026-08-02,43675,14.9
2026-08-02,43628,64.9
2026-08-02,43625,64.9
2026-08-02,43673,14.9
2026-08-02,25465,64.9
2026-08-02,21528,14.9
2026-08-02,39115,149.9
2026-08-02,27199,29.9
2026-08-02,1153,479.9
2026-08-02,50219,89.9
2026-08-02,44825,349.9
2026-08-02,62197,42.9
2026-08-02,64620,139.9
2026-08-02,64619,139.9
2026-08-02,18289,2.03
2026-08-02,27039,0.42
2026-08-02,41945,149.9
2026-08-02,59178,29.9
2026-08-02,64409,119.9
2026-08-02,34388,79.9
2026-08-02,34389,119.9
2026-08-02,24316,21.0
2026-08-02,24317,31.0
2026-08-02,24315,11.0
2026-08-02,48000,24.9
2026-08-02,56789,52.0
2026-08-02,56788,52.0
2026-08-02,49222,33.2
2026-08-02,32554,59.9
2026-08-02,47996,34.9
2026-08-02,45398,24.9
2026-08-02,48056,39.9
2026-08-02,16327,19.9
2026-08-02,48024,59.9
2026-08-02,62321,69.9
2026-08-02,38210,29.9
2026-08-02,55795,62.5
2026-08-02,22535,139.93
2026-08-02,22533,9.03
2026-08-02,39632,21.9
2026-08-02,310,739.0
2026-08-02,873,249.9
2026-08-02,20028,49.9
2026-08-02,7557,99.9
2026-08-02,7552,99.9
2026-08-02,7553,69.9
2026-08-02,848,99.9
2026-08-02,39510,12.9
2026-08-02,64423,239.9
2026-08-02,64426,189.9
2026-08-02,45057,69.9
2026-08-02,45058,89.9
2026-08-02,57676,69.9
2026-08-02,64383,119.9
2026-08-02,64381,149.9
2026-08-02,64380,199.9
2026-08-02,39574,42.9
2026-08-02,39573,42.9
2026-08-02,46185,54.9
2026-08-02,39576,52.9
2026-08-02,39626,52.9
2026-08-02,39577,55.9
2026-08-02,39650,12.9
2026-08-02,39651,12.9
2026-08-02,39648,19.9
2026-08-02,39649,12.9
2026-08-02,48712,44.9
2026-08-02,59861,89.9
2026-08-02,48709,89.9
2026-08-02,59880,110.0
2026-08-02,24523,30.0
2026-08-02,24524,38.0
2026-08-02,24522,22.9
2026-08-02,46269,16.9
2026-08-02,46272,22.9
2026-08-02,39506,39.9
2026-08-02,39507,24.9
2026-08-02,47752,5.0
2026-08-02,21328,29.9
2026-08-02,12454,179.9
2026-08-02,25864,289.0
2026-08-02,40637,49.9
2026-08-02,48062,29.9
2026-08-02,64410,69.9
2026-08-02,59894,49.9
2026-08-02,46235,44.9
2026-08-02,13161,139.9
2026-08-02,47925,54.9
2026-08-02,32609,69.9
2026-08-02,34934,24.9
2026-08-02,16608,59.9
2026-08-02,16607,59.9
2026-08-02,41937,169.9
2026-08-02,47144,59.9
2026-08-02,43133,39.9
2026-08-02,43132,39.9
2026-08-02,24311,59.9
2026-08-02,39482,19.9
2026-08-02,16331,16.0
2026-08-02,46340,159.9
2026-08-02,16719,37.0
2026-08-02,45064,39.9
2026-08-02,21366,69.9
2026-08-02,48045,19.0
2026-08-02,16718,199.9
2026-08-02,47627,39.2
2026-08-02,37718,89.9
2026-08-02,37719,110.0
2026-08-02,48270,19.0
2026-08-02,45122,59.9
2026-08-02,45179,199.9
2026-08-02,19052,19.9
2026-08-02,16721,27.9
2026-08-02,16860,17.9
2026-08-02,34382,59.9
2026-08-02,34373,24.9
2026-08-02,46425,24.9
2026-08-02,16717,9.9
2026-08-02,53939,49.9
2026-08-02,25988,69.9
2026-08-02,39181,27.9
2026-08-02,48037,39.9
2026-08-02,49170,59.9
2026-08-02,14183,59.9
2026-08-02,16629,85.0
2026-08-02,7965,109.0
2026-08-02,14639,89.9
2026-08-02,14186,59.9
2026-08-02,47630,39.2
2026-08-02,37583,29.9
2026-08-02,26011,29.9
2026-08-02,27815,39.9
2026-08-02,9187,139.9
2026-08-02,48039,19.0
2026-08-02,37664,229.9
2026-08-02,37665,259.9
2026-08-02,37662,259.9
2026-08-02,16639,79.9
2026-08-02,7985,115.0
2026-08-02,16637,89.9
2026-08-02,16636,24.9
2026-08-02,59619,15.9
2026-08-02,15390,28.0
2026-08-02,24605,44.9
2026-08-02,16556,15.9
2026-08-02,15387,39.9
2026-08-02,15391,62.0
2026-08-02,7927,79.9
2026-08-02,28311,389.9
2026-08-02,42192,299.9
2026-08-02,40137,149.9
2026-08-02,47975,195.0
2026-08-02,38489,89.9
2026-08-02,34026,24.9
2026-08-02,43173,29.9
2026-08-02,43175,29.9
2026-08-02,48855,39.9
2026-08-02,45402,34.9
2026-08-02,59193,189.9
2026-08-02,8942,229.9
2026-08-02,47351,449.9
2026-08-02,19063,69.9
2026-08-02,59625,29.9
2026-08-02,59624,29.9
2026-08-02,37730,69.9
2026-08-02,19062,39.9
2026-08-02,37706,159.9
2026-08-02,50030,34.9
2026-08-02,43212,59.9
2026-08-02,47447,28.9
2026-08-02,47989,35.0
2026-08-02,46413,59.9
2026-08-02,62879,289.9
2026-08-02,46659,79.9
2026-08-02,46584,199.9
2026-08-02,42119,99.9
2026-08-02,59642,299.9
2026-08-02,59623,34.9
2026-08-02,49650,34.9
2026-08-02,18004,34.9
2026-08-02,15399,49.9
2026-08-02,34392,249.9
2026-08-02,53936,569.0
2026-08-02,60483,399.9
2026-08-02,21503,199.9
2026-08-02,44315,169.9
2026-08-02,45217,259.9
2026-08-02,59641,269.9
2026-08-02,43873,349.0
2026-08-02,13102,99.9
2026-08-02,13104,99.9
2026-08-02,43657,49.9
2026-08-02,25984,79.9
2026-08-02,25989,79.9
2026-08-02,40038,49.9
2026-08-02,40037,49.9
2026-08-02,16622,139.9
2026-08-02,39179,79.9
2026-08-02,39180,129.9
2026-08-02,42368,119.9
2026-08-02,43022,79.9
2026-08-02,42369,119.9
2026-08-02,64422,549.9
2026-08-02,42144,399.9
2026-08-02,36569,39.9
2026-08-02,39182,29.9
2026-08-02,35019,29.9
2026-08-02,26008,29.9
2026-08-02,57662,197.0
2026-08-02,59965,59.9
2026-08-02,43872,359.9
2026-08-02,64408,149.9
2026-08-02,858,239.9
2026-08-02,16646,34.9
2026-08-02,47158,89.9
2026-08-02,45395,39.9
2026-08-02,37712,169.9
2026-08-02,20068,89.9
2026-08-02,34944,79.9
2026-08-02,31646,89.9
2026-08-02,47137,89.9
2026-08-02,31647,99.9
2026-08-02,34943,69.9
2026-08-02,47600,12.0
2026-08-02,45424,199.9
2026-08-02,26001,34.9
2026-08-02,17458,49.9
2026-08-02,21434,159.9
2026-08-02,15408,99.9
2026-08-02,7918,85.0
2026-08-02,40135,65.0
2026-08-02,39776,49.9
2026-08-02,12749,139.9
2026-08-02,6957,689.0
2026-08-02,46196,79.9
2026-08-02,7919,69.9
2026-08-02,44098,289.9
2026-08-02,39777,49.9
2026-08-02,7924,110.0
2026-08-02,2298,59.9
2026-08-02,39778,219.9
2026-08-02,47146,59.9
2026-08-02,7916,89.9
2026-08-02,46191,199.9
2026-08-02,970,219.9
2026-08-02,7915,119.9
2026-08-02,14007,69.9
2026-08-02,47995,149.9
2026-08-02,27779,75.0
2026-08-02,48001,129.9
2026-08-02,972,189.9
2026-08-02,7929,85.0
2026-08-02,25494,77.0
2026-08-02,62300,89.9
2026-08-02,64609,169.9
2026-08-02,7313,519.9
2026-08-02,50601,59.9
2026-08-02,64610,99.9
2026-08-02,50094,199.9
2026-08-02,51535,99.9
2026-08-02,62323,29.9
2026-08-02,39567,9.9
2026-08-02,64611,149.9
2026-08-02,38001,699.9
2026-08-02,16638,99.9
2026-08-02,61687,79.9
2026-08-02,61686,79.9
2026-08-02,61688,79.9
2026-08-02,6952,289.9
2026-08-02,9426,689.0
2026-08-02,39260,110.0
2026-08-02,39259,135.0
2026-08-02,39261,135.0
2026-08-02,39262,169.9
2026-08-02,39263,199.9
2026-08-02,39789,179.9
2026-08-02,61678,19.9
2026-08-02,46412,29.9
2026-08-02,63463,34.9
2026-08-02,45435,59.9
2026-08-02,29424,29.9
2026-08-02,55672,29.9
2026-08-02,49259,39.9
2026-08-02,61677,19.9
2026-08-02,61679,19.9
2026-08-02,61685,19.9
2026-08-02,61675,19.9
2026-08-02,61682,19.9
2026-08-02,61680,19.9
2026-08-02,61683,19.9
2026-08-02,61684,19.9
2026-08-02,61676,19.9
2026-08-02,61681,19.9
2026-08-02,55669,35.9
2026-08-02,55675,29.9
2026-08-02,55664,49.9
2026-08-02,55666,49.9
2026-08-02,55670,35.9
2026-08-02,42631,49.9
2026-08-02,63493,39.9
2026-08-02,28667,59.9
2026-08-02,46396,69.9
2026-08-02,45417,24.9
2026-08-02,47981,54.6
2026-08-02,60078,119.9
2026-08-02,46730,239.9
2026-08-02,59620,69.9
2026-08-02,7895,69.9
2026-08-02,62880,169.9
2026-08-02,21920,99.9
2026-08-02,49000,79.9
2026-08-02,34761,99.9
2026-08-02,31363,69.9
2026-08-02,43188,79.9
2026-08-02,43189,79.9
2026-08-02,49637,99.9
2026-08-02,21487,69.9
2026-08-02,59176,129.9
2026-08-02,14584,179.9
2026-08-02,46419,69.9
2026-08-02,43656,59.9
2026-08-02,42197,99.9
2026-08-02,35003,179.9
2026-08-02,53940,219.9
2026-08-02,21926,169.9
2026-08-02,24483,19.9
2026-08-02,46624,69.9
2026-08-02,21486,17.9
2026-08-02,31358,17.9
2026-08-02,49231,5.0
2026-08-02,49230,5.0
2026-08-02,47998,5.0
2026-08-02,49228,5.0
2026-08-02,49229,5.0
2026-08-02,47973,5.0
2026-08-02,46230,5.0
2026-08-02,47979,5.0
2026-08-02,45444,179.9
2026-08-02,45461,179.9
2026-08-02,46350,199.9
2026-08-02,46352,259.9
2026-08-02,46353,219.9
2026-08-02,46355,79.9
2026-08-02,46347,79.9
2026-08-02,46346,219.9
2026-08-02,45449,199.9
2026-08-02,59591,149.9
2026-08-02,59599,149.9
2026-08-02,59595,149.9
2026-08-02,59596,149.9
2026-08-02,59588,2999.0
2026-08-02,55681,399.9
2026-08-02,59604,599.9
2026-08-02,59763,199.9
2026-08-02,53930,189.9
2026-08-02,59605,299.9
2026-08-02,59762,89.9
2026-08-02,60077,69.9
2026-08-02,64399,799.9
2026-08-02,63720,89.9
2026-08-02,63723,249.9
2026-08-02,47164,249.9
2026-08-02,59758,179.9
2026-08-02,53931,249.9
2026-08-02,59915,79.9
2026-08-02,16631,49.9
2026-08-02,47272,259.9
2026-08-02,8338,189.9
2026-08-02,64405,299.9
2026-08-02,64407,299.9
2026-08-02,64406,299.9
2026-08-02,927,559.9
2026-08-02,14626,129.9
2026-08-02,12744,159.9
2026-08-02,401,189.9
2026-08-02,23104,299.9
2026-08-02,47024,169.9
2026-08-02,59593,249.9
2026-08-02,59600,249.9
2026-08-02,21446,259.9
2026-08-02,32056,299.9
2026-08-02,34826,249.9
2026-08-02,40139,249.9
2026-08-02,9486,299.9
2026-08-02,1057,189.9
2026-08-02,574,299.9
2026-08-02,575,299.9
2026-08-02,17614,189.9
2026-08-02,1252,419.9
2026-08-02,569,219.9
2026-08-02,566,219.9
2026-08-02,1276,429.9
2026-08-02,41,1799.0
2026-08-02,5119,399.9
2026-08-02,6945,439.9
2026-08-02,6944,439.9
2026-08-02,399,319.9
2026-08-02,16730,74.9
2026-08-02,572,299.9
2026-08-02,9156,229.9
2026-08-02,50051,249.9
2026-08-02,64355,199.9
2026-08-02,6946,329.9
2026-08-02,37668,319.9
2026-08-02,43399,249.9
2026-08-02,37647,379.9
2026-08-02,1199,219.9
2026-08-02,59183,129.9
2026-08-02,45196,239.9
2026-08-02,7934,169.9
2026-08-02,37547,99.9
2026-08-02,62316,199.9
2026-08-02,45207,229.9
2026-08-02,64354,69.9
2026-08-02,64386,469.9
2026-08-02,6953,499.9
2026-08-02,64411,99.9
2026-08-02,37642,179.9
2026-08-02,64397,99.9
2026-08-02,59192,79.9
2026-08-02,21951,249.9
2026-08-02,64395,129.9
2026-08-02,64389,129.9
2026-08-02,64394,129.9
2026-08-02,16726,169.9
2026-08-02,46284,69.9
2026-08-02,161,249.9
2026-08-02,16724,249.9
2026-08-02,59597,79.9
2026-08-02,59592,79.9
2026-08-02,56786,89.9
2026-08-02,48092,99.9
2026-08-02,35845,449.9
2026-08-02,43438,299.9
2026-08-02,34724,499.9
2026-08-02,34726,599.9
2026-08-02,15769,979.0
2026-08-02,38384,699.9
2026-08-02,39787,129.9
2026-08-02,39788,139.9
2026-08-02,53934,399.9
2026-08-02,64427,139.9
2026-08-02,1277,499.9
2026-08-02,37704,99.9
2026-08-02,37660,399.9
2026-08-02,6955,299.9
2026-08-02,12113,179.9
2026-08-02,64416,399.9
2026-08-02,64413,399.9
2026-08-02,16593,219.9
2026-08-02,16641,439.9
2026-08-02,62144,99.9
2026-08-02,59629,59.9
2026-08-02,59630,199.9
2026-08-02,37691,110.0
2026-08-02,43032,499.9
2026-08-02,38493,89.9
2026-08-02,8301,179.9
2026-08-02,2638,249.9
2026-08-02,62072,19.9
2026-08-02,56800,149.9
2026-08-02,30298,199.9
2026-08-02,30297,249.9
2026-08-02,56803,349.9
2026-08-02,56801,269.9
2026-08-02,56802,359.9
2026-08-02,25645,219.0
2026-08-02,43298,139.9
2026-08-02,49101,479.9
2026-08-02,46652,479.9
2026-08-02,843,159.9
2026-08-02,60095,79.9
2026-08-02,43026,189.9
2026-08-02,698,289.9
2026-08-02,14167,39.9
2026-08-02,32728,89.9
2026-08-02,32535,69.9
2026-08-02,38496,99.9
2026-08-02,37546,399.9
2026-08-02,46390,34.9
2026-08-02,47151,29.9
2026-08-02,37693,89.9
2026-08-02,57668,497.0
2026-08-02,57667,399.9
2026-08-02,62877,239.9
2026-08-02,46331,189.9
2026-08-02,62122,39.9
2026-08-02,62121,39.9
2026-08-02,2646,249.9
2026-08-02,48070,119.9
2026-08-02,34365,139.9
2026-08-02,46252,22.9
2026-08-02,185,119.9
2026-08-02,48079,119.9
2026-08-02,24353,47.0
2026-08-02,52084,29.9
2026-08-02,924,129.9
2026-08-02,1095,110.0
2026-08-02,977,110.0
2026-08-02,919,149.9
2026-08-02,1488,44.9
2026-08-02,1487,29.9
2026-08-02,59995,279.9
2026-08-02,59988,219.9
2026-08-02,59992,179.9
2026-08-02,59990,359.9
2026-08-02,9422,279.9
2026-08-02,37714,549.9
2026-08-02,37715,359.9
2026-08-02,34925,189.9
2026-08-02,35452,469.9
2026-08-02,35451,399.9
2026-08-02,32645,379.9
2026-08-02,32646,299.9
2026-08-02,45413,99.9
2026-08-02,32548,89.9
2026-08-02,47148,49.9
2026-08-02,58235,24.9
2026-08-02,58240,24.9
2026-08-02,42140,24.9
2026-08-02,46995,399.9
2026-08-02,58236,24.9
2026-08-02,62120,21.9
2026-08-02,62123,11.9
2026-08-02,62119,14.9
2026-08-02,16598,879.0
2026-08-02,32643,1499.0
2026-08-02,53882,1199.0
2026-08-02,64396,1100.0
2026-08-02,53883,1359.0
2026-08-02,6970,999.0
2026-08-02,39230,269.9
2026-08-02,39231,369.9
2026-08-02,39235,369.9
2026-08-02,39232,419.9
2026-08-02,39236,479.9
2026-08-02,39233,539.9
2026-08-02,39234,610.0
2026-08-02,39238,610.0
2026-08-02,21342,769.0
2026-08-02,60080,769.0
2026-08-02,37654,799.0
2026-08-02,21368,299.9
2026-08-02,47023,329.9
2026-08-02,39228,249.9
2026-08-02,39229,299.9
2026-08-02,6860,1799.0
2026-08-02,14187,199.9
2026-08-02,62302,119.9
2026-08-02,62306,169.9
2026-08-02,27748,47.0
2026-08-02,50052,119.9
2026-08-02,31368,199.9
2026-08-02,56434,139.9
2026-08-02,37735,139.9
2026-08-02,37731,139.9
2026-08-02,47356,229.9
2026-08-02,64379,159.9
2026-08-02,64385,249.9
2026-08-02,64387,359.9
2026-08-02,27750,37.0
2026-08-02,37539,34.9
2026-08-02,47138,89.9
2026-08-02,32560,49.9
2026-08-02,47176,57.0
2026-08-02,50046,179.9
2026-08-02,27749,37.0
2026-08-02,45086,199.9
2026-08-02,18010,199.9
2026-08-02,26151,299.9
2026-08-02,47167,69.9
2026-08-02,47173,89.9
2026-08-02,64390,199.9
2026-08-02,49523,69.9
2026-08-02,50038,89.9
2026-08-02,2649,399.9
2026-08-02,954,249.9
2026-08-02,423,329.9
2026-08-02,14636,389.9
2026-08-02,1032,1059.0
2026-08-02,37716,159.9
2026-08-02,27816,24.9
2026-08-02,54711,24.9
2026-08-02,42168,499.9
2026-08-02,45242,199.9
2026-08-02,21344,99.9
2026-08-02,54123,14.9
2026-08-02,46176,77.0
2026-08-02,16612,34.9
2026-08-02,16611,34.9
2026-08-02,21340,34.9
2026-08-02,64418,79.9
2026-08-02,47402,39.9
2026-08-02,42112,59.9
2026-08-02,39602,129.9
2026-08-02,22547,129.9
2026-08-02,50401,199.9
2026-08-02,30099,159.9
2026-08-02,22550,59.9
2026-08-02,39603,59.9
2026-08-02,22548,59.9
2026-08-02,47933,14.0
2026-08-02,32896,24.9
2026-08-02,64402,49.9
2026-08-02,64401,49.9
2026-08-02,53920,99.9
2026-08-02,53884,69.9
2026-08-02,20976,27.0
2026-08-02,21351,37.0
2026-08-02,20975,39.9
2026-08-02,16713,37.9
2026-08-02,32641,27.0
2026-08-02,40623,29.9
2026-08-02,47147,19.9
2026-08-02,57492,39.9
2026-08-02,38505,299.9
2026-08-02,54492,14.9
2026-08-02,60361,29.9
2026-08-02,60318,69.9
2026-08-02,32359,21.9
2026-08-02,21297,15.9
2026-08-02,21295,15.9
2026-08-02,21294,25.9
2026-08-02,21296,23.9
2026-08-02,21923,229.9
2026-08-02,41560,49.9
2026-08-02,19074,14.9
2026-08-02,17801,49.9
2026-08-02,18275,5.9
2026-08-02,47829,149.9
2026-08-02,47756,29.5
2026-08-02,60350,27.9
2026-08-02,60339,29.9
2026-08-02,60333,39.9
2026-08-02,60352,27.9
2026-08-02,60329,39.9
2026-08-02,60346,27.9
2026-08-02,60335,39.9
2026-08-02,60341,29.9
2026-08-02,60354,27.9
2026-08-02,60488,44.9
2026-08-02,60364,24.9
2026-08-02,60359,24.9
2026-08-02,60325,39.9
2026-08-02,60321,39.9
2026-08-02,34676,54.9
2026-08-02,41566,54.9
2026-08-02,21303,15.9
2026-08-02,21292,18.9
2026-08-02,17796,54.9
2026-08-02,17813,54.9
2026-08-02,28307,39.9
2026-08-02,41570,54.9
2026-08-02,17800,54.9
2026-08-02,41554,54.9
2026-08-02,59622,24.9
2026-08-02,60347,34.9
2026-08-02,60366,29.9
2026-08-02,60337,39.9
2026-08-02,60357,29.9
2026-08-02,60332,49.9
2026-08-02,60351,34.9
2026-08-02,60327,49.9
2026-08-02,60345,34.9
2026-08-02,60355,34.9
2026-08-02,60314,49.9
2026-08-02,60320,49.9
2026-08-02,60319,49.9
2026-08-02,16564,24.9
2026-08-02,16542,14.9
2026-08-02,19075,24.9
2026-08-02,16541,14.9
2026-08-02,63394,22.0
2026-08-02,42143,69.9
2026-08-02,22394,39.9
2026-08-02,15764,49.9
2026-08-02,56847,59.9
2026-08-02,60370,19.9
2026-08-02,60363,19.9
2026-08-02,60360,19.9
2026-08-02,60343,24.9
2026-08-02,60330,34.9
2026-08-02,60353,24.9
2026-08-02,60328,34.9
2026-08-02,60348,24.9
2026-08-02,60336,34.9
2026-08-02,60340,24.9
2026-08-02,60358,24.9
2026-08-02,60322,34.9
2026-08-02,60316,39.9
2026-08-02,56726,14.9
2026-08-02,15765,37.9
2026-08-02,41533,59.9
2026-08-02,41649,59.9
2026-08-02,41657,59.9
2026-08-02,16562,24.9
2026-08-02,16563,24.9
2026-08-02,28546,39.9
2026-08-02,16318,11.0
2026-08-02,9837,59.9
2026-08-02,42182,79.9
2026-08-02,42191,139.9
2026-08-02,19066,34.9
2026-08-02,23714,49.9
2026-08-02,40141,79.9
2026-08-02,64393,179.9
2026-08-02,24340,12.0
2026-08-02,16315,12.0
2026-08-02,16702,89.9
2026-08-02,64388,149.9
2026-08-02,15394,49.9
2026-08-02,21496,199.9
2026-08-02,46328,699.0
2026-08-02,59618,59.9
2026-08-02,16576,59.9
2026-08-02,16575,59.9
2026-08-02,39635,24.9
2026-08-02,59640,79.9
2026-08-02,42222,69.9
2026-08-02,46307,89.9
2026-08-02,15406,89.9
2026-08-02,47181,59.9
2026-08-02,7567,139.9
2026-08-02,7341,139.9
2026-08-02,46427,29.9
2026-08-02,7565,119.9
2026-08-02,15393,79.9
2026-08-02,26000,129.9
2026-08-02,8312,129.9
2026-08-02,9051,189.9
2026-08-02,64392,119.9
2026-08-02,862,79.9
2026-08-02,32730,89.9
2026-08-02,46332,119.9
2026-08-02,12751,75.0
2026-08-02,47988,69.9
2026-08-02,59973,149.9
2026-08-02,46155,9.9
2026-08-02,39630,12.9
2026-08-02,39631,12.9
2026-08-02,12747,99.9
2026-08-02,18006,39.9
2026-08-02,64428,279.9
2026-08-02,39163,99.9
2026-08-02,1097,79.9
2026-08-02,87,79.9
2026-08-02,42164,139.9
2026-08-02,49845,329.9
2026-08-02,25834,89.9
2026-08-02,9188,179.9
2026-08-02,13863,129.9
2026-08-02,44536,579.0
2026-08-02,44538,579.0
2026-08-02,59963,59.9
2026-08-02,16642,49.9
2026-08-02,33590,199.9
2026-08-02,32539,39.9
2026-08-02,15766,25.9
2026-08-02,37717,64.9
2026-08-02,47539,139.9
2026-08-02,58549,499.9
2026-08-02,48061,55.0
2026-08-02,24331,29.9
2026-08-02,52086,47.9
2026-08-02,52087,47.9
2026-08-02,62884,69.9
2026-08-02,62885,99.9
2026-08-02,62881,89.9
2026-08-02,62883,119.9
2026-08-02,47436,21.9
2026-08-02,16326,21.9
2026-08-02,46300,13.9
2026-08-02,16310,13.9
2026-08-02,52093,16.0
2026-08-02,24345,16.0
2026-08-02,47481,25.9
2026-08-02,16332,25.9
2026-08-02,46177,26.5
2026-08-02,24344,13.9
2026-08-02,46303,26.5
2026-08-02,47438,8.5
2026-08-02,52103,4.9
2026-08-02,47440,5.5
2026-08-02,47428,4.9
2026-08-02,16303,5.5
2026-08-02,52089,46.0
2026-08-02,52088,21.5
2026-08-02,52091,79.9
2026-08-02,52099,42.0
2026-08-02,37590,38.0
2026-08-02,37588,19.9
2026-08-02,28294,19.9
2026-08-02,63026,35.9
2026-08-02,63024,54.9
2026-08-02,63028,44.9
2026-08-02,63025,44.9
2026-08-02,63027,22.9
2026-08-02,63022,22.9
2026-08-02,63029,33.9
2026-08-02,63023,33.9
2026-08-02,39486,39.9
2026-08-02,39492,24.9
2026-08-02,46221,13.9
2026-08-02,24349,78.0
2026-08-02,52101,75.0
2026-08-02,46281,56.0
2026-08-02,52096,35.0
2026-08-02,37589,31.0
2026-08-02,46297,13.9
2026-08-02,37585,39.0
2026-08-02,37586,43.0
2026-08-02,52102,89.9
2026-08-02,52090,54.0
2026-08-02,37592,48.0
2026-08-02,52092,66.0
2026-08-02,47418,68.0
2026-08-02,37591,33.0
2026-08-02,52095,21.0
2026-08-02,52094,37.0
2026-08-02,47425,25.0
2026-08-02,57651,41.0
2026-08-02,52080,41.0
2026-08-02,52082,12.9
2026-08-02,52085,12.9
2026-08-02,57972,17.5
2026-08-02,52081,17.5
2026-08-02,52097,23.9
2026-08-02,52100,23.9
2026-08-02,52083,29.9
2026-08-02,52098,29.9
2026-08-02,5897,97.93
2026-08-02,2633,169.9
2026-08-02,2632,189.9
2026-08-02,2634,199.9
2026-08-02,7344,139.9
2026-08-02,21432,89.9
2026-08-02,5895,139.93
2026-08-02,5896,90.93
2026-08-02,5891,223.93
2026-08-02,5892,125.93
2026-08-02,5888,286.93
2026-08-02,5893,230.93
2026-08-02,5894,209.93
2026-08-02,5887,335.93
2026-08-02,5890,314.93
2026-08-02,5883,440.93
2026-08-02,5885,419.93
2026-08-02,29210,22.9
2026-08-02,29209,22.9
2026-08-02,29208,22.9
2026-08-02,29211,22.9
2026-08-02,43285,29.9
2026-08-02,43281,29.9
2026-08-02,43282,29.9
2026-08-02,24938,74.9
2026-08-02,12136,159.9
2026-08-02,2650,199.9
2026-08-02,31530,49.9
2026-08-02,34769,299.9
2026-08-02,16609,47.9
2026-08-02,45420,24.9
2026-08-02,41933,259.9
2026-08-02,32902,59.9
2026-08-02,46628,34.9
2026-08-02,24319,14.5
2026-08-02,17447,289.9
2026-08-02,37683,139.9
2026-08-02,64419,189.9
2026-08-02,43869,469.9
2026-08-02,37700,319.9
2026-08-02,37684,149.9
2026-08-02,37689,159.9
2026-08-02,37686,149.9
2026-08-02,32636,110.0
2026-08-02,64417,229.9
2026-08-02,43870,539.9
2026-08-02,37701,339.9
2026-08-02,37687,189.9
2026-08-02,38395,229.9
2026-08-02,37685,219.9
2026-08-02,64415,269.9
2026-08-02,38396,269.9
2026-08-02,37676,389.9
2026-08-02,38397,289.9
2026-08-02,17446,229.9
2026-08-02,17445,179.9
2026-08-02,38394,179.9
2026-08-02,14637,499.9
2026-08-02,39224,439.9
2026-08-02,39223,299.9
2026-08-02,37699,689.9
2026-08-02,6830,529.9
2026-08-02,28819,599.9
2026-08-02,62906,59.9
2026-08-02,62908,59.9
2026-08-02,62907,59.9
2026-08-02,47019,139.9
2026-08-02,15317,59.9
2026-08-02,37657,779.0
2026-08-02,986,399.9
2026-08-02,9352,479.9
2026-08-02,987,499.9
2026-08-02,16599,499.9
2026-08-02,13152,459.9
2026-08-02,39168,419.9
2026-08-02,39164,339.9
2026-08-02,39165,399.9
2026-08-02,39166,459.9
2026-08-02,39167,499.9
2026-08-02,6820,410.0
2026-08-02,6858,679.9
2026-08-02,17,379.9
2026-08-02,64384,339.9
2026-08-02,64382,399.9
2026-08-02,64378,499.9
2026-08-02,37675,249.9
2026-08-02,37688,279.9
2026-08-02,17448,269.9
2026-08-02,79,179.9
2026-08-02,19722,179.9
2026-08-02,934,399.9
2026-08-02,8245,49.9
2026-08-02,43010,29.9
2026-08-02,59639,59.9
2026-08-02,16704,89.9
2026-08-02,59195,49.9
2026-08-02,18005,37.9
2026-08-02,21511,37.9
2026-08-02,16865,34.9
2026-08-02,43190,19.9
2026-08-02,43192,19.9
2026-08-02,53937,99.9
2026-08-02,59172,279.9
2026-08-02,46626,269.9
2026-08-02,45060,199.9
2026-08-02,42175,499.9
2026-08-02,42586,159.9
2026-08-02,42753,159.9
2026-08-02,46178,39.9
2026-08-02,34643,59.9
2026-08-02,49414,119.9
2026-08-02,46578,59.9
2026-08-02,12049,179.9
2026-08-02,43693,24.9
2026-08-02,36496,79.9
2026-08-02,46630,67.0
2026-08-02,21918,179.9
2026-08-02,21939,189.9
2026-08-02,13971,279.9
2026-08-02,45225,249.9
2026-08-02,21932,199.9
2026-08-02,21937,299.9
2026-08-02,45226,159.9
2026-08-02,47870,159.9
2026-08-02,21933,119.9
2026-08-02,62876,159.9
2026-08-02,47815,319.9
2026-08-02,59970,139.9
2026-08-02,62454,49.9
2026-08-02,46383,129.0
2026-08-02,45235,399.9
2026-08-02,47472,149.9
2026-08-02,49817,79.9
2026-08-02,59934,99.9
2026-08-02,42232,39.9
2026-08-02,62878,119.9
2026-08-02,60261,49.9
2026-08-02,43865,229.9
2026-08-02,45224,279.9
2026-08-02,32607,69.9
2026-08-02,32606,69.9
2026-08-02,39707,46.9
2026-08-02,39708,56.9
2026-08-02,26074,24.9
2026-08-02,59191,179.9
2026-08-02,44826,199.9
2026-08-02,19711,79.9
2026-08-02,35203,279.9
2026-08-02,8946,179.9
2026-08-02,42171,59.9
2026-08-02,13976,269.9
2026-08-02,6716,159.9
2026-08-02,42152,49.9
2026-08-02,32888,34.9
2026-08-02,43118,169.9
2026-08-02,31656,2569.0
2026-08-02,18008,169.9
2026-08-02,38488,59.9
2026-08-02,26163,24.9
2026-08-02,37726,49.9
2026-08-02,13121,479.9
2026-08-02,27624,299.9
2026-08-02,45141,199.9
2026-08-02,21337,249.9
2026-08-02,21422,229.9
2026-08-02,50026,199.9
2026-08-02,60371,139.9
2026-08-02,59856,69.9
2026-08-02,59854,79.9
2026-08-02,59855,89.9
2026-08-02,59853,99.9
2026-08-02,59171,199.9
2026-08-02,8943,199.9
2026-08-02,45183,189.9
2026-08-02,62875,189.9
2026-08-02,59170,219.9
2026-08-02,45231,459.9
2026-08-02,50041,249.9
2026-08-02,50043,299.9
2026-08-02,59857,349.9
2026-08-02,46787,239.9
2026-08-02,59844,459.9
2026-08-02,59842,479.9
2026-08-02,59846,499.9
2026-08-02,59852,349.9
2026-08-02,32166,399.9
2026-08-02,32169,239.9
2026-08-02,59174,199.9
2026-08-02,50042,249.9
2026-08-02,62882,239.9
2026-08-02,35211,229.9
2026-08-02,26520,239.9
2026-08-02,34756,119.9
2026-08-02,34750,239.9
2026-08-02,45230,369.9
2026-08-02,32012,229.9
2026-08-02,59905,110.0
2026-08-02,49244,69.0
2026-08-02,1240,529.9
2026-08-02,39273,299.9
2026-08-02,39173,299.9
2026-08-02,43214,49.9
2026-08-02,59863,54.9
2026-08-02,39176,339.9
2026-08-02,18123,229.9
2026-08-02,39178,529.9
2026-08-02,32608,549.9
2026-08-02,43130,24.9
2026-08-02,34352,69.9
2026-08-02,50040,39.9
2026-08-02,32566,79.9
2026-08-02,45078,49.9
2026-08-02,42518,89.9
2026-08-02,42511,89.9
2026-08-02,42510,89.9
2026-08-02,42514,89.9
2026-08-02,42517,89.9
2026-08-02,26075,159.9
2026-08-02,56990,39.9
2026-08-02,48052,49.9
2026-08-02,34945,129.9
2026-08-02,61674,79.9
2026-08-02,26080,34.9
2026-08-02,47424,85.0
2026-08-02,26066,59.9
2026-08-02,48856,139.9
2026-08-02,46478,279.9
2026-08-02,39194,169.9
2026-08-02,39195,189.9
2026-08-02,39197,219.9
2026-08-02,39196,249.9
2026-08-02,39201,179.9
2026-08-02,39202,199.9
2026-08-02,39203,269.9
2026-08-02,39204,299.9
2026-08-02,39199,189.9
2026-08-02,39200,219.9
2026-08-02,39198,219.9
2026-08-02,43400,179.9
2026-08-02,49096,129.9
2026-08-02,46647,159.9
2026-08-02,45192,249.9
2026-08-02,45140,159.9
2026-08-02,48847,59.9
2026-08-02,47126,349.9
2026-08-02,44609,59.9
2026-08-02,35219,59.9
2026-08-02,45177,359.9
2026-08-02,46406,259.9
2026-08-02,58541,259.9
2026-08-02,60365,239.9
2026-08-02,64527,259.9
2026-08-02,64515,259.9
2026-08-02,28330,259.9
2026-08-02,64517,259.9
2026-08-02,27385,239.9
2026-08-02,58620,299.9
2026-08-02,64520,259.9
2026-08-02,64529,259.9
2026-08-02,44215,269.9
2026-08-02,58239,249.9
2026-08-02,64528,259.9
2026-08-02,64521,259.9
2026-08-02,44226,259.9
2026-08-02,58623,299.9
2026-08-02,60356,39.9
2026-08-02,47851,239.9
2026-08-02,45186,239.9
2026-08-02,45412,119.9
2026-08-02,47967,119.9
2026-08-02,47955,119.9
2026-08-02,47970,119.9
2026-08-02,39183,99.9
2026-08-02,43211,69.9
2026-08-02,35016,129.9
2026-08-02,64531,379.9
2026-08-02,64522,659.9
2026-08-02,64525,659.9
2026-08-02,64523,659.9
2026-08-02,47127,759.0
2026-08-02,22393,439.9
2026-08-02,64524,579.9
2026-08-02,64514,499.9
2026-08-02,57673,379.9
2026-08-02,64516,499.9
2026-08-02,57680,439.9
2026-08-02,57678,439.9
2026-08-02,57679,779.9
2026-08-02,46653,499.9
2026-08-02,57681,399.9
2026-08-02,57675,499.9
2026-08-02,64526,579.9
2026-08-02,34725,599.9
2026-08-02,57683,779.9
2026-08-02,16480,1299.0
2026-08-02,58614,1199.0
2026-08-02,28314,1799.0
2026-08-02,44018,639.9
2026-08-02,57682,1999.0
2026-08-02,28316,1799.0
2026-08-02,28329,2399.0
2026-08-02,45190,579.9
2026-08-02,46728,679.9
2026-08-02,45191,679.9
2026-08-02,46729,679.9
2026-08-02,45189,579.9
2026-08-02,64518,499.9
2026-08-02,64519,499.9
2026-08-02,6250,549.9
2026-08-02,21423,229.9
2026-08-02,60281,119.9
2026-08-02,32840,149.9
2026-08-02,26138,149.9
2026-08-02,60251,179.9
2026-08-02,59845,359.9
2026-08-02,62886,139.9
2026-08-02,60262,169.9
2026-08-02,32044,149.9
2026-08-02,45212,239.9
2026-08-02,39281,379.9
2026-08-02,24493,17.5
2026-08-02,47474,139.9
2026-08-02,35537,249.9
2026-08-02,35251,119.9
2026-08-02,42196,149.9
2026-08-02,45436,299.9
2026-08-02,48232,39.9
2026-08-02,43202,29.9
2026-08-02,32388,34.9
2026-08-02,43160,59.9
2026-08-02,43163,59.9
2026-08-02,41651,49.9
2026-08-02,47910,129.9
2026-08-02,46159,129.9
2026-08-02,47976,99.9
2026-08-02,47915,129.9
2026-08-02,46165,129.9
2026-08-02,47987,129.9
2026-08-02,47920,129.9
2026-08-02,47961,119.9
2026-08-02,28331,499.9
2026-08-02,28333,519.9
2026-08-02,10744,149.9
2026-08-02,13921,119.9
2026-08-02,48237,139.9
2026-08-02,47921,67.0
2026-08-02,32570,19.9
2026-08-02,23713,99.9
2026-08-02,15398,59.9
2026-08-02,46246,29.9
2026-08-02,22539,5.53
2026-08-02,30796,12.53
2026-08-02,22541,6.23
2026-08-02,22531,32.83
2026-08-02,22537,23.03
2026-08-02,18274,11.9
2026-08-02,27049,9.9
2026-08-02,45089,89.9
2026-08-02,22538,11.83
2026-08-02,46312,24.9
2026-08-02,47544,229.9
2026-08-02,21372,59.9
2026-08-02,22536,13.93
2026-08-02,18276,8.9
2026-08-02,16271,44.9
2026-08-02,16272,49.9
2026-08-02,4211,59.9
2026-08-02,62075,169.9
2026-08-02,34374,119.9
2026-08-02,38486,279.9
2026-08-02,36572,89.9
2026-08-02,39177,169.9
2026-08-02,46596,39.9
2026-08-02,27620,89.9
2026-08-02,26140,34.9
2026-08-02,20105,19.9
2026-08-02,30797,1.33
2026-08-02,47153,24.9
2026-08-02,39633,17.9
2026-08-02,59986,79.9
2026-08-02,59981,179.9
2026-08-02,59980,269.9
2026-08-02,59984,119.9
2026-08-02,37710,139.9
2026-08-02,37711,299.9
2026-08-02,42176,29.9
2026-08-02,49389,119.9
2026-08-02,22542,0.63
2026-08-02,22543,0.35
2026-08-02,22540,0.14
2026-08-02,47357,99.9
2026-08-02,22532,8.33
2026-08-02,59627,64.9
2026-08-02,49654,34.9
2026-08-02,59626,39.9
2026-08-02,49647,69.9
2026-08-02,49652,69.9
2026-08-02,59628,69.9
2026-08-02,49655,59.9
2026-08-02,56787,68.0
2026-08-02,30798,2.03
2026-08-02,46405,19.9
2026-08-02,49223,24.9
2026-08-02,35952,22.9
2026-08-02,19070,15.9
2026-08-02,16555,15.9
2026-08-02,15767,21.9
2026-08-02,57658,559.9
2026-08-02,57664,197.0
2026-08-02,57666,399.9
2026-08-02,47753,19.0
2026-08-02,64353,159.9
2026-08-02,2437,279.9
2026-08-02,43859,229.9
2026-08-02,37698,769.9
2026-08-02,43860,259.9
2026-08-02,53932,259.9
2026-08-02,64352,259.9
2026-08-02,53933,259.9
2026-08-02,59179,159.9
2026-08-02,44491,649.0
2026-08-02,44492,649.0
2026-08-02,43030,149.9
2026-08-02,43027,149.9
2026-08-02,43028,149.9
2026-08-02,43029,149.9
2026-08-02,37696,159.9
2026-08-02,47135,169.9
2026-08-02,60487,379.9
2026-08-02,42214,149.9
2026-08-02,42185,399.9
2026-08-02,15777,239.9
2026-08-02,6183,159.9
2026-08-02,14640,499.9
2026-08-02,34771,1299.0
2026-08-02,40408,239.9
2026-08-02,40409,239.9
2026-08-02,59978,259.9
2026-08-02,59976,259.9
2026-08-02,59975,399.9
2026-08-02,43874,299.9
2026-08-02,43034,439.0
2026-08-02,43033,829.9
2026-08-02,59962,399.9
2026-08-02,39185,129.9
2026-08-02,45121,119.9
2026-08-02,39926,119.9
2026-08-02,59633,49.9
2026-08-02,59634,49.9
2026-08-02,59632,49.9
2026-08-02,59631,49.9
2026-08-02,49108,129.9
2026-08-02,974,79.9
2026-08-02,929,89.9
2026-08-02,6854,369.9
2026-08-02,16645,369.9
2026-08-02,22534,20.93
2026-08-02,30795,83.93
2026-08-02,49218,69.9
2026-08-02,8959,2999.0
2026-08-02,45228,139.9
2026-08-02,15395,139.9
2026-08-02,59615,12.9
2026-08-02,16538,12.9
2026-08-02,49653,19.9
2026-08-02,43198,19.9
2026-08-02,48999,19.9
2026-08-02,59616,10.9
2026-08-02,16548,14.9
2026-08-02,31357,14.9
2026-08-02,59617,14.9
2026-08-02,63461,17.9
2026-08-02,19077,12.9
2026-08-02,49391,19.9
2026-08-02,46634,34.9
2026-08-02,42141,39.9
2026-08-02,43863,199.9
2026-08-02,43871,199.9
2026-08-02,43867,199.9
2026-08-02,16533,11.9
2026-08-02,16545,13.9
2026-08-02,46575,17.9
2026-08-02,8984,179.9
2026-08-02,43862,129.9
2026-08-02,43861,159.9
2026-08-02,59764,99.9
2026-08-02,37643,179.9
2026-08-02,37644,179.9
2026-08-02,56435,249.9
2026-08-02,57661,199.9
2026-08-02,12570,114.9
2026-08-02,12569,139.9
2026-08-02,45055,39.9
2026-08-02,45054,29.9
2026-08-02,45056,29.9
2026-08-02,45053,59.9
2026-08-02,49245,139.9
2026-08-02,32711,159.9
2026-08-02,47612,89.9
2026-08-02,46024,449.9
2026-08-02,60484,299.9
2026-08-02,48622,101.8
2026-08-02,54415,199.9
2026-08-02,55668,49.9
2026-08-02,55674,29.9
2026-08-02,59917,37.9
2026-08-02,59900,99.9
2026-08-02,56702,199.9
2026-08-02,51185,24.9
2026-08-02,54871,149.9
2026-08-02,49202,239.9
2026-08-02,47795,29.9
2026-08-02,48717,139.9
2026-08-02,48718,89.9
2026-08-02,59993,149.9
2026-08-02,48630,389.9
2026-08-02,62140,239.9
2026-08-02,58511,259.9
2026-08-02,59318,59.93
2026-08-02,63535,19.9
2026-08-02,15351,19.9
2026-08-02,50390,249.9
2026-08-02,40371,99.9
2026-08-02,38286,199.9
2026-08-02,58316,99.9
2026-08-02,16082,89.9
2026-08-02,58341,139.9
2026-08-02,51348,129.9
2026-08-02,63104,31.0
2026-08-02,63119,31.0
2026-08-02,63120,31.0
2026-08-02,59325,19.9
2026-08-02,59321,19.9
2026-08-02,59323,29.9
2026-08-02,59324,99.9
2026-08-02,59302,229.9
2026-08-02,59303,389.9
2026-08-02,24486,69.9
2026-08-02,24399,69.9
2026-08-02,51752,229.9
2026-08-02,43326,199.9
2026-08-02,59286,99.9
2026-08-02,59287,99.9
2026-08-02,59293,199.9
2026-08-02,59292,199.9
2026-08-02,45596,199.9
2026-08-02,59294,269.9
2026-08-02,52742,159.9
2026-08-02,58343,149.9
2026-08-02,55920,529.9
2026-08-02,53991,291.0
2026-08-02,53487,179.9
2026-08-02,59326,39.9
2026-08-02,45676,9.9
2026-08-02,31526,9.9
2026-08-02,40580,629.9
2026-08-02,9997,89.9
2026-08-02,51270,999.0
2026-08-02,36631,209.9
2026-08-02,14561,109.9
2026-08-02,43880,1599.0
2026-08-02,36184,399.0
2026-08-02,36640,399.0
2026-08-02,60475,129.9
2026-08-02,30140,379.0
2026-08-02,46104,499.9
2026-08-02,51563,599.9
2026-08-02,51561,999.0
2026-08-02,29972,299.0
2026-08-02,50548,219.0
2026-08-02,57003,499.9
2026-08-02,43884,329.0
2026-08-02,36630,399.0
2026-08-02,36633,849.9
2026-08-02,43878,479.9
2026-08-02,18816,349.9
2026-08-02,24400,79.9
2026-08-02,28300,69.9
2026-08-02,28299,69.9
2026-08-02,49465,109.9
2026-08-02,62311,99.9
2026-08-02,25006,249.9
2026-08-02,25007,199.9
2026-08-02,17441,449.9
2026-08-02,9895,399.9
2026-08-02,63899,199.9
2026-08-02,62065,239.9
2026-08-02,54214,179.9
2026-08-02,30329,139.9
2026-08-02,38231,369.9
2026-08-02,54889,119.9
2026-08-02,54448,229.9
2026-08-02,23234,249.9
2026-08-02,23239,479.9
2026-08-02,49049,45.0
2026-08-02,58499,349.9
2026-08-02,58507,139.9
2026-08-02,58510,139.9
2026-08-02,62153,249.9
2026-08-02,57010,149.9
2026-08-02,57009,339.9
2026-08-02,57005,199.9
2026-08-02,57007,169.9
2026-08-02,57004,199.9
2026-08-02,57006,199.9
2026-08-02,57008,199.9
2026-08-02,58818,99.9
2026-08-02,57001,399.9
2026-08-02,57381,249.9
2026-08-02,58912,279.9
2026-08-02,62138,239.9
2026-08-02,1011,189.9
2026-08-02,58977,199.9
2026-08-02,62079,29.9
2026-08-02,62080,29.9
2026-08-02,63152,29.9
2026-08-02,62076,29.9
2026-08-02,57816,79.9
2026-08-02,57808,79.9
2026-08-02,59307,224.92
2026-08-02,47285,59.9
2026-08-02,45563,99.9
2026-08-02,36195,389.9
2026-08-02,60052,179.9
2026-08-02,60063,49.9
2026-08-02,45574,174.93
2026-08-02,59291,299.9
2026-08-02,53431,269.9
2026-08-02,45651,200.0
2026-08-02,59314,104.93
2026-08-02,39994,599.9
2026-08-02,53449,199.9
2026-08-02,52773,209.9
2026-08-02,1485,34.9
2026-08-02,11406,119.9
2026-08-02,18011,99.9
2026-08-02,49518,99.9
2026-08-02,38217,99.9
2026-08-02,46070,99.9
2026-08-02,45558,132.93
2026-08-02,36197,139.9
2026-08-02,39992,799.9
2026-08-02,49189,699.9
2026-08-02,56100,599.9
2026-08-02,38443,99.9
2026-08-02,31105,249.9
2026-08-02,58813,200.0
2026-08-02,38230,249.9
2026-08-02,53426,199.9
2026-08-02,38229,199.9
2026-08-02,54888,199.9
2026-08-02,38228,129.9
2026-08-02,58002,120.0
2026-08-02,58011,120.0
2026-08-02,58009,120.0
2026-08-02,58010,120.0
2026-08-02,57849,120.0
2026-08-02,58006,120.0
2026-08-02,57850,120.0
2026-08-02,58008,120.0
2026-08-02,58005,120.0
2026-08-02,36627,119.9
2026-08-02,58026,120.0
2026-08-02,58028,120.0
2026-08-02,58030,120.0
2026-08-02,58031,120.0
2026-08-02,54218,179.9
2026-08-02,53223,49.9
2026-08-02,37393,179.9
2026-08-02,37382,179.9
2026-08-02,37391,179.9
2026-08-02,37392,179.9
2026-08-02,37390,179.9
2026-08-02,35848,229.9
2026-08-02,58512,99.9
2026-08-02,52404,429.9
2026-08-02,62152,79.9
2026-08-02,39995,349.9
2026-08-02,62086,99.9
2026-08-02,51531,199.9
2026-08-02,36446,549.9
2026-08-02,16846,139.9
2026-08-02,45716,142.43
2026-08-02,45549,79.9
2026-08-02,45547,79.9
2026-08-02,56059,59.9
2026-08-02,49186,179.9
2026-08-02,40127,199.9
2026-08-02,9367,149.9
2026-08-02,38432,79.9
2026-08-02,20102,99.9
2026-08-02,25713,69.9
2026-08-02,59088,139.9
2026-08-02,47279,199.9
2026-08-02,64834,139.9
2026-08-02,51748,69.9
2026-08-02,64832,159.9
2026-08-02,49191,649.9
2026-08-02,59522,55.93
2026-08-02,24393,14.9
2026-08-02,24402,29.9
2026-08-02,57000,299.9
2026-08-02,53999,149.9
2026-08-02,52407,449.9
2026-08-02,52408,449.9
2026-08-02,37432,49.9
2026-08-02,52487,199.9
2026-08-02,52397,429.9
2026-08-02,52488,199.9
2026-08-02,54917,349.9
2026-08-02,54915,549.9
2026-08-02,54918,299.9
2026-08-02,54913,649.9
2026-08-02,54916,49.9
2026-08-02,57980,139.9
2026-08-02,54920,579.9
2026-08-02,16835,179.9
2026-08-02,62165,349.9
2026-08-02,57171,129.9
2026-08-02,52280,169.9
2026-08-02,25030,349.9
2026-08-02,23233,159.9
2026-08-02,59533,99.9
2026-08-02,4102,449.9
2026-08-02,59063,259.9
2026-08-02,11774,139.9
2026-08-02,54892,199.9
2026-08-02,53432,189.9
2026-08-02,30508,299.9
2026-08-02,30514,279.9
2026-08-02,63243,33.2
2026-08-02,62053,299.9
2026-08-02,63202,99.9
2026-08-02,30201,149.9
2026-08-02,40101,199.9
2026-08-02,51268,279.9
2026-08-02,51565,179.9
2026-08-02,2259,339.9
2026-08-02,49190,249.9
2026-08-02,53376,69.9
2026-08-02,53492,189.9
2026-08-02,45363,199.9
2026-08-02,57019,299.9
2026-08-02,45356,349.9
2026-08-02,59048,219.9
2026-08-02,45371,999.0
2026-08-02,45362,149.9
2026-08-02,45355,399.9
2026-08-02,57020,219.9
2026-08-02,57017,329.9
2026-08-02,45361,119.9
2026-08-02,57023,149.9
2026-08-02,57022,299.9
2026-08-02,57021,249.9
2026-08-02,55718,249.9
2026-08-02,62164,399.9
2026-08-02,45364,229.9
2026-08-02,45366,179.9
2026-08-02,54224,699.9
2026-08-02,54215,449.9
2026-08-02,54208,449.9
2026-08-02,52406,799.9
2026-08-02,58501,249.9
2026-08-02,57293,149.0
2026-08-02,31820,159.9
2026-08-02,53387,55.92
2026-08-02,57868,159.0
2026-08-02,54453,329.9
2026-08-02,59479,199.9
2026-08-02,58355,99.9
2026-08-02,59289,499.9
2026-08-02,36443,999.0
2026-08-02,51521,99.9
2026-08-02,45556,104.93
2026-08-02,16084,149.9
2026-08-02,62142,229.9
2026-08-02,45559,129.9
2026-08-02,53488,189.9
2026-08-02,59313,67.43
2026-08-02,59508,99.9
2026-08-02,46299,299.9
2026-08-02,33930,89.9
2026-08-02,51714,179.9
2026-08-02,60460,269.9
2026-08-02,29360,499.9
2026-08-02,51568,649.9
2026-08-02,50200,299.9
2026-08-02,50199,379.9
2026-08-02,50327,299.9
2026-08-02,22614,629.9
2026-08-02,50198,799.9
2026-08-02,50197,899.9
2026-08-02,31688,899.9
2026-08-02,50192,549.9
2026-08-02,50885,679.9
2026-08-02,60473,129.9
2026-08-02,60459,199.9
2026-08-02,29363,399.9
2026-08-02,50189,799.9
2026-08-02,51566,429.9
2026-08-02,50331,99.9
2026-08-02,18015,179.9
2026-08-02,18016,249.9
2026-08-02,57238,499.9
2026-08-02,46101,649.9
2026-08-02,46265,699.9
2026-08-02,63133,199.9
2026-08-02,57059,449.9
2026-08-02,57068,449.9
2026-08-02,57062,699.9
2026-08-02,57309,169.9
2026-08-02,57574,589.9
2026-08-02,62158,299.9
2026-08-02,57122,629.9
2026-08-02,54884,229.9
2026-08-02,54883,199.9
2026-08-02,26524,109.9
2026-08-02,32685,199.9
2026-08-02,60481,199.9
2026-08-02,21965,249.9
2026-08-02,21962,159.9
2026-08-02,21963,119.9
2026-08-02,59493,99.9
2026-08-02,63145,179.9
2026-08-02,58945,169.9
2026-08-02,51700,139.9
2026-08-02,63146,179.9
2026-08-02,51699,150.0
2026-08-02,24397,19.9
2026-08-02,24502,29.9
2026-08-02,24503,29.9
2026-08-02,57035,349.9
2026-08-02,57036,399.9
2026-08-02,57039,429.9
2026-08-02,51609,89.9
2026-08-02,56712,99.9
2026-08-02,63176,139.9
2026-08-02,51610,99.9
2026-08-02,9246,379.9
2026-08-02,11775,89.9
2026-08-02,47284,119.9
2026-08-02,43548,149.9
2026-08-02,58314,149.9
2026-08-02,57025,99.9
2026-08-02,60050,149.9
2026-08-02,34127,149.9
2026-08-02,59320,134.93
2026-08-02,58995,349.9
2026-08-02,60051,179.9
2026-08-02,52132,24.9
2026-08-02,58996,259.9
2026-08-02,51242,279.9
2026-08-02,63175,139.9
2026-08-02,63180,319.9
2026-08-02,63179,319.9
2026-08-02,37307,259.9
2026-08-02,49547,119.9
2026-08-02,58318,149.9
2026-08-02,63980,47.94
2026-08-02,63979,34.9
2026-08-02,17583,299.9
2026-08-02,63981,99.9
2026-08-02,2411,329.0
2026-08-02,30148,339.9
2026-08-02,57798,319.8
2026-08-02,58867,319.8
2026-08-02,53076,59.9
2026-08-02,43554,299.9
2026-08-02,59322,104.93
2026-08-02,43381,199.9
2026-08-02,30360,279.9
2026-08-02,49545,169.9
2026-08-02,57002,79.9
2026-08-02,58258,179.9
2026-08-02,49594,139.9
2026-08-02,62162,349.9
2026-08-02,62160,169.9
2026-08-02,62159,169.9
2026-08-02,62131,329.9
2026-08-02,64866,99.9
2026-08-02,64868,179.9
2026-08-02,64869,189.9
2026-08-02,41966,299.9
2026-08-02,64873,59.9
2026-08-02,64871,49.9
2026-08-02,64864,79.9
2026-08-02,64872,89.9
2026-08-02,54449,239.9
2026-08-02,57124,69.9
2026-08-02,50164,329.0
2026-08-02,51266,799.0
2026-08-02,45373,259.0
2026-08-02,46108,149.0
2026-08-02,57901,99.9
2026-08-02,57900,99.9
2026-08-02,58121,59.9
2026-08-02,53499,219.9
2026-08-02,62133,159.9
2026-08-02,49542,179.9
2026-08-02,57815,99.9
2026-08-02,58241,149.9
2026-08-02,57572,129.9
2026-08-02,49182,239.9
2026-08-02,55913,699.9
2026-08-02,43966,499.9
2026-08-02,63094,259.9
2026-08-02,58940,279.9
2026-08-02,37310,239.9
2026-08-02,59480,174.93
2026-08-02,59482,174.93
2026-08-02,59481,174.93
2026-08-02,64836,299.0
2026-08-02,51692,279.9
2026-08-02,46092,169.9
2026-08-02,57562,229.9
2026-08-02,63545,599.9
2026-08-02,43546,219.9
2026-08-02,37269,69.9
2026-08-02,57975,49.9
2026-08-02,57973,49.9
2026-08-02,38216,549.9
2026-08-02,37322,229.9
2026-08-02,16086,149.9
2026-08-02,38227,299.9
2026-08-02,59062,229.9
2026-08-02,59060,179.9
2026-08-02,59315,74.93
2026-08-02,57889,19.9
2026-08-02,57888,19.9
2026-08-02,53401,14.9
2026-08-02,37311,129.9
2026-08-02,37306,149.9
2026-08-02,57026,199.9
2026-08-02,63244,499.0
2026-08-02,36448,349.0
2026-08-02,20091,99.9
2026-08-02,51938,29.9
2026-08-02,51682,179.9
2026-08-02,56627,299.0
2026-08-02,35975,129.9
2026-08-02,59484,89.9
2026-08-02,59483,89.9
2026-08-02,53424,229.9
2026-08-02,53425,149.9
2026-08-02,54840,89.9
2026-08-02,63902,149.9
2026-08-02,62139,329.9
2026-08-02,62143,249.9
2026-08-02,58997,329.9
2026-08-02,59489,109.9
2026-08-02,59490,109.9
2026-08-02,58871,74.95
2026-08-02,60167,549.9
2026-08-02,59304,99.9
2026-08-02,59305,99.9
2026-08-02,27092,749.9
2026-08-02,36001,849.9
2026-08-02,50311,399.9
2026-08-02,50188,429.0
2026-08-02,39993,549.9
2026-08-02,53418,329.9
2026-08-02,59297,199.9
2026-08-02,37511,179.9
2026-08-02,50383,249.9
2026-08-02,45545,249.9
2026-08-02,45548,249.9
2026-08-02,30319,179.9
2026-08-02,37267,69.9
2026-08-02,30528,69.9
2026-08-02,30527,69.9
2026-08-02,36286,239.9
2026-08-02,36285,239.9
2026-08-02,54919,349.9
2026-08-02,59499,99.9
2026-08-02,45600,249.9
2026-08-02,35971,349.9
2026-08-02,64842,499.0
2026-08-02,64839,499.9
2026-08-02,59495,99.9
2026-08-02,57057,159.9
2026-08-02,51688,299.9
2026-08-02,52658,99.9
2026-08-02,54887,99.9
2026-08-02,60412,99.9
2026-08-02,60461,179.9
2026-08-02,52660,179.9
2026-08-02,54911,199.9
2026-08-02,59496,169.9
2026-08-02,57016,249.9
2026-08-02,51698,229.0
2026-08-02,57013,139.9
2026-08-02,59494,69.9
2026-08-02,59497,169.9
2026-08-02,57803,49.9
2026-08-02,52663,229.9
2026-08-02,60467,149.9
2026-08-02,52656,149.9
2026-08-02,52659,199.9
2026-08-02,52661,199.9
2026-08-02,52662,229.9
2026-08-02,62136,299.9
2026-08-02,59061,349.9
2026-08-02,60458,429.9
2026-08-02,60411,199.9
2026-08-02,43221,399.9
2026-08-02,59129,499.9
2026-08-02,27116,239.9
2026-08-02,43222,449.9
2026-08-02,27117,449.9
2026-08-02,36274,279.9
2026-08-02,57049,349.9
2026-08-02,57050,239.9
2026-08-02,57048,1179.0
2026-08-02,43236,699.9
2026-08-02,36365,299.9
2026-08-02,56997,149.9
2026-08-02,50343,399.0
2026-08-02,40118,239.9
2026-08-02,59327,139.93
2026-08-02,45560,132.93
2026-08-02,45550,249.9
2026-08-02,11778,179.9
2026-08-02,20933,29.9
2026-08-02,45675,139.9
2026-08-02,50316,59.9
2026-08-02,50314,59.9
2026-08-02,50315,59.9
2026-08-02,53119,209.9
2026-08-02,35825,119.9
2026-08-02,54899,379.9
2026-08-02,54908,379.9
2026-08-02,54904,379.9
2026-08-02,54196,69.9
2026-08-02,58494,69.9
2026-08-02,58344,149.9
2026-08-02,56996,89.9
2026-08-02,13278,179.9
2026-08-02,57054,279.9
2026-08-02,57052,349.9
2026-08-02,57051,279.9
2026-08-02,57053,549.9
2026-08-02,57055,399.9
2026-08-02,57069,169.9
2026-08-02,11039,139.9
2026-08-02,59201,149.9
2026-08-02,59198,149.9
2026-08-02,59203,149.9
2026-08-02,49782,100.0
2026-08-02,54880,339.9
2026-08-02,52195,159.9
2026-08-02,16873,599.0
2026-08-02,59478,199.9
2026-08-02,59477,199.9
2026-08-02,38446,129.9
2026-08-02,51276,119.9
2026-08-02,63036,249.9
2026-08-02,57898,169.9
2026-08-02,57445,379.9
2026-08-02,57802,29.95
2026-08-02,63536,119.9
2026-08-02,54921,54.9
2026-08-02,51679,199.9
2026-08-02,60166,109.9
2026-08-02,56602,499.9
2026-08-02,59946,299.9
2026-08-02,59535,99.9
2026-08-02,59531,89.9
2026-08-02,63974,279.9
2026-08-02,63975,279.9
2026-08-02,54623,299.0
2026-08-02,62312,99.9
2026-08-02,51750,199.9
2026-08-02,62057,59.9
2026-08-02,59316,149.93
2026-08-02,57748,59.9
2026-08-02,58172,26.9
2026-08-02,24403,79.9
2026-08-02,24394,79.9
2026-08-02,23133,169.9
2026-08-02,36346,369.9
2026-08-02,39780,39.9
2026-08-02,39779,39.9
2026-08-02,27069,279.9
2026-08-02,36294,449.9
2026-08-02,43252,119.9
2026-08-02,9243,379.9
2026-08-02,19130,379.9
2026-08-02,43253,159.9
2026-08-02,16357,59.9
2026-08-02,43260,99.9
2026-08-02,50635,349.9
2026-08-02,56713,159.9
2026-08-02,16359,179.9
2026-08-02,52766,199.9
2026-08-02,52767,199.9
2026-08-02,58315,179.9
2026-08-02,58311,139.9
2026-08-02,50351,229.9
2026-08-02,36219,749.0
2026-08-02,50345,399.9
2026-08-02,18025,829.0
2026-08-02,50379,89.9
2026-08-02,51578,429.9
2026-08-02,50550,349.9
2026-08-02,50350,229.9
2026-08-02,42409,34.9
2026-08-02,57833,19.5
2026-08-02,24401,9.9
2026-08-02,24392,9.9
2026-08-02,49468,159.9
2026-08-02,33509,449.9
2026-08-02,49731,79.9
2026-08-02,63134,249.9
2026-08-02,57028,249.9
2026-08-02,31829,329.9
2026-08-02,31821,329.9
2026-08-02,53404,189.9
2026-08-02,50834,133.9
2026-08-02,58329,199.9
2026-08-02,35968,999.0
2026-08-02,62148,239.9
2026-08-02,47282,109.9
2026-08-02,47283,69.9
2026-08-02,15434,199.9
2026-08-02,16850,79.9
2026-08-02,53995,219.9
2026-08-02,51709,179.9
2026-08-02,51710,179.9
2026-08-02,45568,90.93
2026-08-02,28526,149.5
2026-08-02,64847,889.9
2026-08-02,24484,12.9
2026-08-02,24398,12.9
2026-08-02,60482,49.9
2026-08-02,54924,49.9
2026-08-02,54893,49.9
2026-08-02,54894,49.9
2026-08-02,60478,49.9
2026-08-02,38226,49.9
2026-08-02,38221,49.9
2026-08-02,38222,49.9
2026-08-02,38224,49.9
2026-08-02,52750,189.9
2026-08-02,63973,199.9
2026-08-02,105,169.9
2026-08-02,52740,159.9
2026-08-02,59093,199.9
2026-08-02,58943,119.9
2026-08-02,59065,119.9
2026-08-02,648,94.9
2026-08-02,59064,159.9
2026-08-02,53429,169.9
2026-08-02,59082,259.9
2026-08-02,11044,399.9
2026-08-02,52431,139.9
2026-08-02,645,159.9
2026-08-02,58357,189.9
2026-08-02,30355,189.9
2026-08-02,14032,89.9
2026-08-02,15253,159.9
2026-08-02,58242,99.9
2026-08-02,13411,139.9
2026-08-02,59523,104.93
2026-08-02,52737,159.9
2026-08-02,52759,199.9
2026-08-02,52817,299.9
2026-08-02,58313,159.9
2026-08-02,53281,199.9
2026-08-02,52747,189.9
2026-08-02,52420,149.9
2026-08-02,52791,299.9
2026-08-02,58342,299.9
2026-08-02,58324,299.9
2026-08-02,52779,299.9
2026-08-02,59517,139.93
2026-08-02,30356,189.9
2026-08-02,52799,299.9
2026-08-02,62091,119.9
2026-08-02,13396,149.9
2026-08-02,52746,179.9
2026-08-02,53257,189.9
2026-08-02,58352,299.9
2026-08-02,52796,299.9
2026-08-02,52797,299.9
2026-08-02,52809,349.9
2026-08-02,15259,189.9
2026-08-02,58326,199.9
2026-08-02,58253,299.9
2026-08-02,52424,159.9
2026-08-02,58244,179.9
2026-08-02,52920,189.9
2026-08-02,30212,139.9
2026-08-02,58360,179.9
2026-08-02,58340,299.9
2026-08-02,59089,149.9
2026-08-02,15264,189.9
2026-08-02,52810,349.9
2026-08-02,15251,649.9
2026-08-02,13398,159.9
2026-08-02,13274,54.9
2026-08-02,30194,149.9
2026-08-02,58321,299.9
2026-08-02,52813,529.9
2026-08-02,52783,299.9
2026-08-02,52787,299.9
2026-08-02,52800,299.9
2026-08-02,52801,349.9
2026-08-02,58255,299.9
2026-08-02,52795,299.9
2026-08-02,53494,189.9
2026-08-02,52802,349.9
2026-08-02,13420,99.9
2026-08-02,58331,299.9
2026-08-02,58358,189.9
2026-08-02,52792,299.9
2026-08-02,30219,199.9
2026-08-02,58353,199.9
2026-08-02,30340,179.9
2026-08-02,53638,479.9
2026-08-02,52780,299.9
2026-08-02,25048,179.9
2026-08-02,52782,299.9
2026-08-02,58322,299.9
2026-08-02,52805,349.9
2026-08-02,13609,89.9
2026-08-02,30199,99.9
2026-08-02,58312,179.9
2026-08-02,58354,159.9
2026-08-02,58336,299.9
2026-08-02,52794,299.9
2026-08-02,21222,159.9
2026-08-02,52770,199.9
2026-08-02,53497,529.9
2026-08-02,15260,189.9
2026-08-02,30338,189.9
2026-08-02,58320,299.9
2026-08-02,58323,299.9
2026-08-02,52749,189.9
2026-08-02,58317,199.9
2026-08-02,16004,189.9
2026-08-02,30200,149.9
2026-08-02,58243,139.9
2026-08-02,58252,199.9
2026-08-02,30218,699.9
2026-08-02,52798,299.9
2026-08-02,15262,189.9
2026-08-02,52739,159.9
2026-08-02,52803,349.9
2026-08-02,58325,299.9
2026-08-02,30224,139.9
2026-08-02,15261,189.9
2026-08-02,58359,99.9
2026-08-02,62137,249.9
2026-08-02,54469,249.9
2026-08-02,58493,89.9
2026-08-02,50388,499.9
2026-08-02,57814,29.9
2026-08-02,57807,29.9
2026-08-02,57810,29.9
2026-08-02,57991,549.9
2026-08-02,33849,149.9
2026-08-02,49544,349.9
2026-08-02,36629,169.9
2026-08-02,36148,169.9
2026-08-02,52668,199.9
2026-08-02,52671,69.9
2026-08-02,52664,59.9
2026-08-02,53377,59.9
2026-08-02,45614,49.9
2026-08-02,53381,79.9
2026-08-02,49597,239.9
2026-08-02,59502,39.9
2026-08-02,59500,39.9
2026-08-02,54890,189.9
2026-08-02,62937,59.9
2026-08-02,53417,119.9
2026-08-02,45611,49.9
2026-08-02,59300,49.9
2026-08-02,45696,118.93
2026-08-02,59301,69.9
2026-08-02,59312,67.43
2026-08-02,59505,149.9
2026-08-02,62938,109.9
2026-08-02,43550,229.9
2026-08-02,28297,119.9
2026-08-02,28298,119.9
2026-08-02,60053,79.9
2026-08-02,60055,69.9
2026-08-02,60049,79.9
2026-08-02,59290,129.9
2026-08-02,45582,104.93
2026-08-02,60477,159.9
2026-08-02,60474,329.9
2026-08-02,45595,169.9
2026-08-02,45598,199.9
2026-08-02,45601,199.9
2026-08-02,58925,35.94
2026-08-02,58926,35.94
2026-08-02,64835,199.9
2026-08-02,59317,149.93
2026-08-02,49540,159.9
2026-08-02,59514,199.9
2026-08-02,53420,329.9
2026-08-02,45662,99.9
2026-08-02,60415,119.9
2026-08-02,52669,149.9
2026-08-02,45663,99.9
2026-08-02,49530,49.9
2026-08-02,46277,49.9
2026-08-02,49529,49.9
2026-08-02,49532,49.9
2026-08-02,62939,39.9
2026-08-02,59498,99.9
2026-08-02,43967,209.9
2026-08-02,45539,79.9
2026-08-02,45537,79.9
2026-08-02,49192,299.9
2026-08-02,57037,399.9
2026-08-02,57038,429.9
2026-08-02,49807,359.9
2026-08-02,36383,299.9
2026-08-02,49051,199.9
2026-08-02,57041,399.9
2026-08-02,9219,113.0
2026-08-02,50353,289.0
2026-08-02,58004,100.0
2026-08-02,14194,549.9
2026-08-02,63188,149.9
2026-08-02,58865,199.9
2026-08-02,59488,149.9
2026-08-02,30390,699.9
2026-08-02,42051,399.9
2026-08-02,33929,329.9
2026-08-02,53631,21.9
2026-08-02,53232,169.9
2026-08-02,25062,99.9
2026-08-02,27029,289.9
2026-08-02,32678,119.9
2026-08-02,60470,239.9
2026-08-02,51366,209.9
2026-08-02,45589,69.93
2026-08-02,59487,59.9
2026-08-02,8837,109.9
2026-08-02,8839,129.9
2026-08-02,8917,129.9
2026-08-02,8866,129.9
2026-08-02,8827,129.9
2026-08-02,58033,97.0
2026-08-02,56088,129.9
2026-08-02,54903,299.9
2026-08-02,54907,239.9
2026-08-02,54885,89.9
2026-08-02,60479,119.9
2026-08-02,54900,179.9
2026-08-02,54925,99.9
2026-08-02,60471,249.9
2026-08-02,53237,199.9
2026-08-02,53236,199.9
2026-08-02,53235,199.9
2026-08-02,53113,199.9
2026-08-02,56190,279.9
2026-08-02,45543,119.9
2026-08-02,40370,169.9
2026-08-02,15162,149.9
2026-08-02,59510,99.9
2026-08-02,37323,329.9
2026-08-02,34118,49.9
2026-08-02,45698,118.93
2026-08-02,56610,399.0
2026-08-02,58339,149.9
2026-08-02,54882,69.9
2026-08-02,49188,699.9
2026-08-02,52741,159.9
2026-08-02,51277,379.9
2026-08-02,59536,99.9
2026-08-02,38214,199.9
2026-08-02,53421,89.9
2026-08-02,53389,119.92
2026-08-02,63177,249.9
2026-08-02,58351,199.9
2026-08-02,33880,189.9
2026-08-02,45562,104.93
2026-08-02,51685,59.9
2026-08-02,51787,299.9
2026-08-02,50389,249.9
2026-08-02,58498,199.9
2026-08-02,55727,319.9
2026-08-02,53311,249.9
2026-08-02,50385,1499.0
2026-08-02,50391,249.9
2026-08-02,50382,999.0
2026-08-02,58257,199.9
2026-08-02,50180,229.9
2026-08-02,50384,249.9
2026-08-02,49781,50.0
2026-08-02,55717,179.9
2026-08-02,50386,499.9
2026-08-02,50387,499.9
2026-08-02,60054,139.9
2026-08-02,53571,19.9
2026-08-02,32457,15.9
2026-08-02,41699,8.9
2026-08-02,59739,869.95
2026-08-02,59748,1369.05
2026-08-02,61941,1434.05
2026-08-02,32272,1799.9
2026-08-02,62449,34.9
2026-08-02,38142,599.9
2026-08-02,46040,679.9
2026-08-02,46069,699.9
2026-08-02,46677,789.95
2026-08-02,59753,1609.05
2026-08-02,63863,399.0
2026-08-02,40777,62.9
2026-08-02,44921,2349.05
2026-08-02,16671,2.73
2026-08-02,64885,2499.0
2026-08-02,64602,1999.0
2026-08-02,64850,7499.0
2026-08-02,64469,22499.0
2026-08-02,64599,2999.0
2026-08-02,64605,5999.0
2026-08-02,59930,6499.0
2026-08-02,16049,36.9
2026-08-02,16048,33.9
2026-08-02,62202,1699.05
2026-08-02,45065,189.9
2026-08-02,60551,79.9
2026-08-02,46077,169.92
2026-08-02,46072,203.92
2026-08-02,56760,127.42
2026-08-02,13737,127.42
2026-08-02,13738,127.42
2026-08-02,15381,152.92
2026-08-02,15375,152.92
2026-08-02,15378,152.92
2026-08-02,56758,246.41
2026-08-02,13740,246.41
2026-08-02,15376,246.41
2026-08-02,60399,444.9
2026-08-02,59749,904.95
2026-08-02,29880,306.9
2026-08-02,46674,278.41
2026-08-02,60403,390.41
2026-08-02,64261,1499.0
2026-08-02,45085,169.9
2026-08-02,1073,110.42
2026-08-02,60540,20.0
2026-08-02,29850,1249.0
2026-08-02,51138,33.9
2026-08-02,16057,89.9
2026-08-02,16056,74.9
2026-08-02,16058,74.9
2026-08-02,16064,34.9
2026-08-02,16063,149.9
2026-08-02,16065,49.9
2026-08-02,15999,49.9
2026-08-02,26337,49.9
2026-08-02,10855,69.9
2026-08-02,26338,69.9
2026-08-02,10856,89.9
2026-08-02,10857,139.9
2026-08-02,16000,29.9
2026-08-02,26336,29.9
2026-08-02,10858,60.9
2026-08-02,35643,494.95
2026-08-02,61997,1499.0
2026-08-02,44953,3499.0
2026-08-02,64604,2999.0
2026-08-02,64601,9499.0
2026-08-02,64598,5999.0
2026-08-02,64603,8499.0
2026-08-02,64851,9999.0
2026-08-02,64472,17999.0
2026-08-02,64546,3499.0
2026-08-02,64543,3499.0
2026-08-02,64483,1999.0
2026-08-02,29459,99.9
2026-08-02,29461,99.9
2026-08-02,56759,186.92
2026-08-02,64600,19999.0
2026-08-02,64471,22499.0
2026-08-02,58727,187.43
2026-08-02,58726,187.43
2026-08-02,46140,64.9
2026-08-02,46130,159.9
2026-08-02,46139,59.9
2026-08-02,46138,69.9
2026-08-02,46135,129.9
2026-08-02,46043,139.9
2026-08-02,46083,119.9
2026-08-02,46121,129.9
2026-08-02,48548,999.9
2026-08-02,64608,499.9
2026-08-02,44037,379.9
2026-08-02,48571,299.9
2026-08-02,58202,259.9
2026-08-02,58201,259.9
2026-08-02,64686,5499.0
2026-08-02,64688,6999.0
2026-08-02,64685,6499.0
2026-08-02,63770,1879.0
2026-08-02,63769,1879.0
2026-08-02,44956,729.9
2026-08-02,47675,729.9
2026-08-02,44963,729.9
2026-08-02,44958,729.9
2026-08-02,60493,1699.0
2026-08-02,19807,1899.0
2026-08-02,59730,454.9
2026-08-02,44919,1219.05
2026-08-02,60503,849.9
2026-08-02,59734,1049.05
2026-08-02,59744,1684.05
2026-08-02,59738,774.95
2026-08-02,59587,599.9
2026-08-02,64684,3499.0
2026-08-02,64682,6499.0
2026-08-02,63373,4999.0
2026-08-02,64691,13499.0
2026-08-02,64681,16749.0
2026-08-02,45630,421.41
2026-08-02,60496,329.9
2026-08-02,60502,329.9
2026-08-02,61974,308.41
2026-08-02,60499,376.41
2026-08-02,40006,464.9
2026-08-02,61987,262.41
2026-08-02,60164,7999.0
2026-08-02,58200,429.9
2026-08-02,59812,599.9
2026-08-02,59814,1149.0
2026-08-02,57663,249.9
2026-08-02,40789,599.9
2026-08-02,57665,499.9
2026-08-02,64547,2499.0
2026-08-02,60492,1699.0
2026-08-02,16062,29.9
2026-08-02,16059,14.9
2026-08-02,16060,24.9
2026-08-02,16061,19.9
2026-08-02,2631,1599.0
2026-08-02,29451,899.9
2026-08-02,29454,1119.0
2026-08-02,13331,419.9
2026-08-02,63249,22.6
2026-08-02,63247,32.3
2026-08-02,60593,89.9
2026-08-02,60516,924.9
2026-08-02,11924,949.9
2026-08-02,47895,814.95
2026-08-02,47897,814.95
2026-08-02,45068,99.9
2026-08-02,19784,119.9
2026-08-02,19785,119.9
2026-08-02,19786,119.9
2026-08-02,19782,119.9
2026-08-02,3599,89.9
2026-08-02,3598,89.9
2026-08-02,46039,29.9
2026-08-02,64692,3799.0
2026-08-02,63375,1799.0
2026-08-02,61960,849.9
2026-08-02,916,799.9
2026-08-02,13318,69.9
2026-08-02,13317,69.9
2026-08-02,13315,109.9
2026-08-02,13312,169.9
2026-08-02,13320,139.9
2026-08-02,13330,59.9
2026-08-02,13333,99.9
2026-08-02,48427,1569.15
2026-08-02,44920,999.9
2026-08-02,39986,999.9
2026-08-02,59757,674.95
2026-08-02,59732,739.95
2026-08-02,59751,651.95
2026-08-02,59733,722.45
2026-08-02,59756,724.95
2026-08-02,59729,864.95
2026-08-02,60501,923.41
2026-08-02,60500,829.9
2026-08-02,60497,994.0
2026-08-02,64112,799.9
2026-08-02,59755,834.95
2026-08-02,60494,899.9
2026-08-02,63154,239.9
2026-08-02,63258,29.9
2026-08-02,63259,39.9
2026-08-02,63245,14.9
2026-08-02,16268,114.9
2026-08-02,15540,99.9
2026-08-02,4225,140.17
2026-08-02,4218,140.17
2026-08-02,4222,80.67
2026-08-02,4220,97.67
2026-08-02,4221,127.42
2026-08-02,4215,89.17
2026-08-02,4217,110.42
2026-08-02,4226,80.67
2026-08-02,4219,97.67
2026-08-02,4229,127.42
2026-08-02,4213,89.17
2026-08-02,4234,110.42
2026-08-02,4263,89.17
2026-08-02,4266,89.17
2026-08-02,4264,110.42
2026-08-02,4265,118.92
2026-08-02,11168,118.92
2026-08-02,29456,99.9
2026-08-02,11484,110.42
2026-08-02,15380,76.42
2026-08-02,4242,67.92
2026-08-02,4239,55.17
2026-08-02,4223,55.17
2026-08-02,4248,118.92
2026-08-02,4243,118.92
2026-08-02,4235,67.92
2026-08-02,4251,67.92
2026-08-02,4247,127.42
2026-08-02,4268,144.42
2026-08-02,4224,76.42
2026-08-02,4237,76.42
2026-08-02,4272,135.92
2026-08-02,13732,127.42
2026-08-02,13735,127.42
2026-08-02,13736,135.92
2026-08-02,13730,135.92
2026-08-02,13731,101.92
2026-08-02,13728,101.92
2026-08-02,13729,127.42
2026-08-02,56644,199.9
2026-08-02,33594,84.92
2026-08-02,33600,84.92
2026-08-02,33602,84.92
2026-08-02,33606,84.92
2026-08-02,33598,84.92
2026-08-02,33604,84.92
2026-08-02,33595,101.92
2026-08-02,33601,101.92
2026-08-02,33603,101.92
2026-08-02,33607,101.92
2026-08-02,33605,101.92
2026-08-02,56762,59.42
2026-08-02,56761,76.42
2026-08-02,4257,76.42
2026-08-02,4256,101.92
2026-08-02,4249,135.92
2026-08-02,33475,144.42
2026-08-02,25956,144.42
2026-08-02,25957,169.92
2026-08-02,25959,169.92
2026-08-02,1072,339.91
2026-08-02,11163,339.91
2026-08-02,11173,339.91
2026-08-02,11171,339.91
2026-08-02,199,382.41
2026-08-02,1074,382.41
2026-08-02,4228,280.41
2026-08-02,11178,280.41
2026-08-02,11169,280.41
2026-08-02,11177,280.41
2026-08-02,4230,339.91
2026-08-02,4254,339.91
2026-08-02,4258,382.41
2026-08-02,4250,339.91
2026-08-02,4273,144.42
2026-08-02,4262,106.17
2026-08-02,4261,106.17
2026-08-02,4270,127.42
2026-08-02,4267,144.42
2026-08-02,25955,93.42
2026-08-02,4244,127.42
2026-08-02,4255,382.41
2026-08-02,13743,305.91
2026-08-02,33474,169.92
2026-08-02,25958,169.92
2026-08-02,16492,212.42
2026-08-02,16493,212.42
2026-08-02,25387,899.9
2026-08-02,64607,1299.0
2026-08-02,47674,1299.0
2026-08-02,62888,1329.0
2026-08-02,59583,899.9
2026-08-02,47676,1299.0
2026-08-02,16267,69.9
2026-08-02,44933,119.9
2026-08-02,44934,119.9
2026-08-02,44935,119.9
2026-08-02,29892,649.9
2026-08-02,61980,649.9
2026-08-02,46128,899.9
2026-08-02,46122,899.9
2026-08-02,46113,899.9
2026-08-02,46037,899.9
2026-08-02,46036,899.9
2026-08-02,46038,899.9
2026-08-02,32461,24.9
2026-08-02,64487,3499.0
2026-08-02,64481,1999.0
2026-08-02,64488,3499.0
2026-08-02,64479,2499.0
2026-08-02,64485,2199.0
2026-08-02,61710,999.9
2026-08-02,45344,499.9
2026-08-02,61904,299.0
2026-08-02,19010,249.9
2026-08-02,63773,2099.0
2026-08-02,62000,649.0
2026-08-02,62002,649.0
2026-08-02,64482,1299.0
2026-08-02,64484,899.9
2026-08-02,64486,1299.0
2026-08-02,61995,649.0
2026-08-02,59581,479.9
2026-08-02,62019,1499.0
2026-08-02,63768,1499.0
2026-08-02,62017,1499.0
2026-08-02,62018,1499.0
2026-08-02,61996,219.9
2026-08-02,64696,1849.0
2026-08-02,64693,1849.0
2026-08-02,64480,789.0
2026-08-02,48303,449.9
2026-08-02,46912,499.9
2026-08-02,64694,1299.0
2026-08-02,64545,499.9
2026-08-02,64544,499.9
2026-08-02,40091,499.9
2026-08-02,40092,499.9
2026-08-02,40093,379.9
2026-08-02,64695,1299.0
2026-08-02,64470,1799.0
2026-08-02,42824,494.95
2026-08-02,61707,599.9
2026-08-02,60994,429.9
2026-08-02,48549,279.9
2026-08-02,46320,949.9
2026-08-02,64260,1699.0
2026-08-02,44032,129.9
2026-08-02,62001,599.0
2026-08-02,62003,499.0
2026-08-02,60307,649.9
2026-08-02,61956,699.9
2026-08-02,40792,249.9
2026-08-02,12842,649.9
2026-08-02,29849,259.9
2026-08-02,59586,249.9
2026-08-02,19012,129.9
2026-08-02,61907,1799.0
2026-08-02,61906,1799.0
2026-08-02,61908,1799.0
2026-08-02,61909,1799.0
2026-08-02,60303,5499.0
2026-08-02,60301,3999.0
2026-08-02,47678,3999.0
2026-08-02,61957,10999.0
2026-08-02,45338,1299.0
2026-08-02,45340,1199.0
2026-08-02,45339,1199.0
2026-08-02,45341,1199.0
2026-08-02,16040,11.9
2026-08-02,16041,13.9
2026-08-02,16042,15.9
2026-08-02,26328,15.9
2026-08-02,16043,18.9
2026-08-02,26329,18.9
2026-08-02,16044,21.9
2026-08-02,26330,21.9
2026-08-02,16045,24.9
2026-08-02,26331,24.9
2026-08-02,16047,34.9
2026-08-02,10849,49.9
2026-08-02,16051,24.9
2026-08-02,16052,29.9
2026-08-02,16053,34.9
2026-08-02,26333,34.9
2026-08-02,16054,39.9
2026-08-02,16055,44.9
2026-08-02,26334,44.9
2026-08-02,10850,54.9
2026-08-02,4298,21.16
2026-08-02,4297,25.41
2026-08-02,4299,33.91
2026-08-02,4296,38.16
2026-08-02,4289,21.16
2026-08-02,4280,50.91
2026-08-02,4286,50.91
2026-08-02,4302,42.41
2026-08-02,4305,29.66
2026-08-02,4300,29.66
2026-08-02,22546,29.66
2026-08-02,16489,29.66
2026-08-02,16490,29.66
2026-08-02,16491,29.66
2026-08-02,22545,29.66
2026-08-02,16669,16.03
2026-08-02,16670,4.83
2026-08-02,41696,25.41
2026-08-02,16672,16.03
2026-08-02,11483,144.42
2026-08-02,4283,12.67
2026-08-02,4281,16.91
2026-08-02,4279,21.16
2026-08-02,4275,33.91
2026-08-02,4277,46.66
2026-08-02,4287,12.67
2026-08-02,4276,16.91
2026-08-02,4290,21.16
2026-08-02,4274,46.66
2026-08-02,4294,55.17
2026-08-02,11482,25.41
2026-08-02,4285,33.91
2026-08-02,4303,42.41
2026-08-02,4292,29.66
2026-08-02,10852,99.9
2026-08-02,10853,129.9
2026-08-02,10854,149.9
2026-08-02,46044,21.5
2026-08-02,10851,89.9
2026-08-02,26335,29.9
2026-08-02,48494,20.9
2026-08-02,15369,42.41
2026-08-02,15370,42.41
2026-08-02,16066,149.9
2026-08-02,41697,69.9
2026-08-02,896,1399.0
2026-08-02,16001,299.9
2026-08-02,40793,129.9
2026-08-02,61720,399.9
2026-08-02,61721,399.9
2026-08-02,38247,649.9
2026-08-02,38251,649.9
2026-08-02,63253,32.5
2026-08-02,16067,72.9
2026-08-02,16050,42.9
2026-08-02,59168,354.9
2026-08-02,47890,302.41
2026-08-02,39987,2009.05
2026-08-02,2636,449.9
2026-08-02,2635,199.9
2026-08-02,48561,8499.0
2026-08-02,48568,12999.0
2026-08-02,48504,699.9
2026-08-02,48635,969.9
2026-08-02,44869,0.0
2026-08-02,26419,25.9
2026-08-02,26379,24.9
2026-08-02,55585,199.9
2026-08-02,26373,44.9
2026-08-02,26370,24.9
2026-08-02,26380,23.9
2026-08-02,26355,21.9
2026-08-02,26389,15.95
2026-08-02,25364,29.0
2026-08-02,25365,29.0
2026-08-02,57854,14.9
2026-08-02,53684,12.9
2026-08-02,32918,99.9
2026-08-02,53134,299.9
2026-08-02,16661,14.9
2026-08-02,16659,22.6
2026-08-02,16660,22.6
2026-08-02,1372,505.0
2026-08-02,25346,349.0
2026-08-02,28729,359.9
2026-08-02,51383,78.0
2026-08-02,25350,59.0
2026-08-02,55309,35.0
2026-08-02,44725,39.9
2026-08-02,22282,17.9
2026-08-02,55311,13.8
2026-08-02,26412,14.9
2026-08-02,53667,12.9
2026-08-02,24571,1.64
2026-08-02,57858,234.9
2026-08-02,25362,29.9
2026-08-02,25363,29.0
2026-08-02,59054,59.9
2026-08-02,56821,49.9
2026-08-02,53133,359.9
2026-08-02,9831,54.49
2026-08-02,57853,69.9
2026-08-02,31802,559.9
2026-08-02,60264,59.9
2026-08-02,64111,139.9
2026-08-02,59211,227.43
2026-08-02,55304,49.9
2026-08-02,62188,2.9
2026-08-02,63237,14.9
2026-08-02,51909,24.9
2026-08-02,51908,15.9
2026-08-02,51785,18.9
2026-08-02,45042,19.9
2026-08-02,55589,49.9
2026-08-02,45047,89.9
2026-08-02,51902,14.9
2026-08-02,51903,14.9
2026-08-02,53670,99.9
2026-08-02,56815,32.9
2026-08-02,56817,32.9
2026-08-02,58017,54.9
2026-08-02,56814,22.9
2026-08-02,58018,39.9
2026-08-02,58015,44.9
2026-08-02,26724,12.9
2026-08-02,15965,269.0
2026-08-02,15714,169.92
2026-08-02,15713,169.92
2026-08-02,26322,299.9
2026-08-02,59232,499.9
2026-08-02,52910,539.0
2026-08-02,51216,229.9
2026-08-02,51759,139.9
2026-08-02,52278,249.9
2026-08-02,51756,14.9
2026-08-02,51757,19.9
2026-08-02,63077,16.47
2026-08-02,52279,339.9
2026-08-02,52277,349.9
2026-08-02,59217,689.9
2026-08-02,59216,229.9
2026-08-02,59214,549.9
2026-08-02,59215,449.9
2026-08-02,59212,389.9
2026-08-02,59223,1099.0
2026-08-02,59210,259.93
2026-08-02,59209,344.43
2026-08-02,44697,399.9
2026-08-02,35226,499.9
2026-08-02,35284,699.9
2026-08-02,38798,359.9
2026-08-02,38797,359.9
2026-08-02,59263,779.35
2026-08-02,59234,409.43
2026-08-02,31739,549.9
2026-08-02,31733,399.9
2026-08-02,59236,409.43
2026-08-02,18516,549.9
2026-08-02,28596,329.9
2026-08-02,22261,299.95
2026-08-02,33019,349.9
2026-08-02,33014,449.9
2026-08-02,36010,799.9
2026-08-02,36012,1999.0
2026-08-02,34088,749.9
2026-08-02,34089,749.9
2026-08-02,34087,399.9
2026-08-02,60148,139.9
2026-08-02,40066,249.9
2026-08-02,60149,139.9
2026-08-02,51400,349.9
2026-08-02,60280,119.9
2026-08-02,64107,529.9
2026-08-02,60276,89.9
2026-08-02,59254,399.9
2026-08-02,59252,399.9
2026-08-02,45343,179.9
2026-08-02,45345,349.9
2026-08-02,38745,299.9
2026-08-02,22280,174.95
2026-08-02,22260,179.95
2026-08-02,22281,174.95
2026-08-02,28728,499.9
2026-08-02,59271,169.9
2026-08-02,59273,169.9
2026-08-02,59274,179.9
2026-08-02,33012,199.95
2026-08-02,64110,999.9
2026-08-02,33013,199.95
2026-08-02,44265,599.9
2026-08-02,25369,699.9
2026-08-02,25370,899.9
2026-08-02,35420,399.9
2026-08-02,25550,139.9
2026-08-02,25551,119.9
2026-08-02,10846,179.0
2026-08-02,4839,599.9
2026-08-02,15725,59.42
2026-08-02,15723,59.42
2026-08-02,15718,84.92
2026-08-02,15715,67.92
2026-08-02,15685,89.0
2026-08-02,15684,89.0
2026-08-02,15720,42.42
2026-08-02,15961,59.42
2026-08-02,15688,179.0
2026-08-02,15682,159.0
2026-08-02,15734,69.9
2026-08-02,15728,69.0
2026-08-02,15727,69.9
2026-08-02,15687,89.0
2026-08-02,15686,89.0
2026-08-02,15683,159.0
2026-08-02,18535,429.9
2026-08-02,15528,609.0
2026-08-02,25335,174.95
2026-08-02,38677,139.9
2026-08-02,26349,79.9
2026-08-02,31182,139.5
2026-08-02,61743,199.9
2026-08-02,38254,49.9
2026-08-02,38257,69.9
2026-08-02,25380,69.9
2026-08-02,25385,25.9
2026-08-02,42863,59.9
2026-08-02,35428,214.95
2026-08-02,35430,128.97
2026-08-02,38255,49.9
2026-08-02,38256,69.9
2026-08-02,38252,49.9
2026-08-02,52561,20.9
2026-08-02,63075,59.95
2026-08-02,63074,50.97
2026-08-02,61736,49.9
2026-08-02,61738,79.9
2026-08-02,61737,59.9
2026-08-02,62085,32.9
2026-08-02,62084,36.9
2026-08-02,51373,399.9
2026-08-02,62082,26.9
2026-08-02,62083,29.9
2026-08-02,51906,299.9
2026-08-02,31908,14.9
2026-08-02,56818,34.9
2026-08-02,56819,34.9
2026-08-02,56826,54.9
2026-08-02,53510,44.9
2026-08-02,33446,9.95
2026-08-02,33444,0.95
2026-08-02,33447,1.45
2026-08-02,20503,12.9
2026-08-02,20506,12.9
2026-08-02,20514,7.45
2026-08-02,20515,7.45
2026-08-02,53297,139.9
2026-08-02,45019,299.9
2026-08-02,51896,299.9
2026-08-02,56822,25.9
2026-08-02,20498,44.9
2026-08-02,21611,18.9
2026-08-02,20509,12.45
2026-08-02,9667,49.0
2026-08-02,9664,79.9
2026-08-02,10847,24.25
2026-08-02,35223,44.95
2026-08-02,53688,29.9
2026-08-02,53452,54.9
2026-08-02,31801,149.9
2026-08-02,55598,78.9
2026-08-02,51921,157.5
2026-08-02,56824,44.9
2026-08-02,59227,1599.0
2026-08-02,59225,2299.9
2026-08-02,59230,699.9
2026-08-02,59229,699.9
2026-08-02,51246,999.9
2026-08-02,59231,1179.9
2026-08-02,55595,16.9
2026-08-02,31805,269.9
2026-08-02,43307,179.9
2026-08-02,53212,319.9
2026-08-02,43305,219.9
2026-08-02,31798,169.9
2026-08-02,53679,99.9
2026-08-02,53678,99.9
2026-08-02,53680,99.9
2026-08-02,53681,99.9
2026-08-02,45045,39.9
2026-08-02,45038,49.9
2026-08-02,45039,49.9
2026-08-02,51486,59.9
2026-08-02,51485,59.9
2026-08-02,36236,279.9
2026-08-02,36237,279.9
2026-08-02,36235,369.9
2026-08-02,53512,44.9
2026-08-02,9661,19.9
2026-08-02,45037,79.9
2026-08-02,45035,39.9
2026-08-02,59222,199.9
2026-08-02,45033,39.9
2026-08-02,45034,39.9
2026-08-02,45036,39.9
2026-08-02,45022,59.9
2026-08-02,45020,39.9
2026-08-02,45023,39.9
2026-08-02,51484,39.9
2026-08-02,59219,199.9
2026-08-02,51871,39.9
2026-08-02,51220,25.42
2026-08-02,51218,59.9
2026-08-02,51222,29.9
2026-08-02,35229,79.9
2026-08-02,35261,79.9
2026-08-02,51221,44.9
2026-08-02,51219,25.42
2026-08-02,34105,379.9
2026-08-02,25351,29.9
2026-08-02,45026,39.9
2026-08-02,45024,79.9
2026-08-02,45025,59.9
2026-08-02,45027,109.9
2026-08-02,45028,39.9
2026-08-02,45029,89.9
2026-08-02,45030,119.9
2026-08-02,45031,39.9
2026-08-02,51225,129.9
2026-08-02,52187,139.9
2026-08-02,51224,129.9
2026-08-02,52186,79.9
2026-08-02,53122,199.9
2026-08-02,31796,49.9
2026-08-02,43304,199.9
2026-08-02,26414,9.9
2026-08-02,24568,3.45
2026-08-02,24574,3.95
2026-08-02,20502,12.9
2026-08-02,20501,10.9
2026-08-02,20505,2.9
2026-08-02,63395,19.9
2026-08-02,53410,39.9
2026-08-02,53408,36.9
2026-08-02,53508,209.9
2026-08-02,53675,219.9
2026-08-02,59224,194.93
2026-08-02,59221,584.93
2026-08-02,26382,34.9
2026-08-02,57855,114.9
2026-08-02,26388,8.9
2026-08-02,24575,12.45
2026-08-02,58014,39.9
2026-08-02,56825,59.9
2026-08-02,53511,34.9
2026-08-02,56816,34.9
2026-08-02,56820,22.9
2026-08-02,58016,44.9
2026-08-02,53514,44.9
2026-08-02,20504,12.9
2026-08-02,32005,329.9
2026-08-02,32003,399.9
2026-08-02,53213,129.9
2026-08-02,59264,519.93
2026-08-02,59256,349.9
2026-08-02,59269,549.9
2026-08-02,59272,129.9
2026-08-02,59280,269.9
2026-08-02,59267,649.93
2026-08-02,51487,69.9
2026-08-02,51299,49.9
2026-08-02,51426,41.93
2026-08-02,51451,119.9
2026-08-02,51427,41.93
2026-08-02,51428,41.93
2026-08-02,44065,289.0
2026-08-02,32184,159.9
2026-08-02,1004,39.9
2026-08-02,1279,159.9
2026-08-02,45723,59.95
2026-08-02,47644,169.9
2026-08-02,34781,189.9
2026-08-02,49794,249.9
2026-08-02,64462,59.95
2026-08-02,64460,209.9
2026-08-02,64468,249.9
2026-08-02,993,129.9
2026-08-02,61,149.9
2026-08-02,2679,259.9
2026-08-02,47252,199.9
2026-08-02,58722,199.9
2026-08-02,43354,119.9
2026-08-02,64464,189.9
2026-08-02,155,169.9
2026-08-02,47645,179.9
2026-08-02,47643,129.9
2026-08-02,46589,119.9
2026-08-02,2724,129.9
2026-08-02,7413,199.9
2026-08-02,22584,339.9
2026-08-02,20217,259.9
2026-08-02,50553,399.9
2026-08-02,50555,399.9
2026-08-02,31574,259.9
2026-08-02,59141,149.9
2026-08-02,59140,69.9
2026-08-02,10784,79.9
2026-08-02,50923,249.9
2026-08-02,50974,399.9
2026-08-02,51966,599.9
2026-08-02,31561,419.9
2026-08-02,51964,399.9
2026-08-02,50924,329.9
2026-08-02,50915,99.9
2026-08-02,33710,349.9
2026-08-02,33715,349.9
2026-08-02,52872,329.9
2026-08-02,52877,329.9
2026-08-02,52874,299.9
2026-08-02,52880,299.9
2026-08-02,52873,299.9
2026-08-02,34873,269.9
2026-08-02,34875,299.9
2026-08-02,34876,299.9
2026-08-02,34872,249.9
2026-08-02,34869,239.9
2026-08-02,52879,289.9
2026-08-02,52881,289.9
2026-08-02,58603,289.9
2026-08-02,52876,289.9
2026-08-02,34857,299.9
2026-08-02,51959,149.9
2026-08-02,58612,149.9
2026-08-02,58613,149.9
2026-08-02,34911,199.9
2026-08-02,34909,199.9
2026-08-02,34910,199.9
2026-08-02,34914,229.9
2026-08-02,34912,229.9
2026-08-02,34913,229.9
2026-08-02,34868,189.9
2026-08-02,34866,189.9
2026-08-02,34867,189.9
2026-08-02,34865,169.9
2026-08-02,34863,169.9
2026-08-02,34864,169.9
2026-08-02,50404,119.9
2026-08-02,58628,169.9
2026-08-02,50206,20.0
2026-08-02,60127,79.9
2026-08-02,60124,79.9
2026-08-02,38430,299.9
2026-08-02,34915,89.9
2026-08-02,53045,34.9
2026-08-02,53046,32.9
2026-08-02,53047,59.9
2026-08-02,50930,39.9
2026-08-02,52106,34.9
2026-08-02,10671,99.9
2026-08-02,18499,129.9
2026-08-02,63371,24.95
2026-08-02,49666,29.95
2026-08-02,42048,249.9
2026-08-02,42243,1899.0
2026-08-02,42244,1449.0
2026-08-02,64295,1949.0
2026-08-02,28001,2280.0
2026-08-02,28002,2765.0
2026-08-02,28003,3090.0
2026-08-02,35556,2905.0
2026-08-02,35557,3660.0
2026-08-02,35558,4090.0
2026-08-02,35559,4825.0
2026-08-02,36090,5395.0
2026-08-02,35612,7460.0
2026-08-02,35613,8460.0
2026-08-02,35614,9700.0
2026-08-02,36091,10755.0
2026-08-02,40352,7500.0
2026-08-02,40353,8345.0
2026-08-02,40354,9425.0
2026-08-02,40355,10250.0
2026-08-02,35607,5660.0
2026-08-02,35608,6830.0
2026-08-02,39475,7575.0
2026-08-02,35609,5620.0
2026-08-02,35610,6490.0
2026-08-02,35611,7700.0
2026-08-02,35916,8470.0
2026-08-02,40347,4585.0
2026-08-02,40348,5690.0
2026-08-02,40349,6520.0
2026-08-02,40350,7620.0
2026-08-02,40351,8555.0
2026-08-02,64320,2397.0
2026-08-02,64321,2797.0
2026-08-02,64322,3397.0
2026-08-02,48678,209.94
2026-08-02,28660,59.9
2026-08-02,29123,49.9
2026-08-02,42255,1370.0
2026-08-02,42254,1520.0
2026-08-02,42248,1770.0
2026-08-02,42249,1955.0
2026-08-02,28869,229.9
2026-08-02,28871,299.9
2026-08-02,63530,129.9
2026-08-02,51437,62.93
2026-08-02,21544,39.9
2026-08-02,63532,87.0
2026-08-02,10775,59.9
2026-08-02,51532,149.9
2026-08-02,18498,349.9
2026-08-02,18500,429.9
2026-08-02,55647,349.9
2026-08-02,31568,199.9
2026-08-02,18496,299.9
2026-08-02,18501,539.9
2026-08-02,52058,449.9
2026-08-02,46571,699.9
2026-08-02,48962,343.92
2026-08-02,62852,399.92
2026-08-02,48957,783.92
2026-08-02,48959,783.92
2026-08-02,62829,879.2
2026-08-02,62841,439.92
2026-08-02,62839,439.92
2026-08-02,62838,439.92
2026-08-02,62843,543.92
2026-08-02,62855,543.92
2026-08-02,62842,543.92
2026-08-02,62844,599.92
2026-08-02,62818,879.2
2026-08-02,62827,999.2
2026-08-02,62821,879.2
2026-08-02,62823,935.2
2026-08-02,62824,935.2
2026-08-02,62822,935.2
2026-08-02,62819,879.2
2026-08-02,61953,319.92
2026-08-02,61954,399.92
2026-08-02,64466,479.92
2026-08-02,62810,599.92
2026-08-02,60118,119.9
2026-08-02,60139,119.9
2026-08-02,45636,599.0
2026-08-02,45638,699.0
2026-08-02,64296,999.0
2026-08-02,64343,1069.0
2026-08-02,26666,1615.0
2026-08-02,27577,1350.0
2026-08-02,58824,249.9
2026-08-02,59709,199.9
2026-08-02,59712,399.9
2026-08-02,58577,299.9
2026-08-02,26239,5.0
2026-08-02,25243,69.9
2026-08-02,55278,38.0
2026-08-02,55275,38.0
2026-08-02,55270,38.0
2026-08-02,55274,47.0
2026-08-02,55272,18.0
2026-08-02,55260,18.0
2026-08-02,55289,31.0
2026-08-02,55268,31.0
2026-08-02,55282,48.0
2026-08-02,55287,18.0
2026-08-02,55288,31.0
2026-08-02,55267,47.0
2026-08-02,55279,46.0
2026-08-02,55280,46.0
2026-08-02,55261,49.0
2026-08-02,55263,49.0
2026-08-02,55258,33.0
2026-08-02,55266,33.0
2026-08-02,55257,33.0
2026-08-02,55259,46.0
2026-08-02,55283,59.0
2026-08-02,55264,59.0
2026-08-02,55269,35.0
2026-08-02,55291,49.0
2026-08-02,54112,19.9
2026-08-02,28868,199.9
2026-08-02,61758,49.9
2026-08-02,61752,149.9
2026-08-02,61749,149.9
2026-08-02,61753,149.9
2026-08-02,44613,179.9
2026-08-02,51058,179.9
2026-08-02,51059,179.9
2026-08-02,51060,179.9
2026-08-02,51000,129.9
2026-08-02,44614,149.9
2026-08-02,61785,159.9
2026-08-02,61786,159.9
2026-08-02,61756,49.9
2026-08-02,53627,84.9
2026-08-02,57619,29.9
2026-08-02,25282,19.9
2026-08-02,56972,29.9
2026-08-02,59672,59.9
2026-08-02,60147,59.9
2026-08-02,60146,59.9
2026-08-02,21508,19.9
2026-08-02,60142,59.9
2026-08-02,50403,99.9
2026-08-02,51805,124.9
2026-08-02,51810,129.9
2026-08-02,50920,119.9
2026-08-02,60143,59.9
2026-08-02,60141,59.9
2026-08-02,51049,79.9
2026-08-02,51050,79.9
2026-08-02,51048,79.9
2026-08-02,51047,79.9
2026-08-02,58602,399.9
2026-08-02,58610,399.9
2026-08-02,58599,449.9
2026-08-02,58605,449.9
2026-08-02,58606,449.9
2026-08-02,58600,499.9
2026-08-02,58607,499.9
2026-08-02,58611,499.9
2026-08-02,58604,469.9
2026-08-02,58609,449.9
2026-08-02,21986,619.9
2026-08-02,21987,789.9
2026-08-02,21989,1099.0
2026-08-02,51008,599.9
2026-08-02,51014,629.9
2026-08-02,61812,349.9
2026-08-02,61820,349.9
2026-08-02,61817,299.9
2026-08-02,61821,299.9
2026-08-02,61818,299.9
2026-08-02,51035,299.9
2026-08-02,46573,1359.0
2026-08-02,50581,599.9
2026-08-02,61775,599.9
2026-08-02,61774,599.9
2026-08-02,61807,699.9
2026-08-02,61777,629.9
2026-08-02,61776,629.9
2026-08-02,22868,399.9
2026-08-02,22869,449.9
2026-08-02,37639,499.9
2026-08-02,951,469.9
2026-08-02,44150,999.0
2026-08-02,21990,619.9
2026-08-02,21992,879.9
2026-08-02,21993,1099.0
2026-08-02,39291,1429.0
2026-08-02,39285,1729.0
2026-08-02,24289,599.9
2026-08-02,7130,552.93
2026-08-02,51807,379.9
2026-08-02,51801,389.9
2026-08-02,50434,24.9
2026-08-02,64350,199.9
2026-08-02,64348,199.9
2026-08-02,64349,199.9
2026-08-02,62870,279.9
2026-08-02,62868,279.9
2026-08-02,62865,279.9
2026-08-02,62869,279.9
2026-08-02,62866,239.9
2026-08-02,62873,239.9
2026-08-02,62871,179.93
2026-08-02,64503,209.9
2026-08-02,63542,179.9
2026-08-02,44064,319.9
2026-08-02,44063,319.9
2026-08-02,64513,209.9
2026-08-02,63977,219.9
2026-08-02,64506,209.9
2026-08-02,63976,219.9
2026-08-02,64508,239.9
2026-08-02,64511,239.9
2026-08-02,64510,239.9
2026-08-02,64504,159.9
2026-08-02,64507,159.9
2026-08-02,64509,159.9
2026-08-02,63543,149.9
2026-08-02,47566,149.9
2026-08-02,47573,319.9
2026-08-02,47579,179.9
2026-08-02,64505,179.9
2026-08-02,64512,179.9
2026-08-02,63960,179.9
2026-08-02,50146,169.9
2026-08-02,10673,129.9
2026-08-02,10672,59.9
2026-08-02,59675,49.9
2026-08-02,60044,499.9
2026-08-02,46592,209.9
2026-08-02,42609,209.9
2026-08-02,56314,26.9
2026-08-02,50956,29.9
2026-08-02,21200,119.9
2026-08-02,51809,59.9
2026-08-02,51802,69.9
2026-08-02,31564,69.9
2026-08-02,51179,64.9
2026-08-02,31521,89.9
2026-08-02,53208,389.5
2026-08-02,53207,333.8
2026-08-02,34627,69.9
2026-08-02,42553,64.95
2026-08-02,42554,64.95
2026-08-02,42556,64.95
2026-08-02,32286,129.9
2026-08-02,51419,189.9
2026-08-02,21734,129.9
2026-08-02,29775,64.95
2026-08-02,61805,79.9
2026-08-02,61803,79.9
2026-08-02,61795,79.9
2026-08-02,61804,79.9
2026-08-02,50579,79.9
2026-08-02,61825,109.9
2026-08-02,61778,109.9
2026-08-02,61779,109.9
2026-08-02,25254,29.9
2026-08-02,18444,29.9
2026-08-02,50074,34.9
2026-08-02,51444,99.9
2026-08-02,51405,39.9
2026-08-02,51406,41.9
2026-08-02,63467,39.9
2026-08-02,10171,109.0
2026-08-02,31566,149.9
2026-08-02,51803,64.9
2026-08-02,51813,69.9
2026-08-02,4529,329.9
2026-08-02,51969,199.9
2026-08-02,50926,169.9
2026-08-02,51804,69.9
2026-08-02,51811,74.9
2026-08-02,51806,119.9
2026-08-02,51814,119.9
2026-08-02,50929,189.9
2026-08-02,51971,219.9
2026-08-02,51970,249.9
2026-08-02,50928,169.9
2026-08-02,60134,59.9
2026-08-02,60117,59.9
2026-08-02,60119,119.9
2026-08-02,60116,59.9
2026-08-02,60138,59.9
2026-08-02,60131,59.9
2026-08-02,60113,59.9
2026-08-02,52067,289.9
2026-08-02,51182,139.9
2026-08-02,50936,99.9
2026-08-02,59005,189.9
2026-08-02,51976,209.9
2026-08-02,15541,99.9
2026-08-02,28542,69.95
2026-08-02,51063,589.9
2026-08-02,49812,1035.0
2026-08-02,58665,1110.0
2026-08-02,51064,689.9
2026-08-02,48969,299.9
2026-08-02,51065,789.9
2026-08-02,20607,369.9
2026-08-02,20608,439.9
2026-08-02,20609,459.9
2026-08-02,20610,529.9
2026-08-02,20611,569.9
2026-08-02,64867,319.9
2026-08-02,50912,49.9
2026-08-02,50913,39.9
2026-08-02,51391,99.9
2026-08-02,32770,28.44
2026-08-02,50076,209.9
2026-08-02,50934,339.9
2026-08-02,51808,179.9
2026-08-02,51812,179.9
2026-08-02,47468,118.92
2026-08-02,50911,189.9
2026-08-02,53057,34.9
2026-08-02,60057,19.9
2026-08-02,62209,2399.0
2026-08-02,62469,2499.0
2026-08-02,42245,899.0
2026-08-02,42246,999.0
2026-08-02,42247,1099.0
2026-08-02,64342,1799.0
2026-08-02,36092,1510.0
2026-08-02,35560,1390.0
2026-08-02,35561,1510.0
2026-08-02,39956,1760.0
2026-08-02,35562,1200.0
2026-08-02,35563,1455.0
2026-08-02,36093,1510.0
2026-08-02,35564,1390.0
2026-08-02,35565,1510.0
2026-08-02,39311,1760.0
2026-08-02,35567,1200.0
2026-08-02,35566,1455.0
2026-08-02,34310,949.0
2026-08-02,64636,1820.0
2026-08-02,64635,2590.0
2026-08-02,64632,2100.0
2026-08-02,64637,3080.0
2026-08-02,40356,1270.0
2026-08-02,40357,1420.0
2026-08-02,40358,1710.0
2026-08-02,40359,1270.0
2026-08-02,40360,1420.0
2026-08-02,40361,1710.0
2026-08-02,40272,1350.0
2026-08-02,40273,1430.0
2026-08-02,40275,2040.0
2026-08-02,40274,1650.0
2026-08-02,40276,2450.0
2026-08-02,40277,1320.0
2026-08-02,40278,1650.0
2026-08-02,40280,2220.0
2026-08-02,40279,1870.0
2026-08-02,40281,2592.0
2026-08-02,64631,1950.0
2026-08-02,64634,2780.0
2026-08-02,64638,2250.0
2026-08-02,64633,3300.0
2026-08-02,40282,1560.0
2026-08-02,64624,2220.0
2026-08-02,40285,2640.0
2026-08-02,40283,1800.0
2026-08-02,50271,100.0
2026-08-02,61784,149.9
2026-08-02,61826,149.9
2026-08-02,56695,249.9
2026-08-02,50570,159.9
2026-08-02,59039,299.9
2026-08-02,59040,299.9
2026-08-02,59038,299.9
2026-08-02,50567,129.9
2026-08-02,59773,199.9
2026-08-02,19674,229.9
2026-08-02,59767,199.9
2026-08-02,14842,229.9
2026-08-02,59771,199.9
2026-08-02,21737,229.9
2026-08-02,59770,199.9
2026-08-02,59769,229.9
2026-08-02,59772,199.9
2026-08-02,59768,229.9
2026-08-02,61787,269.9
2026-08-02,61829,269.9
2026-08-02,50573,269.9
2026-08-02,59780,119.9
2026-08-02,15848,119.9
2026-08-02,15887,119.9
2026-08-02,59778,119.9
2026-08-02,59784,99.9
2026-08-02,59779,119.9
2026-08-02,50517,99.9
2026-08-02,50523,99.9
2026-08-02,59776,34.9
2026-08-02,59777,29.9
2026-08-02,21752,34.9
2026-08-02,59774,34.9
2026-08-02,59775,34.9
2026-08-02,51317,99.9
2026-08-02,51319,99.9
2026-08-02,59037,119.9
2026-08-02,59042,119.9
2026-08-02,61796,119.9
2026-08-02,50572,119.9
2026-08-02,50571,119.9
2026-08-02,61780,69.9
2026-08-02,61782,69.9
2026-08-02,61781,69.9
2026-08-02,59796,69.9
2026-08-02,59795,69.9
2026-08-02,59791,249.9
2026-08-02,59789,249.9
2026-08-02,59790,249.9
2026-08-02,59792,249.9
2026-08-02,59793,249.9
2026-08-02,59788,299.9
2026-08-02,21741,299.9
2026-08-02,59785,299.9
2026-08-02,59787,299.9
2026-08-02,53062,55.9
2026-08-02,34917,29.9
2026-08-02,51440,59.9
2026-08-02,51442,59.9
2026-08-02,51403,39.9
2026-08-02,59671,129.9
2026-08-02,10602,49.9
2026-08-02,51448,349.93
2026-08-02,63538,599.9
2026-08-02,52298,649.9
2026-08-02,50256,599.9
2026-08-02,51305,989.9
2026-08-02,63911,169.9
2026-08-02,63531,129.9
2026-08-02,62812,599.92
2026-08-02,62809,599.92
2026-08-02,62805,559.92
2026-08-02,48868,699.9
2026-08-02,54766,39.9
2026-08-02,51177,139.9
2026-08-02,50932,119.9
2026-08-02,58879,99.9
2026-08-02,51279,119.9
2026-08-02,60064,59.9
2026-08-02,51410,99.9
2026-08-02,51420,169.9
2026-08-02,51774,39.9
2026-08-02,48965,349.9
2026-08-02,48967,449.9
2026-08-02,48966,399.9
2026-08-02,48968,249.9
2026-08-02,48970,349.9
2026-08-02,40668,199.9
2026-08-02,54383,459.9
2026-08-02,39586,229.9
2026-08-02,41905,199.0
2026-08-02,39585,19.9
2026-08-02,57914,49.9
2026-08-02,39384,24.9
2026-08-02,57945,69.9
2026-08-02,57865,49.9
2026-08-02,40667,149.0
2026-08-02,58947,359.9
2026-08-02,59009,399.9
2026-08-02,57828,329.9
2026-08-02,54382,549.9
2026-08-02,15271,92.45
2026-08-02,62100,299.9
2026-08-02,62101,99.9
2026-08-02,55240,159.9
2026-08-02,54377,349.9
2026-08-02,38681,199.9
2026-08-02,43959,249.9
2026-08-02,60229,699.9
2026-08-02,54425,999.0
2026-08-02,60228,999.0
2026-08-02,60226,899.0
2026-08-02,60227,899.0
2026-08-02,60225,699.9
2026-08-02,60214,3499.0
2026-08-02,62115,159.9
2026-08-02,64596,99.9
2026-08-02,62114,159.9
2026-08-02,64595,79.9
2026-08-02,62112,159.9
2026-08-02,62103,359.9
2026-08-02,62102,399.9
2026-08-02,62998,49.9
2026-08-02,62997,49.9
2026-08-02,32862,69.9
2026-08-02,36625,29.9
2026-08-02,54566,139.9
2026-08-02,62089,69.9
2026-08-02,55230,65.0
2026-08-02,57952,159.9
2026-08-02,34792,249.9
2026-08-02,62167,249.0
2026-08-02,64880,599.0
2026-08-02,55387,359.9
2026-08-02,57912,44.9
2026-08-02,21332,479.0
2026-08-02,33917,99.9
2026-08-02,64560,199.9
2026-08-02,64580,199.9
2026-08-02,64565,299.9
2026-08-02,54564,39.9
2026-08-02,64581,199.9
2026-08-02,62180,199.9
2026-08-02,62181,239.9
2026-08-02,31376,89.9
2026-08-02,55246,142.0
2026-08-02,62059,79.9
2026-08-02,54479,79.9
2026-08-02,54537,399.9
2026-08-02,54941,159.9
2026-08-02,55466,99.9
2026-08-02,54475,99.9
2026-08-02,55560,459.9
2026-08-02,55559,109.9
2026-08-02,55558,899.9
2026-08-02,55561,219.9
2026-08-02,12406,599.9
2026-08-02,54582,159.9
2026-08-02,64558,129.9
2026-08-02,64563,129.9
2026-08-02,64556,99.9
2026-08-02,64562,99.9
2026-08-02,54563,49.9
2026-08-02,57873,249.9
2026-08-02,31255,39.9
2026-08-02,54381,399.9
2026-08-02,57913,359.9
2026-08-02,57874,149.9
2026-08-02,57916,199.9
2026-08-02,41900,249.9
2026-08-02,26428,199.9
2026-08-02,54380,299.9
2026-08-02,54183,69.9
2026-08-02,54180,89.9
2026-08-02,64573,199.9
2026-08-02,64576,199.9
2026-08-02,64572,199.9
2026-08-02,64574,199.9
2026-08-02,64575,199.9
2026-08-02,64587,199.9
2026-08-02,64591,199.9
2026-08-02,64592,199.9
2026-08-02,64571,199.9
2026-08-02,64570,229.9
2026-08-02,64566,229.9
2026-08-02,64588,229.9
2026-08-02,64578,199.9
2026-08-02,64585,199.9
2026-08-02,64593,199.9
2026-08-02,57836,59.9
2026-08-02,64582,99.9
2026-08-02,64561,159.9
2026-08-02,64579,159.9
2026-08-02,64577,159.9
2026-08-02,64586,129.9
2026-08-02,64584,129.9
2026-08-02,64583,129.9
2026-08-02,64554,99.9
2026-08-02,64550,99.9
2026-08-02,64553,99.9
2026-08-02,64552,99.9
2026-08-02,64549,129.9
2026-08-02,64555,129.9
2026-08-02,63056,424.9
2026-08-02,64567,99.9
2026-08-02,64568,129.9
2026-08-02,64557,129.9
2026-08-02,62170,399.0
2026-08-02,62099,79.9
2026-08-02,64597,59.9
2026-08-02,62105,239.9
2026-08-02,52232,199.9
2026-08-02,52233,199.9
2026-08-02,55389,399.9
2026-08-02,55390,399.9
2026-08-02,57826,119.9
2026-08-02,57827,169.9
2026-08-02,15244,199.9
2026-08-02,57786,199.9
2026-08-02,57871,169.0
2026-08-02,57917,299.9
2026-08-02,57918,149.9
2026-08-02,33922,225.0
2026-08-02,60536,29.9
2026-08-02,54169,74.2
2026-08-02,54565,29.9
2026-08-02,55235,39.9
2026-08-02,62098,299.9
2026-08-02,52239,219.9
2026-08-02,15288,39.9
2026-08-02,54561,299.9
2026-08-02,54533,199.9
2026-08-02,54571,99.9
2026-08-02,54575,149.9
2026-08-02,54560,199.9
2026-08-02,54574,349.9
2026-08-02,55535,399.9
2026-08-02,54576,449.9
2026-08-02,59043,1999.9
2026-08-02,19574,119.9
2026-08-02,64594,199.9
2026-08-02,58983,199.9
2026-08-02,57875,69.9
2026-08-02,19564,64.9
2026-08-02,62128,499.9
2026-08-02,62129,499.9
2026-08-02,54386,29.9
2026-08-02,59044,159.9
2026-08-02,62107,229.9
2026-08-02,62106,159.9
2026-08-02,62108,199.9
2026-08-02,36858,249.9
2026-08-02,54535,169.9
2026-08-02,32972,169.9
2026-08-02,55688,149.9
2026-08-02,54387,249.9
2026-08-02,55689,189.9
2026-08-02,55692,229.9
2026-08-02,39386,429.9
2026-08-02,39588,599.9
2026-08-02,39587,199.9
2026-08-02,39382,799.9
2026-08-02,57954,189.9
2026-08-02,54548,7.9
2026-08-02,64854,24.9
2026-08-02,62995,159.9
2026-08-02,62996,149.9
2026-08-02,43942,359.9
2026-08-02,38679,99.9
2026-08-02,62104,299.9
2026-08-02,62074,299.9
2026-08-02,62156,499.9
2026-08-02,57886,119.9
2026-08-02,60108,699.0
2026-08-02,62999,159.9
2026-08-02,62110,79.9
2026-08-02,62113,79.9
2026-08-02,62111,79.9
2026-08-02,55215,46.0
2026-08-02,54186,249.9
2026-08-02,53821,39.9
2026-08-02,36486,29.9
2026-08-02,40661,129.9
2026-08-02,40660,279.9
2026-08-02,54379,299.9
2026-08-02,62920,115.2
2026-08-02,57860,299.9
2026-08-02,55388,299.9
2026-08-02,21605,19.9
2026-08-02,62073,159.9
2026-08-02,43943,79.9
2026-08-02,64569,69.9
2026-08-02,64564,89.9
2026-08-02,64559,89.9
2026-08-02,54378,239.9
2026-08-02,54376,239.9
2026-08-02,62168,249.0
2026-08-02,55538,349.9
2026-08-02,53579,17.3
2026-08-02,51583,149.9
2026-08-02,58962,89.9
2026-08-02,53441,149.9
2026-08-02,52825,99.9
2026-08-02,53436,699.9
2026-08-02,53435,299.9
2026-08-02,53437,299.9
2026-08-02,52693,199.9
2026-08-02,53094,199.9
2026-08-02,53445,149.9
2026-08-02,53444,299.9
2026-08-02,53443,89.9
2026-08-02,53442,119.9
2026-08-02,62665,2799.2
2026-08-02,62769,1999.2
2026-08-02,62764,1199.2
2026-08-02,62575,2079.2
2026-08-02,62597,2079.2
2026-08-02,62533,1759.2
2026-08-02,62528,1759.2
2026-08-02,44256,1999.2
2026-08-02,62493,3359.2
2026-08-02,62492,4719.2
2026-08-02,48983,799.2
2026-08-02,49848,799.2
2026-08-02,62525,799.2
2026-08-02,44523,1919.2
2026-08-02,62544,1839.2
2026-08-02,62702,1279.2
2026-08-02,62697,1279.2
2026-08-02,62716,1519.2
2026-08-02,62713,1039.2
2026-08-02,62506,1359.2
2026-08-02,62514,1359.2
2026-08-02,62513,2159.2
2026-08-02,62499,1359.2
2026-08-02,62509,2159.2
2026-08-02,47321,2319.2
2026-08-02,62517,1039.2
2026-08-02,62727,2159.2
2026-08-02,62720,2159.2
2026-08-02,62609,2399.2
2026-08-02,42107,24.9
2026-08-02,62761,1999.2
2026-08-02,30543,899.5
2026-08-02,62758,1919.2
2026-08-02,30632,1699.0
2026-08-02,27024,559.2
2026-08-02,58437,449.9
2026-08-02,58436,1299.0
2026-08-02,49378,79.9
2026-08-02,58853,699.9
2026-08-02,58409,199.9
2026-08-02,58408,299.9
2026-08-02,58442,149.9
2026-08-02,58440,189.9
2026-08-02,49133,19.9
2026-08-02,47210,559.9
2026-08-02,58484,169.9
2026-08-02,58383,229.9
2026-08-02,58433,299.9
2026-08-02,53098,349.93
2026-08-02,53099,244.93
2026-08-02,53100,349.93
2026-08-02,55699,349.93
2026-08-02,53349,244.93
2026-08-02,53416,244.93
2026-08-02,53173,349.93
2026-08-02,46742,149.9
2026-08-02,48050,89.9
2026-08-02,52605,89.9
2026-08-02,44280,49.9
2026-08-02,50653,44.9
2026-08-02,53097,244.93
2026-08-02,51117,199.9
2026-08-02,51118,199.9
2026-08-02,50261,49.9
2026-08-02,49570,129.9
2026-08-02,48699,299.9
2026-08-02,51107,249.9
2026-08-02,47194,269.9
2026-08-02,50688,299.9
2026-08-02,48705,199.9
2026-08-02,48706,199.9
2026-08-02,48701,299.9
2026-08-02,58467,339.9
2026-08-02,53245,50.0
2026-08-02,50453,199.0
2026-08-02,58470,249.9
2026-08-02,58473,229.9
2026-08-02,46759,249.0
2026-08-02,50451,229.0
2026-08-02,46687,149.9
2026-08-02,58399,259.9
2026-08-02,58394,259.9
2026-08-02,58395,259.9
2026-08-02,58403,329.9
2026-08-02,42463,269.9
2026-08-02,51104,249.9
2026-08-02,13306,139.0
2026-08-02,48672,269.9
2026-08-02,48687,209.94
2026-08-02,48688,349.9
2026-08-02,48682,209.94
2026-08-02,48683,249.9
2026-08-02,48674,269.9
2026-08-02,48670,161.94
2026-08-02,39820,349.9
2026-08-02,39815,209.94
2026-08-02,39823,269.9
2026-08-02,48685,269.9
2026-08-02,48680,161.94
2026-08-02,48676,269.9
2026-08-02,48691,349.9
2026-08-02,48677,209.94
2026-08-02,48684,349.9
2026-08-02,48679,209.94
2026-08-02,48693,209.94
2026-08-02,48675,161.94
2026-08-02,48671,349.9
2026-08-02,48673,349.9
2026-08-02,63651,14.9
2026-08-02,52267,59.9
2026-08-02,51123,299.0
2026-08-02,51129,799.9
2026-08-02,46886,169.9
2026-08-02,63703,169.9
2026-08-02,53913,1199.0
2026-08-02,62961,79.9
2026-08-02,53912,699.9
2026-08-02,63957,1599.0
2026-08-02,53897,999.0
2026-08-02,49282,39.9
2026-08-02,47928,24.9
2026-08-02,58431,799.9
2026-08-02,58432,699.9
2026-08-02,58429,799.9
2026-08-02,50266,19.9
2026-08-02,40176,69.9
2026-08-02,58449,499.9
2026-08-02,58451,899.9
2026-08-02,51113,299.9
2026-08-02,51114,349.9
2026-08-02,64001,69.9
2026-08-02,58478,329.9
2026-08-02,58477,179.9
2026-08-02,58446,79.9
2026-08-02,23261,299.0
2026-08-02,46904,399.9
2026-08-02,48197,549.9
2026-08-02,47205,449.9
2026-08-02,52284,69.9
2026-08-02,47204,299.9
2026-08-02,48239,399.0
2026-08-02,33497,99.9
2026-08-02,52833,59.9
2026-08-02,32021,44.9
2026-08-02,51111,589.9
2026-08-02,58463,349.9
2026-08-02,51633,169.9
2026-08-02,58462,249.9
2026-08-02,58464,429.9
2026-08-02,58461,349.9
2026-08-02,52580,159.0
2026-08-02,51112,549.9
2026-08-02,53359,119.0
2026-08-02,58430,169.9
2026-08-02,47940,59.9
2026-08-02,52268,59.9
2026-08-02,48091,39.9
2026-08-02,48363,49.9
2026-08-02,52613,59.9
2026-08-02,63944,34.9
2026-08-02,63943,34.9
2026-08-02,52614,34.9
2026-08-02,29491,19.9
2026-08-02,16952,14.9
2026-08-02,48066,9.9
2026-08-02,16942,24.9
2026-08-02,16936,24.9
2026-08-02,16953,69.9
2026-08-02,29499,19.9
2026-08-02,53502,449.9
2026-08-02,58980,239.9
2026-08-02,53505,239.9
2026-08-02,53504,269.9
2026-08-02,53503,209.9
2026-08-02,51257,399.9
2026-08-02,49369,399.0
2026-08-02,50477,99.0
2026-08-02,52152,149.9
2026-08-02,50115,149.9
2026-08-02,50116,249.9
2026-08-02,58372,999.0
2026-08-02,58382,269.9
2026-08-02,46697,69.9
2026-08-02,58428,239.9
2026-08-02,58455,399.9
2026-08-02,58453,499.9
2026-08-02,58457,349.9
2026-08-02,58456,499.9
2026-08-02,58454,349.9
2026-08-02,58452,599.9
2026-08-02,58439,529.9
2026-08-02,46746,139.0
2026-08-02,58438,449.9
2026-08-02,46867,239.0
2026-08-02,49024,299.9
2026-08-02,49025,729.9
2026-08-02,49022,549.9
2026-08-02,51631,129.9
2026-08-02,46826,179.0
2026-08-02,49373,79.0
2026-08-02,31201,149.9
2026-08-02,55076,96.5
2026-08-02,55082,122.8
2026-08-02,50267,39.9
2026-08-02,46632,14.9
2026-08-02,53906,64.9
2026-08-02,53899,62.9
2026-08-02,53898,62.9
2026-08-02,13308,129.0
2026-08-02,30688,19.9
2026-08-02,32016,79.9
2026-08-02,29510,49.9
2026-08-02,24016,34.9
2026-08-02,15843,89.9
2026-08-02,15952,99.0
2026-08-02,15950,109.0
2026-08-02,58963,1399.0
2026-08-02,55453,599.9
2026-08-02,58518,229.9
2026-08-02,58519,229.9
2026-08-02,58520,229.9
2026-08-02,50651,129.9
2026-08-02,51599,159.9
2026-08-02,53908,499.9
2026-08-02,53911,699.9
2026-08-02,49028,229.9
2026-08-02,49027,499.9
2026-08-02,52645,169.9
2026-08-02,52621,99.9
2026-08-02,51601,229.9
2026-08-02,49559,389.9
2026-08-02,51602,169.9
2026-08-02,55444,699.9
2026-08-02,49578,329.9
2026-08-02,51604,169.9
2026-08-02,49574,289.9
2026-08-02,49573,549.9
2026-08-02,58847,38.0
2026-08-02,58480,169.9
2026-08-02,58481,229.9
2026-08-02,64876,29.9
2026-08-02,51126,519.9
2026-08-02,51127,519.9
2026-08-02,36866,669.9
2026-08-02,52470,49.9
2026-08-02,54639,89.9
2026-08-02,54640,89.9
2026-08-02,51721,79.9
2026-08-02,20463,99.0
2026-08-02,36656,34.9
2026-08-02,59014,129.9
2026-08-02,59016,99.9
2026-08-02,59012,189.9
2026-08-02,58954,219.9
2026-08-02,58957,129.9
2026-08-02,58958,159.9
2026-08-02,31929,149.9
2026-08-02,46755,149.9
2026-08-02,58895,109.9
2026-08-02,58897,149.9
2026-08-02,58891,799.9
2026-08-02,58910,259.9
2026-08-02,58434,129.9
2026-08-02,36868,329.9
2026-08-02,36869,290.9
2026-08-02,50031,129.9
2026-08-02,47943,49.9
2026-08-02,58999,229.9
2026-08-02,32023,329.9
2026-08-02,55707,70.9
2026-08-02,55708,83.9
2026-08-02,58487,99.9
2026-08-02,50654,24.9
2026-08-02,58479,59.9
2026-08-02,16946,99.0
2026-08-02,58517,149.9
2026-08-02,58515,34.9
2026-08-02,50430,49.9
2026-08-02,32025,639.9
2026-08-02,51108,249.9
2026-08-02,48190,499.9
2026-08-02,58447,99.9
2026-08-02,58435,149.9
2026-08-02,57785,333.8
2026-08-02,17848,219.9
2026-08-02,17864,159.9
2026-08-02,17853,169.9
2026-08-02,17859,209.9
2026-08-02,17854,259.9
2026-08-02,17857,129.9
2026-08-02,17865,159.9
2026-08-02,17863,219.9
2026-08-02,30739,169.9
2026-08-02,30734,109.9
2026-08-02,52631,59.9
2026-08-02,54337,69.9
2026-08-02,64371,599.0
2026-08-02,55442,549.9
2026-08-02,55443,299.9
2026-08-02,30685,19.9
2026-08-02,52834,299.9
2026-08-02,52835,239.9
2026-08-02,48263,1299.0
2026-08-02,9306,499.9
2026-08-02,49168,399.9
2026-08-02,18145,19.9
2026-08-02,18146,24.9
2026-08-02,52831,49.9
2026-08-02,13795,129.9
2026-08-02,19924,69.9
2026-08-02,26499,449.9
2026-08-02,13797,69.9
2026-08-02,13796,69.9
2026-08-02,49014,449.9
2026-08-02,46953,99.9
2026-08-02,50105,149.9
2026-08-02,18144,19.9
2026-08-02,49012,349.9
2026-08-02,49013,349.9
2026-08-02,49010,129.9
2026-08-02,55491,69.9
2026-08-02,55492,79.9
2026-08-02,52822,79.9
2026-08-02,29737,69.9
2026-08-02,29736,69.9
2026-08-02,52827,189.9
2026-08-02,52828,229.9
2026-08-02,29731,49.9
2026-08-02,29732,49.9
2026-08-02,29730,29.9
2026-08-02,13794,129.9
2026-08-02,50033,129.9
2026-08-02,30393,24.9
2026-08-02,29718,17.9
2026-08-02,30667,15.9
2026-08-02,50699,159.9
2026-08-02,29721,29.9
2026-08-02,51134,79.9
2026-08-02,47207,16.9
2026-08-02,47211,19.9
2026-08-02,47212,16.9
2026-08-02,47214,22.9
2026-08-02,47213,19.9
2026-08-02,50060,39.9
2026-08-02,29725,49.9
2026-08-02,29724,49.9
2026-08-02,29723,49.9
2026-08-02,29726,49.9
2026-08-02,29722,34.9
2026-08-02,47223,44.9
2026-08-02,47222,59.9
2026-08-02,46824,69.9
2026-08-02,46721,89.9
2026-08-02,46882,119.9
2026-08-02,46839,169.9
2026-08-02,46708,49.9
2026-08-02,46831,69.9
2026-08-02,46887,119.9
2026-08-02,46710,69.9
2026-08-02,13809,99.0
2026-08-02,58465,229.9
2026-08-02,58466,289.9
2026-08-02,13801,89.9
2026-08-02,13798,69.9
2026-08-02,14065,89.9
2026-08-02,13800,89.9
2026-08-02,13802,89.9
2026-08-02,13799,69.9
2026-08-02,29728,59.9
2026-08-02,29727,59.9
2026-08-02,29729,59.9
2026-08-02,33734,34.9
2026-08-02,33731,29.9
2026-08-02,33733,34.9
2026-08-02,33730,29.9
2026-08-02,33736,49.9
2026-08-02,33732,34.9
2026-08-02,33729,29.9
2026-08-02,33735,34.9
2026-08-02,33499,34.9
2026-08-02,33726,39.9
2026-08-02,33724,34.9
2026-08-02,33725,39.9
2026-08-02,33723,34.9
2026-08-02,33727,39.9
2026-08-02,33728,59.9
2026-08-02,33737,49.9
2026-08-02,33498,39.9
2026-08-02,55087,123.2
2026-08-02,52823,79.9
2026-08-02,58488,129.9
2026-08-02,58486,129.9
2026-08-02,46885,249.9
2026-08-02,54354,139.9
2026-08-02,54355,120.0
2026-08-02,53501,259.9
2026-08-02,55073,79.9
2026-08-02,52734,179.9
2026-08-02,52735,269.9
2026-08-02,51772,119.9
2026-08-02,51771,79.9
2026-08-02,58981,59.9
2026-08-02,63709,69.9
2026-08-02,53917,64.9
2026-08-02,53918,64.9
2026-08-02,52837,69.9
2026-08-02,52597,79.9
2026-08-02,58485,59.9
2026-08-02,52836,79.9
2026-08-02,53901,99.9
2026-08-02,32028,59.9
2026-08-02,21703,79.9
2026-08-02,63701,64.9
2026-08-02,63454,59.9
2026-08-02,63455,39.9
2026-08-02,53894,79.9
2026-08-02,63684,32.0
2026-08-02,53905,44.9
2026-08-02,53902,44.9
2026-08-02,63691,31.5
2026-08-02,28380,49.9
2026-08-02,58385,129.9
2026-08-02,58490,129.9
2026-08-02,58489,109.9
2026-08-02,58491,99.9
2026-08-02,58386,189.9
2026-08-02,53904,129.9
2026-08-02,53903,129.9
2026-08-02,53915,129.9
2026-08-02,58978,199.9
2026-08-02,52819,199.9
2026-08-02,51131,209.9
2026-08-02,58529,169.9
2026-08-02,46684,129.9
2026-08-02,51101,259.9
2026-08-02,51103,229.9
2026-08-02,46895,229.9
2026-08-02,58393,249.9
2026-08-02,58387,319.9
2026-08-02,51106,249.9
2026-08-02,58513,129.9
2026-08-02,53174,188.3
2026-08-02,53177,349.93
2026-08-02,53172,188.3
2026-08-02,53179,349.93
2026-08-02,24282,59.9
2026-08-02,31956,9.9
2026-08-02,23250,24.9
2026-08-02,17104,49.9
2026-08-02,17105,49.9
2026-08-02,17106,49.9
2026-08-02,17107,9.9
2026-08-02,16949,49.9
2026-08-02,16948,9.9
2026-08-02,14813,19.9
2026-08-02,47953,18.5
2026-08-02,48310,199.9
2026-08-02,48422,149.9
2026-08-02,10170,230.93
2026-08-02,48412,299.9
2026-08-02,50304,299.9
2026-08-02,48258,249.9
2026-08-02,13806,144.9
2026-08-02,10180,230.93
2026-08-02,10165,230.93
2026-08-02,10181,230.93
2026-08-02,46725,229.9
2026-08-02,47968,289.0
2026-08-02,10167,160.93
2026-08-02,10164,160.93
2026-08-02,6230,160.93
2026-08-02,10166,160.93
2026-08-02,48371,329.9
2026-08-02,57245,249.9
2026-08-02,55069,76.5
2026-08-02,51945,159.9
2026-08-02,9303,139.0
2026-08-02,12648,19.9
2026-08-02,49030,829.9
2026-08-02,29515,19.9
2026-08-02,63714,179.9
2026-08-02,31953,19.9
2026-08-02,46711,59.9
2026-08-02,53889,199.9
2026-08-02,53890,149.9
2026-08-02,46830,24.9
2026-08-02,49073,39.9
2026-08-02,49407,89.9
2026-08-02,47220,59.9
2026-08-02,47949,49.9
2026-08-02,48043,89.9
2026-08-02,48036,89.9
2026-08-02,48027,69.9
2026-08-02,46705,129.9
2026-08-02,48099,34.9
2026-08-02,58876,44.9
2026-08-02,58877,44.9
2026-08-02,48101,29.9
2026-08-02,53895,69.9
2026-08-02,23944,19.9
2026-08-02,18141,34.9
2026-08-02,18139,39.9
2026-08-02,53309,19.9
2026-08-02,53582,22.8
2026-08-02,62722,2399.2
2026-08-02,47311,0.0
2026-08-02,44928,1149.5
2026-08-02,44930,849.5
2026-08-02,44929,2899.0
2026-08-02,48627,79.9
2026-08-02,48634,169.9
2026-08-02,48602,179.9
2026-08-02,50114,239.9
2026-08-02,50113,239.9
2026-08-02,54932,149.9
2026-08-02,48694,349.9
2026-08-02,48696,349.9
2026-08-02,50411,129.9
2026-08-02,50412,159.9
2026-08-02,48607,179.9
2026-08-02,48614,179.9
2026-08-02,47404,159.9
2026-08-02,55364,89.9
2026-08-02,55459,549.9
2026-08-02,50062,599.9
2026-08-02,48625,399.9
2026-08-02,26947,0.0
2026-08-02,63733,14.9
2026-08-02,55802,279.3
2026-08-02,48639,299.9
2026-08-02,63009,149.9
2026-08-02,63006,199.9
2026-08-02,62948,99.9
2026-08-02,63008,189.9
2026-08-02,54793,33.96
2026-08-02,26304,149.9
2026-08-02,26318,19.9
2026-08-02,38513,129.9
2026-08-02,27523,199.9
2026-08-02,52462,69.9
2026-08-02,63224,75.0
2026-08-02,64874,199.9
2026-08-02,46484,399.9
2026-08-02,60082,499.9
2026-08-02,60081,499.9
2026-08-02,63156,139.9
2026-08-02,46432,249.9
2026-08-02,63162,139.9
2026-08-02,37969,399.9
2026-08-02,14347,399.9
2026-08-02,46507,449.9
2026-08-02,27489,79.9
2026-08-02,46467,729.0
2026-08-02,56966,79.9
2026-08-02,57633,85.0
2026-08-02,53952,19.9
2026-08-02,52293,29.94
2026-08-02,63263,17.94
2026-08-02,53049,41.94
2026-08-02,52287,29.94
2026-08-02,53050,29.94
2026-08-02,35024,19.9
2026-08-02,56022,54.0
2026-08-02,55967,31.0
2026-08-02,55999,31.0
2026-08-02,56734,31.0
2026-08-02,56735,52.0
2026-08-02,56732,52.0
2026-08-02,56730,52.0
2026-08-02,56736,49.0
2026-08-02,56174,63.0
2026-08-02,56181,68.0
2026-08-02,56183,68.0
2026-08-02,56182,68.0
2026-08-02,56175,66.0
2026-08-02,56176,66.0
2026-08-02,56178,66.0
2026-08-02,56180,55.5
2026-08-02,56197,52.0
2026-08-02,56731,38.0
2026-08-02,56729,38.0
2026-08-02,55962,38.0
2026-08-02,56010,38.0
2026-08-02,55963,38.0
2026-08-02,55996,38.0
2026-08-02,56138,23.0
2026-08-02,56134,23.0
2026-08-02,56198,39.0
2026-08-02,55953,56.0
2026-08-02,55972,56.0
2026-08-02,56201,46.5
2026-08-02,56202,70.0
2026-08-02,56737,54.0
2026-08-02,56160,54.0
2026-08-02,55990,65.0
2026-08-02,56018,65.0
2026-08-02,56167,54.0
2026-08-02,56739,29.0
2026-08-02,55985,29.0
2026-08-02,55980,29.0
2026-08-02,55982,29.0
2026-08-02,55983,29.0
2026-08-02,55984,29.0
2026-08-02,56203,42.0
2026-08-02,56204,42.0
2026-08-02,56740,54.0
2026-08-02,56205,54.0
2026-08-02,56142,42.0
2026-08-02,56741,31.0
2026-08-02,56141,39.0
2026-08-02,56206,61.0
2026-08-02,55995,25.0
2026-08-02,56008,25.0
2026-08-02,56107,25.0
2026-08-02,56016,25.0
2026-08-02,56743,25.0
2026-08-02,56103,25.0
2026-08-02,56104,25.0
2026-08-02,56108,25.0
2026-08-02,56151,52.0
2026-08-02,56150,36.0
2026-08-02,56207,54.0
2026-08-02,55958,42.0
2026-08-02,56163,58.0
2026-08-02,56162,58.0
2026-08-02,55992,18.0
2026-08-02,55976,54.0
2026-08-02,56125,49.0
2026-08-02,56126,49.0
2026-08-02,56208,49.0
2026-08-02,56136,42.0
2026-08-02,56135,68.0
2026-08-02,56748,68.0
2026-08-02,56011,51.75
2026-08-02,56749,49.0
2026-08-02,55968,49.0
2026-08-02,55997,59.0
2026-08-02,56127,64.0
2026-08-02,56013,72.0
2026-08-02,56155,52.0
2026-08-02,55987,65.0
2026-08-02,56021,54.0
2026-08-02,56154,54.0
2026-08-02,55977,66.0
2026-08-02,55960,46.5
2026-08-02,55971,63.0
2026-08-02,56209,72.0
2026-08-02,56211,72.0
2026-08-02,56210,72.0
2026-08-02,56153,49.0
2026-08-02,56156,42.0
2026-08-02,56159,49.0
2026-08-02,56750,49.0
2026-08-02,56161,58.0
2026-08-02,56214,41.25
2026-08-02,56215,41.25
2026-08-02,56213,41.25
2026-08-02,55961,72.0
2026-08-02,56216,52.0
2026-08-02,64434,54.0
2026-08-02,64457,87.0
2026-08-02,64459,87.0
2026-08-02,64377,87.0
2026-08-02,64454,52.0
2026-08-02,64440,49.0
2026-08-02,64441,49.0
2026-08-02,64442,49.0
2026-08-02,64443,49.0
2026-08-02,64453,56.0
2026-08-02,64433,56.0
2026-08-02,64438,59.0
2026-08-02,64439,59.0
2026-08-02,64435,64.0
2026-08-02,63193,61.0
2026-08-02,64430,52.0
2026-08-02,64449,55.0
2026-08-02,64450,55.0
2026-08-02,28377,349.9
2026-08-02,3380,349.0
2026-08-02,46470,439.9
2026-08-02,28374,189.9
2026-08-02,46489,369.9
2026-08-02,56477,83.93
2026-08-02,54040,19.9
2026-08-02,57182,75.2
2026-08-02,57183,62.0
2026-08-02,26315,9.9
2026-08-02,26316,15.9
2026-08-02,46454,329.9
2026-08-02,45061,129.9
2026-08-02,63168,129.9
2026-08-02,45451,229.9
2026-08-02,46500,499.9
2026-08-02,19546,19.9
2026-08-02,59668,119.9
2026-08-02,59667,119.9
2026-08-02,52471,69.9
2026-08-02,11408,199.9
2026-08-02,59661,199.9
2026-08-02,59657,229.9
2026-08-02,50953,19.9
2026-08-02,59660,89.9
2026-08-02,12640,79.9
2026-08-02,62889,899.0
2026-08-02,62890,999.0
2026-08-02,64780,799.0
2026-08-02,64778,999.0
2026-08-02,64782,1199.0
2026-08-02,59924,1999.0
2026-08-02,64775,799.0
2026-08-02,64781,999.0
2026-08-02,64774,1199.0
2026-08-02,52526,249.9
2026-08-02,47134,1200.0
2026-08-02,47132,1200.0
2026-08-02,60375,1899.0
2026-08-02,60376,1799.0
2026-08-02,45470,1199.0
2026-08-02,45472,1499.0
2026-08-02,45469,1799.0
2026-08-02,60385,1699.0
2026-08-02,60389,1999.0
2026-08-02,60388,1399.0
2026-08-02,60390,1699.0
2026-08-02,60387,1999.0
2026-08-02,64776,799.0
2026-08-02,64779,999.0
2026-08-02,64777,1199.0
2026-08-02,47361,1199.0
2026-08-02,47381,1399.0
2026-08-02,44579,1599.0
2026-08-02,44585,1899.0
2026-08-02,37989,699.9
2026-08-02,52697,79.9
2026-08-02,11293,149.9
2026-08-02,28351,159.9
2026-08-02,28352,159.9
2026-08-02,46494,189.9
2026-08-02,59656,199.9
2026-08-02,59659,199.9
2026-08-02,63164,279.9
2026-08-02,19758,1199.0
2026-08-02,44066,149.9
2026-08-02,3752,299.0
2026-08-02,46528,399.9
2026-08-02,52061,49.9
2026-08-02,42106,129.9
2026-08-02,63166,119.9
2026-08-02,46448,349.9
2026-08-02,46460,369.9
2026-08-02,50700,129.9
2026-08-02,53865,14.9
2026-08-02,63265,63.25
2026-08-02,46466,279.9
2026-08-02,14344,499.9
2026-08-02,64170,1729.0
2026-08-02,61914,2649.0
2026-08-02,61862,2129.0
2026-08-02,61875,2369.0
2026-08-02,61874,2259.0
2026-08-02,61918,2059.0
2026-08-02,61866,2179.0
2026-08-02,61867,2059.0
2026-08-02,61917,2259.0
2026-08-02,64153,1489.0
2026-08-02,64161,1279.0
2026-08-02,61858,1989.0
2026-08-02,61877,2499.0
2026-08-02,61873,2179.0
2026-08-02,64155,2059.0
2026-08-02,64171,1859.0
2026-08-02,64156,1799.0
2026-08-02,64168,1959.0
2026-08-02,64163,1859.0
2026-08-02,61869,2259.0
2026-08-02,61865,2369.0
2026-08-02,61864,2259.0
2026-08-02,61859,1989.0
2026-08-02,61870,2209.0
2026-08-02,61861,2129.0
2026-08-02,61868,1729.0
2026-08-02,61872,1729.0
2026-08-02,61915,1859.0
2026-08-02,61916,1959.0
2026-08-02,64158,1659.0
2026-08-02,64154,2039.0
2026-08-02,61746,2369.0
2026-08-02,64164,2889.0
2026-08-02,61905,2259.0
2026-08-02,64167,2699.0
2026-08-02,61910,2059.0
2026-08-02,64172,2499.0
2026-08-02,61912,1989.0
2026-08-02,61911,2129.0
2026-08-02,64159,2259.0
2026-08-02,61913,2949.0
2026-08-02,14354,139.9
2026-08-02,14353,139.9
2026-08-02,46548,349.9
2026-08-02,64169,2889.0
2026-08-02,64165,2889.0
2026-08-02,64160,2499.0
2026-08-02,64157,2649.0
2026-08-02,64166,2259.0
2026-08-02,64162,2499.0
2026-08-02,64027,2.95
2026-08-02,21596,9.9
2026-08-02,14348,379.9
2026-08-02,58578,119.9
2026-08-02,46488,379.9
2026-08-02,51510,149.9
2026-08-02,41956,239.9
2026-08-02,12622,59.96
2026-08-02,59910,21.9
2026-08-02,59911,34.9
2026-08-02,30103,49.9
2026-08-02,28375,499.9
2026-08-02,47154,2399.0
2026-08-02,55419,259.9
2026-08-02,57138,44.9
2026-08-02,9986,99.9
2026-08-02,50961,14.9
2026-08-02,46490,189.9
2026-08-02,46483,189.9
2026-08-02,46496,189.9
2026-08-02,46502,189.9
2026-08-02,64879,269.9
2026-08-02,53537,88.9
2026-08-02,57372,145.9
2026-08-02,52596,145.9
2026-08-02,50962,8.9
2026-08-02,57331,279.9
2026-08-02,49117,17.0
2026-08-02,35445,399.9
2026-08-02,38146,79.9
2026-08-02,43850,139.9
2026-08-02,20004,129.9
2026-08-02,58917,31.92
2026-08-02,43903,89.9
2026-08-02,35546,59.9
2026-08-02,43902,79.9
2026-08-02,38155,139.9
2026-08-02,38153,139.9
2026-08-02,54259,68.4
2026-08-02,979,269.9
2026-08-02,14680,79.9
2026-08-02,15005,99.9
2026-08-02,53924,79.9
2026-08-02,15004,99.9
2026-08-02,43898,79.9
2026-08-02,39186,129.9
2026-08-02,43855,99.9
2026-08-02,39191,110.0
2026-08-02,38150,149.9
2026-08-02,12033,49.9
2026-08-02,35544,119.9
2026-08-02,37667,239.9
2026-08-02,37666,319.9
2026-08-02,50,799.0
2026-08-02,173,699.9
2026-08-02,28,219.9
2026-08-02,11379,249.9
2026-08-02,307,399.9
2026-08-02,23307,1099.0
2026-08-02,1417,199.9
2026-08-02,308,349.9
2026-08-02,400,1199.0
2026-08-02,14594,399.9
2026-08-02,46273,299.9
2026-08-02,7385,259.9
2026-08-02,13254,210.0
2026-08-02,49263,149.9
2026-08-02,7389,239.9
2026-08-02,7393,199.9
2026-08-02,8702,339.9
2026-08-02,53926,279.9
2026-08-02,37648,189.9
2026-08-02,37659,499.9
2026-08-02,491,459.9
2026-08-02,1197,349.9
2026-08-02,3924,339.9
2026-08-02,16601,169.9
2026-08-02,64412,279.9
2026-08-02,492,239.9
2026-08-02,53923,399.9
2026-08-02,20407,44.9
2026-08-02,49844,279.9
2026-08-02,31241,279.9
2026-08-02,57671,2399.0
2026-08-02,38147,449.9
2026-08-02,44313,77.0
2026-08-02,6821,539.9
2026-08-02,45095,999.9
2026-08-02,39280,179.9
2026-08-02,39279,199.9
2026-08-02,39188,899.0
2026-08-02,43843,69.9
2026-08-02,37670,699.9
2026-08-02,58617,799.0
2026-08-02,19986,99.9
2026-08-02,14591,119.9
2026-08-02,19987,55.0
2026-08-02,16618,59.9
2026-08-02,16619,69.9
2026-08-02,25746,69.9
2026-08-02,24983,67.0
2026-08-02,32642,24.9
2026-08-02,18281,24.9
2026-08-02,39282,149.9
2026-08-02,14589,119.9
2026-08-02,37669,249.9
2026-08-02,34023,249.9
2026-08-02,59840,289.9
2026-08-02,34024,199.9
2026-08-02,34022,299.9
2026-08-02,10316,119.9
2026-08-02,24981,119.9
2026-08-02,38148,149.9
2026-08-02,1162,469.9
2026-08-02,30109,69.9
2026-08-02,38156,39.9
2026-08-02,35535,479.9
2026-08-02,39172,1249.0
2026-08-02,53927,119.9
2026-08-02,35541,329.9
2026-08-02,43856,79.9
2026-08-02,38151,109.0
2026-08-02,14590,99.9
2026-08-02,54101,19.0
2026-08-02,35450,399.9
2026-08-02,59838,379.9
2026-08-02,59871,129.9
2026-08-02,44277,129.91
2026-08-02,25327,149.91
2026-08-02,49836,34.9
2026-08-02,57531,89.9
2026-08-02,57532,84.9
2026-08-02,53010,44.9
2026-08-02,21821,28.9
2026-08-02,21843,49.9
2026-08-02,61983,25.0
2026-08-02,63855,136.9
2026-08-02,57995,24.9
2026-08-02,57996,39.9
2026-08-02,49725,19.9
2026-08-02,50395,29.9
2026-08-02,57754,99.9
2026-08-02,62313,429.9
2026-08-02,23326,49.9
2026-08-02,50078,49.9
2026-08-02,40625,459.9
2026-08-02,853,449.9
2026-08-02,29128,199.9
2026-08-02,4945,199.9
2026-08-02,21380,499.9
2026-08-02,881,559.9
2026-08-02,63269,799.9
2026-08-02,8037,789.9
2026-08-02,29127,69.9
2026-08-02,35508,219.9
2026-08-02,63465,59.9
2026-08-02,21382,849.9
2026-08-02,49134,799.9
2026-08-02,50082,249.9
2026-08-02,50083,319.9
2026-08-02,49286,349.9
2026-08-02,8031,899.9
2026-08-02,2322,129.9
2026-08-02,63464,44.9
2026-08-02,27621,79.9
2026-08-02,27622,27.0
2026-08-02,63662,329.9
2026-08-02,64646,56.9
2026-08-02,64647,56.9
2026-08-02,64652,59.9
2026-08-02,64649,59.9
2026-08-02,54299,39.9
2026-08-02,31465,29.9
2026-08-02,31468,25.9
2026-08-02,30039,36.9
2026-08-02,31464,54.9
2026-08-02,31466,84.9
2026-08-02,46210,7.5
2026-08-02,49153,8.5
2026-08-02,46903,14.9
2026-08-02,46143,21.9
2026-08-02,47577,27.9
2026-08-02,31470,38.9
2026-08-02,31467,55.0
2026-08-02,50964,59.9
2026-08-02,17135,19.9
2026-08-02,17136,19.9
2026-08-02,17132,14.9
2026-08-02,49136,22.9
2026-08-02,34288,439.9
2026-08-02,17133,12.9
2026-08-02,50701,19.9
2026-08-02,46147,46.9
2026-08-02,31469,59.9
2026-08-02,32675,39.9
2026-08-02,32674,29.9
2026-08-02,31164,69.9
2026-08-02,52639,12.9
2026-08-02,20757,54.9
2026-08-02,64404,69.9
2026-08-02,63853,279.9
2026-08-02,48105,159.9
2026-08-02,49746,39.9
2026-08-02,49137,39.9
2026-08-02,26086,49.9
2026-08-02,46311,39.9
2026-08-02,49614,129.9
2026-08-02,44042,45000.0
2026-08-02,49132,39.9
2026-08-02,21820,32.9
2026-08-02,49775,44.9
2026-08-02,49776,44.9
2026-08-02,58180,39.9
2026-08-02,50891,99.9
2026-08-02,20764,109.9
2026-08-02,20763,39.9
2026-08-02,20762,39.9
2026-08-02,50087,59.9
2026-08-02,50888,59.9
2026-08-02,49649,39.9
2026-08-02,49648,39.9
2026-08-02,43140,350.0
2026-08-02,44269,49.9
2026-08-02,49122,79.9
2026-08-02,57997,34.9
2026-08-02,14839,259.0
2026-08-02,49124,79.9
2026-08-02,57943,39.9
2026-08-02,34279,129.9
2026-08-02,62253,29.9
2026-08-02,57998,32.9
2026-08-02,62284,74.9
2026-08-02,48104,339.9
2026-08-02,23715,29.9
2026-08-02,50950,29.9
2026-08-02,48632,259.9
2026-08-02,49656,129.9
2026-08-02,49659,129.9
2026-08-02,53858,59.9
2026-08-02,20822,39.9
2026-08-02,49755,54.9
2026-08-02,23077,29.9
2026-08-02,49798,36.9
2026-08-02,49797,36.9
2026-08-02,49800,36.9
2026-08-02,22231,59.9
2026-08-02,43142,350.0
2026-08-02,48236,369.9
2026-08-02,53470,39.9
2026-08-02,64740,24.9
2026-08-02,21831,27.9
2026-08-02,21841,214.9
2026-08-02,21842,189.9
2026-08-02,24645,34.9
2026-08-02,53859,59.9
2026-08-02,56552,121.9
2026-08-02,50896,39.9
2026-08-02,62271,24.9
2026-08-02,21825,28.9
2026-08-02,44845,129.9
2026-08-02,21822,32.9
2026-08-02,50895,29.9
2026-08-02,21823,21.9
2026-08-02,50901,34.9
2026-08-02,41731,149.9
2026-08-02,50894,39.9
2026-08-02,49285,119.9
2026-08-02,21834,51.9
2026-08-02,21835,17.9
2026-08-02,21833,43.9
2026-08-02,21829,32.9
2026-08-02,21649,24.9
2026-08-02,50892,34.9
2026-08-02,43437,799.0
2026-08-02,23724,229.9
2026-08-02,50735,59.9
2026-08-02,59860,29.9
2026-08-02,63868,204.9
2026-08-02,49757,49.9
2026-08-02,49754,36.9
2026-08-02,21846,32.9
2026-08-02,21845,36.9
2026-08-02,49674,29.9
2026-08-02,49822,29.9
2026-08-02,49821,29.9
2026-08-02,63864,34.9
2026-08-02,49616,54.9
2026-08-02,50736,259.9
2026-08-02,50737,24.9
2026-08-02,50739,359.9
2026-08-02,50742,499.9
2026-08-02,63871,29.9
2026-08-02,26119,69.9
2026-08-02,13818,149.89
2026-08-02,14840,99.9
2026-08-02,49397,129.9
2026-08-02,14841,199.89
2026-08-02,50243,14.9
2026-08-02,17444,69.9
2026-08-02,21913,9.9
2026-08-02,24350,49.9
2026-08-02,39570,19.9
2026-08-02,39571,29.9
2026-08-02,21826,32.9
2026-08-02,21827,39.9
2026-08-02,49756,38.9
2026-08-02,50897,29.9
2026-08-02,58178,29.9
2026-08-02,63170,24.9
2026-08-02,57944,44.9
2026-08-02,47924,89.9
2026-08-02,50500,149.9
2026-08-02,53009,44.9
2026-08-02,50899,24.9
2026-08-02,25325,24.9
2026-08-02,47031,399.9
2026-08-02,48715,24.9
2026-08-02,49416,249.0
2026-08-02,28244,299.9
2026-08-02,50750,129.9
2026-08-02,57960,109.9
2026-08-02,50748,79.9
2026-08-02,50965,79.9
2026-08-02,50749,39.9
2026-08-02,2657,69.9
2026-08-02,21832,14.9
2026-08-02,44252,99.0
2026-08-02,2630,299.9
2026-08-02,49645,429.9
2026-08-02,23035,299.9
2026-08-02,23036,259.9
2026-08-02,49141,299.0
2026-08-02,2641,499.9
2026-08-02,64648,24.9
2026-08-02,64650,24.9
2026-08-02,64651,24.9
2026-08-02,23080,4.9
2026-08-02,50680,24.9
2026-08-02,33491,69.9
2026-08-02,20620,69.9
2026-08-02,49396,239.9
2026-08-02,14837,149.91
2026-08-02,57942,44.9
2026-08-02,21819,16.9
2026-08-02,31227,49.9
2026-08-02,63466,59.9
2026-08-02,63197,49.9
2026-08-02,49753,59.9
2026-08-02,57838,49.9
2026-08-02,50210,59.9
2026-08-02,48714,199.9
2026-08-02,48713,259.9
2026-08-02,58162,74.9
2026-08-02,53829,19.96
2026-08-02,54320,7.9
2026-08-02,53788,39.9
2026-08-02,58133,79.9
2026-08-02,57690,19.9
2026-08-02,58521,19.9
2026-08-02,62264,46.9
2026-08-02,46018,19.9
2026-08-02,14369,89.9
2026-08-02,57770,5.9
2026-08-02,57422,129.9
2026-08-02,54769,1.96
2026-08-02,54770,3.56
2026-08-02,54771,2.76
2026-08-02,54772,2.36
2026-08-02,54773,3.96
2026-08-02,54774,3.16
2026-08-02,54847,0.6
2026-08-02,54775,4.36
2026-08-02,54776,1.16
2026-08-02,54777,0.76
2026-08-02,54778,1.56
2026-08-02,54779,5.96
2026-08-02,54780,5.16
2026-08-02,54781,5.16
2026-08-02,54782,5.16
2026-08-02,54783,5.96
2026-08-02,53718,68.9
2026-08-02,56379,68.9
2026-08-02,56387,64.9
2026-08-02,55851,37.2
2026-08-02,54794,0.08
2026-08-02,20241,2.45
2026-08-02,19583,62.9
2026-08-02,53780,16.9
2026-08-02,53779,16.9
2026-08-02,62294,20.9
2026-08-02,46016,15.9
2026-08-02,53761,12.9
2026-08-02,56224,49.9
2026-08-02,56223,49.9
2026-08-02,46022,12.9
2026-08-02,46017,15.9
2026-08-02,53106,4.9
2026-08-02,63226,21.9
2026-08-02,52965,39.9
2026-08-02,52967,159.9
2026-08-02,52966,89.9
2026-08-02,37578,44.9
2026-08-02,24425,22.9
2026-08-02,45938,1.2
2026-08-02,45925,1.2
2026-08-02,45990,2.9
2026-08-02,45998,2.7
2026-08-02,45972,2.7
2026-08-02,45948,4.2
2026-08-02,46033,4.2
2026-08-02,46003,6.3
2026-08-02,45915,6.3
2026-08-02,62399,6.9
2026-08-02,62401,6.9
2026-08-02,55141,6.6
2026-08-02,46006,2.8
2026-08-02,55830,2.2
2026-08-02,56969,229.9
2026-08-02,46537,229.9
2026-08-02,46539,229.9
2026-08-02,46541,229.9
2026-08-02,56988,229.9
2026-08-02,55656,229.9
2026-08-02,5983,229.9
2026-08-02,14356,229.9
2026-08-02,26548,229.9
2026-08-02,5981,229.9
2026-08-02,5982,229.9
2026-08-02,45970,7.0
2026-08-02,55352,9.9
2026-08-02,63213,29.9
2026-08-02,55149,6.9
2026-08-02,53758,16.9
2026-08-02,55160,8.6
2026-08-02,55137,5.7
2026-08-02,62435,9.9
2026-08-02,52512,36.9
2026-08-02,46021,89.9
2026-08-02,20265,2.95
2026-08-02,20266,4.95
2026-08-02,53759,14.9
2026-08-02,52380,153.9
2026-08-02,52382,199.9
2026-08-02,52991,99.9
2026-08-02,52176,44.9
2026-08-02,5974,124.95
2026-08-02,5976,124.95
2026-08-02,64707,149.9
2026-08-02,20297,6.45
2026-08-02,12176,134.9
2026-08-02,44440,13.9
2026-08-02,17187,32.9
2026-08-02,17190,39.9
2026-08-02,17188,49.9
2026-08-02,17189,49.9
2026-08-02,17191,92.9
2026-08-02,17186,56.9
2026-08-02,12177,155.9
2026-08-02,17220,20.0
2026-08-02,30273,59.9
2026-08-02,30279,439.9
2026-08-02,30281,599.0
2026-08-02,19563,45.9
2026-08-02,57989,149.9
2026-08-02,57986,85.9
2026-08-02,57988,64.9
2026-08-02,57985,349.9
2026-08-02,20254,3.95
2026-08-02,20253,3.95
2026-08-02,20292,11.9
2026-08-02,20247,3.95
2026-08-02,20245,3.95
2026-08-02,20239,5.75
2026-08-02,20246,5.95
2026-08-02,20244,8.75
2026-08-02,20301,11.95
2026-08-02,20295,3.45
2026-08-02,20294,3.45
2026-08-02,53193,34.9
2026-08-02,53194,39.9
2026-08-02,52987,59.9
2026-08-02,56399,129.9
2026-08-02,52984,59.9
2026-08-02,52994,69.9
2026-08-02,56381,54.9
2026-08-02,57922,20.0
2026-08-02,57921,44.9
2026-08-02,54153,119.9
2026-08-02,54502,109.9
2026-08-02,54154,139.9
2026-08-02,54156,119.9
2026-08-02,54528,139.9
2026-08-02,54520,139.9
2026-08-02,54530,89.9
2026-08-02,28366,89.9
2026-08-02,24435,49.9
2026-08-02,53182,12.9
2026-08-02,53185,15.9
2026-08-02,53520,15.9
2026-08-02,55849,28.7
2026-08-02,53774,14.9
2026-08-02,32879,24.9
2026-08-02,54071,14.9
2026-08-02,57727,9.9
2026-08-02,60545,20.0
2026-08-02,53184,11.9
2026-08-02,53186,13.9
2026-08-02,20240,2.95
2026-08-02,42316,349.9
2026-08-02,52369,9.9
2026-08-02,63218,72.9
2026-08-02,55193,21.3
2026-08-02,45983,46.6
2026-08-02,46054,15.9
2026-08-02,36860,59.9
2026-08-02,55200,38.2
2026-08-02,24418,86.9
2026-08-02,45971,31.0
2026-08-02,55199,33.4
2026-08-02,55158,8.2
2026-08-02,62439,22.9
2026-08-02,60246,228.0
2026-08-02,36613,14.9
2026-08-02,24422,39.9
2026-08-02,36611,19.9
2026-08-02,55178,14.6
2026-08-02,24432,20.9
2026-08-02,44447,49.9
2026-08-02,17254,69.9
2026-08-02,55165,9.5
2026-08-02,57777,32.9
2026-08-02,57781,52.9
2026-08-02,57778,58.9
2026-08-02,58125,38.9
2026-08-02,57842,6.9
2026-08-02,57776,26.9
2026-08-02,57841,20.9
2026-08-02,54507,149.9
2026-08-02,54058,239.9
2026-08-02,54059,239.9
2026-08-02,54060,209.9
2026-08-02,37940,20.0
2026-08-02,55703,99.9
2026-08-02,46553,199.9
2026-08-02,56378,89.9
2026-08-02,58524,119.9
2026-08-02,47227,89.9
2026-08-02,54523,64.9
2026-08-02,20262,1.95
2026-08-02,53778,28.9
2026-08-02,53777,28.9
2026-08-02,53516,19.9
2026-08-02,55846,41.2
2026-08-02,53372,34.9
2026-08-02,53775,19.9
2026-08-02,58149,38.0
2026-08-02,60245,186.0
2026-08-02,60247,186.0
2026-08-02,53191,29.5
2026-08-02,53190,26.5
2026-08-02,53188,16.9
2026-08-02,54070,26.9
2026-08-02,54069,22.9
2026-08-02,57728,16.9
2026-08-02,54064,22.9
2026-08-02,57729,24.9
2026-08-02,24430,74.9
2026-08-02,54737,34.9
2026-08-02,55129,4.2
2026-08-02,55127,3.8
2026-08-02,55147,6.9
2026-08-02,54740,19.9
2026-08-02,54741,22.9
2026-08-02,11511,399.9
2026-08-02,55826,6.9
2026-08-02,12221,479.9
2026-08-02,42535,20.0
2026-08-02,12219,229.9
2026-08-02,58020,74.9
2026-08-02,33674,49.9
2026-08-02,57852,29.9
2026-08-02,52626,69.9
2026-08-02,54795,119.96
2026-08-02,25687,59.9
2026-08-02,62263,44.9
2026-08-02,53719,28.9
2026-08-02,53716,9.9
2026-08-02,53715,9.9
2026-08-02,53523,31.9
2026-08-02,53526,24.9
2026-08-02,53528,27.9
2026-08-02,53525,26.9
2026-08-02,53524,27.9
2026-08-02,56380,22.9
2026-08-02,24447,24.9
2026-08-02,20258,5.45
2026-08-02,55843,29.9
2026-08-02,54796,27.96
2026-08-02,52586,169.9
2026-08-02,54316,14.9
2026-08-02,55805,1.2
2026-08-02,52390,6.9
2026-08-02,55854,42.0
2026-08-02,32470,2.9
2026-08-02,53833,31.96
2026-08-02,54797,135.96
2026-08-02,57779,52.9
2026-08-02,58128,49.9
2026-08-02,57780,36.9
2026-08-02,53462,7.96
2026-08-02,57738,37.9
2026-08-02,45457,249.9
2026-08-02,52968,669.9
2026-08-02,54748,129.9
2026-08-02,55704,54.9
2026-08-02,57746,52.9
2026-08-02,57745,49.9
2026-08-02,17256,159.9
2026-08-02,58526,49.9
2026-08-02,17260,49.9
2026-08-02,17262,99.9
2026-08-02,36608,74.9
2026-08-02,52844,14.9
2026-08-02,57739,49.9
2026-08-02,57927,199.9
2026-08-02,58139,69.9
2026-08-02,58143,119.9
2026-08-02,57691,109.9
2026-08-02,58142,44.9
2026-08-02,58141,56.9
2026-08-02,58134,84.0
2026-08-02,58135,69.9
2026-08-02,57694,69.9
2026-08-02,57744,39.9
2026-08-02,57743,39.9
2026-08-02,57993,339.9
2026-08-02,57742,29.9
2026-08-02,57741,32.9
2026-08-02,57740,29.9
2026-08-02,54798,27.96
2026-08-02,53835,91.96
2026-08-02,54799,27.96
2026-08-02,57731,46.9
2026-08-02,54117,44.5
2026-08-02,62272,25.9
2026-08-02,62441,24.9
2026-08-02,46079,11.5
2026-08-02,54743,34.9
2026-08-02,19263,124.9
2026-08-02,21614,31.9
2026-08-02,24429,68.9
2026-08-02,57737,22.9
2026-08-02,46011,49.9
2026-08-02,12171,159.9
2026-08-02,41485,349.9
2026-08-02,36862,20.9
2026-08-02,45985,4.6
2026-08-02,24431,59.9
2026-08-02,19262,79.9
2026-08-02,19349,79.9
2026-08-02,19348,89.9
2026-08-02,45941,29.0
2026-08-02,46015,29.9
2026-08-02,17267,59.9
2026-08-02,24428,169.9
2026-08-02,19266,149.9
2026-08-02,19265,169.9
2026-08-02,45988,1.2
2026-08-02,19580,20.9
2026-08-02,46492,219.9
2026-08-02,46465,129.9
2026-08-02,46468,199.9
2026-08-02,46444,199.9
2026-08-02,46474,179.9
2026-08-02,55369,124.9
2026-08-02,55370,124.9
2026-08-02,57721,45.9
2026-08-02,57720,22.9
2026-08-02,57708,31.9
2026-08-02,57707,31.9
2026-08-02,57718,21.9
2026-08-02,57719,22.9
2026-08-02,57723,32.9
2026-08-02,46008,49.9
2026-08-02,58168,99.9
2026-08-02,57713,45.9
2026-08-02,57711,45.9
2026-08-02,57712,45.9
2026-08-02,57722,40.9
2026-08-02,52379,89.9
2026-08-02,52378,89.9
2026-08-02,52975,139.9
2026-08-02,53105,54.9
2026-08-02,56407,16.9
2026-08-02,56409,16.9
2026-08-02,56406,26.9
2026-08-02,28356,189.9
2026-08-02,46534,199.9
2026-08-02,46522,199.9
2026-08-02,46524,129.9
2026-08-02,6034,169.9
2026-08-02,56481,159.9
2026-08-02,53056,49.9
2026-08-02,57256,49.9
2026-08-02,53840,15.96
2026-08-02,56979,139.9
2026-08-02,46441,189.9
2026-08-02,46533,149.9
2026-08-02,46458,129.9
2026-08-02,53842,23.96
2026-08-02,53843,31.96
2026-08-02,6044,129.9
2026-08-02,56479,139.9
2026-08-02,53142,35.96
2026-08-02,53084,15.96
2026-08-02,28348,199.9
2026-08-02,28367,179.9
2026-08-02,28355,189.9
2026-08-02,57428,129.9
2026-08-02,46547,149.9
2026-08-02,6005,199.9
2026-08-02,5999,199.9
2026-08-02,46532,199.9
2026-08-02,46538,189.9
2026-08-02,46540,199.9
2026-08-02,46462,229.9
2026-08-02,28347,229.9
2026-08-02,28349,169.9
2026-08-02,46536,199.9
2026-08-02,53455,3.96
2026-08-02,46535,199.9
2026-08-02,5989,229.9
2026-08-02,5995,239.9
2026-08-02,34966,29.9
2026-08-02,5988,229.9
2026-08-02,6003,229.9
2026-08-02,46464,199.9
2026-08-02,53459,19.96
2026-08-02,53848,75.96
2026-08-02,54035,7.96
2026-08-02,46552,199.9
2026-08-02,28353,159.9
2026-08-02,28341,159.9
2026-08-02,3822,159.9
2026-08-02,52515,89.0
2026-08-02,57257,49.9
2026-08-02,33781,199.9
2026-08-02,46521,149.9
2026-08-02,5984,239.9
2026-08-02,46546,199.9
2026-08-02,53957,27.96
2026-08-02,46459,129.9
2026-08-02,46438,229.9
2026-08-02,53958,7.96
2026-08-02,53456,39.96
2026-08-02,53458,49.96
2026-08-02,46549,189.9
2026-08-02,5993,199.9
2026-08-02,5992,199.9
2026-08-02,46545,199.9
2026-08-02,6008,179.9
2026-08-02,56978,149.9
2026-08-02,52472,99.9
2026-08-02,28357,199.9
2026-08-02,46487,129.9
2026-08-02,46476,129.9
2026-08-02,46481,129.9
2026-08-02,52608,50.0
2026-08-02,54805,19.96
2026-08-02,46049,89.9
2026-08-02,52997,169.9
2026-08-02,56419,279.9
2026-08-02,52995,169.9
2026-08-02,16795,249.9
2026-08-02,28364,99.9
2026-08-02,19346,89.9
2026-08-02,19264,149.9
2026-08-02,55182,16.3
2026-08-02,55185,16.3
2026-08-02,55181,16.3
2026-08-02,55152,7.6
2026-08-02,30038,54.9
2026-08-02,46045,74.9
2026-08-02,63219,25.9
2026-08-02,45939,4.8
2026-08-02,45975,4.8
2026-08-02,45949,2.8
2026-08-02,45945,4.0
2026-08-02,45994,4.0
2026-08-02,46004,4.0
2026-08-02,45974,4.0
2026-08-02,46000,4.0
2026-08-02,55167,11.0
2026-08-02,11326,259.9
2026-08-02,63090,41.6
2026-08-02,55202,51.0
2026-08-02,55191,20.8
2026-08-02,55192,20.8
2026-08-02,45993,3.0
2026-08-02,45927,3.0
2026-08-02,45920,2.6
2026-08-02,45926,2.6
2026-08-02,44437,69.9
2026-08-02,36603,179.9
2026-08-02,11328,274.9
2026-08-02,58523,159.9
2026-08-02,55198,30.6
2026-08-02,14368,114.9
2026-08-02,12174,219.9
2026-08-02,17194,64.9
2026-08-02,44445,169.9
2026-08-02,29948,399.9
2026-08-02,19566,56.9
2026-08-02,44441,54.9
2026-08-02,11330,69.9
2026-08-02,46056,45.9
2026-08-02,21984,169.9
2026-08-02,52240,199.9
2026-08-02,55616,36.9
2026-08-02,55159,15.9
2026-08-02,45986,34.9
2026-08-02,58152,8.9
2026-08-02,53853,21.96
2026-08-02,52985,29.9
2026-08-02,46523,379.9
2026-08-02,52525,149.9
2026-08-02,37990,799.0
2026-08-02,62314,149.9
2026-08-02,52386,309.9
2026-08-02,60244,200.0
2026-08-02,63172,99.9
2026-08-02,63173,99.9
2026-08-02,37991,899.0
2026-08-02,28344,259.9
2026-08-02,46511,189.9
2026-08-02,46519,259.9
2026-08-02,46505,189.9
2026-08-02,46453,1199.0
2026-08-02,46493,899.0
2026-08-02,54509,79.9
2026-08-02,37237,79.9
2026-08-02,54061,54.9
2026-08-02,57418,79.9
2026-08-02,52241,79.9
2026-08-02,57894,119.9
2026-08-02,57429,99.9
2026-08-02,57417,119.9
2026-08-02,57425,199.9
2026-08-02,57423,89.9
2026-08-02,57419,79.9
2026-08-02,57735,11.9
2026-08-02,57928,59.9
2026-08-02,57749,69.9
2026-08-02,54066,69.9
2026-08-02,20257,2.95
2026-08-02,20255,2.95
2026-08-02,56413,84.9
2026-08-02,56410,89.9
2026-08-02,57426,79.9
2026-08-02,20296,2.95
2026-08-02,62445,54.9
2026-08-02,53751,9.9
2026-08-02,62440,9.9
2026-08-02,63215,12.9
2026-08-02,31895,29.9
2026-08-02,29449,24.9
2026-08-02,54068,19.9
2026-08-02,53187,14.9
2026-08-02,58131,44.9
2026-08-02,16212,21.9
2026-08-02,62256,9.9
2026-08-02,62258,14.9
2026-08-02,19569,35.9
2026-08-02,53762,15.9
2026-08-02,55203,65.9
2026-08-02,20270,2.95
2026-08-02,20260,6.45
2026-08-02,20261,10.95
2026-08-02,20242,2.25
2026-08-02,20269,2.95
2026-08-02,20237,4.45
2026-08-02,20238,6.95
2026-08-02,29942,20.0
2026-08-02,62438,44.9
2026-08-02,62293,34.9
2026-08-02,44448,94.9
2026-08-02,57851,34.9
2026-08-02,33662,249.9
2026-08-02,33664,89.9
2026-08-02,33656,199.9
2026-08-02,10966,429.9
2026-08-02,52587,59.9
2026-08-02,44446,39.9
2026-08-02,62444,17.9
2026-08-02,53765,13.9
2026-08-02,26546,599.9
2026-08-02,54810,39.96
2026-08-02,53766,22.9
2026-08-02,37634,899.9
2026-08-02,56984,223.93
2026-08-02,62402,24.9
2026-08-02,62262,24.9
2026-08-02,53315,24.9
2026-08-02,53453,11.96
2026-08-02,57730,17.9
2026-08-02,54812,19.96
2026-08-02,57592,69.9
2026-08-02,52974,109.9
2026-08-02,54814,41.96
2026-08-02,62446,4.9
2026-08-02,54815,45.96
2026-08-02,54816,45.96
2026-08-02,54817,45.96
2026-08-02,56970,69.9
2026-08-02,54510,14.9
2026-08-02,54055,24.9
2026-08-02,54053,49.9
2026-08-02,54054,74.9
2026-08-02,54057,22.9
2026-08-02,55142,6.8
2026-08-02,55143,6.8
2026-08-02,58146,39.9
2026-08-02,45973,5.0
2026-08-02,45954,5.0
2026-08-02,62437,19.9
2026-08-02,52839,6.9
2026-08-02,62433,19.9
2026-08-02,62432,8.9
2026-08-02,54062,12.9
2026-08-02,46120,51.9
2026-08-02,46046,51.9
2026-08-02,47229,22.9
2026-08-02,64853,260.0
2026-08-02,52993,49.9
2026-08-02,53086,7.96
2026-08-02,57431,79.9
2026-08-02,54813,39.96
2026-08-02,53087,11.96
2026-08-02,54761,31.96
2026-08-02,62318,179.9
2026-08-02,58525,279.9
2026-08-02,57774,29.9
2026-08-02,25677,29.9
2026-08-02,54018,9.9
2026-08-02,46125,18.9
2026-08-02,54016,9.9
2026-08-02,36863,10.9
2026-08-02,36864,10.9
2026-08-02,54017,15.9
2026-08-02,32459,36.9
2026-08-02,62456,199.9
2026-08-02,54067,24.9
2026-08-02,54014,9.9
2026-08-02,33672,12.9
2026-08-02,46014,25.9
2026-08-02,54015,14.9
2026-08-02,46112,40.0
2026-08-02,53412,35.96
2026-08-02,47230,29.9
2026-08-02,24438,49.9
2026-08-02,25721,15.9
2026-08-02,58164,49.9
2026-08-02,36610,20.0
2026-08-02,31800,339.9
2026-08-02,62457,149.9
2026-08-02,32882,9.9
2026-08-02,62260,489.9
2026-08-02,37941,50.0
2026-08-02,58130,26.9
2026-08-02,54318,14.9
2026-08-02,52973,219.9
2026-08-02,52977,44.9
2026-08-02,55620,47.9
2026-08-02,55622,64.9
2026-08-02,52980,89.9
2026-08-02,58514,169.9
2026-08-02,55629,9.9
2026-08-02,52979,89.9
2026-08-02,52981,18.9
2026-08-02,52982,37.9
2026-08-02,52175,65.9
2026-08-02,58173,69.9
2026-08-02,57929,49.9
2026-08-02,62319,109.9
2026-08-02,54818,25.96
2026-08-02,54819,51.96
2026-08-02,53856,91.96
2026-08-02,53463,1.96
2026-08-02,19579,34.9
2026-08-02,58160,54.9
2026-08-02,5997,49.95
2026-08-02,5996,49.95
2026-08-02,46012,10.9
2026-08-02,63220,17.9
2026-08-02,58170,9.9
2026-08-02,52371,9.9
2026-08-02,52373,15.9
2026-08-02,55130,4.9
2026-08-02,55172,22.9
2026-08-02,29623,7.9
2026-08-02,46010,10.9
2026-08-02,53405,19.9
2026-08-02,57772,13.9
2026-08-02,60542,5.9
2026-08-02,20259,5.25
2026-08-02,54466,1.31
2026-08-02,53333,59.9
2026-08-02,53063,4.9
2026-08-02,54820,39.96
2026-08-02,54821,39.96
2026-08-02,63658,29.97
2026-08-02,56484,149.9
2026-08-02,62447,224.9
2026-08-02,53371,9.9
2026-08-02,52527,249.9
2026-08-02,55360,149.9
2026-08-02,62415,599.0
2026-08-02,62414,549.0
2026-08-02,52529,99.9
2026-08-02,31044,399.9
2026-08-02,23634,169.9
2026-08-02,58271,35.0
2026-08-02,63425,29.9
2026-08-02,6167,477.0
2026-08-02,6147,677.0
2026-08-02,6150,977.0
2026-08-02,6140,1877.0
2026-08-02,24082,999.0
2026-08-02,24083,1499.0
2026-08-02,63423,29.9
2026-08-02,63424,24.9
2026-08-02,63523,9.9
2026-08-02,63422,19.9
2026-08-02,63499,9.9
2026-08-02,36812,39.9
2026-08-02,63416,69.9
2026-08-02,63415,49.9
2026-08-02,23666,799.0
2026-08-02,63408,59.9
2026-08-02,10791,24.9
2026-08-02,10692,24.9
2026-08-02,63420,265.0
2026-08-02,63439,55.0
2026-08-02,23974,29.9
2026-08-02,58251,299.0
2026-08-02,63426,29.9
2026-08-02,43760,49.9
2026-08-02,58264,299.0
2026-08-02,18199,69.9
2026-08-02,18191,69.9
2026-08-02,10625,69.9
2026-08-02,24078,222.0
2026-08-02,24077,222.0
2026-08-02,63419,139.9
2026-08-02,63409,169.9
2026-08-02,63406,169.9
2026-08-02,58281,99.0
2026-08-02,58280,99.0
2026-08-02,58279,99.0
2026-08-02,37251,29.9
2026-08-02,58277,67.0
2026-08-02,58274,157.0
2026-08-02,58278,67.0
2026-08-02,58282,299.0
2026-08-02,58283,222.0
2026-08-02,37087,39.9
2026-08-02,54358,24.9
2026-08-02,63413,222.0
2026-08-02,24039,79.9
2026-08-02,36939,159.9
2026-08-02,11692,269.9
2026-08-02,45318,229.9
2026-08-02,31049,299.9
2026-08-02,45320,169.9
2026-08-02,45322,379.9
2026-08-02,45323,479.9
2026-08-02,45327,844.0
2026-08-02,45328,1222.0
2026-08-02,45324,289.9
2026-08-02,45325,329.9
2026-08-02,31050,169.9
2026-08-02,24179,659.9
2026-08-02,24180,279.9
2026-08-02,24181,359.9
2026-08-02,24185,449.9
2026-08-02,45334,249.9
2026-08-02,36624,34.9
2026-08-02,18956,499.9
2026-08-02,18957,599.9
2026-08-02,63410,39.9
2026-08-02,63411,24.9
2026-08-02,18465,139.9
2026-08-02,63392,14.9
2026-08-02,63456,25.0
2026-08-02,63438,79.9
2026-08-02,6146,1799.0
2026-08-02,63412,69.9
2026-08-02,18162,29.9
2026-08-02,63444,45.0
2026-08-02,63445,89.9
2026-08-02,63446,45.0
2026-08-02,63434,49.9
2026-08-02,63447,69.9
2026-08-02,11117,444.0
2026-08-02,52441,153.6
2026-08-02,58294,99.0
2026-08-02,58300,67.0
2026-08-02,58286,135.0
2026-08-02,58289,147.0
2026-08-02,58298,99.0
2026-08-02,18175,55.0
2026-08-02,58295,137.0
2026-08-02,58291,137.0
2026-08-02,58287,67.0
2026-08-02,58296,99.0
2026-08-02,58370,177.0
2026-08-02,58292,177.0
2026-08-02,58290,166.0
2026-08-02,58297,77.0
2026-08-02,58293,137.0
2026-08-02,64857,299.9
2026-08-02,58275,77.0
2026-08-02,63449,349.9
2026-08-02,18190,69.9
2026-08-02,31052,69.9
2026-08-02,11681,69.9
2026-08-02,11682,69.9
2026-08-02,23314,69.9
2026-08-02,43747,69.9
2026-08-02,11685,199.9
2026-08-02,43759,99.9
2026-08-02,43754,99.9
2026-08-02,58248,555.0
2026-08-02,58249,555.0
2026-08-02,24062,69.9
2026-08-02,23319,69.9
2026-08-02,11683,69.9
2026-08-02,11684,69.9
2026-08-02,43752,69.9
2026-08-02,31051,69.9
2026-08-02,46408,49.9
2026-08-02,46411,49.9
2026-08-02,18192,69.9
2026-08-02,58307,69.9
2026-08-02,58309,69.9
2026-08-02,45329,69.9
2026-08-02,58263,69.9
2026-08-02,10645,79.9
2026-08-02,58270,99.9
2026-08-02,45330,99.9
2026-08-02,58266,99.9
2026-08-02,43970,69.9
2026-08-02,58310,69.9
2026-08-02,24232,69.9
2026-08-02,24236,69.9
2026-08-02,58265,69.9
2026-08-02,45332,69.9
2026-08-02,58306,69.9
2026-08-02,54336,39.9
2026-08-02,18188,199.9
2026-08-02,63428,199.9
2026-08-02,51194,19.9
2026-08-02,51200,49.9
2026-08-02,51199,49.9
2026-08-02,36809,65.0
2026-08-02,63391,27.0
2026-08-02,58305,59.0
2026-08-02,63450,45.0
2026-08-02,63452,79.9
2026-08-02,63389,39.9
2026-08-02,63513,49.9
2026-08-02,63417,22.0
2026-08-02,36819,9.9
2026-08-02,36820,9.9
2026-08-02,63430,69.9
2026-08-02,63432,49.9
2026-08-02,63516,59.9
2026-08-02,46694,24.9
2026-08-02,52250,9.9
2026-08-02,52249,9.9
2026-08-02,52252,9.9
2026-08-02,46627,9.9
2026-08-02,52244,9.9
2026-08-02,52245,9.9
2026-08-02,52251,9.9
2026-08-02,46690,34.9
2026-08-02,52246,9.9
2026-08-02,63429,125.0
2026-08-02,63451,59.9
2026-08-02,55066,62.2
2026-08-02,54345,69.9
2026-08-02,54347,49.9
2026-08-02,36817,69.9
2026-08-02,52173,69.9
2026-08-02,63514,54.9
2026-08-02,63511,44.9
2026-08-02,52477,34.9
2026-08-02,52479,34.9
2026-08-02,52480,34.9
2026-08-02,53290,19.9
2026-08-02,53289,19.9
2026-08-02,53293,9.9
2026-08-02,53294,9.9
2026-08-02,50365,69.9
2026-08-02,51783,49.9
2026-08-02,63512,79.9
2026-08-02,18140,39.9
2026-08-02,52530,24.9
2026-08-02,63421,49.9
2026-08-02,63407,25.0
2026-08-02,58260,255.0
2026-08-02,63418,199.9
2026-08-02,63503,49.9
2026-08-02,63504,24.9
2026-08-02,61694,5399.0
2026-08-02,61700,5399.0
2026-08-02,61702,5399.0
2026-08-02,61703,3359.0
2026-08-02,53561,189.9
2026-08-02,53560,189.9
2026-08-02,53549,169.9
2026-08-02,53566,239.9
2026-08-02,53427,29.9
2026-08-02,63069,52.9
2026-08-02,62909,42.9
2026-08-02,62910,42.9
2026-08-02,62911,42.9
2026-08-02,53545,109.9
2026-08-02,53325,120.0
2026-08-02,53355,109.9
2026-08-02,61701,11519.0
2026-08-02,61696,11519.0
2026-08-02,61693,11519.0
2026-08-02,61705,11879.0
2026-08-02,61947,419.9
2026-08-02,53287,119.9
2026-08-02,53286,49.9
2026-08-02,62208,169.9
2026-08-02,59288,899.9
2026-08-02,61706,13079.0
2026-08-02,61716,4679.0
2026-08-02,61704,4679.0
2026-08-02,61855,18239.0
2026-08-02,61856,16679.0
2026-08-02,61717,18239.0
2026-08-02,53256,29.9
2026-08-02,53557,169.9
2026-08-02,53550,169.9
2026-08-02,53553,169.9
2026-08-02,53554,169.9
2026-08-02,53551,169.9
2026-08-02,53396,69.9
2026-08-02,53398,39.92
2026-08-02,61698,7679.0
2026-08-02,61699,5279.0
2026-08-02,53326,300.0
2026-08-02,53547,79.9
2026-08-02,53548,79.9
2026-08-02,53546,99.9
2026-08-02,53331,106.0
2026-08-02,53330,106.0
2026-08-02,53363,129.9
2026-08-02,53570,99.0
2026-08-02,53380,24.9
2026-08-02,53753,49.9
2026-08-02,53102,49.9
2026-08-02,53713,99.9
2026-08-02,53706,115.9
2026-08-02,55860,99.9
2026-08-02,53756,139.9
2026-08-02,53755,79.9
2026-08-02,53707,49.9
2026-08-02,53732,89.9
2026-08-02,59961,2000.0
2026-08-02,53770,79.9
2026-08-02,53192,22.9
2026-08-02,46019,62.9
2026-08-02,56420,89.9
2026-08-02,46097,55.93
2026-08-02,53735,29.9
2026-08-02,53198,79.9
2026-08-02,53747,137.9
2026-08-02,53744,76.9
2026-08-02,53203,149.9
2026-08-02,53739,299.9
2026-08-02,53740,159.9
2026-08-02,53103,239.9
2026-08-02,53746,229.9
2026-08-02,53749,214.9
2026-08-02,56393,130.9
2026-08-02,53202,125.9
2026-08-02,55863,119.9
2026-08-02,55862,125.9
2026-08-02,53750,59.9
2026-08-02,53200,129.9
2026-08-02,55848,59.9
2026-08-02,55844,27.9
2026-08-02,53196,59.9
2026-08-02,55864,129.9
2026-08-02,53204,129.9
2026-08-02,53741,264.9
2026-08-02,53743,239.9
2026-08-02,56889,19.9
2026-08-02,53183,10.9
2026-08-02,40490,0.0
2026-08-02,53641,44.9
2026-08-02,42041,379.9
2026-08-02,52956,69.9
2026-08-02,42049,649.9
2026-08-02,42378,99.9
2026-08-02,39840,159.9
2026-08-02,64813,49.9
2026-08-02,64812,69.9
2026-08-02,38609,119.9
2026-08-02,64738,46.9
2026-08-02,64737,99.9
2026-08-02,64734,89.9
2026-08-02,64865,219.9
2026-08-02,58096,69.9
2026-08-02,31598,59.9
2026-08-02,52450,29.0
2026-08-02,64225,19.9
2026-08-02,64226,39.9
2026-08-02,52961,159.9
2026-08-02,57909,119.9
2026-08-02,52959,109.9
2026-08-02,64745,229.9
2026-08-02,64814,49.9
2026-08-02,64299,239.9
2026-08-02,64862,649.9
2026-08-02,64870,459.9
2026-08-02,35748,169.9
2026-08-02,64200,44.9
2026-08-02,64201,39.9
2026-08-02,52445,49.0
2026-08-02,64199,29.9
2026-08-02,64792,189.9
2026-08-02,64726,14.9
2026-08-02,63766,287.91
2026-08-02,63765,233.91
2026-08-02,63767,359.91
2026-08-02,38660,139.9
2026-08-02,52215,89.9
2026-08-02,64213,64.9
2026-08-02,64221,59.9
2026-08-02,64218,29.9
2026-08-02,64192,22.9
2026-08-02,63063,43.8
2026-08-02,64191,49.9
2026-08-02,64190,29.9
2026-08-02,64189,23.9
2026-08-02,52219,129.9
2026-08-02,52221,49.9
2026-08-02,52222,49.9
2026-08-02,64215,29.9
2026-08-02,64198,32.9
2026-08-02,63064,44.0
2026-08-02,64212,34.9
2026-08-02,64222,39.9
2026-08-02,64194,32.9
2026-08-02,64193,29.9
2026-08-02,64731,34.9
2026-08-02,64732,34.9
2026-08-02,64730,34.9
2026-08-02,52568,149.9
2026-08-02,52550,139.9
2026-08-02,53340,149.9
2026-08-02,52564,109.9
2026-08-02,52546,139.9
2026-08-02,58097,89.9
2026-08-02,53643,69.9
2026-08-02,53644,69.9
2026-08-02,52940,79.9
2026-08-02,58098,39.9
2026-08-02,52571,36.9
2026-08-02,64728,21.9
2026-08-02,64729,21.9
2026-08-02,64727,22.9
2026-08-02,64742,16.9
2026-08-02,64220,59.9
2026-08-02,64217,84.9
2026-08-02,64736,39.9
2026-08-02,64783,119.9
2026-08-02,52943,189.9
2026-08-02,52567,169.9
2026-08-02,64197,79.9
2026-08-02,64195,59.9
2026-08-02,64214,39.9
2026-08-02,64788,29.9
2026-08-02,12565,59.9
2026-08-02,64793,79.9
2026-08-02,31596,69.9
2026-08-02,31597,54.9
2026-08-02,52949,54.9
2026-08-02,52950,49.9
2026-08-02,31595,66.9
2026-08-02,64799,43.9
2026-08-02,64800,89.9
2026-08-02,64790,149.9
2026-08-02,57819,99.9
2026-08-02,64818,60.9
2026-08-02,52951,69.9
2026-08-02,58034,49.9
2026-08-02,64805,56.9
2026-08-02,64807,169.9
2026-08-02,64787,109.9
2026-08-02,64811,49.9
2026-08-02,64204,24.9
2026-08-02,64228,19.9
2026-08-02,64206,20.0
2026-08-02,64216,44.9
2026-08-02,64791,29.9
2026-08-02,52534,119.9
2026-08-02,57908,34.9
2026-08-02,64224,24.9
2026-08-02,54696,14.9
2026-08-02,64739,56.9
2026-08-02,64733,34.9
2026-08-02,64735,34.9
2026-08-02,57906,34.9
2026-08-02,64786,39.9
2026-08-02,52953,99.9
2026-08-02,57700,199.9
2026-08-02,58124,49.9
2026-08-02,64803,149.9
2026-08-02,64817,70.9
2026-08-02,64798,34.9
2026-08-02,64802,49.9
2026-08-02,64338,36.9
2026-08-02,52451,74.9
2026-08-02,52452,56.9
2026-08-02,58099,14.9
2026-08-02,58100,19.9
2026-08-02,64219,64.9
2026-08-02,64229,89.9
2026-08-02,64196,39.9
2026-08-02,52724,29.9
2026-08-02,38591,69.9
2026-08-02,52632,34.9
2026-08-02,57907,34.9
2026-08-02,64202,39.9
2026-08-02,64223,24.9
2026-08-02,64227,34.9
2026-08-02,64185,23.9
2026-08-02,64188,29.9
2026-08-02,64801,76.9
2026-08-02,64797,119.9
2026-08-02,52449,59.9
2026-08-02,52533,69.9
2026-08-02,64186,39.9
2026-08-02,64182,49.9
2026-08-02,64187,43.9
2026-08-02,64208,44.9
2026-08-02,64179,49.9
2026-08-02,64180,69.9
2026-08-02,64178,49.9
2026-08-02,64181,39.9
2026-08-02,64746,19.9
2026-08-02,57882,49.0
2026-08-02,44960,34.9
2026-08-02,44962,34.9
2026-08-02,64183,59.9
2026-08-02,64823,119.9
2026-08-02,64822,179.9
2026-08-02,64806,94.9
2026-08-02,64203,29.9
2026-08-02,64209,34.5
2026-08-02,57589,379.9
2026-08-02,64743,299.9
2026-08-02,64804,76.9
2026-08-02,42037,219.9
2026-08-02,64741,16.9
2026-08-02,64808,199.9
2026-08-02,52962,54.9
2026-08-02,58103,66.9
2026-08-02,53648,54.9
2026-08-02,53649,54.9
2026-08-02,52963,54.9
2026-08-02,58104,54.9
2026-08-02,52453,74.9
2026-08-02,52414,69.9
2026-08-02,52416,64.9
2026-08-02,52415,74.9
2026-08-02,64816,39.9
2026-08-02,64340,39.9
2026-08-02,64341,39.9
2026-08-02,64795,129.9
2026-08-02,64794,179.9
2026-08-02,64796,79.9
2026-08-02,31599,179.9
2026-08-02,64205,74.9
2026-08-02,64207,89.9
2026-08-02,64211,74.9
2026-08-02,64810,69.9
2026-08-02,64809,99.9
2026-08-02,52220,149.9
2026-08-02,58074,74.9
2026-08-02,49247,2.5
2026-08-02,64308,16.9
2026-08-02,31590,49.9
2026-08-02,10138,249.9
2026-08-02,57762,79.9
2026-08-02,28642,12.9
2026-08-02,16774,42.9
2026-08-02,28683,9.9
2026-08-02,28686,13.9
2026-08-02,28714,9.9
2026-08-02,38850,54.9
2026-08-02,15663,129.9
2026-08-02,64699,29.9
2026-08-02,36585,89.9
2026-08-02,36587,159.9
2026-08-02,36586,49.9
2026-08-02,63689,99.9
2026-08-02,64374,59.9
2026-08-02,64375,89.9
2026-08-02,27157,79.9
2026-08-02,49040,79.9
2026-08-02,30031,59.9
2026-08-02,30154,329.0
2026-08-02,32324,249.0
2026-08-02,64713,149.9
2026-08-02,12082,209.9
2026-08-02,12083,439.0
2026-08-02,16778,69.9
2026-08-02,12092,469.0
2026-08-02,10224,399.0
2026-08-02,7000,539.0
2026-08-02,14137,189.9
2026-08-02,62919,31.0
2026-08-02,15661,149.9
2026-08-02,49627,99.9
2026-08-02,16777,59.9
2026-08-02,32317,289.9
2026-08-02,49146,199.9
2026-08-02,55003,107.8
2026-08-02,31264,109.9
2026-08-02,34215,109.9
2026-08-02,34216,109.9
2026-08-02,47495,109.9
2026-08-02,49355,19.9
2026-08-02,64720,26.9
2026-08-02,64712,69.9
2026-08-02,64129,16.9
2026-08-02,27175,19.9
2026-08-02,28685,13.9
2026-08-02,13823,389.0
2026-08-02,64719,44.9
2026-08-02,20405,12.9
2026-08-02,49039,3690.0
2026-08-02,49036,3490.0
2026-08-02,12103,69.9
2026-08-02,18346,169.9
2026-08-02,14460,89.9
2026-08-02,16787,54.9
2026-08-02,49357,949.0
2026-08-02,64147,799.9
2026-08-02,32331,869.0
2026-08-02,32330,749.0
2026-08-02,12087,1069.0
2026-08-02,48395,499.0
2026-08-02,49803,119.9
2026-08-02,49598,569.0
2026-08-02,49626,319.9
2026-08-02,38842,289.0
2026-08-02,41975,419.9
2026-08-02,50543,59.9
2026-08-02,12101,419.0
2026-08-02,10228,219.9
2026-08-02,34199,179.9
2026-08-02,49256,249.9
2026-08-02,47050,1349.6
2026-08-02,47460,727.04
2026-08-02,49704,99.9
2026-08-02,49834,79.9
2026-08-02,55613,249.9
2026-08-02,21388,1899.9
2026-08-02,38852,39.9
2026-08-02,38851,109.9
2026-08-02,30042,79.9
2026-08-02,49350,19.9
2026-08-02,32311,119.9
2026-08-02,38849,33.9
2026-08-02,12105,129.9
2026-08-02,49149,54.9
2026-08-02,49159,4.9
2026-08-02,32307,36.9
2026-08-02,38853,29.9
2026-08-02,17834,79.9
2026-08-02,12368,69.9
2026-08-02,49632,64.9
2026-08-02,50467,19.9
2026-08-02,12367,89.9
2026-08-02,32314,229.9
2026-08-02,31778,79.9
2026-08-02,55034,12.9
2026-08-02,10227,219.9
2026-08-02,25337,999.0
2026-08-02,32342,429.9
2026-08-02,32436,569.0
2026-08-02,18351,689.0
2026-08-02,18404,149.9
2026-08-02,18401,66.9
2026-08-02,18400,66.9
2026-08-02,18402,139.9
2026-08-02,18399,66.9
2026-08-02,49824,66.9
2026-08-02,49825,66.9
2026-08-02,18398,99.9
2026-08-02,18395,139.9
2026-08-02,18396,119.9
2026-08-02,18397,119.9
2026-08-02,49777,79.9
2026-08-02,50866,64.9
2026-08-02,50293,19.9
2026-08-02,26730,10.9
2026-08-02,48332,11.9
2026-08-02,32313,349.0
2026-08-02,32309,159.9
2026-08-02,32310,179.9
2026-08-02,49827,99.0
2026-08-02,49712,199.9
2026-08-02,34217,199.9
2026-08-02,49412,79.9
2026-08-02,64145,869.0
2026-08-02,16782,379.9
2026-08-02,38854,99.9
2026-08-02,64130,69.9
2026-08-02,14139,124.9
2026-08-02,50294,39.9
2026-08-02,16752,126.9
2026-08-02,28721,13.9
2026-08-02,16748,29.9
2026-08-02,50857,79.9
2026-08-02,34137,99.9
2026-08-02,27169,14.9
2026-08-02,49721,859.9
2026-08-02,48205,46.9
2026-08-02,54998,189.9
2026-08-02,42024,69.9
2026-08-02,55395,44.9
2026-08-02,48590,299.0
2026-08-02,49601,299.0
2026-08-02,48592,299.0
2026-08-02,49478,149.9
2026-08-02,56973,104.9
2026-08-02,59456,1499.0
2026-08-02,5365,1099.0
2026-08-02,47658,1919.0
2026-08-02,47663,1919.0
2026-08-02,59342,1599.0
2026-08-02,6787,899.0
2026-08-02,3213,1049.0
2026-08-02,50409,44.9
2026-08-02,26732,19.9
2026-08-02,64718,34.9
2026-08-02,16779,139.9
2026-08-02,12361,129.9
2026-08-02,50295,44.9
2026-08-02,16786,49.9
2026-08-02,50865,64.9
2026-08-02,40129,149.0
2026-08-02,46643,24.9
2026-08-02,35536,399.0
2026-08-02,12359,199.9
2026-08-02,48240,23.9
2026-08-02,20236,49.9
2026-08-02,30041,229.0
2026-08-02,12094,379.0
2026-08-02,16760,94.9
2026-08-02,49254,179.9
2026-08-02,49082,44.9
2026-08-02,49083,36.9
2026-08-02,49257,129.9
2026-08-02,64118,96.9
2026-08-02,64121,96.9
2026-08-02,64127,149.9
2026-08-02,64119,96.9
2026-08-02,50154,209.93
2026-08-02,50153,209.93
2026-08-02,64124,149.9
2026-08-02,64122,149.9
2026-08-02,64128,199.9
2026-08-02,64123,149.9
2026-08-02,50157,181.93
2026-08-02,50156,181.93
2026-08-02,50155,181.93
2026-08-02,47492,36.9
2026-08-02,47488,54.9
2026-08-02,47493,9.9
2026-08-02,47489,24.9
2026-08-02,64116,39.9
2026-08-02,64125,79.9
2026-08-02,64113,39.9
2026-08-02,64117,56.9
2026-08-02,64126,99.9
2026-08-02,64120,56.9
2026-08-02,64115,56.9
2026-08-02,39006,299.9
2026-08-02,38998,179.9
2026-08-02,38999,299.9
2026-08-02,39005,459.9
2026-08-02,44620,219.9
2026-08-02,44617,219.9
2026-08-02,47878,299.9
2026-08-02,47883,179.9
2026-08-02,44619,429.9
2026-08-02,47873,239.9
2026-08-02,47879,239.9
2026-08-02,47874,339.9
2026-08-02,47882,339.9
2026-08-02,7739,89.9
2026-08-02,47490,36.9
2026-08-02,50645,269.9
2026-08-02,63698,109.9
2026-08-02,47491,54.9
2026-08-02,47494,64.9
2026-08-02,64363,199.2
2026-08-02,50622,307.3
2026-08-02,50620,307.3
2026-08-02,50625,244.3
2026-08-02,50616,97.93
2026-08-02,50618,97.93
2026-08-02,63548,139.93
2026-08-02,63549,244.3
2026-08-02,50619,251.3
2026-08-02,50621,307.3
2026-08-02,37225,39.9
2026-08-02,36614,5.9
2026-08-02,42393,239.9
2026-08-02,50623,244.3
2026-08-02,41774,129.9
2026-08-02,42004,259.9
2026-08-02,58955,129.9
2026-08-02,41858,129.9
2026-08-02,46868,449.9
2026-08-02,38766,99.9
2026-08-02,41866,129.9
2026-08-02,41980,269.9
2026-08-02,38647,119.9
2026-08-02,38646,229.9
2026-08-02,38650,119.9
2026-08-02,32146,159.9
2026-08-02,42019,129.9
2026-08-02,42020,229.9
2026-08-02,50657,149.9
2026-08-02,50660,239.9
2026-08-02,50659,349.9
2026-08-02,7742,79.9
2026-08-02,7744,139.9
2026-08-02,7745,15.9
2026-08-02,7746,29.9
2026-08-02,6457,229.9
2026-08-02,39002,149.9
2026-08-02,44624,149.9
2026-08-02,44622,149.9
2026-08-02,47877,189.9
2026-08-02,44618,189.9
2026-08-02,39003,189.9
2026-08-02,47881,179.9
2026-08-02,44623,189.9
2026-08-02,50488,129.9
2026-08-02,50489,149.9
2026-08-02,50490,179.9
2026-08-02,38997,299.9
2026-08-02,44627,299.9
2026-08-02,39001,429.9
2026-08-02,7747,6.9
2026-08-02,7748,12.9
2026-08-02,63552,199.2
2026-08-02,64360,199.2
2026-08-02,29607,109.9
2026-08-02,55001,179.0
2026-08-02,63551,199.2
2026-08-02,50421,229.9
2026-08-02,7749,99.9
2026-08-02,7751,129.9
2026-08-02,50591,272.3
2026-08-02,50675,244.3
2026-08-02,50678,209.3
2026-08-02,50674,244.3
2026-08-02,50593,272.3
2026-08-02,50594,272.3
2026-08-02,48558,258.3
2026-08-02,50671,83.3
2026-08-02,50676,111.93
2026-08-02,50586,119.9
2026-08-02,50583,83.93
2026-08-02,50585,118.93
2026-08-02,50584,118.93
2026-08-02,50677,202.3
2026-08-02,50589,195.3
2026-08-02,50590,195.3
2026-08-02,50592,195.3
2026-08-02,64364,199.2
2026-08-02,64362,559.2
2026-08-02,7730,39.9
2026-08-02,7752,89.9
2026-08-02,37185,154.9
2026-08-02,64365,199.2
2026-08-02,64359,199.2
2026-08-02,44851,139.9
2026-08-02,44852,164.9
2026-08-02,63553,199.2
2026-08-02,7732,34.9
2026-08-02,7733,49.9
2026-08-02,7737,59.9
2026-08-02,7738,13.9
2026-08-02,55042,59.0
2026-08-02,7753,99.9
2026-08-02,7755,79.9
2026-08-02,7760,44.9
2026-08-02,7757,6.9
2026-08-02,7736,12.9
2026-08-02,7735,22.9
2026-08-02,7734,29.9
2026-08-02,46751,129.9
2026-08-02,46853,239.9
2026-08-02,38996,309.9
2026-08-02,39000,469.9
2026-08-02,39004,179.9
2026-08-02,64361,199.2
2026-08-02,52607,149.9
2026-08-02,52617,149.9
2026-08-02,12098,349.0
2026-08-02,18344,289.0
2026-08-02,12099,349.0
2026-08-02,12088,199.9
2026-08-02,30045,899.0
2026-08-02,38843,549.9
2026-08-02,49253,499.0
2026-08-02,49150,649.0
2026-08-02,64146,399.9
2026-08-02,12102,849.0
2026-08-02,12089,779.0
2026-08-02,12830,569.0
2026-08-02,38858,279.9
2026-08-02,32326,999.0
2026-08-02,49145,1099.0
2026-08-02,28629,519.0
2026-08-02,28684,279.9
2026-08-02,64139,419.9
2026-08-02,34210,329.9
2026-08-02,32325,1249.0
2026-08-02,34209,379.9
2026-08-02,64138,429.9
2026-08-02,49147,44.9
2026-08-02,20696,739.9
2026-08-02,36582,29.9
2026-08-02,63687,105.6
2026-08-02,38847,119.9
2026-08-02,16750,139.9
2026-08-02,48490,169.9
2026-08-02,32438,89.9
2026-08-02,16755,36.9
2026-08-02,60589,9.9
2026-08-02,64367,99.9
2026-08-02,50872,99.9
2026-08-02,50871,99.9
2026-08-02,49630,449.9
2026-08-02,48575,269.9
2026-08-02,31267,499.0
2026-08-02,38656,479.9
2026-08-02,10140,279.9
2026-08-02,49157,69.9
2026-08-02,12095,499.0
2026-08-02,48196,12.9
2026-08-02,48628,19.9
2026-08-02,48194,34.9
2026-08-02,48192,9.9
2026-08-02,48345,69.93
2026-08-02,48539,97.93
2026-08-02,48547,139.93
2026-08-02,37228,59.9
2026-08-02,55005,76.6
2026-08-02,54999,94.5
2026-08-02,55009,80.0
2026-08-02,55007,80.0
2026-08-02,55002,80.0
2026-08-02,49628,1690.0
2026-08-02,30043,1249.0
2026-08-02,64144,799.0
2026-08-02,49144,99.9
2026-08-02,49143,89.9
2026-08-02,20249,1069.0
2026-08-02,64700,19.9
2026-08-02,12828,269.9
2026-08-02,38862,99.9
2026-08-02,35532,199.9
2026-08-02,35533,219.9
2026-08-02,13041,129.9
2026-08-02,49154,109.9
2026-08-02,50292,24.9
2026-08-02,32327,1499.0
2026-08-02,22423,279.0
2026-08-02,58070,29.9
2026-08-02,49037,429.0
2026-08-02,16757,39.9
2026-08-02,54684,169.9
2026-08-02,48487,169.9
2026-08-02,48492,169.9
2026-08-02,38855,114.9
2026-08-02,16766,16.9
2026-08-02,12833,399.9
2026-08-02,55612,39.9
2026-08-02,25338,329.0
2026-08-02,7009,209.9
2026-08-02,49033,229.9
2026-08-02,64722,129.9
2026-08-02,15662,79.9
2026-08-02,28628,69.9
2026-08-02,55602,39.9
2026-08-02,21290,55.0
2026-08-02,36787,249.0
2026-08-02,57763,219.9
2026-08-02,57764,199.9
2026-08-02,38876,459.0
2026-08-02,50628,149.9
2026-08-02,55025,38.5
2026-08-02,10141,299.0
2026-08-02,64131,129.9
2026-08-02,1329,629.0
2026-08-02,64133,199.9
2026-08-02,7007,299.0
2026-08-02,28718,24.9
2026-08-02,28717,49.9
2026-08-02,57724,69.9
2026-08-02,12835,499.0
2026-08-02,55605,189.9
2026-08-02,16781,29.9
2026-08-02,64724,19.9
2026-08-02,64723,26.9
2026-08-02,48219,219.9
2026-08-02,28712,24.9
2026-08-02,34206,119.9
2026-08-02,34207,119.9
2026-08-02,34208,119.9
2026-08-02,49714,119.9
2026-08-02,12366,129.9
2026-08-02,18343,23.9
2026-08-02,15660,519.0
2026-08-02,36584,139.9
2026-08-02,35551,359.0
2026-08-02,28715,79.9
2026-08-02,32338,289.9
2026-08-02,32437,299.0
2026-08-02,32336,499.0
2026-08-02,32337,449.0
2026-08-02,49255,699.0
2026-08-02,64744,39.9
2026-08-02,64148,349.0
2026-08-02,64142,319.9
2026-08-02,64143,449.0
2026-08-02,64137,129.9
2026-08-02,50864,139.9
2026-08-02,64132,149.9
2026-08-02,64136,79.9
2026-08-02,35540,229.9
2026-08-02,12096,549.0
2026-08-02,58071,489.0
2026-08-02,35549,479.0
2026-08-02,64711,79.9
2026-08-02,12357,139.9
2026-08-02,64715,69.9
2026-08-02,49826,129.9
2026-08-02,49788,69.9
2026-08-02,49833,59.9
2026-08-02,49832,59.9
2026-08-02,49831,69.9
2026-08-02,64368,59.9
2026-08-02,49041,99.9
2026-08-02,49042,219.9
2026-08-02,49705,39.9
2026-08-02,49086,59.9
2026-08-02,49087,9.9
2026-08-02,28713,10.9
2026-08-02,28719,44.9
2026-08-02,17837,59.9
2026-08-02,32306,79.9
2026-08-02,64725,24.9
2026-08-02,64372,59.9
2026-08-02,50862,74.9
2026-08-02,37178,39.9
2026-08-02,57725,69.9
2026-08-02,64373,54.9
2026-08-02,49336,19.9
2026-08-02,49806,529.0
2026-08-02,50469,19.9
2026-08-02,48638,169.9
2026-08-02,49480,59.9
2026-08-02,48606,76.93
2026-08-02,48605,109.9
2026-08-02,50126,129.9
2026-08-02,50127,229.9
2026-08-02,50119,129.9
2026-08-02,50120,189.9
2026-08-02,50121,349.9
2026-08-02,50117,49.9
2026-08-02,48604,199.9
2026-08-02,51455,329.9
2026-08-02,50476,19.9
2026-08-02,50627,499.0
2026-08-02,50629,149.9
2026-08-02,49713,109.9
2026-08-02,45771,4.9
2026-08-02,45873,8.0
2026-08-02,45874,5.0
2026-08-02,51950,10.5
2026-08-02,51142,17.9
2026-08-02,51981,17.9
2026-08-02,51526,10.5
2026-08-02,51544,4.5
2026-08-02,51547,4.5
2026-08-02,45862,14.9
2026-08-02,45775,14.9
2026-08-02,57105,4.0
2026-08-02,52063,4.0
2026-08-02,52906,23.9
2026-08-02,52903,25.9
2026-08-02,52902,23.9
2026-08-02,52018,4.5
2026-08-02,51982,11.9
2026-08-02,51983,13.9
2026-08-02,51984,11.9
2026-08-02,51985,14.9
2026-08-02,57528,15.5
2026-08-02,59051,15.5
2026-08-02,45876,8.9
2026-08-02,45875,8.9
2026-08-02,59052,15.5
2026-08-02,45853,8.9
2026-08-02,45784,6.9
2026-08-02,45785,6.9
2026-08-02,45786,6.9
2026-08-02,45787,10.5
2026-08-02,45788,10.5
2026-08-02,50697,10.5
2026-08-02,57603,19.9
2026-08-02,53962,19.9
2026-08-02,51987,19.9
2026-08-02,53963,19.9
2026-08-02,51396,5.2
2026-08-02,57288,5.5
2026-08-02,57538,14.9
2026-08-02,57539,3.0
2026-08-02,51746,19.9
2026-08-02,52871,9.9
2026-08-02,57614,7.5
2026-08-02,51951,7.5
2026-08-02,51549,4.5
2026-08-02,51952,16.9
2026-08-02,51143,2.9
2026-08-02,51144,3.0
2026-08-02,51545,22.9
2026-08-02,51546,35.9
2026-08-02,57617,22.9
2026-08-02,58908,2.5
2026-08-02,51548,8.4
2026-08-02,51991,48.9
2026-08-02,51992,48.9
2026-08-02,51993,8.5
2026-08-02,52019,42.9
2026-08-02,52020,42.9
2026-08-02,54834,42.9
2026-08-02,52021,42.9
2026-08-02,51528,42.9
2026-08-02,52022,42.9
2026-08-02,51308,10.5
2026-08-02,45825,4.9
2026-08-02,52016,42.9
2026-08-02,51954,10.9
2026-08-02,51956,56.5
2026-08-02,52023,30.9
2026-08-02,51988,22.9
2026-08-02,51955,11.9
2026-08-02,57106,34.5
2026-08-02,51166,30.9
2026-08-02,51167,30.9
2026-08-02,57551,23.9
2026-08-02,50066,11.9
2026-08-02,32283,4.2
2026-08-02,45836,6.0
2026-08-02,45838,6.0
2026-08-02,45826,4.2
2026-08-02,52105,224.91
2026-08-02,48662,1712.41
2026-08-02,48663,1022.21
2026-08-02,48664,1380.91
2026-08-02,48665,2490.16
2026-08-02,52104,229.16
2026-08-02,52107,1009.46
2026-08-02,45899,10.9
2026-08-02,45902,10.9
2026-08-02,57623,23.9
2026-08-02,54531,79.9
2026-08-02,51996,19.9
2026-08-02,51508,21.9
2026-08-02,51777,16.9
2026-08-02,54435,10.9
2026-08-02,54784,19.9
2026-08-02,45835,4.0
2026-08-02,45837,4.0
2026-08-02,45795,4.2
2026-08-02,45841,6.0
2026-08-02,45797,4.2
2026-08-02,45799,6.0
2026-08-02,45840,4.2
2026-08-02,45800,6.0
2026-08-02,51140,38.9
2026-08-02,51141,33.9
2026-08-02,51640,16.5
2026-08-02,51539,16.5
2026-08-02,51639,12.9
2026-08-02,57636,33.9
2026-08-02,51283,15.9
2026-08-02,52899,23.9
2026-08-02,51145,14.5
2026-08-02,57375,11.9
2026-08-02,51615,10.5
2026-08-02,52897,23.9
2026-08-02,51541,29.9
2026-08-02,64877,29.9
2026-08-02,57503,6.9
2026-08-02,51495,6.9
2026-08-02,51498,6.9
2026-08-02,51496,6.9
2026-08-02,57504,6.9
2026-08-02,51499,6.9
2026-08-02,51497,6.9
2026-08-02,57546,4.9
2026-08-02,52001,4.5
2026-08-02,52002,4.5
2026-08-02,45908,25.9
2026-08-02,45909,25.9
2026-08-02,45843,25.9
2026-08-02,45910,25.9
2026-08-02,52073,9.2
2026-08-02,52059,13.9
2026-08-02,57634,19.9
2026-08-02,45834,13.9
2026-08-02,45878,8.5
2026-08-02,57294,13.9
2026-08-02,45845,8.5
2026-08-02,54314,13.9
2026-08-02,45848,8.5
2026-08-02,57535,15.5
2026-08-02,57536,15.5
2026-08-02,45846,8.9
2026-08-02,45849,8.9
2026-08-02,64863,599.0
2026-08-02,48130,209.3
2026-08-02,45856,79.9
2026-08-02,53531,189.9
2026-08-02,45893,189.9
2026-08-02,57107,79.9
2026-08-02,53530,34.9
2026-08-02,51819,17.9
2026-08-02,51818,17.9
2026-08-02,51816,59.9
2026-08-02,51820,17.9
2026-08-02,51821,44.9
2026-08-02,45774,7.4
2026-08-02,51740,3.5
2026-08-02,51737,3.5
2026-08-02,58974,19.9
2026-08-02,51738,3.5
2026-08-02,51744,3.5
2026-08-02,51739,3.5
2026-08-02,45896,8.9
2026-08-02,51999,22.9
2026-08-02,45852,39.9
2026-08-02,52072,4.5
2026-08-02,51503,14.9
2026-08-02,45900,16.9
2026-08-02,45903,14.9
2026-08-02,51616,10.5
2026-08-02,51778,11.5
2026-08-02,52006,10.5
2026-08-02,51161,25.9
2026-08-02,51162,25.0
2026-08-02,51657,12.9
2026-08-02,51665,2.9
2026-08-02,51659,2.9
2026-08-02,51658,12.9
2026-08-02,52070,3.5
2026-08-02,57185,23.9
2026-08-02,52003,9.5
2026-08-02,51638,7.5
2026-08-02,52005,19.9
2026-08-02,51660,12.9
2026-08-02,52069,12.9
2026-08-02,52071,2.9
2026-08-02,52076,2.9
2026-08-02,57627,23.9
2026-08-02,57628,23.9
2026-08-02,57632,22.5
2026-08-02,53849,28.5
2026-08-02,53089,28.5
2026-08-02,53850,32.5
2026-08-02,50968,22.5
2026-08-02,57635,22.5
2026-08-02,51743,3.5
2026-08-02,51742,3.5
2026-08-02,51741,3.5
2026-08-02,51745,3.5
2026-08-02,57626,23.9
2026-08-02,45818,10.9
2026-08-02,45819,10.9
2026-08-02,52007,27.9
2026-08-02,54807,27.9
2026-08-02,52008,13.5
2026-08-02,53960,27.9
2026-08-02,54808,13.5
2026-08-02,64875,29.9
2026-08-02,52027,21.6
2026-08-02,48134,354.9
2026-08-02,48153,169.9
2026-08-02,59045,15.9
2026-08-02,57515,15.9
2026-08-02,57189,6.0
2026-08-02,45869,4.2
2026-08-02,51523,25.9
2026-08-02,45904,59.9
2026-08-02,45872,59.9
2026-08-02,45907,59.9
2026-08-02,51315,41.9
2026-08-02,57369,6.9
2026-08-02,57368,11.5
2026-08-02,51517,6.9
2026-08-02,51514,6.9
2026-08-02,53515,16.9
2026-08-02,51815,15.9
2026-08-02,51817,15.9
2026-08-02,45793,139.9
2026-08-02,45794,139.9
2026-08-02,48122,499.9
2026-08-02,48124,499.9
2026-08-02,48128,499.9
2026-08-02,48121,329.9
2026-08-02,45730,179.9
2026-08-02,45733,179.9
2026-08-02,48127,1199.0
2026-08-02,45734,219.9
2026-08-02,45727,219.9
2026-08-02,45736,219.9
2026-08-02,45740,219.9
2026-08-02,45738,219.9
2026-08-02,45741,219.9
2026-08-02,45739,219.9
2026-08-02,48126,789.9
2026-08-02,48125,329.9
2026-08-02,48151,84.9
2026-08-02,48160,99.9
2026-08-02,48157,589.9
2026-08-02,48137,59.9
2026-08-02,48140,59.9
2026-08-02,48155,369.9
2026-08-02,48146,129.9
2026-08-02,48149,99.9
2026-08-02,48166,154.9
2026-08-02,45809,94.25
2026-08-02,45805,78.65
2026-08-02,45806,354.25
2026-08-02,48123,609.9
2026-08-02,45808,78.65
2026-08-02,45812,61.75
2026-08-02,45810,130.0
2026-08-02,45811,105.95
2026-08-02,45824,259.9
2026-08-02,45829,229.9
2026-08-02,45827,129.9
2026-08-02,48177,79.9
2026-08-02,48138,79.9
2026-08-02,48141,79.9
2026-08-02,48132,64.9
2026-08-02,48147,289.9
2026-08-02,48156,489.9
2026-08-02,48159,489.9
2026-08-02,48150,489.9
2026-08-02,48144,99.9
2026-08-02,48175,49.9
2026-08-02,48135,84.9
2026-08-02,48162,59.83
2026-08-02,51727,59.83
2026-08-02,48167,87.26
2026-08-02,48173,83.2
2026-08-02,48170,83.2
2026-08-02,48176,95.07
2026-08-02,48131,95.07
2026-08-02,63734,112.5
2026-08-02,63739,125.0
2026-08-02,63740,125.0
2026-08-02,45863,259.9
2026-08-02,45867,259.9
2026-08-02,48139,519.9
2026-08-02,48174,339.9
2026-08-02,48158,1199.0
2026-08-02,48148,519.9
2026-08-02,48154,519.9
2026-08-02,48161,519.9
2026-08-02,48143,519.9
2026-08-02,48152,749.9
2026-08-02,48169,259.9
2026-08-02,48133,259.9
2026-08-02,48136,529.9
2026-08-02,48171,219.9
2026-08-02,48129,459.9
2026-08-02,48145,519.9
2026-08-02,63737,166.25
2026-08-02,48165,629.9
2026-08-02,48164,629.9
2026-08-02,48168,1049.9
2026-08-02,52029,19.2
2026-08-02,45830,42.9
2026-08-02,58527,79.9
2026-08-02,58522,69.9
